"Station Name: Cedar City - Zion NP, Kolob Canyon"
"Station ID: 1262327"
"Link To Variable Descriptions: https://climate.usu.edu/mchd/dashboard/overview/UCRN.php"

"META DATA"
Name,Description,Units,Frequency
airt,"average air temperature from PRTs in Met One shield",celsius,dly
airt_max,"maximum 5 minute air temperature from prts in Met One shield",celsius,dly
airt_min,"minimum 5 minute air temperature from prts in Met One shield",celsius,dly
eto,"daily short reference ET from Etsz function",millimeters,dly
etr,"daily tall reference ET from Etsz function",millimeters,dly
precip,"daily precipitation",millimeters,dly
rh_max,"maximum relative humidity from rh sensor in Met One shield",percent,dly
rh_min,"mininum relative humidity from rh sensor in Met One shield",percent,dly
sealevel_pressure,"sea level corrected pressure",Kilopascal,dly
site_pressure,pressure,Kilopascal,dly
solar,"total incoming (short wave) radiation from pyronometer","watts per meter squared",dly
td,"average dew point temperature from rh sensor in Met One shield",celsius,dly
td_max,"maximum 5 minute dew point temperature from rh sensor in Met One shield",celsius,dly
td_min,"minimum 5 minute dew point temperature from rh sensor in Met One shield",celsius,dly
timestamp,"date and time",,dly
wetness,"percent of the day that wetness sensor detected precipitation",percent,dly
windd,"average wind direction",degrees,dly
winds,"average wind speed","meters per second",dly
winds_max,"maximum wind gust","meters per second",dly

date_time,station_id,td,td_min,td_max,airt,airt_min,airt_max,rh_max,rh_min,winds,winds_max,windd,precip,wetness,solar,eto,etr,site_pressure,sealevel_pressure
"2022-01-01 23:59:59",1262327,-13.57,-19.60,-7.32,-7.11,-10.89,-4.80,85,39,3.4,10.1,113,0,9,11.51,0.949,1.241,,
"2022-01-02 23:59:59",1262327,-13.78,-19.32,-8.56,-5.13,-13.35,3.52,86,22,1.1,6.2,164,0,0,11.07,1.014,1.236,,
"2022-01-03 23:59:59",1262327,-10.90,-13.85,-7.76,1.29,-2.25,4.91,59,30,1.9,6.9,185,0,0,10.45,1.440,1.963,,
"2022-01-04 23:59:59",1262327,-8.44,-12.46,-5.39,0.99,-2.59,5.40,77,28,0.8,5.0,151,0,0,7.14,0.838,1.054,,
"2022-01-05 23:59:59",1262327,-5.33,-7.83,-1.70,1.54,-3.44,8.02,82,39,0.8,4.4,149,0,0,9.32,1.036,1.233,,
"2022-01-06 23:59:59",1262327,-1.43,-3.54,0.77,4.00,-0.91,11.16,89,47,0.8,4.5,142,0,0,10.83,1.190,1.384,,
"2022-01-07 23:59:59",1262327,-1.63,-2.39,-0.47,6.78,0.17,12.17,89,39,1.6,8.0,151,0,0,10.80,1.661,2.167,,
"2022-01-08 23:59:59",1262327,-2.51,-6.06,-0.07,4.49,1.32,8.24,80,43,2.0,8.0,112,0,1,10.94,1.416,1.820,,
"2022-01-09 23:59:59",1262327,-7.02,-9.17,-5.89,1.39,-2.69,5.56,74,39,2.7,8.2,97,0,0,11.44,1.511,2.025,,
"2022-01-10 23:59:59",1262327,-7.92,-10.26,-5.76,-0.72,-7.19,10.08,88,23,0.6,3.7,141,0,0,11.58,1.133,1.304,,
"2022-01-11 23:59:59",1262327,-6.72,-8.77,-4.40,1.81,-3.20,7.03,76,34,2.7,8.6,101,0,0,11.54,1.609,2.157,,
"2022-01-12 23:59:59",1262327,-7.04,-11.47,-4.61,4.75,-0.40,10.60,71,27,2.4,8.1,107,0,0,11.30,1.969,2.729,,
"2022-01-13 23:59:59",1262327,-3.83,-5.12,-2.12,4.48,-1.70,12.13,83,30,0.7,4.7,141,0,0,8.30,1.001,1.248,,
"2022-01-14 23:59:59",1262327,-3.82,-6.03,-2.46,3.47,-0.06,7.59,80,44,3.5,10.5,128,0,0,11.22,1.742,2.431,,
"2022-01-15 23:59:59",1262327,-4.83,-7.59,-3.68,1.84,-1.86,7.18,81,42,2.9,8.1,106,0,0,9.97,1.340,1.809,,
"2022-01-16 23:59:59",1262327,-6.63,-9.60,-2.10,1.57,-4.52,11.81,75,31,0.5,2.9,119,0,0,11.13,1.214,1.397,,
"2022-01-17 23:59:59",1262327,-7.92,-11.69,-5.07,1.60,-3.52,9.73,77,21,0.8,4.8,138,0,0,8.19,1.012,1.319,,
"2022-01-18 23:59:59",1262327,-5.13,-7.85,-2.07,3.05,-0.62,8.22,85,37,1.0,5.4,142,0,0,7.91,0.949,1.216,,
"2022-01-19 23:59:59",1262327,-5.43,-7.14,-4.00,3.56,-0.80,9.02,71,36,3.0,8.0,114,0,0,11.81,1.891,2.558,,
"2022-01-20 23:59:59",1262327,-6.46,-8.50,-4.51,1.74,-2.73,7.28,72,37,2.6,8.7,92,0,0,12.17,1.604,2.164,,
"2022-01-21 23:59:59",1262327,-5.19,-8.80,-2.44,1.06,-2.95,4.75,77,43,2.7,8.0,128,0,3,5.51,0.876,1.251,,
"2022-01-22 23:59:59",1262327,-5.91,-7.07,-4.71,0.53,-2.31,5.83,73,44,3.9,9.0,121,0,0,11.22,1.512,2.018,,
"2022-01-23 23:59:59",1262327,-6.28,-7.39,-5.06,0.99,-2.59,6.75,76,36,3.5,8.4,94,0,0,12.45,1.649,2.186,,
"2022-01-24 23:59:59",1262327,-8.36,-10.95,-5.47,3.50,-3.66,12.49,73,19,2.4,8.6,110,0,0,12.71,2.040,2.729,,
"2022-01-25 23:59:59",1262327,-7.18,-11.79,-2.89,-0.17,-2.02,3.89,85,26,3.1,10.0,124,1,5,6.34,0.936,1.325,,
"2022-01-26 23:59:59",1262327,-8.92,-11.88,-6.86,-0.27,-6.68,5.65,81,31,2.4,7.4,99,0,0,13.15,1.670,2.200,,
"2022-01-27 23:59:59",1262327,-10.57,-12.72,-9.03,-0.17,-5.77,5.64,67,28,3.5,11.6,131,0,0,13.29,1.962,2.774,,
"2022-01-28 23:59:59",1262327,-11.83,-13.18,-9.56,1.25,-5.59,7.46,68,23,3.0,7.1,112,0,0,26.94,3.976,5.389,,
"2022-01-29 23:59:59",1262327,-12.10,-13.34,-10.78,1.08,-7.53,11.17,69,17,1.7,7.0,112,0,0,26.57,4.116,5.412,,
"2022-01-30 23:59:59",1262327,-11.67,-13.54,-10.12,3.73,-3.96,9.98,58,19,2.7,7.5,96,0,0,27.50,4.810,6.546,,
"2022-01-31 23:59:59",1262327,-11.10,-13.35,-8.39,2.13,-5.06,10.89,61,21,1.1,6.6,134,0,0,26.03,3.578,4.600,,
"2022-02-01 23:59:59",1262327,-12.54,-16.33,-8.15,-1.57,-5.99,2.90,54,29,4.0,9.5,108,0,0,13.36,2.203,3.084,,
"2022-02-02 23:59:59",1262327,-15.90,-18.67,-10.88,-5.23,-7.55,-1.91,62,26,4.4,13.2,123,0,0,10.73,1.369,1.942,,
"2022-02-03 23:59:59",1262327,-14.97,-17.94,-12.23,-4.12,-8.29,1.53,58,31,4.2,10.6,121,0,0,14.26,1.786,2.460,,
"2022-02-04 23:59:59",1262327,-12.62,-14.71,-11.26,-1.71,-8.56,5.72,67,26,2.8,7.8,106,0,0,14.44,1.816,2.419,,
"2022-02-05 23:59:59",1262327,-12.38,-13.17,-10.93,0.86,-7.79,10.75,70,17,2.2,8.2,122,0,0,13.40,2.083,2.877,,
"2022-02-06 23:59:59",1262327,-10.56,-12.34,-8.43,2.31,-1.37,8.21,50,25,3.3,9.9,138,0,0,14.62,2.402,3.287,,
"2022-02-07 23:59:59",1262327,-9.96,-11.37,-8.75,3.90,-3.48,11.42,61,22,2.7,7.7,102,0,0,14.93,2.468,3.348,,
"2022-02-08 23:59:59",1262327,-10.75,-13.33,-8.23,6.26,-1.09,14.59,54,15,3.0,9.7,124,0,0,14.59,3.042,4.174,,
"2022-02-09 23:59:59",1262327,-8.94,-13.41,-4.83,6.16,-0.17,13.49,54,21,3.9,12.3,134,0,0,14.45,3.107,4.308,,
"2022-02-10 23:59:59",1262327,-3.78,-5.92,-2.27,6.99,0.82,14.27,67,30,3.5,8.7,100,0,0,15.04,2.776,3.715,,
"2022-02-11 23:59:59",1262327,-6.02,-9.86,-2.40,8.43,2.43,16.03,68,16,3.4,9.7,109,0,0,15.49,3.323,4.596,,
"2022-02-12 23:59:59",1262327,-10.14,-14.54,-7.53,7.07,0.43,15.47,58,13,1.9,6.7,111,0,0,15.85,2.755,3.566,,
"2022-02-13 23:59:59",1262327,-10.84,-11.74,-8.47,5.64,-3.25,16.56,56,14,1.1,5.3,136,0,0,16.00,2.560,3.262,,
"2022-02-14 23:59:59",1262327,-12.05,-16.29,-7.77,8.12,-0.10,16.39,52,11,1.4,7.5,147,0,0,14.44,2.642,3.515,,
"2022-02-15 23:59:59",1262327,-11.99,-16.56,-3.10,9.40,3.26,13.87,65,14,2.8,10.2,163,0,0,11.88,3.060,4.360,,
"2022-02-16 23:59:59",1262327,-4.68,-7.76,-3.04,1.58,-0.34,5.05,77,46,3.5,10.2,107,0,4,9.36,1.390,1.876,,
"2022-02-17 23:59:59",1262327,-8.38,-11.78,-5.02,1.63,-2.87,7.36,78,26,3.2,12.9,114,1,5,16.75,2.257,2.965,,
"2022-02-18 23:59:59",1262327,-9.34,-11.95,-7.01,3.50,-3.37,11.94,60,23,2.8,8.7,126,0,0,16.69,2.822,3.825,,
"2022-02-19 23:59:59",1262327,-9.13,-12.41,-7.22,5.21,-2.47,15.61,66,16,1.4,5.3,146,0,0,17.04,2.709,3.416,,
"2022-02-20 23:59:59",1262327,-9.98,-11.33,-8.19,6.77,-1.14,13.95,56,17,1.6,8.8,145,0,0,15.99,2.786,3.696,,
"2022-02-21 23:59:59",1262327,-7.11,-12.69,-0.67,5.36,-0.44,10.82,92,21,2.2,8.3,140,2,9,9.74,1.977,2.692,,
"2022-02-22 23:59:59",1262327,-4.32,-9.13,-1.06,-0.15,-1.61,1.62,95,49,1.7,6.6,157,16,51,3.38,0.584,0.758,,
"2022-02-23 23:59:59",1262327,-6.85,-13.11,-2.58,-4.05,-9.00,-0.55,92,71,2.6,8.5,165,9,38,9.22,0.836,0.978,,
"2022-02-24 23:59:59",1262327,-11.53,-17.19,-7.01,-7.35,-13.01,-1.85,90,55,1.7,7.1,124,1,13,18.20,1.323,1.498,,
"2022-02-25 23:59:59",1262327,-11.54,-16.30,-8.29,-6.67,-13.05,-1.27,90,55,2.5,8.2,107,0,0,18.36,1.390,1.684,,
"2022-02-26 23:59:59",1262327,-12.80,-15.88,-9.25,-4.96,-10.20,0.16,73,39,3.4,9.4,91,0,0,18.69,1.634,2.097,,
"2022-02-27 23:59:59",1262327,-10.17,-13.92,-5.85,-2.13,-9.06,4.30,78,34,2.5,7.7,116,0,0,17.06,1.856,2.331,,
"2022-02-28 23:59:59",1262327,-8.44,-13.03,-2.89,2.98,-4.39,10.17,67,22,2.8,8.3,101,0,0,18.82,2.760,3.620,,
"2022-03-01 23:59:59",1262327,-5.74,-9.47,-2.22,6.72,0.05,15.21,69,20,2.2,6.9,104,0,0,18.94,3.226,4.240,,
"2022-03-02 23:59:59",1262327,-3.12,-4.87,-0.68,8.73,-0.21,19.91,77,21,0.9,5.0,143,0,0,18.93,3.091,3.744,,
"2022-03-03 23:59:59",1262327,-4.74,-7.75,-1.65,10.63,3.78,19.27,64,17,1.2,6.9,141,0,0,17.94,3.215,4.120,,
"2022-03-04 23:59:59",1262327,-3.81,-9.06,0.94,8.00,4.09,11.67,80,24,2.0,8.0,172,2,18,14.60,2.579,3.368,,
"2022-03-05 23:59:59",1262327,-3.05,-7.66,0.08,1.33,-5.09,4.63,93,58,1.7,7.6,157,11,49,5.98,0.749,0.930,,
"2022-03-06 23:59:59",1262327,-5.68,-8.13,-3.70,-1.12,-6.01,2.99,91,54,1.1,5.7,127,0,1,8.24,0.961,1.161,,
"2022-03-07 23:59:59",1262327,-8.31,-14.43,-4.77,-0.51,-2.91,3.50,85,28,3.2,10.7,130,0,3,18.71,2.063,2.643,,
"2022-03-08 23:59:59",1262327,-9.40,-13.36,-6.45,0.63,-3.82,7.42,72,28,1.6,6.0,119,0,0,17.14,2.123,2.634,,
"2022-03-09 23:59:59",1262327,-5.46,-8.01,-2.03,2.21,-3.82,9.30,80,31,1.3,6.5,142,0,0,11.19,1.593,1.984,,
"2022-03-10 23:59:59",1262327,-9.13,-14.33,-3.32,-2.28,-5.94,1.28,86,39,4.4,12.6,131,3,15,15.61,1.534,2.013,,
"2022-03-11 23:59:59",1262327,-14.37,-17.76,-10.10,-0.10,-7.26,8.03,59,17,2.9,8.5,113,0,0,20.72,2.829,3.808,,
"2022-03-12 23:59:59",1262327,-8.66,-15.55,-4.89,5.18,-3.69,14.03,63,24,1.3,5.5,155,0,0,20.75,3.140,3.882,,
"2022-03-13 23:59:59",1262327,-6.81,-10.66,-3.70,7.34,0.38,14.49,66,18,1.6,7.1,154,0,0,18.19,3.078,3.988,,
"2022-03-14 23:59:59",1262327,-5.58,-8.02,-3.35,6.47,1.66,14.64,64,20,2.1,8.1,124,0,0,20.83,3.085,3.853,,
"2022-03-15 23:59:59",1262327,-6.56,-8.33,-4.31,8.77,-0.53,18.35,69,16,1.4,6.9,142,0,0,19.42,3.504,4.569,,
"2022-03-16 23:59:59",1262327,0.46,-6.83,4.65,6.73,4.09,10.84,89,27,2.9,10.0,101,6,24,11.87,1.925,2.452,,
"2022-03-17 23:59:59",1262327,-5.21,-6.98,-3.44,5.36,0.06,11.29,72,29,2.9,8.8,115,0,0,19.77,2.970,3.838,,
"2022-03-18 23:59:59",1262327,-6.16,-9.85,-3.77,6.82,-1.63,15.51,77,17,1.4,7.6,117,0,0,21.79,3.488,4.368,,
"2022-03-19 23:59:59",1262327,-7.95,-11.69,-3.54,9.31,1.02,16.44,66,16,1.8,7.7,161,0,0,14.40,3.030,4.144,,
"2022-03-20 23:59:59",1262327,-3.33,-11.79,2.33,5.44,0.51,12.30,92,17,2.9,10.8,131,8,20,6.94,1.305,1.672,,
"2022-03-21 23:59:59",1262327,-8.72,-12.14,-6.83,3.13,-1.76,8.97,54,26,4.8,12.1,125,0,0,22.44,3.379,4.580,,
"2022-03-22 23:59:59",1262327,-4.99,-6.94,-3.39,6.85,3.06,12.05,56,31,4.7,12.4,148,0,0,22.64,3.909,5.353,,
"2022-03-23 23:59:59",1262327,-8.35,-15.26,-5.36,8.13,-1.07,17.61,69,10,2.0,7.3,103,0,0,23.23,4.100,5.323,,
"2022-03-24 23:59:59",1262327,-4.95,-7.82,-3.06,10.97,0.70,22.42,68,12,1.1,6.7,123,0,0,22.98,4.185,5.196,,
"2022-03-25 23:59:59",1262327,-4.30,-8.49,-0.16,14.21,4.75,24.71,60,11,1.2,6.0,144,0,0,23.17,4.563,5.774,,
"2022-03-26 23:59:59",1262327,-5.30,-7.98,0.94,15.52,7.02,25.22,53,10,1.4,6.2,148,0,0,21.03,4.419,5.745,,
"2022-03-27 23:59:59",1262327,-8.04,-12.25,-4.55,16.00,8.20,23.44,42,9,2.1,8.8,166,0,0,19.35,4.748,6.512,,
"2022-03-28 23:59:59",1262327,-4.21,-13.59,4.65,12.53,6.12,15.68,91,12,2.2,7.8,168,7,27,6.26,2.289,3.318,,
"2022-04-01 23:59:59",1262327,-1.29,-5.87,2.06,10.36,3.51,18.37,79,20,2.0,7.5,132,0,0,24.22,3.972,4.940,,
"2022-04-02 23:59:59",1262327,-2.00,-4.08,0.51,12.59,4.36,21.24,72,18,1.3,6.5,148,0,0,24.03,4.446,5.551,,
"2022-04-03 23:59:59",1262327,-2.22,-7.40,1.01,11.48,4.74,16.64,75,28,2.4,8.4,95,0,1,15.13,3.384,4.616,,
"2022-04-04 23:59:59",1262327,-2.24,-6.59,0.91,11.69,2.38,19.99,80,18,1.2,6.1,159,0,0,19.90,3.702,4.648,,
"2022-04-05 23:59:59",1262327,-3.08,-8.12,1.11,12.42,6.25,19.62,57,20,2.7,9.2,125,0,0,24.38,5.156,6.702,,
"2022-04-06 23:59:59",1262327,-11.41,-15.43,-8.16,6.87,-0.06,13.48,52,14,4.3,10.0,123,0,0,25.42,4.729,6.454,,
"2022-04-07 23:59:59",1262327,-12.31,-16.05,-8.99,10.53,0.47,19.76,33,12,2.7,9.4,114,0,0,25.39,5.302,7.128,,
"2022-04-08 23:59:59",1262327,-7.37,-10.30,-4.80,14.02,5.07,24.17,38,13,1.9,5.9,134,0,0,25.54,5.286,6.782,,
"2022-04-09 23:59:59",1262327,-6.99,-14.88,-0.70,14.69,6.50,24.04,50,7,2.3,10.5,144,0,0,24.83,5.550,7.217,,
"2022-04-10 23:59:59",1262327,-13.25,-16.39,-7.19,6.77,1.34,11.70,42,13,3.6,11.2,116,0,0,20.59,3.961,5.440,,
"2022-04-11 23:59:59",1262327,-8.23,-14.83,-0.19,10.21,-0.20,18.13,89,14,3.0,11.0,167,0,6,24.06,5.099,6.812,,
"2022-04-12 23:59:59",1262327,-10.21,-18.63,-0.25,1.04,-3.24,7.36,92,16,2.4,9.5,139,3,15,24.43,2.909,3.591,,
"2022-04-13 23:59:59",1262327,-13.91,-18.65,-6.90,3.82,-5.84,11.95,78,11,1.5,7.1,154,0,0,26.22,3.789,4.721,,
"2022-04-14 23:59:59",1262327,-12.62,-16.17,-9.80,8.47,-1.63,16.24,45,13,1.8,7.7,152,0,0,23.33,4.226,5.504,,
"2022-04-15 23:59:59",1262327,-7.04,-10.72,-4.16,12.24,3.16,18.44,48,18,1.7,6.7,162,0,0,22.96,4.326,5.586,,
"2022-04-16 23:59:59",1262327,-3.42,-6.25,0.82,12.89,5.08,20.15,66,16,2.4,10.2,175,0,0,24.13,5.037,6.783,,
"2022-04-17 23:59:59",1262327,-4.88,-10.58,-0.13,12.88,2.99,22.88,68,10,1.4,6.3,151,0,0,26.49,5.100,6.380,,
"2022-04-18 23:59:59",1262327,-9.03,-13.24,-2.72,15.56,4.56,24.32,50,8,1.7,7.3,157,0,0,26.68,5.733,7.444,,
"2022-04-19 23:59:59",1262327,-10.36,-13.05,-3.74,18.00,10.43,24.38,38,8,2.8,9.7,165,0,0,21.32,5.899,8.168,,
"2022-04-20 23:59:59",1262327,-2.86,-4.69,-0.74,14.08,3.36,21.93,63,17,2.3,6.9,156,0,0,26.42,5.445,6.937,,
"2022-04-21 23:59:59",1262327,-4.46,-10.02,-0.76,17.58,13.28,22.80,33,12,3.7,10.7,181,0,0,26.01,6.687,9.113,,
"2022-04-22 23:59:59",1262327,-0.25,-6.60,4.11,7.77,2.75,16.01,95,20,2.1,7.9,163,8,33,9.98,1.818,2.358,,
"2022-04-23 23:59:59",1262327,-2.73,-8.98,2.52,6.31,1.09,12.19,95,23,2.2,9.1,125,0,0,23.92,3.511,4.392,,
"2022-04-24 23:59:59",1262327,-7.13,-11.27,-3.65,8.11,0.83,14.06,70,17,2.7,8.4,112,0,0,27.54,4.673,6.032,,
"2022-04-25 23:59:59",1262327,-7.46,-10.96,-4.03,10.31,-0.10,19.93,65,12,1.5,5.6,154,0,0,26.33,4.689,5.829,,
"2022-04-26 23:59:59",1262327,-8.86,-11.77,-5.82,15.43,5.74,24.52,44,8,1.8,8.2,164,0,0,28.19,5.945,7.781,,
"2022-04-27 23:59:59",1262327,-7.28,-11.10,-4.51,16.10,6.87,23.88,42,13,1.7,7.3,158,0,0,27.49,5.725,7.397,,
"2022-04-28 23:59:59",1262327,-8.99,-18.54,-3.43,16.53,10.24,22.70,37,7,2.4,9.7,183,0,0,26.79,6.089,8.164,,
"2022-04-29 23:59:59",1262327,-8.19,-14.06,-5.17,11.90,6.69,17.31,41,15,3.1,9.1,111,0,0,27.61,5.420,7.263,,
"2022-04-30 23:59:59",1262327,-7.20,-10.17,-3.63,13.83,3.44,23.31,46,11,1.7,6.3,154,0,0,26.61,5.296,6.700,,
"2022-05-01 23:59:59",1262327,-5.66,-11.28,0.76,13.83,8.03,19.82,58,14,2.5,8.7,166,0,0,21.86,4.849,6.394,,
"2022-05-02 23:59:59",1262327,-3.23,-7.57,0.32,13.95,2.63,20.85,76,14,2.5,8.3,159,0,0,27.41,5.601,7.210,,
"2022-05-03 23:59:59",1262327,-5.87,-9.22,-2.44,11.57,6.15,17.39,49,16,3.3,10.0,141,0,0,28.61,5.362,6.837,,
"2022-05-04 23:59:59",1262327,-1.86,-5.05,0.56,10.98,4.25,17.36,59,25,3.8,10.3,105,0,0,28.18,5.242,6.871,,
"2022-05-05 23:59:59",1262327,-2.74,-7.46,0.04,15.39,3.44,23.68,69,15,1.7,7.2,158,0,0,24.80,5.105,6.523,,
"2022-05-06 23:59:59",1262327,-3.94,-6.15,-1.21,20.40,10.07,27.98,44,11,1.9,8.3,158,0,0,28.94,6.637,8.570,,
"2022-05-07 23:59:59",1262327,-3.67,-9.98,0.45,21.33,16.44,26.66,24,13,2.5,8.9,177,0,0,27.41,6.804,9.016,,
"2022-05-08 23:59:59",1262327,-8.43,-19.64,-4.25,15.87,6.36,22.11,47,10,3.1,11.4,174,0,0,28.88,6.702,8.906,,
"2022-05-09 23:59:59",1262327,-10.53,-19.54,-1.68,10.41,2.06,15.97,74,11,2.5,7.9,157,0,0,28.87,5.260,6.728,,
"2022-05-10 23:59:59",1262327,-11.16,-14.75,-5.56,12.81,9.39,16.72,30,11,3.2,9.6,183,0,0,23.24,5.180,7.089,,
"2022-05-11 23:59:59",1262327,-10.28,-15.69,-7.06,10.73,1.56,18.34,47,9,2.7,10.8,171,0,0,29.55,5.844,7.737,,
"2022-05-12 23:59:59",1262327,-5.92,-8.65,-3.74,9.90,0.95,18.37,63,18,1.5,5.9,141,0,0,28.35,4.709,5.776,,
"2022-05-13 23:59:59",1262327,-7.16,-9.14,-4.33,14.47,2.86,24.67,52,11,1.3,6.0,148,0,0,29.70,5.781,7.134,,
"2022-05-14 23:59:59",1262327,-6.74,-9.65,-3.26,18.62,6.92,28.73,38,9,1.3,7.1,158,0,0,29.80,6.314,7.859,,
"2022-05-15 23:59:59",1262327,-6.90,-11.93,-1.62,21.78,10.79,31.39,29,6,1.6,6.5,146,0,0,27.28,6.364,8.210,,
"2022-05-16 23:59:59",1262327,-7.46,-11.35,-2.47,21.22,13.31,29.98,38,7,1.5,6.9,154,0,0,29.84,6.740,8.611,,
"2022-05-17 23:59:59",1262327,-1.57,-6.81,3.80,20.78,11.73,29.49,49,11,1.7,8.3,147,0,0,29.49,6.824,8.617,,
"2022-05-18 23:59:59",1262327,1.03,-2.48,4.63,21.43,12.30,29.68,57,13,1.7,6.7,138,0,0,29.45,6.526,8.215,,
"2022-05-19 23:59:59",1262327,-2.63,-4.75,0.84,21.96,11.87,28.99,39,12,2.3,8.2,172,0,0,24.58,6.590,8.802,,
"2022-05-20 23:59:59",1262327,-11.04,-14.46,-2.67,10.15,4.68,15.00,34,15,4.8,11.0,114,0,0,29.89,6.254,8.524,,
"2022-05-21 23:59:59",1262327,-9.73,-10.97,-8.11,12.70,4.15,21.06,39,11,2.1,6.6,132,0,0,30.20,5.820,7.388,,
"2022-05-22 23:59:59",1262327,-7.89,-10.32,-5.01,15.55,3.86,24.65,44,11,1.7,11.6,156,0,0,28.50,5.896,7.435,,
"2022-05-23 23:59:59",1262327,-7.88,-14.32,-3.07,14.24,8.73,20.24,42,8,3.4,8.9,115,0,0,25.87,6.151,8.334,,
"2022-05-24 23:59:59",1262327,-8.91,-13.68,-5.22,17.20,7.99,25.34,25,10,2.3,7.9,117,0,0,30.33,6.752,8.766,,
"2022-05-25 23:59:59",1262327,-3.83,-7.53,-0.45,19.43,8.61,28.80,35,13,1.8,6.9,120,0,0,30.20,6.702,8.556,,
"2022-05-26 23:59:59",1262327,-2.20,-4.22,1.43,23.13,11.33,31.90,42,11,1.7,7.8,164,0,0,26.75,6.696,8.726,,
"2022-05-27 23:59:59",1262327,-0.94,-3.67,4.85,23.82,14.27,30.60,47,12,2.0,8.4,174,0,0,26.59,6.844,9.007,,
"2022-05-28 23:59:59",1262327,-1.83,-4.05,1.99,22.94,19.64,27.25,29,14,2.5,8.0,184,0,0,24.17,6.747,9.183,,
"2022-05-29 23:59:59",1262327,-3.52,-9.28,2.94,17.35,9.22,21.97,45,11,2.5,8.5,173,0,0,30.79,6.680,8.636,,
"2022-05-30 23:59:59",1262327,-5.89,-8.83,-2.37,12.17,3.72,19.17,63,15,1.6,6.8,164,0,0,27.85,5.155,6.411,,
"2022-05-31 23:59:59",1262327,-3.02,-7.83,-1.18,14.13,7.70,21.88,50,13,3.2,10.0,123,0,0,30.29,6.471,8.429,,
"2022-06-01 23:59:59",1262327,-2.78,-5.50,-1.03,17.15,7.82,25.91,55,12,2.2,7.6,140,0,0,30.94,6.416,8.073,,
"2022-06-02 23:59:59",1262327,-4.72,-10.12,-0.46,20.35,10.49,29.45,43,8,1.7,6.9,157,0,0,30.50,6.931,8.854,,
"2022-06-03 23:59:59",1262327,-4.45,-8.82,-0.43,22.13,13.23,28.90,40,11,1.7,10.3,165,0,0,28.29,6.701,8.692,,
"2022-06-04 23:59:59",1262327,-1.45,-5.70,1.70,20.47,11.93,25.95,36,16,1.4,6.9,167,0,0,17.84,4.543,6.051,,
"2022-06-05 23:59:59",1262327,2.10,0.19,3.60,22.38,12.77,30.29,48,16,1.5,6.5,159,0,0,30.04,6.840,8.605,,
"2022-06-06 23:59:59",1262327,3.24,1.56,5.57,22.97,13.67,31.31,50,15,1.0,6.1,166,0,0,28.00,5.945,7.144,,
"2022-06-07 23:59:59",1262327,2.37,-0.54,5.10,24.74,15.75,33.03,45,13,1.8,7.4,154,0,0,30.49,7.267,9.258,,
"2022-06-08 23:59:59",1262327,1.92,-1.14,4.30,24.61,13.43,34.00,45,13,1.4,7.2,157,0,0,30.05,7.006,8.789,,
"2022-06-09 23:59:59",1262327,1.80,-1.67,4.87,25.50,16.64,33.75,44,11,1.6,7.3,151,0,0,30.23,7.271,9.283,,
"2022-06-10 23:59:59",1262327,2.09,-1.63,5.64,26.21,15.72,35.34,44,10,1.5,7.0,155,0,0,30.60,7.459,9.515,,
"2022-06-11 23:59:59",1262327,0.26,-4.15,5.10,27.53,17.14,35.47,40,9,1.8,8.8,165,0,0,30.74,7.906,10.295,,
"2022-06-12 23:59:59",1262327,-3.07,-6.49,0.74,27.66,18.55,34.34,28,8,2.7,9.2,178,0,0,31.20,8.993,12.205,,
"2022-06-13 23:59:59",1262327,2.21,-5.52,7.43,24.08,12.98,28.89,49,13,3.3,11.3,183,1,2,28.44,7.945,10.587,,
"2022-06-14 23:59:59",1262327,-3.87,-9.46,2.19,17.61,8.74,27.00,55,9,2.9,9.8,135,0,0,31.43,6.762,8.687,,
"2022-06-15 23:59:59",1262327,-5.27,-11.48,-2.72,20.46,11.35,30.22,36,10,2.3,8.1,151,0,0,31.18,6.963,8.922,,
"2022-06-16 14:59:59",1262327,-4.83,-6.63,-1.93,22.11,11.96,35.30,33,7,1.6,8.1,150,0,0,23.93,5.748,7.229,,
"2022-06-18 23:59:59",1262327,-7.34,-16.40,-1.41,24.83,20.66,27.75,15,9,3.9,9.8,192,0,0,7.43,2.760,4.096,,
"2022-06-19 23:59:59",1262327,-9.74,-13.61,-4.63,18.89,11.03,24.06,22,7,2.5,10.4,180,0,0,31.73,7.295,9.704,,
"2022-06-20 23:59:59",1262327,-4.83,-11.98,-0.26,19.28,10.87,27.36,46,9,1.8,6.4,149,0,0,31.55,6.779,8.362,,
"2022-06-21 23:59:59",1262327,-6.93,-10.86,-2.11,21.86,12.76,31.55,27,6,2.1,7.5,143,0,0,31.57,7.378,9.518,,
"2022-06-22 23:59:59",1262327,-1.50,-10.04,4.75,21.96,15.62,26.12,40,13,1.4,6.2,145,0,1,11.45,3.742,5.224,,
"2022-06-23 23:59:59",1262327,3.97,1.77,8.45,23.85,14.89,32.29,50,14,1.8,8.6,165,0,0,29.56,7.284,9.404,,
"2022-06-24 23:59:59",1262327,2.84,0.49,5.98,24.13,14.80,31.50,50,14,1.6,8.3,161,0,1,29.12,6.894,8.804,,
"2022-06-25 23:59:59",1262327,3.13,0.63,7.01,23.76,15.58,31.82,42,16,1.5,14.2,156,0,6,25.02,6.299,8.109,,
"2022-06-26 23:59:59",1262327,4.16,1.76,6.73,23.84,14.77,32.17,50,15,1.0,8.9,147,0,1,23.60,5.670,7.074,,
"2022-06-27 23:59:59",1262327,5.87,4.05,7.59,25.07,15.82,33.09,52,18,1.3,6.6,169,0,0,28.23,6.510,8.104,,
"2022-06-28 23:59:59",1262327,4.71,3.39,6.74,27.25,17.36,36.09,43,13,1.5,7.3,159,0,0,29.93,7.333,9.289,,
"2022-06-29 23:59:59",1262327,7.67,4.67,9.83,28.48,21.43,34.90,43,16,2.0,7.9,168,0,0,26.87,7.283,9.519,,
"2022-06-30 23:59:59",1262327,7.08,0.31,10.36,27.07,20.03,33.82,52,12,2.2,7.2,185,0,0,27.60,7.259,9.532,,
"2022-07-01 23:59:59",1262327,5.34,0.71,9.09,26.67,18.29,33.72,50,14,1.8,7.6,166,0,0,30.64,7.538,9.629,85.0,102.3
"2022-07-02 23:59:59",1262327,1.13,-1.56,3.61,26.19,15.28,34.51,37,12,2.0,7.4,166,0,0,30.58,7.952,10.380,84.8,102.1
"2022-07-03 23:59:59",1262327,0.02,-3.65,3.60,27.15,21.75,32.86,25,13,2.9,9.5,186,0,0,30.63,8.754,11.938,84.6,102.0
"2022-07-04 23:59:59",1262327,-1.61,-3.08,1.07,26.07,18.61,31.98,26,11,2.6,8.5,189,0,0,30.96,8.386,11.283,84.8,102.1
"2022-07-05 23:59:59",1262327,1.68,-3.45,7.95,25.00,15.42,32.40,34,16,1.7,7.3,167,0,0,30.22,7.273,9.274,84.9,102.2
"2022-07-06 23:59:59",1262327,1.96,-2.80,6.65,24.70,15.55,32.30,38,15,1.8,7.9,160,0,0,30.35,7.279,9.355,85.0,102.3
"2022-07-07 23:59:59",1262327,-3.02,-6.09,-0.21,23.84,13.45,32.79,32,7,1.7,7.7,157,0,0,31.12,7.457,9.651,85.2,102.5
"2022-07-08 23:59:59",1262327,0.61,-2.77,3.58,26.10,15.30,35.29,32,13,1.6,7.4,158,0,0,30.30,7.500,9.614,85.3,102.7
"2022-07-09 23:59:59",1262327,0.94,-2.71,4.41,27.60,17.43,36.69,28,12,1.6,7.8,155,0,0,29.96,7.579,9.773,85.4,102.8
"2022-07-10 23:59:59",1262327,2.25,0.55,5.17,28.11,18.43,36.28,32,12,1.3,7.8,157,0,0,28.15,6.909,8.756,85.4,102.7
"2022-07-11 23:59:59",1262327,4.16,1.62,7.34,28.69,18.79,37.05,35,13,1.3,9.2,167,0,0,23.49,6.095,7.729,85.1,102.5
"2022-07-12 23:59:59",1262327,6.95,5.21,9.29,28.72,20.72,37.99,42,13,1.3,7.2,152,0,0,27.38,6.831,8.556,85.0,102.4
"2022-07-13 23:59:59",1262327,8.31,7.15,10.30,29.79,22.83,36.49,41,17,1.6,7.7,172,0,0,29.61,7.403,9.362,85.2,102.5
"2022-07-14 23:59:59",1262327,10.33,8.04,13.41,26.54,19.90,35.19,56,19,1.3,7.2,156,0,3,20.95,5.421,6.841,85.3,102.6
"2022-07-15 23:59:59",1262327,11.70,9.67,13.75,26.48,20.21,33.51,66,23,1.7,5.7,170,0,2,21.96,5.731,7.217,85.4,102.7
"2022-07-16 23:59:59",1262327,8.93,6.61,11.46,27.91,18.65,35.72,58,18,1.2,6.7,177,0,0,25.93,6.244,7.640,85.2,102.5
"2022-07-17 23:59:59",1262327,8.38,6.81,16.03,29.43,20.80,37.01,73,17,1.5,6.9,166,0,1,28.57,7.358,9.317,85.1,102.4
"2022-07-18 23:59:59",1262327,11.10,8.08,17.72,26.20,19.84,34.31,76,20,1.5,6.9,157,0,5,17.75,4.894,6.333,85.3,102.6
"2022-07-19 23:59:59",1262327,9.29,6.63,12.03,27.68,17.11,36.38,67,17,1.6,7.7,166,0,0,27.49,7.130,9.075,85.2,102.6
"2022-07-20 23:59:59",1262327,8.65,6.20,10.35,28.10,19.46,36.46,54,17,1.4,7.2,148,0,1,22.72,5.806,7.276,85.3,102.6
"2022-07-21 23:59:59",1262327,6.39,3.99,8.36,28.94,18.90,38.26,48,13,1.3,6.1,160,0,0,25.37,6.568,8.330,85.1,102.4
"2022-07-22 23:59:59",1262327,5.55,4.20,6.79,29.40,20.50,38.26,38,13,1.5,7.3,155,0,0,25.13,6.669,8.687,84.9,102.2
"2022-07-23 23:59:59",1262327,7.69,4.15,11.69,28.89,22.16,34.32,43,16,1.6,7.4,161,0,0,18.97,5.364,7.136,84.9,102.3
"2022-07-24 23:59:59",1262327,11.34,10.04,13.26,25.93,20.48,31.00,53,31,1.1,6.5,165,0,0,16.41,4.007,5.083,85.0,102.4
"2022-07-25 23:59:59",1262327,15.57,10.93,17.89,20.76,16.81,30.48,96,32,1.0,7.6,147,16,31,14.07,3.161,3.794,85.1,102.4
"2022-07-26 23:59:59",1262327,15.95,12.95,18.27,21.83,16.74,29.41,96,39,1.1,5.1,159,1,13,20.63,4.271,5.046,85.1,102.4
"2022-07-27 23:59:59",1262327,15.94,12.30,17.64,21.60,17.51,29.84,94,37,0.9,5.5,146,1,12,14.19,3.222,3.820,85.1,102.4
"2022-07-28 23:59:59",1262327,14.09,8.85,15.73,22.52,15.85,31.14,91,31,1.3,7.7,149,0,4,23.13,5.274,6.459,85.0,102.4
"2022-07-29 23:59:59",1262327,14.06,7.33,17.99,22.26,17.06,32.45,92,24,1.2,6.6,158,3,9,22.87,5.257,6.339,85.1,102.4
"2022-07-30 23:59:59",1262327,14.73,11.59,17.00,22.03,15.71,30.93,94,34,1.4,7.4,162,1,7,24.85,5.573,6.795,85.2,102.6
"2022-07-31 23:59:59",1262327,14.85,11.42,17.18,22.70,16.69,30.87,92,33,1.4,7.9,165,0,0,24.33,5.273,6.432,85.4,102.7
"2022-08-01 23:59:59",1262327,14.20,11.15,17.12,24.62,17.89,31.32,89,30,1.7,7.3,160,0,1,28.15,6.311,7.774,85.3,102.6
"2022-08-02 23:59:59",1262327,12.87,11.43,14.34,24.84,16.82,32.60,78,29,1.3,6.8,164,0,0,25.03,5.634,6.907,85.2,102.5
"2022-08-03 23:59:59",1262327,11.78,8.36,14.84,25.79,19.38,32.70,68,22,1.4,5.9,162,0,0,21.49,4.962,6.145,85.1,102.4
"2022-08-04 23:59:59",1262327,11.89,9.39,16.47,25.79,18.27,34.94,77,22,1.4,6.9,159,0,2,23.65,5.682,7.091,85.0,102.3
"2022-08-05 23:59:59",1262327,15.15,12.60,18.74,23.26,19.46,28.78,91,38,2.0,8.0,187,2,4,18.58,4.268,5.384,85.1,102.4
"2022-08-06 23:59:59",1262327,10.60,3.43,13.67,25.42,17.16,32.24,78,16,1.9,7.1,172,0,0,27.69,6.576,8.265,85.1,102.4
"2022-08-07 23:59:59",1262327,8.20,2.57,13.05,25.71,17.54,33.66,73,14,2.7,8.7,119,0,0,27.90,7.211,9.356,85.3,102.6
"2022-08-08 23:59:59",1262327,6.06,2.13,12.26,27.02,17.83,35.35,48,14,1.6,5.8,152,0,0,26.19,6.426,8.080,85.2,102.5
"2022-08-09 23:59:59",1262327,12.40,10.46,16.29,25.59,19.85,34.17,80,23,1.5,7.6,156,1,2,21.78,5.403,6.812,85.2,102.5
"2022-08-10 23:59:59",1262327,13.77,12.07,15.89,23.96,16.35,32.30,85,28,1.4,6.7,160,0,1,23.24,5.233,6.424,85.4,102.8
"2022-08-11 23:59:59",1262327,14.17,11.81,17.74,22.01,17.66,30.52,91,31,1.3,6.9,157,10,6,14.30,3.443,4.257,85.4,102.7
"2022-08-12 23:59:59",1262327,15.43,13.53,18.45,21.26,16.10,28.34,95,40,0.9,5.9,163,0,2,15.30,3.348,4.000,85.3,102.6
"2022-08-13 23:59:59",1262327,14.90,12.09,16.61,22.42,16.72,29.06,89,41,1.4,6.9,173,0,3,18.07,4.006,4.891,85.3,102.6
"2022-08-14 23:59:59",1262327,13.22,9.01,16.11,22.71,17.97,30.03,83,28,1.8,7.8,133,0,3,18.90,4.525,5.748,85.2,102.5
"2022-08-15 23:59:59",1262327,13.41,10.67,14.80,22.19,16.14,29.84,88,32,1.1,5.5,151,0,1,14.86,3.406,4.175,85.0,102.3
"2022-08-16 23:59:59",1262327,14.30,11.39,17.91,20.14,15.81,26.74,94,38,0.5,5.0,135,7,12,12.21,2.314,2.609,85.0,102.4
"2022-08-17 23:59:59",1262327,14.45,12.89,17.43,20.98,15.81,31.25,88,32,0.8,5.8,131,0,8,19.07,4.134,4.855,85.1,102.5
"2022-08-18 23:59:59",1262327,13.77,10.01,16.11,20.46,16.01,29.48,84,36,1.2,8.2,128,0,12,13.86,3.346,4.093,85.1,102.5
"2022-08-19 23:59:59",1262327,12.96,10.99,15.26,21.39,15.03,27.93,85,35,1.0,6.3,139,0,2,17.88,3.896,4.712,84.9,102.2
"2022-08-20 23:59:59",1262327,12.98,9.16,15.61,20.64,14.50,31.34,92,29,1.4,10.2,141,4,10,21.24,4.628,5.682,84.9,102.3
"2022-08-21 23:59:59",1262327,14.42,10.96,19.34,19.57,14.02,28.46,94,42,0.8,6.2,141,1,3,16.52,3.326,3.902,85.2,102.5
"2022-08-22 23:59:59",1262327,9.12,4.51,12.35,23.37,13.83,32.40,84,18,1.3,6.4,120,0,0,23.87,5.625,7.083,85.1,102.5
"2022-08-23 23:59:59",1262327,6.85,4.56,9.56,25.17,15.25,35.16,58,16,1.1,5.8,150,0,0,25.70,5.850,7.191,84.9,102.2
"2022-08-24 23:59:59",1262327,8.65,6.67,11.05,24.44,16.66,32.99,61,24,1.4,7.7,148,0,1,21.53,5.367,6.753,85.0,102.3
"2022-08-25 23:59:59",1262327,10.39,7.62,12.21,23.08,17.52,28.13,62,30,1.1,5.0,165,0,2,10.32,2.864,3.689,85.3,102.6
"2022-08-26 23:59:59",1262327,11.75,9.88,14.66,21.85,15.58,30.40,93,27,1.2,7.9,150,10,6,20.79,4.592,5.574,85.1,102.4
"2022-08-27 23:59:59",1262327,9.87,5.70,13.24,22.08,13.86,31.33,87,21,1.1,6.2,156,0,0,21.59,4.729,5.784,84.8,102.1
"2022-08-28 23:59:59",1262327,7.52,5.34,10.15,23.28,14.25,31.70,72,19,1.1,6.9,156,0,0,24.04,5.308,6.510,84.7,102.1
"2022-08-29 23:59:59",1262327,6.92,3.99,10.27,25.13,15.82,33.73,66,16,1.1,5.8,155,0,0,25.37,5.692,6.945,85.1,102.4
"2022-08-30 23:59:59",1262327,5.73,2.53,9.24,26.31,16.93,36.31,58,12,1.1,5.7,152,0,0,24.32,5.568,6.904,85.3,102.6
"2022-08-31 23:59:59",1262327,3.41,0.99,6.67,26.76,18.21,35.63,42,11,0.8,4.6,149,0,0,20.48,4.531,5.565,85.2,102.5
"2022-09-01 23:59:59",1262327,2.19,-0.61,5.16,26.97,16.64,37.05,40,10,0.9,5.2,157,0,0,23.85,5.348,6.577,85.0,102.3
"2022-09-02 23:59:59",1262327,1.31,-2.63,5.91,27.98,18.52,37.18,35,10,1.8,6.9,137,0,0,21.40,5.855,7.777,85.0,102.4
"2022-09-03 23:59:59",1262327,2.21,-1.26,5.31,27.35,17.30,37.40,38,10,1.2,6.7,148,0,0,24.59,5.874,7.435,85.3,102.6
"2022-09-04 23:59:59",1262327,8.42,4.92,18.80,26.92,18.89,36.40,63,18,1.2,6.2,145,0,1,22.67,5.342,6.697,85.2,102.6
"2022-09-05 23:59:59",1262327,3.68,0.28,7.76,27.38,17.26,37.82,43,12,1.3,6.8,153,0,0,23.45,5.733,7.318,85.1,102.4
"2022-09-06 23:59:59",1262327,1.71,-0.48,4.43,27.86,19.48,37.74,31,9,1.4,7.6,133,0,0,19.16,5.403,7.239,85.2,102.6
"2022-09-07 23:59:59",1262327,4.07,0.33,7.67,27.09,18.87,36.32,36,15,1.2,6.4,149,0,0,21.19,5.425,7.022,85.4,102.7
"2022-09-08 23:59:59",1262327,6.56,1.99,13.80,24.54,17.45,35.95,73,12,1.0,7.8,124,3,4,18.36,4.587,5.774,84.9,102.2
"2022-09-09 23:59:59",1262327,7.17,3.18,11.40,24.45,16.22,32.41,60,16,1.9,6.5,135,0,0,21.45,5.591,7.375,84.5,101.8
"2022-09-10 23:59:59",1262327,3.25,-7.40,15.26,21.23,16.78,27.43,70,13,1.7,8.3,131,0,0,15.31,3.947,5.245,85.0,102.3
"2022-09-11 23:59:59",1262327,7.36,-0.88,11.00,21.22,13.32,30.58,76,13,0.9,5.1,164,0,0,16.43,3.554,4.375,85.3,102.6
"2022-09-12 23:59:59",1262327,8.10,5.36,11.44,20.95,14.30,27.17,67,27,1.6,7.5,171,0,5,17.80,4.038,5.211,85.1,102.4
"2022-09-13 23:59:59",1262327,12.08,9.32,13.67,15.16,13.08,17.80,95,64,0.8,5.0,161,18,26,5.74,0.802,0.880,84.8,102.1
"2022-09-14 23:59:59",1262327,12.36,10.71,14.90,15.18,12.14,20.18,96,59,1.1,5.9,164,36,24,10.52,1.740,2.001,84.8,102.1
"2022-09-15 23:59:59",1262327,11.05,9.65,13.41,17.46,10.97,24.50,97,39,1.1,6.2,160,0,0,20.43,3.786,4.493,84.9,102.2
"2022-09-16 23:59:59",1262327,8.67,3.27,11.83,18.04,12.84,25.11,88,24,1.4,6.2,148,0,0,20.34,3.999,4.876,84.8,102.1
"2022-09-17 23:59:59",1262327,6.06,1.73,8.87,18.04,9.74,25.01,87,26,1.5,8.3,162,0,0,20.65,4.303,5.480,84.5,101.8
"2022-09-18 23:59:59",1262327,4.02,-0.57,7.25,21.18,15.58,27.46,58,17,2.2,9.7,184,0,0,22.39,5.270,6.940,84.5,101.8
"2022-09-19 23:59:59",1262327,0.52,-2.46,3.03,21.54,14.43,28.75,46,16,2.0,7.8,177,0,0,22.19,5.405,7.225,84.7,102.0
"2022-09-20 23:59:59",1262327,3.82,1.67,8.00,20.95,13.55,27.84,58,19,1.7,7.5,148,0,1,20.70,4.754,6.208,84.8,102.2
"2022-09-21 23:59:59",1262327,10.72,6.11,15.47,21.00,16.36,25.16,80,38,1.9,7.1,181,1,3,11.54,2.879,3.768,84.8,102.1
"2022-09-22 23:59:59",1262327,7.87,1.41,12.87,19.83,12.99,25.33,78,25,1.8,7.1,167,0,0,21.24,4.349,5.474,85.0,102.4
"2022-09-23 23:59:59",1262327,-0.23,-4.90,2.97,17.34,10.24,26.23,52,16,1.3,6.4,154,0,0,21.56,4.326,5.397,85.2,102.5
"2022-09-24 23:59:59",1262327,-2.03,-4.24,1.77,18.37,10.29,27.35,45,12,1.7,6.5,108,0,0,21.65,4.921,6.411,85.4,102.7
"2022-09-25 23:59:59",1262327,-1.28,-2.79,1.36,19.29,11.11,27.84,45,15,2.0,7.2,105,0,0,21.32,5.046,6.656,85.4,102.8
"2022-09-26 23:59:59",1262327,-0.02,-3.18,4.12,20.29,12.40,29.64,40,16,1.6,6.3,147,0,0,20.86,4.706,6.075,85.3,102.6
"2022-09-27 23:59:59",1262327,5.48,0.76,9.56,19.77,12.78,28.45,61,24,0.7,4.0,154,0,3,12.13,2.371,2.845,85.3,102.6
"2022-09-28 23:59:59",1262327,6.68,5.63,8.66,19.97,14.53,26.41,60,26,1.1,7.0,144,0,0,15.98,3.216,4.014,85.4,102.7
"2022-09-29 23:59:59",1262327,7.35,6.14,9.08,20.61,13.68,27.99,64,25,1.3,8.3,150,0,0,19.78,4.173,5.231,85.2,102.5
"2022-10-01 23:59:59",1262327,3.07,-0.70,6.55,18.06,10.93,26.49,51,23,2.2,7.3,134,0,0,20.08,4.570,5.880,84.7,102.0
"2022-10-02 23:59:59",1262327,8.95,3.93,15.12,17.23,11.67,24.09,83,42,1.0,5.9,144,3,14,12.38,2.384,2.887,84.9,102.3
"2022-10-03 23:59:59",1262327,8.92,6.62,12.62,15.97,11.36,23.02,93,36,1.2,5.8,142,3,9,15.81,2.889,3.452,85.2,102.5
"2022-10-04 23:59:59",1262327,3.87,-1.21,7.48,16.72,10.11,23.87,85,22,2.1,6.6,107,0,0,19.22,4.137,5.383,85.1,102.5
"2022-10-05 23:59:59",1262327,0.89,-1.43,3.41,16.80,9.17,24.82,60,17,1.7,6.4,121,0,0,19.34,4.126,5.344,85.3,102.6
"2022-10-06 23:59:59",1262327,1.86,0.40,3.44,16.07,7.69,25.09,66,20,0.7,4.8,150,0,0,18.69,3.278,3.850,85.4,102.7
"2022-10-07 23:59:59",1262327,3.52,2.42,4.87,16.45,8.20,25.03,71,23,0.7,5.0,150,0,1,17.53,3.136,3.706,85.5,102.8
"2022-10-08 23:59:59",1262327,1.21,-4.66,5.17,16.60,8.72,25.69,69,14,0.8,4.7,147,0,0,17.27,3.226,3.915,85.4,102.7
"2022-10-09 23:59:59",1262327,2.21,-0.81,4.76,16.16,8.34,24.52,63,25,1.0,5.6,141,0,0,15.33,2.909,3.654,85.3,102.6
"2022-10-10 23:59:59",1262327,1.31,-1.45,4.20,15.52,8.64,24.72,63,23,0.9,5.2,129,0,0,14.29,2.934,3.682,85.0,102.4
"2022-10-11 23:59:59",1262327,0.40,-1.27,2.81,15.70,7.42,24.78,58,21,1.2,5.9,150,0,0,17.63,3.583,4.569,85.0,102.3
"2022-10-12 23:59:59",1262327,-3.25,-4.79,-0.84,16.61,9.54,25.40,49,14,2.1,8.2,109,0,0,17.83,4.278,5.832,85.3,102.6
"2022-10-13 23:59:59",1262327,-3.02,-4.59,-1.03,15.57,7.40,24.76,47,17,2.3,7.9,109,0,0,17.81,4.266,5.806,85.2,102.5
"2022-10-14 23:59:59",1262327,-4.02,-9.55,-0.83,15.89,8.86,25.46,44,12,1.7,5.8,121,0,0,17.61,3.827,5.023,84.8,102.2
"2022-10-15 23:59:59",1262327,-6.55,-9.46,-3.09,16.39,6.92,25.84,42,11,1.7,5.7,125,0,0,16.81,3.947,5.237,84.7,102.0
"2022-10-16 23:59:59",1262327,-3.78,-8.23,-1.48,15.53,8.98,21.60,47,18,1.9,7.5,99,0,0,14.26,3.295,4.523,85.0,102.3
"2022-10-17 23:59:59",1262327,-3.17,-7.64,-0.55,13.87,6.31,22.58,59,16,1.3,6.1,121,0,0,15.38,2.987,3.947,85.2,102.5
"2022-10-18 23:59:59",1262327,-4.69,-7.13,-1.73,14.40,5.68,24.21,46,14,1.2,5.9,133,0,0,16.86,3.283,4.250,85.4,102.7
"2022-10-19 23:59:59",1262327,-4.67,-6.64,-3.02,14.07,6.25,24.22,51,14,0.8,4.8,150,0,0,16.82,2.975,3.654,85.5,102.8
"2022-10-20 23:59:59",1262327,-5.18,-6.84,-2.10,13.41,4.88,23.16,45,15,0.9,5.3,141,0,0,15.11,2.785,3.543,85.1,102.5
"2022-10-21 23:59:59",1262327,-3.51,-5.97,-0.06,13.16,5.79,21.95,48,18,1.3,6.9,143,0,0,16.30,3.166,4.129,84.7,102.0
"2022-10-22 23:59:59",1262327,1.36,-3.97,8.42,13.40,1.27,20.72,93,22,2.7,10.9,165,18,33,11.19,3.022,4.369,83.7,101.1
"2022-10-23 23:59:59",1262327,-0.91,-3.31,1.58,1.54,-0.65,3.30,95,66,2.2,7.3,128,3,21,8.83,0.806,0.968,84.1,101.5
"2022-10-24 23:59:59",1262327,-3.86,-6.29,-2.11,1.98,-1.95,7.16,86,47,2.4,7.3,131,0,0,16.03,1.891,2.361,85.1,102.4
"2022-10-25 23:59:59",1262327,-2.18,-5.05,0.85,5.43,-1.74,14.06,86,32,1.1,6.4,129,0,0,15.33,2.163,2.631,85.0,102.3
"2022-10-26 23:59:59",1262327,-2.03,-5.78,0.51,7.50,0.57,14.44,91,27,1.9,7.8,136,0,0,15.34,2.473,3.133,84.5,101.9
"2022-10-27 23:59:59",1262327,-6.16,-9.32,-3.78,3.93,0.40,8.89,65,35,3.3,8.8,125,0,0,15.25,2.389,3.243,85.1,102.5
"2022-10-28 23:59:59",1262327,-6.77,-8.70,-4.38,5.13,-3.56,15.65,83,17,1.1,6.2,144,0,0,15.55,2.350,2.979,85.5,102.8
"2022-10-29 23:59:59",1262327,-5.24,-7.21,-2.98,8.01,1.66,16.14,63,21,2.0,6.8,120,0,0,14.11,2.715,3.670,85.3,102.6
"2022-10-30 23:59:59",1262327,-5.11,-6.76,-3.67,8.44,1.84,15.50,67,25,2.6,9.6,121,0,0,14.92,2.920,4.000,85.1,102.5
"2022-11-01 23:59:59",1262327,-5.60,-6.66,-4.08,13.36,10.22,17.33,40,21,2.8,9.3,185,0,0,14.66,3.547,4.826,84.4,101.7
"2022-11-02 23:59:59",1262327,-0.35,-5.08,3.27,7.97,0.87,11.67,91,32,2.9,9.8,165,6,32,6.04,1.800,2.575,84.3,101.6
"2022-11-03 23:59:59",1262327,-2.15,-5.74,-0.55,-0.01,-2.15,1.25,93,77,2.7,7.5,115,6,34,6.07,0.677,0.813,84.4,101.7
"2022-11-04 23:59:59",1262327,-6.40,-12.54,-3.18,0.22,-4.50,6.04,86,25,1.6,6.3,94,0,0,14.20,1.547,1.864,85.1,102.4
"2022-11-05 23:59:59",1262327,-3.22,-5.87,-1.06,3.85,-1.89,10.81,88,38,0.9,5.0,160,0,0,12.41,1.492,1.797,84.6,102.0
"2022-11-06 23:59:59",1262327,-1.91,-3.56,-0.67,8.16,0.40,14.17,80,33,1.7,7.2,149,0,0,13.74,2.226,2.854,84.4,101.7
"2022-11-07 23:59:59",1262327,-0.38,-1.43,1.16,12.10,9.62,15.63,50,32,3.8,11.5,183,0,0,12.70,3.103,4.295,84.3,101.6
"2022-11-08 23:59:59",1262327,4.41,0.95,6.73,9.14,7.43,11.39,93,45,3.1,9.9,179,44,76,4.42,1.125,1.517,84.1,101.4
"2022-11-09 23:59:59",1262327,-0.41,-3.64,6.48,1.36,-1.95,7.58,94,70,1.9,10.5,164,24,61,3.48,0.457,0.545,84.3,101.6
"2022-11-10 23:59:59",1262327,-4.91,-8.59,-2.44,0.30,-3.53,5.33,92,46,1.9,7.3,105,0,0,13.22,1.495,1.841,85.0,102.3
"2022-11-11 23:59:59",1262327,-8.56,-11.66,-5.57,-0.66,-4.88,4.21,80,42,2.6,7.8,97,0,0,13.23,1.524,2.011,85.2,102.5
"2022-11-12 23:59:59",1262327,-7.12,-9.81,-6.19,1.93,-5.25,9.38,90,27,1.3,7.2,151,0,0,13.63,1.746,2.244,84.7,102.1
"2022-11-13 23:59:59",1262327,-4.82,-6.81,-2.34,-1.03,-3.22,0.76,88,56,2.3,8.0,105,2,19,5.18,0.532,0.673,84.5,101.8
"2022-11-14 23:59:59",1262327,-6.59,-8.27,-4.89,-0.76,-4.53,3.34,79,53,3.4,8.8,112,0,0,13.31,1.533,1.982,85.1,102.4
"2022-11-15 23:59:59",1262327,-8.15,-9.92,-6.33,-1.12,-4.87,3.54,76,39,3.8,9.4,107,0,0,12.47,1.493,1.994,85.6,102.9
"2022-11-16 23:59:59",1262327,-8.47,-10.42,-6.99,-0.39,-4.94,4.81,73,39,3.1,9.0,119,0,0,12.65,1.579,2.114,85.9,103.3
"2022-11-17 23:59:59",1262327,-8.65,-10.95,-6.66,1.67,-3.03,9.59,73,24,1.7,6.7,90,0,0,12.72,1.723,2.242,85.4,102.7
"2022-11-18 23:59:59",1262327,-7.24,-12.13,-5.51,0.06,-3.03,4.26,72,44,3.4,9.8,121,0,0,11.79,1.464,1.963,85.0,102.3
"2022-11-19 23:59:59",1262327,-10.51,-12.62,-8.90,-1.74,-5.89,3.45,65,39,3.6,9.0,96,0,0,12.35,1.534,2.064,85.5,102.9
"2022-11-20 23:59:59",1262327,-9.57,-10.95,-7.07,1.35,-4.99,8.55,73,24,3.0,7.0,112,0,0,12.41,1.905,2.570,85.5,102.8
"2022-11-21 23:59:59",1262327,-9.84,-11.68,-7.85,1.52,-6.08,11.10,70,22,1.0,4.4,139,0,0,11.82,1.556,1.918,85.3,102.7
"2022-11-22 23:59:59",1262327,-8.82,-9.86,-6.76,1.31,-4.35,11.31,70,23,0.8,5.0,122,0,0,11.80,1.421,1.755,85.2,102.5
"2022-11-23 23:59:59",1262327,-9.11,-11.53,-7.13,2.78,-3.07,10.89,64,22,2.8,12.1,113,0,0,11.14,2.033,2.817,85.1,102.4
"2022-11-24 23:59:59",1262327,-7.15,-8.02,-6.08,1.76,-3.12,7.15,73,37,3.1,11.4,118,0,0,11.56,1.719,2.326,85.8,103.1
"2022-11-25 23:59:59",1262327,-8.10,-9.67,-7.00,2.28,-3.81,11.00,71,24,2.2,6.7,105,0,0,11.77,1.743,2.341,85.7,103.0
"2022-11-26 23:59:59",1262327,-7.55,-9.02,-5.35,2.29,-3.64,9.21,74,29,1.5,9.3,114,0,0,6.64,1.115,1.403,84.9,102.3
"2022-11-27 23:59:59",1262327,-6.53,-8.23,-4.68,1.93,-2.31,8.64,80,33,1.8,6.7,125,0,0,11.56,1.589,2.037,84.9,102.2
"2022-11-28 23:59:59",1262327,-7.52,-8.86,-6.53,3.84,-3.04,8.79,73,32,1.9,7.3,169,0,0,11.22,1.709,2.302,84.0,101.3
"2022-11-29 23:59:59",1262327,-12.25,-18.89,-5.53,-0.77,-5.82,3.30,77,19,2.1,9.0,113,0,0,11.47,1.359,1.851,84.5,101.8
"2022-12-01 23:59:59",1262327,-4.87,-7.52,-1.13,6.50,3.67,9.36,58,34,2.8,8.5,184,0,11,7.85,1.768,2.458,84.3,101.7
"2022-12-02 23:59:59",1262327,-1.77,-4.40,1.24,4.83,-1.34,8.94,84,39,1.7,8.0,148,1,28,8.62,1.296,1.627,84.8,102.1
"2022-12-03 23:59:59",1262327,-2.41,-4.57,-0.28,5.42,-0.95,13.23,80,37,1.1,5.9,152,0,0,9.98,1.438,1.843,85.2,102.5
"2022-12-04 23:59:59",1262327,1.56,-3.01,3.86,9.31,6.37,13.08,69,47,2.1,7.2,183,0,0,7.75,1.494,1.989,84.9,102.2
"2022-12-05 23:59:59",1262327,1.84,-0.95,3.33,6.97,1.60,9.88,88,55,1.5,4.9,169,0,1,5.39,0.849,1.111,84.5,101.8
"2022-12-06 23:59:59",1262327,-0.39,-3.21,1.58,2.80,0.11,6.52,92,65,1.8,6.3,121,3,26,6.35,0.742,0.889,84.6,101.9
"2022-12-07 23:59:59",1262327,-3.14,-4.41,-0.88,-0.81,-2.70,1.10,93,77,2.1,6.5,126,4,20,5.36,0.416,0.494,84.9,102.3
"2022-12-08 23:59:59",1262327,-4.76,-8.69,-1.60,-1.35,-6.74,5.73,94,53,0.8,4.7,152,0,0,10.62,0.888,0.991,85.3,102.6
"2022-12-09 23:59:59",1262327,-5.39,-6.73,-3.65,2.08,-2.74,7.18,80,41,1.3,4.7,166,0,0,10.85,1.233,1.539,84.9,102.2
"2022-12-10 23:59:59",1262327,-7.66,-11.16,-4.62,4.10,-3.46,9.27,79,24,1.9,6.7,165,0,0,7.72,1.433,1.996,84.7,102.1
"2022-12-11 23:59:59",1262327,-4.84,-10.28,0.81,3.59,-0.79,6.42,95,31,2.6,9.0,182,23,46,2.40,1.028,1.521,84.0,101.4
"2022-12-12 23:59:59",1262327,-4.07,-7.13,-1.73,-2.46,-5.36,-0.21,96,78,0.5,3.8,199,1,31,7.34,0.596,0.654,83.8,101.1
"2022-12-13 23:59:59",1262327,-6.04,-7.92,-4.37,-3.19,-5.12,-1.16,93,72,1.7,5.8,79,3,20,8.18,0.619,0.741,84.3,101.6
"2022-12-14 23:59:59",1262327,-7.15,-9.91,-4.65,-3.00,-4.87,0.36,85,60,2.7,7.3,90,0,1,8.11,0.767,0.989,84.8,102.2
"2022-12-15 23:59:59",1262327,-8.67,-11.22,-5.38,-2.90,-6.07,1.47,76,55,3.3,9.0,109,0,0,10.02,1.048,1.377,85.0,102.3
"2022-12-16 23:59:59",1262327,-10.49,-12.90,-8.55,-4.86,-9.12,-0.96,80,51,2.7,8.8,122,0,0,10.69,0.982,1.282,85.3,102.6
"2022-12-17 23:59:59",1262327,-11.26,-14.64,-8.64,-5.96,-12.07,1.99,87,39,0.9,4.6,161,0,0,10.77,0.855,0.973,85.0,102.3
"2022-12-18 23:59:59",1262327,-10.86,-13.96,-8.44,-4.46,-11.17,4.50,90,31,0.9,5.8,142,0,0,10.57,0.994,1.249,84.6,101.9
"2022-12-19 23:59:59",1262327,-9.47,-11.88,-7.17,-2.34,-8.17,5.69,79,33,0.6,2.9,146,0,0,10.65,0.946,1.083,85.2,102.6
"2022-12-20 23:59:59",1262327,-8.04,-10.57,-6.45,0.66,-3.36,7.40,73,28,0.8,4.9,135,0,0,7.87,0.860,1.110,85.4,102.7
"2022-12-21 23:59:59",1262327,-6.16,-8.50,-4.65,2.16,-5.28,7.15,85,40,1.1,4.8,128,0,0,10.53,1.213,1.485,85.0,102.3
"2022-12-22 23:59:59",1262327,-5.60,-7.99,-3.72,3.35,-0.34,6.53,71,32,2.9,8.0,92,0,0,7.39,1.263,1.746,84.9,102.3
"2022-12-23 23:59:59",1262327,-4.50,-5.91,-3.00,2.02,-0.88,6.25,75,44,2.8,7.5,113,0,0,9.23,1.269,1.666,85.3,102.6
"2022-12-24 23:59:59",1262327,-2.76,-5.03,-0.63,4.52,-0.75,9.53,81,44,2.6,7.2,92,0,0,10.32,1.522,2.013,85.8,103.1
"2022-12-25 23:59:59",1262327,-1.97,-4.04,0.15,6.11,2.67,11.10,75,34,2.7,8.1,117,0,0,10.03,1.689,2.284,85.7,103.1
"2022-12-26 23:59:59",1262327,-1.03,-2.91,1.97,6.72,1.96,12.27,77,40,1.3,6.9,133,0,0,7.53,0.957,1.162,85.4,102.7
"2022-12-27 23:59:59",1262327,-0.89,-3.41,3.02,8.55,3.61,11.96,92,35,2.0,7.7,176,3,35,4.57,1.376,2.025,84.4,101.7
"2022-12-28 23:59:59",1262327,-0.69,-5.64,2.92,2.63,-2.64,6.73,96,46,1.5,8.3,144,2,23,7.53,0.917,1.113,84.0,101.3
"2022-12-29 23:59:59",1262327,-4.24,-7.63,-0.76,-1.46,-5.34,2.04,95,58,0.5,5.6,160,1,14,3.86,0.443,0.537,84.4,101.8
"2022-12-30 23:59:59",1262327,0.76,-1.73,3.93,2.81,-0.54,5.90,95,75,1.3,6.0,179,1,33,3.20,0.455,0.570,84.6,101.9
"2022-12-31 23:59:59",1262327,4.30,3.45,5.13,6.51,5.78,7.35,90,76,2.3,8.6,169,5,84,1.58,0.442,0.573,84.2,101.6
"2023-01-01 23:59:59",1262327,1.54,-2.43,4.16,3.09,-1.00,6.29,94,83,2.2,8.4,141,63,90,1.95,0.374,0.455,83.5,100.9
"2023-01-02 23:59:59",1262327,-3.34,-4.51,-1.84,-1.03,-2.65,0.26,92,75,1.5,6.0,120,3,15,5.27,0.483,0.547,84.0,101.3
"2023-01-03 23:59:59",1262327,-2.14,-4.14,0.26,-0.70,-2.18,0.98,96,75,1.1,4.6,175,1,34,5.33,0.358,0.384,84.5,101.9
"2023-01-04 23:59:59",1262327,-0.83,-4.02,1.47,1.27,-2.55,4.60,94,74,1.1,5.7,166,0,9,6.22,0.660,0.754,85.1,102.4
"2023-01-05 23:59:59",1262327,1.38,-0.15,2.35,3.77,1.64,7.16,96,63,2.0,7.4,182,32,60,3.71,0.692,0.930,84.7,102.1
"2023-01-06 23:59:59",1262327,0.69,-2.28,3.13,1.89,-1.24,5.81,97,76,0.6,4.3,155,3,23,8.19,0.717,0.758,85.1,102.4
"2023-01-07 23:59:59",1262327,-2.56,-4.60,0.13,2.17,-3.32,8.00,96,47,1.0,5.4,162,0,0,9.19,0.951,1.116,85.3,102.7
"2023-01-08 23:59:59",1262327,-3.96,-6.25,-2.17,5.09,0.26,9.22,76,36,1.5,5.6,169,0,0,7.60,1.203,1.630,85.1,102.5
"2023-01-09 23:59:59",1262327,-1.52,-5.98,2.45,4.35,0.50,6.68,90,41,1.8,7.2,171,21,51,2.27,0.690,1.002,84.9,102.2
"2023-01-10 23:59:59",1262327,1.90,-0.79,4.37,4.59,1.29,7.24,94,65,2.4,8.0,173,31,69,2.64,0.626,0.842,84.4,101.7
"2023-01-11 23:59:59",1262327,-1.46,-5.09,0.49,0.66,-3.50,5.62,96,57,0.5,3.5,149,0,1,10.56,0.952,1.017,85.1,102.4
"2023-01-12 23:59:59",1262327,-2.98,-5.49,-0.37,1.69,-3.33,10.05,95,34,0.6,3.6,149,0,0,10.44,1.025,1.151,85.7,103.0
"2023-01-13 23:59:59",1262327,-4.98,-8.83,-2.03,5.79,-0.49,10.48,88,31,1.3,5.7,168,0,0,9.09,1.344,1.783,85.3,102.6
"2023-01-14 23:59:59",1262327,-2.17,-4.41,1.32,4.32,0.06,7.40,96,47,1.7,7.2,171,18,39,3.23,0.696,1.010,84.3,101.7
"2023-01-15 23:59:59",1262327,-0.14,-0.99,1.37,0.89,0.09,2.43,97,86,1.3,5.4,170,20,90,4.16,0.333,0.361,83.6,101.0
"2023-01-16 23:59:59",1262327,-0.47,-3.03,1.65,1.41,-0.29,3.34,96,66,2.4,7.9,181,19,70,3.54,0.406,0.493,83.6,100.9
"2023-01-17 23:59:59",1262327,-2.54,-4.79,-0.60,-0.56,-2.83,1.55,94,78,1.3,6.6,144,2,27,5.82,0.545,0.623,83.7,101.0
"2023-01-18 23:59:59",1262327,-6.28,-8.99,-4.14,-1.87,-6.80,1.79,89,55,2.1,6.9,137,0,7,11.79,1.123,1.384,84.7,102.0
"2023-01-19 23:59:59",1262327,-5.31,-9.63,-2.42,-2.66,-7.73,1.93,95,59,1.3,7.0,147,4,42,8.01,0.651,0.783,84.6,101.9
"2023-01-20 23:59:59",1262327,-6.01,-8.48,-3.55,-3.12,-5.20,-1.31,91,71,3.6,9.9,143,3,33,6.83,0.650,0.857,84.9,102.2
"2023-01-21 23:59:59",1262327,-9.65,-12.44,-7.11,-4.53,-8.16,-0.55,82,49,3.3,9.7,86,0,0,12.85,1.143,1.442,85.4,102.7
"2023-01-22 23:59:59",1262327,-10.01,-13.12,-7.65,-6.93,-10.42,-3.03,88,61,2.8,10.5,149,2,35,8.45,0.567,0.703,84.5,101.8
"2023-01-23 23:59:59",1262327,-10.61,-13.10,-8.26,-6.16,-8.60,-2.58,83,61,4.7,10.7,123,0,6,9.48,0.846,1.139,84.7,102.1
"2023-01-24 23:59:59",1262327,-9.28,-12.10,-6.74,-3.78,-7.76,1.00,80,54,3.7,9.5,122,0,0,12.80,1.256,1.611,85.4,102.7
"2023-01-25 23:59:59",1262327,-7.82,-11.96,-5.30,-1.72,-5.66,1.87,74,56,3.2,7.9,127,0,1,11.84,1.296,1.703,85.5,102.9
"2023-01-26 23:59:59",1262327,-7.12,-8.72,-5.72,-1.36,-4.24,2.71,83,48,2.9,7.8,99,0,2,12.97,1.348,1.730,85.8,103.1
"2023-01-27 23:59:59",1262327,-7.25,-10.02,-4.94,-1.64,-7.55,5.18,87,45,1.1,4.9,153,0,0,12.45,1.223,1.466,84.9,102.3
"2023-01-28 23:59:59",1262327,-5.67,-8.17,-3.48,-0.42,-5.89,6.10,90,47,1.0,4.7,148,0,0,13.21,1.353,1.592,84.4,101.7
"2023-01-29 23:59:59",1262327,-5.99,-7.11,-3.19,1.01,-3.42,6.66,82,39,1.3,6.7,159,0,1,11.02,1.274,1.607,84.0,101.4
"2023-01-30 23:59:59",1262327,-11.25,-18.67,-4.39,-6.81,-12.43,-1.47,83,61,4.4,10.3,113,3,25,7.84,0.672,0.895,84.7,102.0
"2023-02-01 23:59:59",1262327,-14.26,-17.93,-10.43,-5.11,-11.58,1.38,66,36,3.2,7.5,96,0,0,13.90,1.533,2.028,85.3,102.7
"2023-02-02 23:59:59",1262327,-8.40,-12.76,-3.87,-0.76,-6.44,7.99,84,36,1.5,5.8,143,0,0,13.92,1.632,1.968,85.7,103.0
"2023-02-03 23:59:59",1262327,-6.44,-10.03,-4.52,3.06,-3.97,9.86,86,26,1.2,6.4,146,0,0,11.27,1.537,2.015,85.5,102.8
"2023-02-04 23:59:59",1262327,-5.75,-7.94,-3.97,4.26,-2.29,11.71,78,27,1.0,5.1,146,0,0,13.53,1.774,2.205,85.2,102.5
"2023-02-05 23:59:59",1262327,-4.12,-8.38,-0.17,4.39,-2.96,8.38,94,33,1.9,6.9,159,6,26,4.87,1.173,1.676,84.7,102.0
"2023-02-06 23:59:59",1262327,-4.19,-8.51,-1.15,-1.45,-4.22,2.10,93,64,1.8,9.6,116,0,1,12.70,1.074,1.204,85.0,102.3
"2023-02-07 23:59:59",1262327,-5.05,-6.95,-3.32,0.30,-3.14,4.23,80,53,3.0,8.6,102,0,0,14.59,1.548,1.978,85.5,102.8
"2023-02-08 23:59:59",1262327,-5.53,-11.10,-2.33,3.40,-2.53,10.97,75,28,2.0,9.3,116,0,0,14.90,2.045,2.482,85.4,102.7
"2023-02-09 23:59:59",1262327,-9.69,-11.93,-4.53,-0.51,-3.97,3.45,72,37,3.4,9.0,116,0,0,15.22,1.879,2.431,85.8,103.1
"2023-02-10 23:59:59",1262327,-10.48,-14.47,-8.53,2.03,-7.28,10.56,81,20,1.4,5.5,155,0,0,15.49,2.107,2.662,85.5,102.8
"2023-02-11 23:59:59",1262327,-10.83,-14.80,-7.18,5.04,-1.41,9.46,66,20,1.3,5.4,157,0,0,10.36,1.734,2.323,84.6,102.0
"2023-02-12 23:59:59",1262327,-5.92,-9.15,-2.87,2.14,-2.53,7.43,74,36,2.8,9.1,125,0,0,14.13,1.947,2.592,84.6,102.0
"2023-02-13 23:59:59",1262327,-4.88,-7.08,-2.01,4.51,0.14,10.85,70,35,2.7,7.6,144,0,0,15.51,2.287,2.891,84.0,101.4
"2023-02-14 23:59:59",1262327,-5.14,-8.35,-1.05,-1.73,-6.27,3.44,93,58,2.2,8.4,151,16,65,2.19,0.293,0.395,83.4,100.7
"2023-02-15 23:59:59",1262327,-10.99,-15.33,-8.37,-6.00,-8.41,-3.42,86,53,4.2,11.6,147,0,12,14.11,1.112,1.416,84.3,101.6
"2023-02-16 23:59:59",1262327,-14.66,-18.64,-12.27,-6.99,-11.48,-0.77,85,38,2.4,6.8,102,0,0,16.67,1.421,1.794,85.4,102.7
"2023-02-17 23:59:59",1262327,-10.77,-15.90,-6.02,-4.73,-13.43,5.30,87,28,0.6,4.0,157,0,0,14.19,1.336,1.523,85.2,102.6
"2023-02-18 23:59:59",1262327,-8.67,-11.01,-6.49,0.32,-7.19,8.07,81,29,1.2,5.4,149,0,0,16.36,1.971,2.444,84.9,102.2
"2023-02-19 23:59:59",1262327,-5.93,-9.38,-3.88,3.49,-2.37,11.23,73,26,0.8,5.4,140,0,0,16.72,2.160,2.547,84.9,102.3
"2023-02-20 23:59:59",1262327,-4.41,-6.30,-2.43,3.87,-1.87,12.18,79,31,1.0,5.2,140,0,0,15.64,2.054,2.500,84.9,102.3
"2023-02-21 23:59:59",1262327,-3.87,-5.39,0.55,5.04,-1.64,10.44,82,34,2.0,10.6,150,1,11,12.24,2.047,2.605,83.5,100.8
"2023-02-22 23:59:59",1262327,-7.33,-12.54,-0.35,-1.77,-4.49,6.38,92,42,2.4,12.4,174,10,44,10.89,1.154,1.385,82.8,100.2
"2023-02-23 23:59:59",1262327,-6.45,-9.83,-4.04,-3.67,-4.99,-2.24,93,67,2.2,8.1,178,19,82,5.55,0.507,0.633,83.9,101.3
"2023-02-24 23:59:59",1262327,-4.93,-7.08,-3.19,-0.39,-3.29,3.50,92,57,2.1,7.8,180,3,14,13.56,1.304,1.583,84.7,102.0
"2023-02-25 23:59:59",1262327,-4.08,-5.89,-2.26,6.17,1.78,10.07,76,31,1.8,8.6,174,0,0,11.23,1.843,2.433,84.4,101.7
"2023-02-26 23:59:59",1262327,-3.63,-5.48,0.11,-0.82,-2.48,2.41,94,69,2.2,7.1,179,9,40,11.58,0.951,1.109,84.2,101.5
"2023-02-27 23:59:59",1262327,-3.54,-5.20,-0.69,0.64,-0.91,2.93,93,59,2.2,7.7,180,7,37,8.14,0.929,1.180,84.3,101.7
"2023-03-01 23:59:59",1262327,-1.79,-2.79,-0.86,-0.23,-0.66,0.20,95,84,2.4,8.0,158,23,72,7.15,0.670,0.766,83.4,100.8
"2023-03-02 23:59:59",1262327,-6.30,-9.70,-2.58,-1.62,-6.71,1.53,85,51,3.6,9.2,140,0,3,18.01,1.656,2.014,84.4,101.7
"2023-03-03 23:59:59",1262327,-6.62,-11.67,-2.37,-2.27,-8.94,5.11,90,53,1.0,4.8,144,0,0,19.29,1.842,2.081,84.4,101.7
"2023-03-04 23:59:59",1262327,-4.25,-7.09,-2.02,2.02,-4.86,5.35,89,53,2.0,10.5,168,0,0,10.56,1.364,1.722,84.1,101.4
"2023-03-05 23:59:59",1262327,-4.69,-6.35,-2.90,4.11,2.40,6.36,65,43,2.7,7.8,175,0,0,15.21,2.142,2.747,84.1,101.4
"2023-03-06 23:59:59",1262327,-4.54,-6.56,-2.96,3.07,-1.65,5.47,82,48,1.8,6.3,170,0,0,11.23,1.539,1.971,84.5,101.9
"2023-03-07 23:59:59",1262327,-4.53,-5.95,-2.75,2.68,-2.15,8.51,86,36,1.5,5.1,158,0,0,17.08,2.108,2.531,84.6,102.0
"2023-03-08 23:59:59",1262327,-5.68,-9.49,-3.82,3.38,-1.37,7.43,70,32,1.6,7.4,171,0,0,11.34,1.630,2.122,84.6,101.9
"2023-03-09 23:59:59",1262327,-8.11,-10.41,-6.23,4.65,-4.38,11.99,78,23,1.5,8.7,161,0,0,19.18,2.863,3.561,84.9,102.2
"2023-03-10 23:59:59",1262327,-0.04,-8.83,5.32,7.16,5.22,8.34,91,27,1.9,7.3,160,7,64,3.41,0.896,1.220,84.4,101.7
"2023-03-11 23:59:59",1262327,3.49,1.57,5.71,5.02,3.22,7.31,96,74,1.3,5.4,128,22,79,2.96,0.432,0.524,84.4,101.8
"2023-03-12 23:59:59",1262327,2.10,-0.67,5.72,5.37,0.60,12.82,97,53,1.0,6.3,145,2,13,19.13,2.599,2.951,84.7,102.1
"2023-03-13 23:59:59",1262327,1.45,-0.56,4.91,5.65,1.33,11.60,93,45,1.0,4.3,148,2,17,13.29,1.832,2.118,84.8,102.1
"2023-03-14 23:59:59",1262327,-0.07,-0.97,1.08,4.05,0.59,9.97,93,52,0.5,6.2,66,20,48,8.20,0.578,0.736,84.7,102.0
"2023-03-15 23:59:59",1262327,,,,,,,,,0.0,0.0,-0,25,85,4.20,0.000,0.000,84.2,101.6
"2023-03-16 23:59:59",1262327,,,,,,,,,0.0,0.0,-0,0,0,16.51,0.000,0.000,84.7,102.0
"2023-03-17 23:59:59",1262327,,,,,,,,,0.0,0.0,-0,0,0,21.54,0.000,0.000,84.9,102.3
"2023-03-18 23:59:59",1262327,,,,,,,,,0.0,0.0,-0,0,0,21.88,0.000,0.000,85.2,102.5
"2023-03-19 23:59:59",1262327,,,,,,,,,0.0,0.0,0,9,46,6.94,0.000,0.000,84.6,102.0
"2023-03-20 23:59:59",1262327,,,,,,,,,0.0,0.0,-0,9,59,5.94,0.000,0.000,84.1,101.4
"2023-03-21 23:59:59",1262327,,,,,,,,,0.0,0.0,-0,16,68,7.53,0.000,0.000,83.8,101.1
"2023-03-22 23:59:59",1262327,,,,,,,,,0.0,0.0,0,8,47,11.66,0.000,0.000,84.2,101.5
"2023-03-23 23:59:59",1262327,,,,,,,,,0.0,0.0,-0,1,33,18.55,0.000,0.000,84.7,102.0
"2023-03-24 23:59:59",1262327,,,,,,,,,0.0,0.0,0,3,18,15.17,0.000,0.000,84.7,102.0
"2023-03-25 23:59:59",1262327,,,,,,,,,0.0,0.0,-0,0,0,19.87,0.000,0.000,84.7,102.0
"2023-03-26 23:59:59",1262327,,,,,,,,,0.0,0.0,-0,1,7,19.13,0.000,0.000,84.6,102.0
"2023-03-27 23:59:59",1262327,,,,,,,,,0.0,0.0,-0,0,0,23.87,0.000,0.000,85.3,102.6
"2023-03-28 23:59:59",1262327,,,,,,,,,0.0,0.0,-0,0,0,24.71,0.000,0.000,84.8,102.2
"2023-03-29 23:59:59",1262327,,,,,,,,,0.0,0.0,0,12,21,11.71,0.000,0.000,84.0,101.3
"2023-03-30 23:59:59",1262327,,,,,,,,,0.0,0.0,-0,3,13,11.21,0.000,0.000,83.9,101.3
"2023-03-31 23:59:59",1262327,,,,,,,,,0.0,0.0,-0,0,0,23.61,0.000,0.000,85.0,102.3
"2023-04-01 23:59:59",1262327,,,,,,,,,0.0,0.0,-0,0,0,23.69,0.000,0.000,85.0,102.3
"2023-04-02 23:59:59",1262327,,,,,,,,,0.0,0.0,-0,0,0,23.57,0.000,0.000,84.4,101.7
"2023-04-03 23:59:59",1262327,,,,,,,,,0.0,0.0,-0,6,29,6.10,0.000,0.000,83.4,100.7
"2023-04-04 23:59:59",1262327,,,,,,,,,0.0,0.0,-0,6,16,22.98,0.000,0.000,84.1,101.5
"2023-04-05 23:59:59",1262327,,,,,,,,,0.0,0.0,-0,0,0,25.78,0.000,0.000,85.0,102.3
"2023-04-06 23:59:59",1262327,,,,,,,,,0.0,0.0,-0,0,0,25.64,0.000,0.000,85.1,102.5
"2023-04-07 23:59:59",1262327,,,,,,,,,0.0,0.0,-0,0,0,19.51,0.000,0.000,84.8,102.1
"2023-04-08 23:59:59",1262327,,,,,,,,,0.0,0.0,-0,0,0,24.41,0.000,0.000,84.9,102.2
"2023-04-09 23:59:59",1262327,,,,,,,,,0.0,0.0,-0,0,0,25.54,0.000,0.000,85.4,102.7
"2023-04-10 23:59:59",1262327,-3.64,-6.51,-1.19,18.29,10.37,24.67,44,13,0.3,6.2,60,0,0,15.80,1.006,1.289,85.3,102.7
"2023-04-11 23:59:59",1262327,-2.92,-6.03,0.77,17.12,6.94,26.18,55,12,1.7,11.7,150,0,0,26.02,5.854,7.589,84.9,102.2
"2023-04-12 23:59:59",1262327,-3.06,-5.91,-0.51,16.77,10.31,21.07,44,19,2.3,9.7,166,0,0,19.49,4.795,6.486,84.1,101.4
"2023-04-13 23:59:59",1262327,-2.18,-4.67,0.92,12.30,3.82,17.26,79,24,2.7,9.2,153,0,2,19.58,4.246,5.493,83.7,101.0
"2023-04-14 23:59:59",1262327,-6.97,-14.24,0.79,7.22,1.80,14.59,89,12,2.1,7.9,132,0,3,24.98,3.819,4.714,84.2,101.5
"2023-04-15 23:59:59",1262327,-8.01,-10.66,-6.63,9.08,1.74,18.10,55,15,1.7,7.1,147,0,0,26.67,4.563,5.661,85.1,102.5
"2023-04-16 23:59:59",1262327,-6.59,-8.41,-4.13,12.10,2.15,21.67,58,13,1.4,7.4,151,0,0,26.37,4.956,6.223,85.0,102.3
"2023-04-17 23:59:59",1262327,-5.13,-8.50,-1.31,13.96,4.12,21.68,59,15,2.0,11.5,154,0,0,25.65,5.315,6.873,84.3,101.6
"2023-04-18 23:59:59",1262327,-8.46,-11.97,-5.52,13.50,4.67,18.20,33,12,2.7,11.9,164,0,0,25.75,5.428,7.214,83.9,101.2
"2023-04-19 23:59:59",1262327,-8.79,-11.66,-4.57,4.09,-1.29,10.26,74,22,3.2,12.7,122,0,0,25.51,3.672,4.674,84.6,101.9
"2023-04-20 23:59:59",1262327,-11.81,-17.13,-8.58,6.76,-2.86,13.79,55,15,2.1,8.9,114,0,0,27.32,4.484,5.730,85.2,102.6
"2023-04-21 23:59:59",1262327,-4.49,-9.95,0.97,10.77,-0.80,19.68,61,20,1.9,8.7,149,0,0,24.86,4.611,5.762,85.2,102.5
"2023-04-22 23:59:59",1262327,-1.22,-3.22,0.95,11.68,6.85,17.11,63,26,2.8,10.8,109,0,0,27.46,5.015,6.412,84.9,102.2
"2023-04-23 23:59:59",1262327,0.01,-3.78,5.44,11.54,4.33,19.30,80,25,2.3,13.4,144,0,8,21.12,4.149,5.263,84.5,101.8
"2023-04-24 23:59:59",1262327,1.07,-5.41,4.76,13.88,4.39,21.44,87,21,1.5,8.7,147,0,1,26.14,4.900,5.931,84.3,101.6
"2023-04-25 23:59:59",1262327,-3.22,-7.02,0.28,10.30,5.09,14.23,67,26,4.0,13.1,135,0,0,27.58,4.960,6.478,84.6,101.9
"2023-04-26 23:59:59",1262327,-2.89,-7.12,0.45,12.15,3.83,20.26,63,18,2.6,9.1,125,0,0,27.71,5.254,6.699,85.0,102.3
"2023-04-27 23:59:59",1262327,-3.44,-6.78,-1.18,14.95,6.48,23.35,53,12,2.3,9.3,115,0,0,27.35,5.787,7.549,84.8,102.2
"2023-04-28 23:59:59",1262327,-3.02,-6.10,-0.47,15.80,8.54,23.21,45,16,2.6,11.6,108,0,0,27.87,5.907,7.606,85.1,102.4
"2023-04-29 23:59:59",1262327,-4.14,-8.11,-0.97,16.64,4.83,26.86,57,11,1.2,7.3,149,0,0,28.20,5.720,7.082,85.1,102.5
"2023-05-01 23:59:59",1262327,-3.76,-6.49,-0.68,19.18,10.58,25.89,40,14,2.6,13.6,165,0,0,27.28,6.735,8.983,84.0,101.3
"2023-05-02 23:59:59",1262327,-3.07,-6.15,-0.54,16.76,12.45,22.26,40,16,2.7,10.7,178,0,0,27.23,6.005,7.958,84.2,101.5
"2023-05-03 23:59:59",1262327,1.95,-6.49,9.28,13.02,6.43,18.89,86,22,1.3,7.7,155,2,13,12.61,2.674,3.436,84.2,101.6
"2023-05-04 23:59:59",1262327,-0.35,-4.96,3.83,9.35,4.40,14.30,88,30,1.9,9.8,164,1,9,14.92,2.892,3.788,84.1,101.5
"2023-05-05 23:59:59",1262327,-1.51,-4.39,0.95,8.59,2.09,14.52,72,28,1.5,8.5,145,0,4,17.67,2.899,3.656,84.5,101.8
"2023-05-06 23:59:59",1262327,-2.72,-4.37,-0.72,10.09,0.39,17.25,81,24,1.8,10.1,154,0,0,26.56,4.583,5.781,84.6,101.9
"2023-05-07 23:59:59",1262327,-2.37,-4.59,0.44,12.26,4.21,19.53,65,22,1.5,9.0,150,0,0,28.19,5.007,6.202,84.7,102.0
"2023-05-08 23:59:59",1262327,-3.67,-9.57,-0.25,13.96,3.94,22.33,64,14,1.8,10.0,159,0,0,28.73,5.592,7.098,84.6,101.9
"2023-05-09 23:59:59",1262327,-4.62,-7.38,-2.51,14.01,4.42,22.46,52,16,1.4,8.6,153,0,0,27.34,5.219,6.540,84.4,101.8
"2023-05-10 23:59:59",1262327,-2.93,-6.16,1.70,12.67,6.23,19.37,63,17,1.4,9.2,140,0,1,22.57,4.243,5.271,84.3,101.6
"2023-05-11 23:59:59",1262327,0.10,-2.02,2.73,13.20,4.94,20.62,74,21,2.1,9.0,116,0,0,25.12,4.969,6.326,84.7,102.0
"2023-05-12 23:59:59",1262327,-1.74,-3.86,-0.46,15.28,5.43,22.68,67,19,2.7,10.2,127,0,0,29.01,6.327,8.313,84.9,102.2
"2023-05-13 23:59:59",1262327,2.07,-2.75,7.23,15.40,10.52,22.17,84,26,2.4,9.6,130,1,11,21.50,4.740,6.066,84.9,102.2
"2023-05-14 23:59:59",1262327,6.37,2.26,8.84,15.25,8.13,23.13,93,30,1.5,9.8,138,2,11,23.74,4.354,5.225,85.1,102.4
"2023-05-15 23:59:59",1262327,5.25,-0.34,7.77,19.22,9.83,27.24,83,16,1.2,7.4,167,0,0,28.64,5.715,6.895,85.4,102.8
"2023-05-16 23:59:59",1262327,6.19,2.61,9.80,18.11,12.13,25.37,73,23,0.9,7.8,140,0,2,21.63,4.374,5.205,85.3,102.6
"2023-05-17 23:59:59",1262327,5.72,2.28,8.35,17.36,9.25,25.59,79,26,1.2,10.0,141,0,2,19.00,4.068,5.008,84.9,102.2
"2023-05-18 23:59:59",1262327,6.47,3.58,16.26,17.40,9.01,24.98,86,30,1.3,7.4,148,2,3,22.56,4.445,5.272,84.8,102.1
"2023-05-19 23:59:59",1262327,3.90,-0.84,6.54,18.66,11.21,25.84,69,20,1.7,9.3,139,0,0,24.88,5.426,6.940,85.0,102.4
"2023-05-20 23:59:59",1262327,5.74,2.60,9.22,17.00,9.68,24.78,72,30,1.1,6.9,154,0,0,22.23,4.430,5.372,85.3,102.6
"2023-05-21 23:59:59",1262327,5.14,0.69,8.62,18.24,8.20,26.67,80,22,1.2,8.1,150,1,5,26.57,5.455,6.611,85.0,102.4
"2023-05-22 23:59:59",1262327,6.81,3.71,11.77,17.08,10.22,26.10,84,27,1.2,7.8,148,1,8,21.04,4.443,5.397,84.9,102.2
"2023-05-23 23:59:59",1262327,4.69,-3.49,10.57,18.80,9.85,26.54,83,20,1.2,8.3,162,0,0,25.40,5.356,6.622,84.6,102.0
"2023-05-24 23:59:59",1262327,0.13,-2.67,4.19,18.51,9.50,26.51,58,15,1.6,9.9,161,0,0,26.43,5.769,7.382,84.5,101.8
"2023-05-25 23:59:59",1262327,2.12,-0.72,8.84,17.43,10.23,24.12,62,20,1.1,6.8,157,0,2,22.05,4.385,5.401,84.4,101.7
"2023-05-26 23:59:59",1262327,-0.04,-2.01,2.65,15.92,8.45,23.31,58,19,1.0,8.1,142,0,0,23.09,4.476,5.489,84.4,101.7
"2023-05-27 23:59:59",1262327,-2.50,-4.08,0.62,16.19,5.79,24.82,57,15,1.3,6.9,146,0,0,30.09,5.956,7.350,84.6,101.9
"2023-05-28 23:59:59",1262327,-1.20,-3.14,1.92,18.13,8.26,26.76,60,15,1.3,8.5,150,0,0,30.06,6.167,7.623,84.6,101.9
"2023-05-29 23:59:59",1262327,-1.89,-6.02,2.24,17.73,8.10,26.15,55,12,1.4,10.0,157,0,0,27.93,5.898,7.445,84.7,102.0
"2023-05-30 23:59:59",1262327,-2.24,-6.54,2.97,17.86,8.93,25.71,57,11,1.2,7.9,142,0,0,28.38,5.783,7.171,84.6,101.9
"2023-05-31 23:59:59",1262327,-1.61,-4.53,2.64,16.21,8.45,24.25,53,16,1.3,7.5,144,0,0,22.33,4.797,6.049,84.2,101.5
"2023-06-01 23:59:59",1262327,2.35,0.15,7.56,15.99,8.01,23.28,65,24,1.1,7.3,143,1,5,21.08,4.232,5.172,84.4,101.7
"2023-06-02 23:59:59",1262327,7.62,3.72,12.56,14.88,9.46,22.04,89,33,1.2,11.3,121,6,23,18.32,3.476,4.130,84.7,102.0
"2023-06-03 23:59:59",1262327,4.82,-0.16,8.04,18.45,8.57,26.14,86,19,1.4,7.5,155,0,2,26.18,5.538,6.746,84.8,102.1
"2023-06-04 23:59:59",1262327,4.77,-0.37,7.73,19.03,11.18,26.88,69,18,1.7,8.7,162,0,3,22.67,4.832,5.991,84.8,102.1
"2023-06-05 23:59:59",1262327,2.92,-1.91,7.03,21.55,11.92,29.20,67,13,1.1,7.4,150,0,0,27.90,5.875,7.187,84.6,101.9
"2023-06-06 23:59:59",1262327,-3.27,-8.59,3.19,20.53,12.73,28.03,49,9,1.8,11.6,155,0,0,30.87,6.994,9.099,84.4,101.7
"2023-06-07 23:59:59",1262327,-2.28,-5.16,-0.04,16.95,8.00,24.68,51,14,1.2,6.8,154,0,0,24.71,4.978,6.156,84.6,101.9
"2023-06-08 23:59:59",1262327,0.43,-1.26,2.31,16.95,6.90,24.50,61,19,1.4,8.5,152,0,0,28.03,5.621,6.995,84.8,102.1
"2023-06-09 23:59:59",1262327,1.97,-0.96,4.65,17.76,8.99,25.72,63,18,1.3,8.1,143,0,0,30.95,6.228,7.614,84.8,102.1
"2023-06-10 23:59:59",1262327,2.80,-0.46,5.64,18.42,9.56,26.53,67,17,1.0,6.9,148,0,0,24.22,4.791,5.795,84.6,101.9
"2023-06-11 23:59:59",1262327,-0.70,-4.64,4.55,18.52,10.11,25.31,61,13,1.6,10.6,155,0,0,27.47,5.983,7.647,84.3,101.6
"2023-06-12 23:59:59",1262327,4.07,-1.06,8.45,13.86,8.79,20.17,80,32,1.2,9.0,165,0,3,16.99,3.218,3.964,84.7,102.0
"2023-06-13 23:59:59",1262327,5.84,3.86,9.31,15.86,7.61,23.88,82,30,1.1,8.3,149,0,2,25.73,4.913,5.870,84.7,102.1
"2023-06-14 23:59:59",1262327,4.94,1.64,7.23,17.98,10.24,26.77,69,20,1.5,9.1,137,0,0,25.44,5.515,6.878,84.5,101.9
"2023-06-15 23:59:59",1262327,8.74,6.30,11.46,15.67,10.66,22.59,96,35,1.1,11.6,134,5,16,13.22,2.868,3.475,84.6,101.9
"2023-06-16 23:59:59",1262327,9.73,6.69,12.25,13.62,10.04,20.16,97,43,1.0,6.6,126,2,25,11.09,1.942,2.299,84.9,102.3
"2023-06-17 23:59:59",1262327,7.42,4.74,10.59,18.06,7.78,26.53,94,26,1.2,6.7,158,0,0,29.77,5.765,6.876,84.9,102.2
"2023-06-18 23:59:59",1262327,4.46,1.00,7.01,22.18,12.95,29.15,67,17,2.4,11.5,163,0,0,30.15,7.418,9.644,84.4,101.7
"2023-06-19 23:59:59",1262327,2.42,-2.63,5.17,23.61,19.27,28.18,32,21,4.0,13.9,178,0,0,30.58,8.702,11.888,84.3,101.6
"2023-06-20 23:59:59",1262327,-1.56,-11.88,5.69,21.02,11.09,26.50,40,7,2.6,10.6,168,0,1,30.90,7.340,9.682,84.6,102.0
"2023-06-21 23:59:59",1262327,-5.14,-9.18,0.36,18.71,8.18,28.55,41,9,1.1,7.7,147,0,0,31.46,6.426,7.842,84.8,102.1
"2023-06-22 23:59:59",1262327,-5.45,-9.48,0.55,20.53,9.24,28.73,46,9,1.8,10.3,161,0,0,30.38,7.031,9.113,84.5,101.9
"2023-06-23 23:59:59",1262327,-8.93,-13.04,-6.13,18.79,11.50,24.91,25,7,2.1,9.1,170,0,0,31.50,6.943,9.078,84.7,102.0
"2023-06-24 23:59:59",1262327,-7.58,-11.90,-1.81,18.64,7.79,28.67,40,6,1.2,7.3,150,0,0,30.79,6.367,7.896,85.0,102.3
"2023-06-25 23:59:59",1262327,-7.89,-12.23,-2.10,20.31,9.10,29.35,36,7,1.7,9.2,154,0,0,31.44,7.228,9.351,84.9,102.2
"2023-06-26 23:59:59",1262327,-7.22,-10.27,-4.40,21.60,10.15,29.77,32,9,2.0,9.4,160,0,0,31.27,7.538,9.895,84.6,101.9
"2023-06-27 23:59:59",1262327,-4.23,-6.64,0.32,20.64,10.19,29.04,40,9,1.4,8.1,156,0,0,30.91,6.688,8.388,84.5,101.8
"2023-06-28 23:59:59",1262327,-4.24,-8.46,3.49,20.81,9.02,29.10,45,8,1.2,7.4,146,0,0,30.51,6.461,7.899,84.6,101.9
"2023-06-29 23:59:59",1262327,3.28,-0.43,5.18,20.59,13.67,27.96,54,16,2.2,9.3,134,0,0,25.78,6.273,8.059,84.8,102.2
"2023-07-01 23:59:59",1262327,1.46,-2.75,6.03,24.60,15.24,33.08,48,12,1.8,7.2,138,0,0,30.57,7.338,9.305,85.1,102.4
"2023-07-02 23:59:59",1262327,1.00,-4.74,6.83,25.35,13.85,36.00,44,11,0.9,11.0,139,0,0,28.73,6.268,7.523,85.0,102.3
"2023-07-03 23:59:59",1262327,1.45,-1.65,7.32,27.46,17.00,37.03,47,9,1.5,8.4,160,0,0,30.39,7.500,9.549,84.8,102.1
"2023-07-04 23:59:59",1262327,-0.20,-4.89,6.00,25.46,16.03,33.74,46,10,1.5,8.3,154,0,0,30.64,7.294,9.286,84.7,102.1
"2023-07-05 23:59:59",1262327,-2.86,-4.57,2.21,23.86,12.71,33.54,38,8,1.2,6.4,153,0,0,30.74,6.861,8.504,84.8,102.2
"2023-07-06 23:59:59",1262327,-4.60,-9.19,0.57,22.96,13.24,32.17,34,7,1.5,8.1,148,0,0,31.14,7.164,9.130,84.7,102.1
"2023-07-07 23:59:59",1262327,-4.71,-8.59,2.09,23.18,12.84,32.37,42,7,1.4,8.9,146,0,0,30.90,7.024,8.870,84.5,101.9
"2023-07-08 23:59:59",1262327,-7.02,-10.39,-0.28,22.88,12.36,32.46,35,6,1.4,9.3,147,0,0,31.30,7.150,9.080,84.6,102.0
"2023-07-09 23:59:59",1262327,-0.58,-7.42,3.50,25.17,14.84,33.73,35,13,1.6,8.4,159,0,0,29.39,7.126,9.135,84.8,102.1
"2023-07-10 23:59:59",1262327,3.27,1.25,5.64,24.68,15.30,32.61,50,16,1.6,9.3,146,0,0,29.96,7.130,9.103,85.0,102.3
"2023-07-11 23:59:59",1262327,7.13,3.21,10.61,25.18,15.89,34.08,56,18,1.3,8.8,151,0,0,26.27,6.248,7.828,85.0,102.4
"2023-07-12 23:59:59",1262327,7.24,5.12,9.00,25.82,16.25,34.61,58,16,1.4,9.7,149,0,0,27.56,6.625,8.380,85.0,102.3
"2023-07-13 23:59:59",1262327,7.26,2.56,11.50,27.41,17.83,35.37,61,14,1.4,7.5,157,0,0,29.46,7.051,8.793,85.0,102.3
"2023-07-14 23:59:59",1262327,2.12,-1.67,4.70,27.30,16.70,35.84,46,9,2.0,8.3,115,0,0,29.87,7.820,10.230,85.0,102.3
"2023-07-15 23:59:59",1262327,0.79,-1.66,3.90,28.59,20.43,37.12,30,8,2.0,9.5,131,0,0,30.02,7.973,10.404,85.2,102.5
"2023-07-16 23:59:59",1262327,0.53,-2.98,6.39,29.04,16.52,39.40,44,7,1.1,6.8,146,0,0,29.78,7.000,8.665,85.1,102.5
"2023-07-17 23:59:59",1262327,4.11,-2.22,8.45,29.35,18.87,37.50,35,11,1.4,7.5,152,0,0,25.86,6.604,8.463,85.1,102.4
"2023-07-24 23:59:59",1262327,9.11,6.24,10.35,29.49,21.49,35.16,49,17,1.6,9.3,148,0,0,9.28,2.365,3.149,85.3,102.6
"2023-07-25 23:59:59",1262327,8.20,5.12,12.18,26.89,18.35,35.85,62,15,1.3,8.3,153,0,0,25.67,6.217,7.806,85.3,102.7
"2023-07-26 23:59:59",1262327,6.81,4.56,12.24,28.05,19.08,36.42,52,14,1.3,8.5,154,0,0,28.69,7.017,8.820,85.2,102.5
"2023-07-27 23:59:59",1262327,4.38,-1.29,8.49,28.40,18.83,36.25,50,10,1.7,9.2,161,0,0,28.50,7.305,9.485,85.1,102.4
"2023-07-28 23:59:59",1262327,4.08,-1.14,8.24,27.29,17.99,36.54,37,14,1.5,11.6,152,0,0,27.41,6.848,8.731,85.2,102.5
"2023-07-29 23:59:59",1262327,8.17,5.32,10.27,26.46,18.35,36.29,54,16,1.4,10.6,146,0,0,25.80,6.340,8.013,85.3,102.6
"2023-07-30 23:59:59",1262327,9.42,6.73,14.09,25.55,18.24,35.56,64,19,1.3,11.3,135,0,2,19.46,4.996,6.373,85.2,102.6
"2023-07-31 23:59:59",1262327,,,,,,,,,,,,,9,,,,,
"2023-08-01 23:59:59",1262327,15.22,13.16,17.06,19.61,16.11,24.08,97,49,0.9,5.5,168,2,9,13.75,2.561,2.939,85.3,102.6
"2023-08-02 23:59:59",1262327,14.59,13.18,17.45,18.48,15.50,23.42,94,52,0.9,6.7,152,7,11,13.89,2.386,2.690,85.2,102.5
"2023-08-03 23:59:59",1262327,10.57,5.21,13.82,22.07,12.96,30.77,93,19,1.2,8.7,153,0,0,27.94,5.921,7.134,85.1,102.4
"2023-08-04 23:59:59",1262327,6.39,2.37,10.73,23.79,13.95,32.27,77,16,1.2,8.0,147,0,0,28.06,6.160,7.468,85.0,102.4
"2023-08-05 23:59:59",1262327,2.44,-2.12,7.13,23.92,14.77,33.61,60,11,1.2,7.4,148,0,0,28.42,6.365,7.888,85.0,102.3
"2023-08-06 23:59:59",1262327,-1.00,-5.91,5.60,24.71,14.67,33.84,44,8,1.4,7.5,150,0,0,28.50,6.741,8.602,85.1,102.4
"2023-08-07 23:59:59",1262327,-2.43,-10.46,3.93,24.42,14.75,33.18,44,7,1.6,8.7,154,0,0,28.39,6.802,8.741,85.1,102.4
"2023-08-08 23:59:59",1262327,-3.53,-10.45,-0.96,23.55,13.54,31.94,33,8,1.5,7.3,156,0,0,27.95,6.536,8.364,84.9,102.3
"2023-08-09 23:59:59",1262327,3.84,-3.19,11.19,23.41,13.86,30.94,55,13,1.4,8.3,147,0,1,25.28,5.787,7.276,84.9,102.2
"2023-08-10 23:59:59",1262327,12.25,8.99,16.03,21.17,16.58,27.68,91,32,1.2,12.4,161,4,9,17.06,3.483,4.216,85.0,102.3
"2023-08-11 23:59:59",1262327,11.56,7.06,14.65,22.93,14.37,30.35,91,25,1.2,8.5,159,0,0,26.46,5.477,6.558,85.0,102.4
"2023-08-12 23:59:59",1262327,10.70,7.22,13.04,21.33,15.47,31.11,76,23,1.1,7.3,134,3,4,22.79,5.021,6.016,85.2,102.5
"2023-08-13 23:59:59",1262327,12.00,7.76,17.09,20.70,16.04,30.26,91,24,0.6,5.9,144,1,6,16.90,3.532,4.128,85.2,102.5
"2023-08-14 23:59:59",1262327,11.06,7.99,13.88,23.20,14.93,31.34,80,24,0.9,6.4,127,0,2,20.30,4.359,5.206,85.3,102.6
"2023-08-15 23:59:59",1262327,14.13,10.83,18.03,22.36,18.90,30.72,93,32,1.0,7.0,141,1,11,11.95,2.911,3.517,85.4,102.7
"2023-08-16 23:59:59",1262327,13.52,9.68,15.67,23.65,14.85,32.37,94,25,1.1,6.2,150,0,0,26.29,5.694,6.739,85.2,102.6
"2023-08-17 23:59:59",1262327,13.10,11.10,15.43,23.48,17.53,33.23,77,25,0.8,9.9,146,0,3,19.50,4.199,5.001,85.0,102.4
"2023-08-18 23:59:59",1262327,12.21,10.62,14.38,21.86,17.11,27.63,77,33,1.5,10.0,161,0,4,14.91,3.602,4.610,85.1,102.4
"2023-08-19 23:59:59",1262327,14.17,11.92,16.03,19.24,14.24,26.75,98,39,1.3,9.8,156,5,24,18.52,3.656,4.316,85.0,102.4
"2023-08-20 23:59:59",1262327,14.73,13.31,16.54,19.39,16.29,22.76,95,57,1.3,7.8,127,1,11,5.78,1.418,1.779,84.9,102.2
"2023-08-21 23:59:59",1262327,13.98,11.01,15.59,20.12,15.36,23.96,97,45,2.1,10.1,163,6,20,12.33,3.092,3.936,85.2,102.5
"2023-08-22 23:59:59",1262327,15.16,14.00,16.73,16.84,14.61,22.29,98,59,0.5,6.9,147,19,45,9.98,1.613,1.718,85.3,102.6
"2023-08-23 23:59:59",1262327,13.84,-5.16,15.65,19.56,13.64,28.98,99,35,1.2,8.9,140,10,13,21.39,4.536,5.334,85.2,102.5
"2023-08-24 23:59:59",1262327,14.10,12.48,16.10,20.74,13.60,28.09,96,41,1.0,7.4,151,0,0,25.58,4.944,5.694,85.1,102.5
"2023-08-25 23:59:59",1262327,12.42,8.53,15.57,22.54,15.52,30.71,90,25,0.8,6.1,149,0,0,25.47,5.088,5.893,85.2,102.5
"2023-08-26 23:59:59",1262327,10.31,5.08,15.01,23.80,16.82,31.91,78,19,1.0,7.5,139,0,0,25.09,5.409,6.520,85.2,102.5
"2023-08-27 23:59:59",1262327,7.21,5.31,11.58,23.60,14.76,32.57,70,18,0.9,6.4,131,0,0,24.53,5.202,6.238,85.2,102.5
"2023-08-28 23:59:59",1262327,5.87,2.05,9.27,24.32,14.75,34.06,67,14,1.0,6.3,142,0,0,25.41,5.598,6.838,85.2,102.5
"2023-08-29 23:59:59",1262327,6.30,3.64,9.94,25.26,14.95,35.63,67,15,1.3,8.1,145,0,0,25.12,5.951,7.472,85.1,102.4
"2023-08-30 23:59:59",1262327,2.88,-0.22,7.92,24.85,15.55,34.33,50,11,1.2,8.1,146,0,0,25.37,5.885,7.399,85.0,102.3
"2023-08-31 23:59:59",1262327,8.04,2.31,16.29,24.43,16.78,33.12,96,17,1.6,12.6,153,13,14,23.75,5.788,7.376,84.7,102.1
"2023-09-01 23:59:59",1262327,14.82,13.64,15.91,15.73,14.95,17.32,99,83,1.0,7.0,150,38,71,4.57,0.707,0.780,85.0,102.4
"2023-09-02 23:59:59",1262327,15.19,13.74,17.45,18.09,15.07,23.78,99,56,1.1,5.7,171,2,18,14.45,2.705,3.107,85.3,102.6
"2023-09-03 23:59:59",1262327,13.59,8.31,16.53,19.11,15.02,24.52,97,42,1.4,7.6,158,3,11,18.64,3.637,4.334,84.9,102.2
"2023-09-04 23:59:59",1262327,10.21,7.36,14.56,17.34,11.51,23.67,95,39,0.9,5.6,155,0,2,23.64,4.201,4.802,84.6,102.0
"2023-09-05 23:59:59",1262327,8.03,5.77,10.30,18.08,9.56,26.47,88,26,1.2,6.9,158,0,0,24.31,4.742,5.691,84.9,102.2
"2023-09-06 23:59:59",1262327,6.97,3.52,9.92,18.47,10.63,27.45,87,21,1.2,7.3,139,0,0,24.35,4.924,6.028,85.0,102.4
"2023-09-07 23:59:59",1262327,4.49,0.53,7.71,19.20,10.26,28.55,78,15,1.2,7.8,144,0,0,24.43,5.088,6.278,85.1,102.5
"2023-09-08 23:59:59",1262327,6.00,1.88,9.32,20.72,12.03,29.70,70,16,1.1,7.4,140,0,0,23.38,4.917,6.057,85.3,102.7
"2023-09-09 23:59:59",1262327,8.12,5.33,11.56,22.78,13.84,31.57,75,18,1.3,9.4,134,0,0,23.09,5.168,6.294,85.4,102.7
"2023-09-10 23:59:59",1262327,11.13,7.57,14.09,17.24,12.03,21.41,94,44,1.4,10.8,135,1,18,7.32,1.672,2.174,85.3,102.6
"2023-09-11 23:59:59",1262327,10.24,8.51,12.48,18.26,10.83,26.40,95,36,1.0,5.5,145,0,0,20.28,3.896,4.601,85.1,102.4
"2023-09-12 23:59:59",1262327,11.81,7.66,14.99,17.49,13.30,23.09,90,46,1.0,7.9,136,3,8,12.78,2.293,2.680,85.0,102.3
"2023-09-13 23:59:59",1262327,10.20,7.45,13.09,17.61,10.98,24.31,91,42,0.9,5.5,137,0,1,15.31,2.899,3.363,84.9,102.2
"2023-09-14 23:59:59",1262327,8.43,5.14,10.72,18.23,12.20,24.59,78,30,1.4,7.4,127,0,0,13.91,2.966,3.778,85.0,102.3
"2023-09-15 23:59:59",1262327,5.67,2.96,8.02,17.05,10.13,25.56,83,23,1.1,7.1,135,0,0,21.93,4.181,5.061,85.1,102.5
"2023-09-16 23:59:59",1262327,4.12,1.21,7.56,17.99,9.65,27.14,76,18,0.7,6.8,138,0,0,20.24,3.761,4.411,85.2,102.5
"2023-09-17 23:59:59",1262327,4.15,1.67,8.98,20.10,10.73,29.02,66,17,0.8,6.8,145,0,0,22.19,4.404,5.290,85.1,102.4
"2023-09-18 23:59:59",1262327,3.44,-0.61,7.69,19.68,12.42,27.86,65,15,1.1,6.3,146,0,0,22.36,4.532,5.564,84.9,102.2
"2023-09-19 23:59:59",1262327,2.19,-2.13,5.59,17.81,10.46,26.47,63,16,1.1,6.8,143,0,0,22.04,4.375,5.383,84.8,102.1
"2023-09-20 23:59:59",1262327,4.14,-0.09,9.99,16.69,9.12,26.03,84,21,1.3,8.1,147,1,8,21.35,4.273,5.311,84.5,101.8
"2023-09-21 23:59:59",1262327,2.19,-1.72,6.79,16.77,8.72,23.49,85,19,1.9,9.5,164,0,0,21.34,4.540,5.922,84.4,101.7
"2023-09-22 23:59:59",1262327,-1.54,-4.02,0.45,16.38,8.37,23.18,57,17,1.6,8.3,153,0,0,21.46,4.364,5.620,84.8,102.1
"2023-09-23 23:59:59",1262327,2.81,-1.68,6.75,13.51,7.03,20.26,85,29,1.1,8.1,151,0,2,11.07,2.336,2.982,85.0,102.3
"2023-09-24 23:59:59",1262327,3.72,-0.02,6.79,14.77,6.48,24.94,89,21,1.1,6.4,145,0,0,21.22,4.025,4.944,85.1,102.5
"2023-09-25 23:59:59",1262327,3.04,0.32,5.32,17.48,7.89,27.58,69,20,1.0,7.0,139,0,0,20.70,4.074,4.991,85.2,102.5
"2023-09-26 23:59:59",1262327,1.61,-4.43,4.87,18.03,9.65,27.41,64,13,0.9,6.1,141,0,0,20.94,4.083,5.000,85.1,102.4
"2023-09-27 23:59:59",1262327,0.12,-3.77,3.45,18.22,9.34,28.38,58,11,1.2,7.0,143,0,0,20.77,4.334,5.484,84.9,102.2
"2023-09-28 23:59:59",1262327,-3.02,-4.72,1.07,17.21,8.57,26.50,52,12,1.3,8.5,140,0,0,20.61,4.306,5.530,84.6,102.0
"2023-09-29 23:59:59",1262327,-0.07,-3.86,2.75,18.97,9.80,26.87,50,19,2.0,9.3,156,0,0,20.10,4.836,6.377,84.4,101.7
"2023-09-30 23:59:59",1262327,2.54,-2.25,9.10,17.25,10.18,21.55,94,24,2.4,10.5,165,3,11,9.39,3.219,4.595,84.0,101.4
"2023-10-01 23:59:59",1262327,3.96,0.20,6.46,12.13,8.03,18.28,91,31,1.8,8.8,175,3,9,15.40,2.732,3.440,84.3,101.6
"2023-10-02 23:59:59",1262327,4.57,2.04,6.50,9.68,5.79,15.34,95,42,1.5,7.2,152,3,18,17.45,2.502,2.952,84.7,102.0
"2023-10-03 23:59:59",1262327,2.34,0.38,4.54,10.88,2.82,18.57,94,32,1.2,7.6,144,0,0,19.07,3.125,3.698,84.8,102.2
"2023-10-04 23:59:59",1262327,3.07,1.73,4.86,12.91,6.33,20.09,79,33,2.6,10.5,145,0,0,19.23,3.735,4.864,85.2,102.5
"2023-10-05 23:59:59",1262327,3.25,1.71,5.36,13.94,6.41,22.54,75,30,2.1,8.6,132,0,0,19.02,3.708,4.799,85.5,102.8
"2023-10-06 23:59:59",1262327,4.15,2.57,6.51,15.23,8.10,23.69,74,29,2.3,9.4,130,0,0,18.83,3.821,4.985,85.4,102.7
"2023-10-07 23:59:59",1262327,2.22,-0.99,5.23,16.81,8.22,27.27,72,16,1.2,5.8,143,0,0,18.58,3.584,4.413,85.2,102.5
"2023-10-08 23:59:59",1262327,1.49,-0.09,4.10,16.98,8.81,27.16,60,18,0.7,5.3,150,0,0,17.15,3.322,3.984,85.0,102.4
"2023-10-09 23:59:59",1262327,1.30,-0.94,4.54,16.94,9.10,26.63,63,15,0.9,6.3,136,0,0,18.43,3.682,4.571,84.6,101.9
"2023-10-10 23:59:59",1262327,0.48,-0.66,2.54,17.82,9.65,24.64,57,18,1.6,8.6,150,0,0,18.05,3.975,5.219,84.1,101.4
"2023-10-11 23:59:59",1262327,-0.25,-5.28,2.00,14.83,8.40,20.73,55,17,2.2,10.4,156,0,0,14.29,3.365,4.473,83.6,101.0
"2023-10-12 23:59:59",1262327,-2.17,-4.19,-0.20,9.15,4.31,14.55,70,28,3.1,12.2,124,0,0,18.01,3.397,4.535,84.4,101.7
"2023-10-13 23:59:59",1262327,-3.57,-6.14,-1.15,10.25,2.64,19.18,68,19,1.4,8.6,148,0,0,17.08,2.887,3.614,84.9,102.2
"2023-10-14 23:59:59",1262327,-3.96,-5.64,-1.26,11.25,2.96,21.57,61,19,0.9,6.2,142,0,0,15.39,2.737,3.434,85.2,102.5
"2023-10-15 23:59:59",1262327,-3.77,-6.71,-1.13,14.06,4.54,25.67,57,12,0.8,5.7,136,0,0,17.35,3.131,3.861,85.5,102.8
"2023-10-16 23:59:59",1262327,-3.20,-5.07,-0.54,15.95,6.20,27.40,51,13,0.9,6.1,134,0,0,17.14,3.350,4.247,85.3,102.6
"2023-10-17 23:59:59",1262327,-1.58,-3.88,0.68,17.42,9.11,27.02,50,17,1.1,7.1,133,0,0,16.84,3.437,4.372,85.0,102.4
"2023-10-18 23:59:59",1262327,-1.42,-3.49,0.62,17.69,9.64,26.21,45,16,2.3,9.8,121,0,0,16.78,4.332,5.969,85.2,102.6
"2023-10-19 23:59:59",1262327,0.14,-1.53,2.21,16.70,8.87,26.74,52,19,1.8,6.9,122,0,0,16.63,3.795,5.080,85.3,102.7
"2023-10-20 23:59:59",1262327,-1.26,-3.87,1.62,16.91,8.13,28.52,58,12,0.7,5.2,137,0,0,16.43,3.067,3.756,85.0,102.3
"2023-10-21 23:59:59",1262327,-1.90,-3.35,0.38,16.56,8.96,26.05,49,15,1.0,6.2,133,0,0,16.03,3.140,4.005,84.6,102.0
"2023-10-22 23:59:59",1262327,-1.09,-2.90,1.66,17.30,8.84,25.37,57,16,1.5,10.2,149,0,0,15.99,3.584,4.758,84.2,101.5
"2023-10-23 23:59:59",1262327,-3.69,-10.38,1.33,14.00,7.87,20.98,56,11,1.0,6.6,139,0,0,16.09,2.857,3.592,84.0,101.3
"2023-10-24 23:59:59",1262327,-2.37,-5.77,2.15,12.22,6.38,20.96,64,19,1.4,6.7,128,0,0,15.74,2.865,3.673,84.4,101.7
"2023-10-25 23:59:59",1262327,-1.27,-4.69,0.90,12.51,4.65,18.93,59,25,1.8,9.1,151,0,0,15.65,3.130,4.135,84.5,101.8
"2023-10-26 23:59:59",1262327,1.32,-4.02,5.63,10.73,3.12,15.30,63,41,2.7,11.1,153,0,0,13.17,2.534,3.357,84.6,102.0
"2023-10-27 23:59:59",1262327,-0.11,-4.10,3.67,9.15,-0.05,17.54,86,32,1.2,8.4,142,0,0,14.00,2.284,2.895,84.7,102.0
"2023-10-28 23:59:59",1262327,-5.12,-10.67,0.34,6.14,0.74,11.52,78,29,2.9,10.9,110,0,0,15.40,2.676,3.639,84.6,102.0
"2023-10-29 23:59:59",1262327,-11.11,-13.60,-8.50,1.33,-2.86,7.25,58,26,3.7,12.7,145,0,0,14.38,2.293,3.147,85.4,102.7
"2023-10-30 23:59:59",1262327,-13.64,-16.77,-11.05,2.80,-5.22,11.63,55,14,3.0,10.9,152,0,0,15.25,2.611,3.540,85.6,102.9
"2023-10-31 23:59:59",1262327,-14.89,-17.48,-13.26,5.64,-2.35,14.25,41,12,2.3,8.1,124,0,0,14.95,2.824,3.859,85.5,102.8
"2023-11-01 23:59:59",1262327,-13.84,-14.87,-11.30,7.19,-2.12,18.07,40,10,0.9,6.2,138,0,0,14.59,2.345,3.007,85.2,102.6
"2023-11-02 23:59:59",1262327,-12.01,-14.22,-8.84,9.19,0.72,19.91,39,11,1.0,6.7,133,0,0,14.37,2.467,3.204,85.2,102.6
"2023-11-03 23:59:59",1262327,-9.59,-12.40,-6.97,10.82,2.31,21.04,41,12,0.9,6.5,135,0,0,13.43,2.348,3.044,85.2,102.6
"2023-11-04 23:59:59",1262327,-7.55,-12.45,-3.50,11.89,3.07,22.98,50,9,0.9,6.4,138,0,0,13.63,2.465,3.179,85.2,102.5
"2023-11-05 23:59:59",1262327,-9.31,-11.42,-6.45,13.85,7.88,19.51,28,12,1.4,7.1,150,0,0,9.71,2.373,3.384,84.8,102.2
"2023-11-06 23:59:59",1262327,-6.13,-8.32,-4.76,16.71,10.41,21.08,29,15,2.4,10.0,169,0,0,13.97,3.842,5.392,84.5,101.8
"2023-11-07 23:59:59",1262327,-3.45,-7.68,1.70,12.04,2.16,17.09,93,20,2.8,10.3,155,3,16,13.63,3.153,4.310,84.4,101.7
"2023-11-08 23:59:59",1262327,-1.65,-3.61,1.31,4.28,1.64,8.45,93,44,3.5,12.5,149,1,9,13.36,1.758,2.345,85.1,102.5
"2023-11-09 23:59:59",1262327,-5.28,-6.60,-3.54,2.87,-2.64,9.67,86,33,2.4,12.8,143,0,0,13.55,1.851,2.475,85.3,102.6
"2023-11-10 23:59:59",1262327,-9.63,-13.59,-5.98,3.72,-4.38,13.17,72,14,1.0,5.0,145,0,0,12.85,1.706,2.065,85.0,102.4
"2023-11-11 23:59:59",1262327,-12.80,-14.79,-10.50,4.44,-3.73,14.94,52,13,0.8,5.9,133,0,0,13.40,1.896,2.373,85.2,102.5
"2023-11-12 23:59:59",1262327,-12.54,-16.12,-8.97,7.72,-2.10,17.93,51,12,1.0,6.9,144,0,0,13.38,2.231,2.902,85.2,102.6
"2023-11-13 23:59:59",1262327,-8.07,-15.70,-2.87,12.25,5.31,17.17,41,13,1.6,7.5,172,0,0,11.55,2.364,3.317,85.1,102.4
"2023-11-14 23:59:59",1262327,-1.47,-4.82,2.25,11.53,5.15,18.78,65,29,1.2,6.9,149,0,0,12.44,2.155,2.803,85.0,102.4
"2023-11-15 23:59:59",1262327,1.23,-1.47,7.47,11.30,4.37,19.02,89,30,1.4,8.0,146,2,10,9.51,1.760,2.388,84.9,102.2
"2023-11-16 23:59:59",1262327,7.18,4.35,10.24,9.80,5.79,15.01,97,49,1.2,5.9,161,9,28,11.58,1.405,1.584,84.8,102.2
"2023-11-17 23:59:59",1262327,2.84,0.27,5.99,7.98,1.95,15.39,99,45,0.9,6.5,141,0,0,12.36,1.596,1.872,84.9,102.2
"2023-11-18 23:59:59",1262327,3.48,2.12,5.28,9.41,4.55,13.63,90,47,1.4,8.3,165,0,5,9.19,1.326,1.673,84.7,102.0
"2023-11-19 23:59:59",1262327,2.47,-3.23,5.21,4.66,1.42,6.50,96,72,1.7,11.6,135,7,37,3.60,0.364,0.402,84.5,101.8
"2023-11-20 23:59:59",1262327,-3.75,-5.95,-2.21,1.96,-0.14,4.83,78,58,4.0,12.7,172,0,0,12.52,1.567,2.052,85.6,103.0
"2023-11-21 23:59:59",1262327,-2.96,-4.32,-1.54,3.20,-0.51,8.81,84,46,2.7,9.2,126,0,0,12.01,1.552,2.029,86.0,103.4
"2023-11-22 23:59:59",1262327,-3.29,-4.66,-1.81,3.56,-3.09,13.43,94,31,0.7,5.9,130,0,0,11.80,1.444,1.707,85.3,102.6
"2023-11-23 23:59:59",1262327,-3.30,-5.41,-1.01,5.13,-0.57,10.55,86,34,0.9,6.3,146,0,0,6.56,0.921,1.210,84.2,101.5
"2023-11-24 23:59:59",1262327,-0.65,-2.99,1.13,1.92,-0.27,5.74,95,54,1.4,7.7,142,5,44,4.76,0.400,0.466,84.2,101.5
"2023-11-25 23:59:59",1262327,-4.76,-7.17,-2.85,-0.56,-2.46,1.93,86,59,2.7,9.5,129,0,1,8.29,0.857,1.125,84.9,102.2
"2023-11-26 23:59:59",1262327,-7.28,-9.62,-5.63,-1.91,-6.27,2.48,83,50,2.8,9.1,117,0,0,11.62,1.175,1.513,85.2,102.6
"2023-11-27 23:59:59",1262327,-7.29,-8.34,-6.46,-1.49,-4.91,3.59,83,45,3.4,9.5,121,0,0,11.66,1.224,1.597,85.4,102.7
"2023-11-28 23:59:59",1262327,-8.39,-10.33,-5.69,-0.42,-8.34,11.35,92,22,0.6,5.4,133,0,0,11.52,1.198,1.388,85.3,102.6
"2023-11-29 23:59:59",1262327,-5.17,-8.57,-0.31,3.32,-1.66,10.42,84,32,0.7,5.7,131,0,1,8.65,0.972,1.202,84.5,101.8
"2023-11-30 23:59:59",1262327,-2.78,-4.32,-1.43,2.98,-2.18,8.20,94,44,0.8,5.5,139,0,3,8.64,0.859,1.026,84.1,101.4
"2023-12-01 23:59:59",1262327,-4.82,-10.16,-0.18,1.19,-2.54,6.05,92,34,0.8,5.7,136,0,4,6.46,0.594,0.704,84.3,101.6
"2023-12-02 23:59:59",1262327,-6.23,-8.79,-4.40,2.37,-2.75,6.85,73,38,1.1,6.0,144,0,0,8.63,1.004,1.289,84.9,102.2
"2023-12-03 23:59:59",1262327,-3.88,-5.39,-2.54,3.02,-0.72,9.68,79,41,0.9,6.2,136,0,0,10.03,1.112,1.372,85.1,102.5
"2023-12-04 23:59:59",1262327,-1.48,-3.93,0.07,6.79,-0.68,14.12,85,37,1.6,7.8,127,0,0,10.77,1.650,2.167,85.4,102.7
"2023-12-05 23:59:59",1262327,-1.46,-3.68,0.44,7.23,2.25,15.98,76,29,1.6,7.1,135,0,0,10.83,1.610,2.078,85.6,102.9
"2023-12-06 23:59:59",1262327,-3.27,-5.06,-1.67,8.43,0.05,16.37,74,28,1.3,8.4,145,0,0,10.70,1.826,2.427,85.1,102.4
"2023-12-07 23:59:59",1262327,-3.74,-10.16,-1.84,8.12,0.09,11.75,61,36,1.4,7.1,150,0,0,9.55,1.506,1.984,84.5,101.9
"2023-12-08 23:59:59",1262327,-11.82,-25.78,-6.69,1.77,-2.23,7.49,64,8,1.9,8.8,120,0,0,10.72,1.610,2.139,84.8,102.1
"2023-12-09 23:59:59",1262327,-11.76,-13.39,-10.50,-1.25,-5.20,4.17,62,27,2.9,9.5,104,0,0,10.79,1.448,1.986,85.7,103.0
"2023-12-10 23:59:59",1262327,-13.43,-17.01,-11.32,-0.11,-7.06,9.79,68,14,0.7,4.6,132,0,0,10.31,1.169,1.477,85.5,102.9
"2023-12-11 23:59:59",1262327,-11.21,-13.92,-8.53,3.04,-2.72,12.39,53,18,0.8,6.2,132,0,0,9.66,1.264,1.612,84.8,102.1
"2023-12-12 23:59:59",1262327,-8.15,-10.68,-5.03,1.72,-4.57,8.11,71,31,2.4,9.2,128,0,0,10.54,1.563,2.129,84.6,101.9
"2023-12-13 23:59:59",1262327,-4.89,-6.12,-3.52,0.98,-1.54,5.08,77,51,2.9,10.1,130,0,0,9.83,1.187,1.568,84.9,102.3
"2023-12-14 23:59:59",1262327,-4.88,-7.10,-3.88,3.00,-2.96,9.11,80,39,2.4,8.5,112,0,0,10.40,1.483,1.990,85.3,102.6
"2023-12-15 23:59:59",1262327,-6.50,-8.26,-4.88,3.36,-2.14,10.78,68,31,2.1,8.2,127,0,0,9.72,1.572,2.158,85.6,102.9
"2023-12-16 23:59:59",1262327,-9.07,-11.96,-5.55,3.16,-4.16,14.71,75,16,0.8,6.8,133,0,0,9.84,1.313,1.689,85.4,102.7
"2023-12-17 23:59:59",1262327,-8.15,-9.86,-5.66,3.33,-2.05,10.20,62,26,2.3,9.4,135,0,0,7.86,1.510,2.173,85.3,102.6
"2023-12-18 23:59:59",1262327,-7.73,-9.52,-5.62,5.96,-2.42,14.51,66,20,1.1,8.1,148,0,0,9.16,1.541,2.104,84.9,102.2
"2023-12-19 23:59:59",1262327,-4.78,-8.40,2.98,9.36,5.78,12.97,64,23,1.1,7.4,169,0,4,7.12,1.259,1.758,84.5,101.8
"2023-12-20 23:59:59",1262327,2.24,-0.82,5.27,7.70,3.47,13.59,96,40,0.9,6.5,142,1,10,8.54,1.098,1.344,84.6,102.0
"2023-12-21 23:59:59",1262327,2.66,-0.25,6.45,7.45,3.51,13.13,98,42,0.5,4.6,134,1,12,7.52,0.820,0.909,85.1,102.4
"2023-12-22 23:59:59",1262327,2.93,0.36,5.46,4.92,3.58,6.41,98,74,0.2,1.8,134,7,47,1.91,0.148,0.105,84.7,102.0
"2023-12-23 23:59:59",1262327,0.86,-7.14,5.05,3.65,-0.15,7.23,99,60,1.5,9.3,131,0,3,5.96,0.852,1.009,84.4,101.8
"2023-12-24 23:59:59",1262327,-9.65,-11.62,-7.24,-1.27,-4.15,3.12,69,39,2.8,9.2,127,0,0,10.47,1.327,1.764,85.1,102.4
"2023-12-25 23:59:59",1262327,-11.62,-14.45,-9.71,-0.37,-3.99,4.47,69,28,3.4,10.5,104,0,0,10.34,1.599,2.195,85.2,102.5
"2023-12-26 23:59:59",1262327,-12.53,-17.35,-9.30,0.13,-5.73,5.31,59,22,2.9,10.9,114,0,0,8.85,1.523,2.127,85.2,102.5
"2023-12-27 23:59:59",1262327,-7.26,-11.01,-4.25,2.31,-2.36,7.50,72,40,2.5,8.7,107,0,0,9.75,1.473,1.991,85.2,102.6
"2023-12-28 23:59:59",1262327,-4.86,-5.82,-3.83,4.21,-1.18,10.79,76,34,1.9,8.4,99,0,0,10.05,1.505,2.015,85.3,102.6
"2023-12-29 23:59:59",1262327,-6.46,-10.36,-3.56,4.85,-3.71,13.13,86,24,1.0,6.8,145,0,0,10.04,1.381,1.808,85.3,102.6
"2023-12-30 23:59:59",1262327,-10.15,-11.25,-7.01,6.56,-1.37,13.17,54,17,1.2,7.0,152,0,0,10.89,1.715,2.292,84.8,102.1
"2023-12-31 23:59:59",1262327,-9.47,-11.08,-7.97,1.24,-3.86,8.51,64,27,1.0,7.0,134,0,0,10.04,1.145,1.473,84.8,102.2
"2024-01-01 23:59:59",1262327,-6.68,-8.01,-4.03,2.87,-3.24,10.22,75,31,0.8,5.2,126,0,0,10.42,1.226,1.454,85.0,102.3
"2024-01-02 23:59:59",1262327,-7.24,-9.07,-5.88,2.21,-3.88,9.77,74,31,1.1,5.2,144,0,0,10.66,1.277,1.564,85.1,102.4
"2024-01-03 23:59:59",1262327,-4.49,-7.83,-0.74,1.29,-0.84,4.74,98,42,1.2,7.5,181,5,42,3.02,0.605,0.873,84.4,101.8
"2024-01-04 23:59:59",1262327,-2.10,-3.96,-0.83,-0.17,-0.94,1.20,98,80,3.2,10.1,149,2,28,5.87,0.525,0.648,84.5,101.8
"2024-01-05 23:59:59",1262327,-5.05,-8.60,-2.44,-0.93,-5.86,3.46,88,55,2.3,8.5,110,0,3,9.26,0.954,1.192,84.8,102.1
"2024-01-06 23:59:59",1262327,-9.27,-11.60,-5.94,-1.19,-6.15,1.79,82,38,2.0,9.0,149,0,0,7.10,0.950,1.225,84.5,101.8
"2024-01-07 23:59:59",1262327,-6.27,-9.58,-3.40,-3.66,-6.81,0.65,97,47,2.9,11.6,169,4,37,5.80,0.454,0.578,83.6,100.9
"2024-01-08 23:59:59",1262327,-11.43,-13.64,-9.56,-6.11,-10.09,-2.02,83,50,2.9,10.4,158,0,0,11.36,0.935,1.217,84.8,102.1
"2024-01-09 23:59:59",1262327,-13.22,-16.02,-11.24,-7.02,-13.18,-0.05,84,39,0.7,4.8,135,0,0,7.61,0.647,0.797,84.8,102.1
"2024-01-10 23:59:59",1262327,-10.69,-13.28,-7.65,-2.66,-9.51,3.38,82,37,1.6,8.1,152,0,0,11.06,1.245,1.596,83.9,101.2
"2024-01-11 23:59:59",1262327,-10.34,-15.70,-4.28,-5.17,-11.37,-1.70,92,43,2.4,12.3,129,3,20,11.78,0.888,1.138,84.0,101.3
"2024-01-12 23:59:59",1262327,-12.90,-15.83,-11.08,-5.54,-11.13,2.03,79,34,1.1,7.4,148,0,0,9.48,0.883,1.157,84.6,101.9
"2024-01-13 23:59:59",1262327,-8.93,-13.43,-2.21,-2.00,-8.18,4.12,87,36,0.9,7.4,151,0,3,9.54,0.863,1.082,84.5,101.8
"2024-01-14 23:59:59",1262327,-6.52,-8.57,-3.35,0.82,-3.20,6.70,81,40,0.8,4.9,147,0,0,7.29,0.760,0.953,84.3,101.7
"2024-01-15 23:59:59",1262327,-4.85,-6.89,-3.62,3.07,-1.90,7.79,83,38,2.1,9.1,116,0,0,11.59,1.668,2.206,84.7,102.0
"2024-01-16 23:59:59",1262327,-6.20,-8.79,-4.06,1.01,-4.53,8.73,81,31,1.9,7.8,134,0,0,11.71,1.285,1.609,84.9,102.2
"2024-01-17 23:59:59",1262327,-5.15,-8.56,-2.14,4.40,-1.01,9.86,81,33,1.5,7.3,159,0,0,11.08,1.595,2.084,84.4,101.7
"2024-01-18 23:59:59",1262327,-4.04,-6.75,-1.93,3.85,-1.93,11.98,90,27,0.8,5.5,130,0,0,10.47,1.286,1.538,85.0,102.3
"2024-01-19 23:59:59",1262327,-4.19,-6.54,-2.29,5.42,-2.29,12.59,79,33,0.8,6.2,156,0,0,6.90,0.935,1.181,85.0,102.3
"2024-01-20 23:59:59",1262327,0.61,-3.14,5.09,6.42,4.58,8.05,94,44,1.2,6.6,170,3,27,3.34,0.593,0.785,84.4,101.7
"2024-01-21 23:59:59",1262327,2.85,1.12,4.21,4.21,3.05,5.93,98,70,1.1,5.3,181,4,85,4.21,0.412,0.458,84.2,101.5
"2024-01-22 23:59:59",1262327,2.92,1.83,4.11,3.97,2.82,5.56,99,85,0.9,4.8,176,3,44,3.37,0.307,0.327,84.2,101.5
"2024-01-23 23:59:59",1262327,2.50,1.44,4.03,3.95,2.14,6.40,98,80,1.0,7.2,141,5,69,5.76,0.542,0.602,84.2,101.6
"2024-01-24 23:59:59",1262327,1.98,-0.41,4.11,5.36,3.37,9.36,91,51,1.4,5.6,131,0,3,10.37,1.099,1.276,84.7,102.0
"2024-01-25 23:59:59",1262327,1.20,-0.40,2.98,2.57,0.44,4.64,98,75,1.2,7.4,129,13,56,3.46,0.245,0.234,84.6,102.0
"2024-01-26 23:59:59",1262327,-2.39,-3.86,0.60,1.86,-0.49,4.84,93,61,2.7,9.3,132,0,0,12.57,1.402,1.777,85.4,102.7
"2024-01-27 23:59:59",1262327,-3.76,-6.47,-1.60,3.48,-0.95,8.90,83,34,2.2,9.0,108,0,0,12.58,1.729,2.282,85.8,103.1
"2024-01-28 23:59:59",1262327,-0.67,-3.07,1.77,6.19,0.93,12.16,80,47,2.4,8.9,103,0,0,12.52,1.887,2.501,85.7,103.0
"2024-01-29 23:59:59",1262327,1.14,-1.32,3.33,8.26,2.63,14.08,83,44,2.3,8.3,101,0,0,12.95,2.052,2.702,85.5,102.8
"2024-01-30 23:59:59",1262327,0.29,-1.51,2.18,6.77,-0.35,16.46,96,36,0.7,4.9,135,0,0,13.13,1.753,2.038,85.2,102.5
"2024-01-31 23:59:59",1262327,-0.67,-2.14,1.72,8.70,1.02,16.30,84,30,1.4,7.1,145,0,0,12.89,2.114,2.711,84.8,102.1
"2024-02-01 23:59:59",1262327,3.35,1.56,4.93,7.88,2.72,11.43,96,51,2.2,11.4,171,27,48,2.62,0.746,1.068,83.9,101.3
"2024-02-02 23:59:59",1262327,1.27,-0.46,2.74,2.01,0.60,3.23,99,92,1.1,6.2,180,9,67,4.90,0.505,0.562,83.7,101.0
"2024-02-03 23:59:59",1262327,-0.99,-3.25,1.98,1.36,-2.13,6.44,99,54,0.7,5.4,150,0,1,11.35,1.218,1.370,84.2,101.5
"2024-02-04 23:59:59",1262327,-1.18,-3.21,0.80,2.03,-1.96,6.57,95,58,1.6,9.9,165,1,22,5.14,0.631,0.766,84.6,102.0
"2024-02-05 23:59:59",1262327,0.08,-1.42,1.84,8.19,5.00,11.69,83,46,2.7,9.2,180,2,27,6.47,1.496,2.033,84.3,101.7
"2024-02-06 23:59:59",1262327,0.49,-4.17,3.95,6.00,2.14,9.65,97,39,2.1,13.8,174,23,58,1.10,0.523,0.760,83.6,100.9
"2024-02-07 23:59:59",1262327,-0.07,-1.02,1.21,1.25,0.19,2.28,98,85,2.1,7.8,175,16,90,6.22,0.576,0.658,83.6,100.9
"2024-02-08 23:59:59",1262327,-1.37,-3.46,0.51,0.24,-1.48,1.84,98,77,1.7,7.6,182,16,59,10.89,0.877,0.955,84.0,101.3
"2024-02-09 23:59:59",1262327,-2.71,-3.95,-1.36,-0.72,-2.12,1.67,98,73,1.1,5.2,188,6,31,9.41,0.716,0.784,84.3,101.7
"2024-02-10 23:59:59",1262327,-5.01,-6.85,-2.02,-1.76,-3.11,0.81,98,57,2.8,11.4,170,1,25,11.67,0.979,1.233,84.5,101.8
"2024-02-11 23:59:59",1262327,-7.41,-10.17,-5.29,-1.76,-6.82,3.62,85,47,2.5,10.1,122,0,0,15.29,1.528,1.909,85.0,102.4
"2024-02-12 23:59:59",1262327,-4.80,-7.96,-1.48,0.73,-4.89,8.39,92,43,1.3,6.6,155,0,0,15.47,1.668,1.904,84.9,102.2
"2024-02-13 23:59:59",1262327,-3.61,-5.69,-2.22,2.75,-4.35,11.08,95,37,1.1,6.6,142,0,0,15.49,1.929,2.348,84.5,101.9
"2024-02-14 23:59:59",1262327,-3.64,-5.35,-1.45,3.49,-2.99,9.47,89,45,1.1,6.6,146,0,0,12.69,1.558,1.897,84.7,102.0
"2024-02-15 23:59:59",1262327,-2.59,-4.61,-0.34,5.76,-0.03,10.11,84,44,1.3,6.7,163,0,0,11.63,1.635,2.016,84.8,102.2
"2024-02-16 23:59:59",1262327,-2.39,-4.09,0.46,4.10,-1.51,11.74,90,40,0.9,5.6,138,0,0,14.65,1.860,2.185,84.9,102.2
"2024-02-17 23:59:59",1262327,-2.23,-4.06,0.25,4.29,1.04,8.64,78,45,1.9,8.8,121,0,0,10.06,1.339,1.731,84.9,102.3
"2024-02-18 23:59:59",1262327,-1.85,-3.90,0.41,7.59,1.78,13.27,84,39,1.5,6.7,168,0,0,16.30,2.503,3.124,84.6,101.9
"2024-02-19 23:59:59",1262327,-0.13,-2.60,1.81,8.53,0.56,13.62,85,41,2.0,9.1,173,0,0,13.30,2.221,2.899,84.7,102.1
"2024-02-20 23:59:59",1262327,2.32,-0.83,4.33,6.05,3.63,9.69,98,49,1.1,7.2,150,7,53,3.79,0.606,0.749,84.9,102.3
"2024-02-21 23:59:59",1262327,2.46,-0.82,4.60,4.22,0.31,7.42,97,74,1.1,5.9,156,3,38,9.62,1.011,1.119,84.7,102.0
"2024-02-22 23:59:59",1262327,-1.61,-3.96,1.27,4.17,-0.62,10.66,98,37,1.9,8.5,132,0,0,16.77,2.113,2.584,85.2,102.5
"2024-02-23 23:59:59",1262327,-4.56,-6.00,-3.49,4.67,-1.80,12.25,80,29,2.2,8.4,117,0,0,15.86,2.329,3.039,85.3,102.7
"2024-02-24 23:59:59",1262327,-4.53,-6.59,-1.93,5.25,-2.40,14.14,85,23,1.0,6.4,136,0,0,13.56,1.908,2.363,85.1,102.4
"2024-02-25 23:59:59",1262327,-2.77,-4.40,-1.17,8.19,0.98,15.19,76,26,1.2,7.7,139,0,0,15.24,2.420,3.069,84.9,102.2
"2024-02-26 23:59:59",1262327,-2.36,-3.57,-0.22,10.32,7.74,13.67,54,30,1.8,9.7,154,0,0,16.24,2.824,3.635,84.3,101.6
"2024-02-27 23:59:59",1262327,-4.18,-9.24,1.07,5.85,-1.25,10.34,76,23,2.4,10.2,133,0,0,16.35,2.435,3.112,84.3,101.6
"2024-02-28 23:59:59",1262327,-9.97,-14.22,-7.86,3.56,-4.58,13.34,71,14,1.8,7.2,145,0,0,18.22,2.695,3.386,84.9,102.2
"2024-02-29 23:59:59",1262327,-6.74,-9.82,-2.74,6.43,-1.98,13.22,65,24,1.7,10.2,151,0,0,17.15,2.832,3.694,84.6,102.0
"2024-03-01 23:59:59",1262327,-3.03,-6.91,0.45,10.08,6.70,14.35,63,25,3.1,11.0,174,0,0,18.27,3.496,4.580,84.4,101.7
"2024-03-02 23:59:59",1262327,-2.00,-5.90,2.85,6.96,1.04,9.35,90,35,3.8,14.7,176,6,42,4.97,1.759,2.581,83.8,101.1
"2024-03-03 23:59:59",1262327,-2.87,-4.91,-0.51,4.96,0.10,9.05,83,47,2.4,9.0,173,0,4,12.17,1.925,2.481,83.9,101.2
"2024-03-04 23:59:59",1262327,-2.94,-4.35,-1.30,4.72,-0.40,11.01,85,34,1.6,8.2,168,0,0,17.54,2.328,2.872,84.3,101.6
"2024-03-05 23:59:59",1262327,-3.09,-3.96,-1.84,4.52,-1.18,11.77,87,36,1.0,6.9,142,0,0,16.58,2.180,2.621,84.5,101.8
"2024-03-06 23:59:59",1262327,-3.56,-5.96,-1.38,5.52,-0.89,13.26,88,27,1.1,7.4,143,0,0,18.55,2.620,3.195,84.1,101.4
"2024-03-07 23:59:59",1262327,-1.45,-4.08,2.00,4.81,2.21,9.56,86,39,1.3,8.1,166,1,6,11.38,1.592,1.879,84.0,101.4
"2024-03-08 23:59:59",1262327,-6.70,-10.63,-0.79,2.25,-1.47,7.04,78,28,3.8,12.0,171,0,0,20.06,2.707,3.520,84.9,102.3
"2024-03-09 23:59:59",1262327,-9.11,-11.09,-7.85,3.66,-5.22,13.17,76,19,1.9,7.4,158,0,0,19.91,2.896,3.621,85.1,102.4
"2024-03-10 23:59:59",1262327,-6.57,-9.15,-3.89,7.47,-1.23,14.65,63,22,1.5,8.3,156,0,0,15.88,2.730,3.583,84.8,102.2
"2024-03-11 23:59:59",1262327,-4.14,-6.57,-1.79,9.41,2.36,15.06,60,25,1.9,9.2,167,0,0,17.88,3.253,4.257,84.5,101.9
"2024-03-12 23:59:59",1262327,-1.50,-6.14,3.61,4.63,0.66,8.69,89,40,0.7,6.7,135,2,15,6.88,0.823,0.943,84.6,101.9
"2024-03-13 23:59:59",1262327,-0.98,-5.65,1.79,2.43,-1.06,5.86,92,52,2.9,11.5,132,5,29,14.09,1.575,1.910,84.4,101.7
"2024-03-14 23:59:59",1262327,-4.92,-7.01,-2.62,1.38,-2.18,6.55,77,49,3.7,11.8,157,0,0,16.42,2.009,2.638,84.4,101.7
"2024-03-15 23:59:59",1262327,-0.19,-3.01,2.74,2.64,-0.06,4.86,94,74,2.6,9.2,107,3,37,4.70,0.648,0.815,84.2,101.6
"2024-03-16 23:59:59",1262327,0.66,-1.28,2.44,3.72,0.51,8.84,97,51,0.8,5.7,150,7,32,10.23,1.294,1.486,84.5,101.8
"2024-03-17 23:59:59",1262327,1.34,-1.13,3.59,5.32,1.22,11.72,96,46,1.9,10.5,128,0,4,15.20,1.915,2.328,84.8,102.1
"2024-03-18 23:59:59",1262327,-1.38,-4.22,1.32,7.36,1.93,14.99,86,26,1.0,5.6,136,0,4,9.68,1.529,1.866,85.0,102.4
"2024-03-19 23:59:59",1262327,-1.29,-3.07,1.20,8.01,0.12,16.53,85,26,0.8,5.9,147,0,0,20.33,3.036,3.516,84.8,102.2
"2024-03-20 23:59:59",1262327,0.32,-2.08,2.15,9.29,0.62,18.28,91,26,1.0,7.5,143,0,0,22.24,3.551,4.226,84.6,102.0
"2024-03-21 23:59:59",1262327,-0.20,-4.88,2.31,9.79,2.46,18.24,84,22,1.0,7.2,141,0,0,17.33,2.933,3.602,84.8,102.1
"2024-03-22 23:59:59",1262327,-1.34,-2.54,0.26,10.50,2.51,17.78,77,26,1.5,8.2,153,0,0,17.25,3.298,4.236,84.7,102.1
"2024-03-23 23:59:59",1262327,-1.65,-4.03,3.80,10.77,3.02,15.54,90,29,2.9,12.0,172,1,9,16.24,3.458,4.676,83.8,101.1
"2024-03-24 23:59:59",1262327,-1.49,-4.41,0.69,2.93,-0.33,7.38,92,42,1.8,9.3,116,1,14,14.06,1.822,2.216,83.4,100.7
"2024-03-25 23:59:59",1262327,-4.01,-8.43,-1.04,4.21,-0.61,9.90,91,26,1.7,8.0,147,0,0,19.34,2.580,3.154,83.8,101.1
"2024-03-26 23:59:59",1262327,-4.96,-10.15,-1.96,4.68,-0.71,10.92,84,22,1.5,8.8,147,0,2,20.04,2.838,3.498,84.3,101.6
"2024-03-27 23:59:59",1262327,-5.26,-7.21,-2.78,6.38,-2.37,12.99,87,24,1.5,6.8,149,0,0,20.58,3.107,3.861,84.9,102.3
"2024-03-28 23:59:59",1262327,-3.38,-6.70,-0.91,11.50,7.14,15.97,48,27,2.2,9.7,175,0,1,20.76,3.931,5.117,84.4,101.7
"2024-03-29 23:59:59",1262327,-3.39,-15.91,3.14,9.89,3.36,14.80,85,13,2.4,10.9,169,1,12,19.98,3.573,4.609,84.0,101.3
"2024-03-30 23:59:59",1262327,-2.50,-15.99,4.43,7.14,1.03,10.54,97,14,2.1,9.7,173,21,52,4.09,1.379,1.963,83.7,101.1
"2024-03-31 23:59:59",1262327,0.29,-1.10,2.67,2.31,-0.30,5.89,98,69,1.5,7.1,170,9,51,12.68,1.295,1.447,83.8,101.1
"2024-04-01 23:59:59",1262327,-0.27,-1.65,1.89,4.22,-0.48,8.74,98,48,2.0,10.1,122,1,11,16.03,2.028,2.467,84.4,101.7
"2024-04-02 23:59:59",1262327,-1.53,-4.53,1.00,7.81,2.27,15.47,82,26,2.1,8.7,117,0,0,24.56,3.781,4.690,85.3,102.6
"2024-04-03 23:59:59",1262327,-0.49,-2.69,2.88,10.96,0.96,19.12,82,28,1.6,7.0,154,0,0,24.66,4.313,5.298,85.0,102.3
"2024-04-04 23:59:59",1262327,-2.97,-5.22,-0.25,13.63,8.13,19.11,49,19,3.2,13.8,181,0,0,23.43,5.137,6.893,84.0,101.3
"2024-04-05 23:59:59",1262327,-6.80,-12.78,-1.14,5.97,0.66,11.47,76,21,3.0,11.3,182,0,6,18.03,3.040,4.108,83.7,101.0
"2024-04-06 23:59:59",1262327,-7.13,-11.35,-2.66,3.31,-2.56,10.22,92,22,1.3,9.2,171,0,2,21.16,2.868,3.486,84.6,101.9
"2024-04-07 23:59:59",1262327,-8.07,-10.36,-5.93,5.07,-3.26,12.28,72,20,1.3,6.8,144,0,0,22.87,3.395,4.096,84.6,101.9
"2024-04-08 23:59:59",1262327,-7.75,-9.15,-5.84,5.96,0.66,11.60,53,24,3.6,12.5,132,0,0,23.46,3.928,5.255,84.5,101.8
"2024-04-09 23:59:59",1262327,-7.06,-10.41,-4.43,8.22,0.93,15.46,56,15,2.9,10.9,132,0,0,25.69,4.586,6.026,85.0,102.3
"2024-04-10 23:59:59",1262327,-4.40,-6.78,-2.18,10.76,0.91,19.93,71,18,2.0,8.7,134,0,0,25.55,4.808,6.163,85.1,102.4
"2024-04-11 23:59:59",1262327,-4.78,-8.23,-2.54,13.24,2.86,23.13,60,15,1.2,6.2,156,0,0,25.68,4.858,5.982,84.8,102.1
"2024-04-12 23:59:59",1262327,-4.45,-8.16,-0.46,15.40,5.21,24.01,62,14,1.9,10.3,154,0,0,24.32,5.335,6.993,84.4,101.8
"2024-04-13 23:59:59",1262327,-6.08,-8.79,-3.78,15.67,10.83,21.65,37,12,2.3,10.7,181,0,0,26.22,5.667,7.447,84.6,101.9
"2024-04-14 23:59:59",1262327,-4.39,-8.40,-0.90,12.24,7.15,16.54,52,22,2.7,10.2,175,0,2,24.62,4.742,6.182,84.4,101.7
"2024-04-15 23:59:59",1262327,-0.67,-3.96,1.65,7.21,3.70,13.67,79,36,1.3,7.8,142,0,13,13.48,2.030,2.460,84.5,101.8
"2024-04-16 23:59:59",1262327,-0.55,-2.08,1.13,11.03,1.62,20.11,83,24,1.6,7.7,143,0,0,26.26,4.500,5.489,84.8,102.2
"2024-04-17 23:59:59",1262327,-1.52,-2.72,0.43,13.82,4.92,22.77,67,18,1.4,7.6,158,0,0,25.52,4.844,5.999,84.7,102.0
"2024-04-18 23:59:59",1262327,-2.68,-7.09,0.45,13.23,5.15,21.41,49,18,2.7,11.0,136,0,0,22.88,4.460,5.841,84.7,102.0
"2024-04-19 23:59:59",1262327,-0.68,-1.76,0.60,13.65,4.58,21.77,68,21,1.5,7.7,129,0,0,20.87,4.077,5.122,84.5,101.9
"2024-04-20 23:59:59",1262327,-0.33,-2.83,1.51,15.35,6.75,23.71,66,18,1.4,6.7,148,0,0,23.17,4.511,5.546,84.8,102.1
"2024-04-21 23:59:59",1262327,-1.08,-3.93,2.31,16.59,5.97,26.19,68,14,1.1,7.4,148,0,0,26.93,5.325,6.452,85.0,102.3
"2024-04-22 23:59:59",1262327,-2.36,-5.68,2.71,17.39,7.70,26.70,56,13,1.4,8.5,146,0,0,27.53,5.771,7.233,84.5,101.9
"2024-04-23 23:59:59",1262327,-2.38,-4.44,1.80,17.40,8.48,25.33,54,15,1.6,9.3,158,0,0,27.31,5.744,7.292,84.5,101.8
"2024-04-24 23:59:59",1262327,-2.63,-6.20,1.12,16.44,6.69,23.48,59,16,1.8,9.3,164,0,2,27.58,5.758,7.348,84.5,101.8
"2024-04-25 23:59:59",1262327,-2.26,-6.40,1.14,13.30,5.39,18.93,55,22,1.2,8.9,164,0,4,19.86,3.754,4.652,84.2,101.5
"2024-04-26 23:59:59",1262327,2.80,0.69,6.34,8.54,4.30,11.75,94,42,1.7,8.2,146,4,57,9.01,1.741,2.247,83.8,101.1
"2024-04-27 23:59:59",1262327,3.20,1.66,5.13,6.95,4.06,11.05,93,59,2.2,9.3,108,3,44,12.67,1.737,2.119,84.2,101.5
"2024-04-28 23:59:59",1262327,0.80,-1.56,3.57,10.07,1.89,18.09,93,27,1.4,7.5,129,0,0,27.46,4.503,5.443,84.6,102.0
"2024-04-29 23:59:59",1262327,-1.03,-4.06,2.75,13.66,4.08,21.89,79,18,1.4,8.8,147,0,0,27.95,5.274,6.543,84.5,101.8
"2024-05-01 23:59:59",1262327,-3.28,-7.77,1.24,14.51,9.21,19.33,57,16,2.6,10.8,121,0,0,26.82,5.405,7.070,84.3,101.6
"2024-05-02 23:59:59",1262327,-7.22,-10.56,-3.65,13.45,3.53,21.60,48,14,2.1,9.5,158,0,0,28.02,5.518,6.989,84.5,101.8
"2024-05-03 23:59:59",1262327,-3.12,-8.80,0.32,13.57,5.63,21.43,47,23,2.4,9.8,131,0,0,28.19,5.580,7.100,84.3,101.7
"2024-05-04 23:59:59",1262327,-1.41,-3.19,1.19,15.62,4.00,24.11,68,18,2.9,15.7,163,0,0,24.51,5.900,7.721,84.1,101.4
"2024-05-05 23:59:59",1262327,-2.44,-6.69,2.94,8.50,2.37,15.89,83,26,2.9,11.9,147,1,18,7.79,2.208,3.089,83.7,101.1
"2024-05-06 23:59:59",1262327,-4.63,-6.00,-2.90,8.83,0.35,16.42,70,25,1.7,7.6,131,0,0,28.17,4.588,5.630,84.4,101.8
"2024-05-07 23:59:59",1262327,-6.18,-10.26,-2.46,11.60,3.83,20.05,58,12,2.2,10.6,169,0,0,28.99,5.684,7.109,84.2,101.6
"2024-05-08 23:59:59",1262327,-7.17,-8.34,-5.35,7.62,0.46,14.18,56,22,3.7,12.0,144,0,0,28.56,4.921,6.407,84.5,101.8
"2024-05-09 23:59:59",1262327,-2.53,-5.29,2.17,9.75,4.01,17.43,75,23,3.0,11.5,132,0,0,26.00,4.825,6.113,84.7,102.0
"2024-05-10 23:59:59",1262327,1.99,-1.19,7.08,9.72,3.05,18.72,94,25,2.1,10.4,132,4,9,22.69,4.124,5.135,84.8,102.1
"2024-05-11 23:59:59",1262327,2.94,-0.41,6.01,11.65,4.32,18.80,93,26,1.8,8.0,128,2,5,23.72,4.202,5.171,84.6,101.9
"2024-05-12 23:59:59",1262327,0.19,-4.06,3.83,16.28,6.20,24.92,76,15,2.1,8.6,143,0,0,29.16,5.992,7.579,84.6,101.9
"2024-05-13 23:59:59",1262327,-1.04,-3.55,2.49,18.45,7.06,27.78,59,14,1.2,7.5,147,0,0,29.04,5.960,7.298,84.6,101.9
"2024-05-14 23:59:59",1262327,0.33,-3.57,2.88,18.32,9.41,26.28,56,17,1.3,9.7,148,0,2,20.97,4.648,5.831,84.5,101.8
"2024-05-15 23:59:59",1262327,-0.58,-7.67,3.55,17.44,10.36,25.00,59,14,2.4,10.7,135,0,0,29.17,6.584,8.630,84.5,101.8
"2024-05-16 23:59:59",1262327,-1.78,-5.26,1.82,16.91,6.84,26.23,61,12,1.5,8.1,130,0,0,29.61,6.054,7.571,84.5,101.9
"2024-05-17 23:59:59",1262327,-1.08,-3.35,1.30,20.79,9.37,29.28,52,14,1.4,7.9,169,0,0,29.96,6.502,8.084,84.4,101.8
"2024-05-18 23:59:59",1262327,-0.86,-5.01,4.44,21.50,14.16,27.83,48,15,1.5,7.8,161,0,0,25.41,5.779,7.428,84.5,101.9
"2024-05-19 23:59:59",1262327,-1.89,-4.25,0.40,19.53,9.31,27.17,50,14,1.9,10.1,162,0,0,29.34,6.729,8.710,84.4,101.8
"2024-05-20 23:59:59",1262327,-0.38,-8.30,6.91,16.47,8.13,23.79,73,15,2.2,10.1,152,1,4,24.93,5.551,7.131,84.2,101.6
"2024-05-21 23:59:59",1262327,-3.53,-9.71,3.41,12.82,7.56,19.29,67,15,3.0,10.3,136,0,0,28.21,5.650,7.385,84.7,102.0
"2024-05-22 23:59:59",1262327,-7.47,-9.44,-3.99,15.12,2.78,24.26,53,10,1.7,9.3,151,0,0,30.10,6.210,7.969,84.4,101.7
"2024-05-23 23:59:59",1262327,-4.10,-7.49,-1.36,16.53,10.04,22.66,45,17,2.7,10.8,117,0,0,29.47,6.325,8.262,84.3,101.6
"2024-05-24 23:59:59",1262327,-3.32,-8.94,1.82,17.95,6.98,26.02,38,17,2.7,10.1,177,0,1,29.08,6.931,9.067,84.2,101.5
"2024-05-25 23:59:59",1262327,0.59,-2.03,7.70,18.47,12.82,23.70,75,21,2.1,7.8,171,0,3,28.00,6.079,7.800,84.2,101.5
"2024-05-26 23:59:59",1262327,0.22,-3.60,3.36,17.26,6.54,26.41,71,16,1.2,7.0,154,0,0,30.04,5.986,7.297,84.7,102.0
"2024-05-27 23:59:59",1262327,-2.92,-6.73,0.87,20.02,8.82,29.06,47,9,1.2,8.1,152,0,0,30.39,6.340,7.781,84.9,102.2
"2024-05-28 23:59:59",1262327,-3.82,-7.70,0.78,20.93,10.99,30.31,44,9,1.4,8.4,156,0,0,30.46,6.741,8.487,84.9,102.2
"2024-05-29 23:59:59",1262327,-5.73,-8.13,-2.91,20.85,10.40,29.61,34,9,1.5,8.2,148,0,0,30.58,6.844,8.720,84.8,102.1
"2024-05-30 23:59:59",1262327,1.43,-3.89,4.02,21.11,13.41,28.20,51,15,2.4,9.3,119,0,0,29.80,6.793,8.783,84.8,102.2
"2024-05-31 23:59:59",1262327,-2.46,-6.23,1.19,22.27,14.91,30.86,36,10,2.0,8.2,153,0,0,29.45,6.972,9.024,84.6,102.0
"2024-06-01 23:59:59",1262327,-3.09,-5.04,-0.24,22.17,12.05,30.85,38,10,1.6,9.4,159,0,0,30.62,7.122,9.156,84.5,101.8
"2024-06-02 23:59:59",1262327,-1.56,-4.15,0.81,22.52,13.49,30.39,42,10,1.4,7.9,160,0,0,29.69,6.640,8.390,84.4,101.7
"2024-06-03 04:59:59",1262327,-2.19,-2.57,-1.57,13.49,12.09,15.64,42,28,0.5,2.8,123,0,0,0.00,-0.062,-0.074,84.4,101.8
"2024-06-03 23:59:59",1262327,0.50,-2.60,2.71,22.07,12.09,29.75,42,16,1.3,6.6,165,0,0,23.34,5.506,7.016,84.4,101.7
"2024-06-04 23:59:59",1262327,4.24,1.45,6.36,23.13,15.19,29.60,52,19,2.7,10.5,140,0,0,30.14,7.688,10.175,84.7,102.0
"2024-06-05 23:59:59",1262327,1.62,-1.67,5.19,25.79,14.17,34.60,48,11,1.8,8.1,143,0,0,30.53,7.439,9.457,84.9,102.2
"2024-06-06 23:59:59",1262327,1.75,0.00,4.90,27.99,18.67,36.87,33,10,1.4,7.4,162,0,0,30.03,7.175,8.942,84.8,102.1
"2024-06-07 23:59:59",1262327,1.57,-4.47,7.00,26.88,17.45,35.04,42,9,1.5,9.1,152,0,0,28.57,7.061,8.971,84.6,102.0
"2024-06-08 23:59:59",1262327,3.62,0.09,6.62,25.77,14.75,34.39,57,11,1.4,7.6,150,0,0,30.00,6.998,8.747,84.6,102.0
"2024-06-09 23:59:59",1262327,2.20,0.14,5.74,24.06,15.69,31.85,43,14,1.4,7.8,157,0,0,27.32,6.413,8.143,84.7,102.1
"2024-06-10 23:59:59",1262327,-1.54,-6.25,2.64,23.60,13.73,32.14,43,9,1.2,7.1,150,0,0,30.50,6.750,8.362,84.8,102.1
"2024-06-11 23:59:59",1262327,-3.31,-6.55,-0.53,25.23,12.78,34.82,33,9,1.2,7.3,156,0,0,30.67,6.988,8.704,84.9,102.2
"2024-06-12 23:59:59",1262327,-2.93,-6.63,0.05,26.43,16.02,35.85,29,7,1.3,8.1,147,0,0,31.00,7.337,9.262,84.9,102.2
"2024-06-13 23:59:59",1262327,-2.04,-6.62,2.41,24.55,14.83,32.30,28,10,1.7,9.1,159,0,0,26.37,6.790,8.901,85.0,102.3
"2024-06-14 23:59:59",1262327,1.55,-1.21,4.41,25.70,15.66,33.52,45,12,1.4,7.4,159,0,0,29.92,7.059,8.880,84.8,102.1
"2024-06-15 23:59:59",1262327,-2.82,-6.91,0.77,25.43,15.90,34.68,35,7,1.5,8.8,153,0,0,30.54,7.411,9.505,84.5,101.8
"2024-06-16 23:59:59",1262327,-4.17,-6.73,0.89,24.81,14.85,32.55,31,9,1.9,8.8,154,0,0,30.33,7.485,9.760,84.1,101.5
"2024-06-17 23:59:59",1262327,-3.01,-7.37,0.22,23.61,12.65,31.15,27,11,2.8,12.5,166,0,0,29.92,7.922,10.367,83.9,101.2
"2024-06-18 23:59:59",1262327,-7.71,-11.17,-4.69,16.96,8.72,25.97,35,9,2.9,13.4,135,0,0,28.87,6.483,8.454,84.4,101.8
"2024-06-19 23:59:59",1262327,-7.42,-12.22,-4.90,20.97,10.20,29.96,28,9,1.9,8.7,153,0,0,30.50,7.004,9.023,84.5,101.9
"2024-06-20 23:59:59",1262327,-3.99,-7.28,-1.65,23.58,11.79,33.93,33,9,1.3,8.7,153,0,0,30.73,7.033,8.875,84.5,101.8
"2024-06-21 23:59:59",1262327,1.63,-3.41,9.81,25.60,14.49,34.66,46,11,1.5,8.5,152,0,0,30.10,7.119,8.994,84.6,101.9
"2024-06-22 23:59:59",1262327,2.15,-2.70,8.04,26.77,16.81,35.71,35,12,1.5,8.3,152,0,0,30.35,7.358,9.340,84.9,102.3
"2024-06-23 23:59:59",1262327,8.38,4.66,10.16,28.42,18.34,35.83,52,16,1.6,8.9,165,0,0,28.65,7.129,9.002,85.0,102.3
"2024-06-24 23:59:59",1262327,8.12,4.78,11.72,28.85,21.07,36.22,50,15,1.3,10.8,168,0,0,28.87,6.824,8.422,84.9,102.2
"2024-06-25 23:59:59",1262327,10.70,7.00,17.83,27.91,18.86,37.11,95,17,1.4,8.5,156,5,3,25.51,6.308,7.881,84.9,102.2
"2024-06-26 23:59:59",1262327,12.35,9.52,17.65,27.51,18.54,35.30,95,21,1.7,8.5,161,0,0,29.70,7.169,8.859,84.9,102.2
"2024-06-27 23:59:59",1262327,9.62,3.38,14.87,28.98,20.69,35.68,67,14,2.2,10.9,171,0,0,27.72,7.444,9.704,84.5,101.8
"2024-06-28 23:59:59",1262327,2.90,-0.25,7.21,27.66,17.88,34.35,44,12,1.7,10.2,157,0,0,30.51,7.622,9.815,84.5,101.8
"2024-06-29 23:59:59",1262327,2.11,-1.06,5.10,26.09,16.15,34.92,41,12,1.8,10.2,156,0,0,30.55,7.700,10.020,84.8,102.2
"2024-06-30 23:59:59",1262327,1.46,-4.14,7.64,27.17,16.19,35.27,38,11,2.0,10.6,159,0,0,30.24,7.976,10.496,84.9,102.2
"2024-07-01 23:59:59",1262327,0.89,-3.87,6.40,25.87,15.64,33.78,35,12,1.7,9.9,155,0,0,30.48,7.491,9.670,84.8,102.1
"2024-07-02 23:59:59",1262327,2.30,-0.62,4.27,25.99,18.15,33.29,36,13,2.3,8.8,135,0,0,30.21,7.663,9.933,84.9,102.2
"2024-07-03 23:59:59",1262327,-1.85,-7.58,2.10,26.63,15.11,36.64,39,7,1.3,8.6,168,0,0,30.54,7.238,9.100,84.9,102.2
"2024-07-04 23:59:59",1262327,-4.93,-7.90,-1.83,26.76,17.19,34.56,26,6,2.6,9.9,134,0,0,31.08,8.758,11.787,85.2,102.6
"2024-07-05 23:59:59",1262327,-5.95,-7.85,-3.19,27.05,16.35,35.11,21,7,2.4,10.7,140,0,0,31.11,8.692,11.675,85.2,102.5
"2024-07-06 23:59:59",1262327,-5.00,-6.69,-2.01,27.32,16.51,36.16,25,6,1.8,8.9,126,0,0,30.96,7.907,10.316,85.0,102.4
"2024-07-07 23:59:59",1262327,-5.56,-8.62,-3.32,28.14,15.41,38.52,22,5,1.7,13.4,136,0,0,30.83,8.037,10.462,84.9,102.2
"2024-07-08 23:59:59",1262327,-5.45,-7.66,-3.48,29.06,21.77,35.89,19,6,2.7,10.4,120,0,0,30.89,9.132,12.432,84.9,102.2
"2024-07-09 23:59:59",1262327,-4.48,-8.98,-1.04,29.01,18.32,38.83,21,6,1.2,8.6,153,0,0,29.14,6.934,8.687,84.9,102.2
"2024-07-10 23:59:59",1262327,-2.55,-4.84,0.22,29.34,19.16,38.95,27,7,1.0,11.1,154,0,0,24.65,6.049,7.619,85.0,102.3
"2024-07-11 23:59:59",1262327,-2.36,-5.19,0.25,31.00,19.77,40.46,24,7,1.1,6.6,154,0,0,26.30,6.427,8.094,84.9,102.3
"2024-07-12 23:59:59",1262327,1.44,-3.68,14.85,29.55,20.18,39.98,67,8,1.2,9.0,150,1,3,25.56,6.672,8.425,85.0,102.3
"2024-07-13 23:59:59",1262327,6.53,4.17,9.73,29.06,21.32,36.94,45,12,1.8,8.5,157,0,0,26.14,7.128,9.280,85.2,102.6
"2024-07-14 23:59:59",1262327,7.59,4.43,9.82,27.71,19.62,36.81,49,14,1.4,10.5,151,0,1,24.30,6.447,8.230,85.3,102.6
"2024-07-15 23:59:59",1262327,8.14,5.52,16.09,25.84,18.31,34.43,59,16,1.1,7.6,144,1,9,21.92,5.371,6.741,85.1,102.5
"2024-07-16 23:59:59",1262327,8.35,4.94,14.80,24.94,18.07,32.01,73,20,0.9,9.9,156,2,8,16.47,4.020,4.994,85.0,102.4
"2024-07-17 23:59:59",1262327,8.48,6.36,12.27,30.94,25.26,35.75,44,16,1.5,7.1,188,0,4,18.30,4.545,5.693,85.1,102.4
"2024-07-18 23:59:59",1262327,8.72,4.71,13.23,27.61,20.73,37.11,56,13,1.5,9.1,158,0,8,23.26,6.319,8.035,85.2,102.6
"2024-07-19 23:59:59",1262327,9.11,7.57,14.53,25.60,16.13,35.18,62,20,1.1,7.6,155,0,1,22.33,5.473,6.823,85.3,102.6
"2024-07-20 23:59:59",1262327,9.90,7.13,19.56,27.28,19.70,36.43,83,17,1.7,8.3,140,1,3,24.42,6.393,8.100,85.2,102.5
"2024-07-21 23:59:59",1262327,9.18,6.18,11.28,27.71,18.10,35.24,60,17,1.0,5.6,157,0,1,19.79,4.907,6.060,85.0,102.4
"2024-07-22 23:59:59",1262327,9.27,7.16,11.48,27.33,20.17,34.29,53,20,1.1,6.7,154,0,1,20.18,5.010,6.351,85.0,102.3
"2024-07-23 23:59:59",1262327,9.07,7.76,11.61,26.76,18.09,35.61,53,18,1.0,5.6,150,0,1,17.21,4.407,5.537,85.1,102.5
"2024-07-24 23:59:59",1262327,10.24,9.54,11.31,28.30,19.51,36.37,57,20,1.5,7.8,152,0,0,27.53,6.961,8.771,85.4,102.7
"2024-07-25 23:59:59",1262327,12.67,9.82,16.54,26.58,20.77,36.59,75,21,1.3,10.8,150,4,4,22.89,5.459,6.724,85.3,102.6
"2024-07-26 23:59:59",1262327,9.32,3.65,14.64,27.59,17.54,36.01,81,14,1.8,8.7,161,0,3,28.00,7.066,8.974,84.9,102.2
"2024-07-27 23:59:59",1262327,-0.69,-10.55,7.47,28.27,20.39,34.40,43,5,2.1,11.3,172,0,0,28.77,7.723,10.351,84.5,101.9
"2024-07-28 23:59:59",1262327,-7.11,-9.20,-1.29,25.49,16.17,33.61,22,6,1.8,9.4,158,0,0,29.54,7.386,9.718,84.7,102.0
"2024-07-29 23:59:59",1262327,-7.40,-10.22,-4.55,23.99,13.36,33.67,24,7,1.6,9.2,150,0,0,29.17,7.060,9.181,84.9,102.2
"2024-07-30 23:59:59",1262327,-5.25,-9.09,-1.90,24.55,14.41,33.89,24,9,1.5,9.9,145,0,0,28.40,6.829,8.820,84.9,102.2
"2024-07-31 23:59:59",1262327,-2.88,-6.50,0.32,25.88,14.65,35.52,28,8,1.2,8.3,151,0,0,28.37,6.578,8.264,85.0,102.3
"2024-08-01 23:59:59",1262327,0.47,-4.01,5.28,28.56,17.22,38.02,32,9,1.1,6.4,152,0,0,26.16,6.146,7.637,85.2,102.6
"2024-08-02 23:59:59",1262327,9.17,1.35,12.64,26.77,20.79,34.74,45,22,1.4,10.8,148,0,2,19.32,5.057,6.511,85.4,102.7
"2024-08-03 23:59:59",1262327,10.88,8.17,12.33,27.97,20.73,35.86,55,19,1.2,7.6,157,0,0,24.68,5.992,7.441,85.2,102.5
"2024-08-04 23:59:59",1262327,9.11,6.46,11.31,27.53,18.74,36.40,61,16,1.4,7.6,149,0,0,24.76,6.255,7.932,85.0,102.4
"2024-08-05 23:59:59",1262327,7.22,5.13,9.70,29.42,20.60,37.29,45,14,1.3,7.8,159,0,0,24.99,6.359,8.128,85.1,102.4
"2024-08-06 23:59:59",1262327,7.11,5.15,10.26,30.97,22.73,38.44,41,14,1.3,7.6,158,0,1,26.70,6.642,8.336,85.1,102.5
"2024-08-07 23:59:59",1262327,9.89,6.74,12.77,28.53,21.24,36.02,50,21,1.7,12.8,155,0,0,25.12,6.455,8.223,85.1,102.4
"2024-08-08 23:59:59",1262327,11.36,7.51,14.23,25.71,19.85,34.03,62,28,1.6,11.4,152,0,7,21.50,5.354,6.703,85.0,102.3
"2024-08-09 23:59:59",1262327,11.40,9.23,16.01,26.28,19.05,34.16,80,23,1.7,11.9,161,12,4,26.28,6.358,7.891,85.0,102.3
"2024-08-10 23:59:59",1262327,14.09,11.57,19.42,25.39,17.29,32.96,88,27,1.3,7.3,150,2,6,20.37,4.981,6.154,85.0,102.4
"2024-08-11 23:59:59",1262327,13.51,11.83,15.33,24.73,20.90,30.57,65,34,1.5,8.3,171,0,4,12.81,3.699,4.846,85.1,102.5
"2024-08-12 23:59:59",1262327,13.16,10.86,14.82,25.96,18.54,31.56,76,29,1.7,8.7,168,0,0,24.24,5.878,7.415,84.9,102.3
"2024-08-13 23:59:59",1262327,8.08,0.22,13.30,26.09,20.03,32.87,65,13,1.9,11.3,174,0,0,26.16,6.416,8.284,84.8,102.1
"2024-08-14 23:59:59",1262327,2.42,-0.72,6.29,24.27,15.31,32.99,45,14,1.5,8.9,150,0,0,26.89,6.390,8.173,85.0,102.3
"2024-08-15 23:59:59",1262327,1.62,-0.62,5.02,24.20,15.37,32.69,43,12,1.6,9.2,145,0,0,26.93,6.416,8.272,85.0,102.3
"2024-08-16 23:59:59",1262327,2.44,-0.82,5.14,25.74,14.44,33.86,46,11,1.6,9.1,155,0,0,26.96,6.601,8.529,85.0,102.3
"2024-08-17 23:59:59",1262327,13.05,4.56,19.50,22.52,17.84,30.58,94,24,0.8,7.2,148,5,16,12.82,2.631,3.151,85.0,102.3
"2024-08-18 23:59:59",1262327,14.17,12.34,17.70,20.44,15.80,27.94,93,41,0.9,9.2,139,6,9,13.84,2.987,3.623,85.2,102.5
"2024-08-19 23:59:59",1262327,12.17,10.15,14.25,23.88,15.11,32.82,87,25,1.3,6.9,146,0,0,25.61,5.828,7.170,85.2,102.5
"2024-08-20 23:59:59",1262327,8.84,3.11,12.48,26.41,18.09,34.99,67,17,1.3,8.2,149,0,0,25.65,6.105,7.661,85.1,102.5
"2024-08-21 23:59:59",1262327,5.13,-0.72,11.60,25.99,17.23,33.91,53,11,1.9,11.5,164,0,0,26.50,6.795,8.870,85.0,102.4
"2024-08-22 23:59:59",1262327,13.91,11.28,17.05,19.47,15.09,25.85,98,49,1.5,12.6,169,32,27,18.56,3.695,4.377,85.0,102.3
"2024-08-23 23:59:59",1262327,9.66,-0.12,15.90,22.55,17.80,29.23,81,20,2.5,12.4,179,2,2,17.84,4.932,6.563,84.7,102.0
"2024-08-24 23:59:59",1262327,0.66,-5.83,6.45,23.97,20.23,28.44,34,10,3.5,14.0,180,0,1,25.87,7.580,10.456,84.8,102.1
"2024-08-25 23:59:59",1262327,-0.62,-3.99,3.11,21.63,14.16,26.94,48,13,2.4,10.9,173,0,0,24.92,6.256,8.363,85.0,102.3
"2024-08-26 23:59:59",1262327,-0.29,-4.13,2.22,20.75,13.80,28.93,48,13,2.0,7.5,129,0,0,25.55,5.799,7.378,85.4,102.7
"2024-08-27 23:59:59",1262327,-0.44,-2.67,1.93,22.58,12.58,31.73,43,11,1.7,7.2,163,0,0,25.61,6.070,7.772,85.2,102.5
"2024-08-28 23:59:59",1262327,0.48,-1.79,3.12,23.02,14.65,32.29,43,13,1.4,9.0,146,0,0,25.09,5.871,7.529,85.0,102.3
"2024-08-29 23:59:59",1262327,1.90,-1.97,4.92,23.52,14.04,32.41,52,14,1.2,7.3,154,0,0,24.94,5.602,6.994,85.1,102.4
"2024-08-30 23:59:59",1262327,0.28,-4.55,4.14,24.91,15.46,33.59,37,11,1.8,6.7,168,0,0,25.98,6.423,8.237,85.3,102.6
"2024-08-31 23:59:59",1262327,4.28,1.32,7.33,24.05,17.47,32.24,49,14,0.9,6.0,149,0,0,18.75,4.325,5.413,85.3,102.6
"2024-09-01 23:59:59",1262327,4.54,2.73,6.49,24.07,13.77,33.32,57,15,1.1,7.0,153,0,0,24.04,5.560,6.964,85.1,102.5
"2024-09-02 23:59:59",1262327,5.93,4.20,7.38,25.10,16.57,33.15,52,17,1.3,7.5,151,0,0,24.21,5.603,7.050,85.1,102.5
"2024-09-03 23:59:59",1262327,5.65,2.91,8.66,25.16,17.26,33.27,49,17,1.3,8.4,145,0,0,24.14,5.652,7.133,85.1,102.4
"2024-09-04 23:59:59",1262327,4.44,-1.14,7.94,25.04,15.98,33.28,48,16,1.6,7.9,141,0,0,22.21,5.408,6.869,85.3,102.6
"2024-09-05 23:59:59",1262327,-0.53,-3.76,2.26,23.68,17.56,30.89,33,10,2.9,9.7,112,0,0,23.72,6.822,9.286,85.5,102.9
"2024-09-06 23:59:59",1262327,-1.96,-8.51,3.41,22.95,12.37,33.10,49,7,0.9,5.7,152,0,0,23.75,5.028,6.126,85.4,102.7
"2024-09-07 23:59:59",1262327,0.24,-6.67,4.08,24.23,14.25,33.56,40,11,0.9,6.8,149,0,0,21.83,4.641,5.684,85.1,102.4
"2024-09-08 23:59:59",1262327,4.93,1.70,13.25,23.31,16.00,33.08,70,14,1.4,9.0,143,1,4,21.99,5.174,6.580,85.0,102.3
"2024-09-09 23:59:59",1262327,8.32,5.39,15.50,20.55,14.96,30.39,93,22,1.0,13.0,139,3,15,13.64,3.269,4.067,85.1,102.4
"2024-09-10 23:59:59",1262327,5.37,-1.54,12.21,22.02,13.87,31.97,74,11,1.1,9.7,149,0,0,21.68,5.011,6.342,84.8,102.1
"2024-09-11 23:59:59",1262327,0.63,-7.59,6.18,22.63,14.60,29.95,52,13,1.9,10.9,157,0,0,20.47,5.342,7.224,84.2,101.5
"2024-09-12 23:59:59",1262327,-4.52,-8.93,0.84,20.81,12.53,28.03,29,10,1.7,9.4,141,0,0,21.40,4.936,6.475,84.1,101.4
"2024-09-13 23:59:59",1262327,-3.00,-6.45,-0.77,19.36,10.76,28.89,44,9,1.9,7.3,143,0,0,22.60,5.180,6.770,84.6,101.9
"2024-09-14 23:59:59",1262327,-0.93,-4.72,4.11,20.25,11.14,29.88,40,15,1.3,9.0,149,0,0,22.53,4.966,6.338,84.7,102.0
"2024-09-15 23:59:59",1262327,4.21,-0.54,13.40,21.08,13.10,28.79,93,17,1.9,9.6,164,1,3,19.71,4.901,6.426,84.4,101.7
"2024-09-16 23:59:59",1262327,0.96,-1.57,3.46,21.30,17.43,25.42,36,18,3.6,14.9,180,0,2,19.84,6.088,8.587,84.0,101.4
"2024-09-17 23:59:59",1262327,-1.51,-3.45,0.66,15.70,8.98,20.92,45,19,2.1,9.4,171,0,0,22.02,4.487,5.877,84.4,101.7
"2024-09-18 23:59:59",1262327,-3.59,-6.83,0.61,15.25,6.93,24.35,52,14,1.1,8.0,146,0,0,21.90,4.169,5.182,84.5,101.8
"2024-09-19 23:59:59",1262327,-0.89,-5.43,3.26,16.67,6.89,25.98,51,16,1.1,8.1,147,0,0,21.10,4.104,5.123,84.5,101.9
"2024-09-20 23:59:59",1262327,1.40,-1.04,6.68,17.96,8.75,26.78,55,16,1.4,7.4,140,0,4,19.04,4.085,5.142,84.5,101.8
"2024-09-21 23:59:59",1262327,4.89,2.76,7.48,17.91,12.47,24.01,65,25,1.8,8.7,139,0,1,16.97,3.695,4.778,84.6,101.9
"2024-09-22 23:59:59",1262327,0.25,-2.77,3.35,18.45,10.75,27.11,59,15,1.5,7.7,120,0,0,21.06,4.585,5.923,84.8,102.2
"2024-09-23 23:59:59",1262327,-2.29,-5.24,-0.04,19.81,11.53,28.52,41,12,1.9,9.1,126,0,0,21.00,5.135,6.821,84.9,102.2
"2024-09-24 23:59:59",1262327,-3.42,-4.98,-0.97,20.36,12.19,30.25,34,10,1.6,8.7,146,0,0,21.00,4.691,6.123,84.9,102.2
"2024-09-25 23:59:59",1262327,-1.92,-3.44,0.07,21.82,11.00,32.17,40,11,1.1,8.9,145,0,0,20.60,4.535,5.755,84.7,102.1
"2024-09-26 23:59:59",1262327,-1.48,-3.40,0.43,22.55,13.66,32.16,35,12,1.0,7.9,133,0,0,20.50,4.404,5.536,84.8,102.1
"2024-09-27 23:59:59",1262327,-1.32,-3.72,1.36,23.56,15.25,33.61,31,11,1.5,6.6,145,0,0,20.12,4.889,6.403,84.9,102.2
"2024-09-28 23:59:59",1262327,0.14,-2.16,2.13,24.17,13.60,34.55,37,12,1.1,7.4,143,0,0,19.62,4.541,5.845,84.9,102.2
"2024-09-29 23:59:59",1262327,0.83,-0.51,3.33,24.48,17.49,33.36,34,13,1.1,7.7,144,0,0,18.34,4.143,5.303,84.9,102.2
"2024-09-30 23:59:59",1262327,-0.28,-2.78,1.53,23.44,14.02,32.28,40,13,1.6,7.4,128,0,0,19.33,4.799,6.346,85.1,102.5
"2024-10-01 23:59:59",1262327,-3.47,-6.18,-0.63,21.81,13.90,32.21,28,10,2.1,8.6,131,0,0,19.54,5.071,6.911,85.4,102.7
"2024-10-02 23:59:59",1262327,-3.78,-4.98,-1.63,21.78,11.31,32.56,34,9,0.9,6.5,142,0,0,19.35,4.050,5.055,84.9,102.3
"2024-10-03 23:59:59",1262327,-5.90,-8.24,-4.11,21.24,12.05,31.89,30,8,1.4,7.5,133,0,0,19.31,4.489,5.972,84.8,102.1
"2024-10-04 23:59:59",1262327,-4.77,-7.33,-2.62,22.30,12.40,32.27,29,9,1.2,9.2,135,0,0,18.94,4.379,5.721,85.1,102.4
"2024-10-05 23:59:59",1262327,-1.75,-3.29,-0.39,22.52,15.56,30.90,31,11,1.3,11.5,125,0,0,18.82,4.349,5.699,85.3,102.6
"2024-10-06 23:59:59",1262327,-2.09,-3.22,-0.69,21.67,13.81,30.83,37,12,1.2,6.2,152,0,0,18.49,4.034,5.090,85.3,102.7
"2024-10-07 23:59:59",1262327,-2.53,-4.55,-0.60,20.56,10.78,31.74,40,10,1.0,7.3,137,0,0,18.62,3.967,5.047,85.1,102.4
"2024-10-08 23:59:59",1262327,-1.54,-3.04,0.38,19.56,11.81,29.05,41,12,1.1,13.8,134,0,2,10.15,2.758,3.737,84.9,102.2
"2024-10-09 23:59:59",1262327,-2.52,-4.44,0.16,19.99,11.50,29.78,42,11,1.0,6.7,144,0,0,18.00,3.885,4.954,85.1,102.4
"2024-10-10 23:59:59",1262327,-3.84,-5.79,-2.05,19.26,11.55,28.50,36,10,1.0,7.4,134,0,0,15.91,3.324,4.311,85.2,102.5
"2024-10-11 23:59:59",1262327,-2.73,-3.89,-1.63,20.25,13.05,28.54,35,13,1.1,8.0,138,0,0,15.75,3.493,4.619,85.2,102.6
"2024-10-12 23:59:59",1262327,-2.06,-3.26,-0.38,18.74,11.49,27.87,41,14,1.1,8.3,144,0,0,17.57,3.720,4.817,85.2,102.5
"2024-10-13 23:59:59",1262327,-2.73,-5.60,-0.17,18.17,10.24,28.02,44,13,1.3,9.9,136,0,0,17.29,3.794,5.016,85.0,102.4
"2024-10-14 23:59:59",1262327,-3.43,-6.06,1.75,17.57,8.02,26.72,41,14,1.1,7.7,140,0,0,17.60,3.582,4.583,85.1,102.4
"2024-10-15 23:59:59",1262327,0.20,-1.73,2.14,17.08,7.10,25.98,58,20,0.7,8.3,155,0,0,16.70,2.942,3.496,85.1,102.4
"2024-10-16 23:59:59",1262327,0.30,-2.01,2.75,17.97,10.63,25.38,53,18,1.3,7.8,161,0,0,15.88,3.136,4.172,84.7,102.0
"2024-10-17 23:59:59",1262327,2.05,-3.05,8.02,16.92,12.06,20.41,72,21,2.3,14.0,174,0,3,10.14,2.842,4.014,83.9,101.3
"2024-10-18 23:59:59",1262327,0.55,-0.32,2.11,2.43,0.76,4.58,96,76,3.7,12.6,150,23,67,3.68,0.518,0.689,84.4,101.7
"2024-10-19 23:59:59",1262327,2.42,0.84,4.10,7.57,4.93,11.03,81,59,3.3,10.1,146,0,5,8.60,1.520,2.033,85.1,102.5
"2024-10-20 23:59:59",1262327,3.15,0.12,5.77,10.55,5.73,15.82,87,47,1.2,6.0,143,0,3,13.48,2.045,2.471,85.2,102.5
"2024-10-21 23:59:59",1262327,2.78,1.34,4.43,10.67,4.22,19.24,89,31,1.0,6.9,139,0,0,15.99,2.532,3.069,85.2,102.6
"2024-10-22 23:59:59",1262327,1.00,-2.97,3.40,12.73,5.21,22.35,80,20,1.0,6.2,137,0,0,16.03,2.793,3.473,85.3,102.6
"2024-10-23 23:59:59",1262327,-0.27,-3.29,2.27,15.56,6.23,24.75,69,16,1.2,6.5,147,0,0,15.98,3.219,4.164,85.2,102.5
"2024-10-24 23:59:59",1262327,-1.26,-2.95,0.48,12.60,7.43,18.96,58,27,2.6,11.1,114,0,0,14.83,3.181,4.360,84.9,102.3
"2024-10-25 23:59:59",1262327,-2.90,-6.59,0.02,12.12,2.25,24.32,74,13,1.0,7.0,141,0,0,15.72,2.765,3.432,85.2,102.5
"2024-10-26 23:59:59",1262327,-3.75,-5.54,-0.23,14.23,5.66,24.96,57,13,0.8,5.9,132,0,0,14.12,2.530,3.220,85.3,102.7
"2024-10-27 23:59:59",1262327,-4.99,-8.11,-2.56,17.03,8.52,22.51,45,14,1.5,7.5,150,0,2,8.76,2.522,3.635,85.0,102.3
"2024-10-28 23:59:59",1262327,-2.65,-8.53,3.93,17.43,13.40,21.51,59,15,2.9,11.5,174,0,5,15.04,4.256,5.975,84.0,101.3
"2024-10-29 23:59:59",1262327,0.64,-1.87,2.04,3.57,1.09,12.33,96,37,2.1,8.4,103,9,56,6.95,0.827,1.002,84.0,101.3
"2024-10-30 23:59:59",1262327,-2.16,-5.46,0.05,3.11,-0.02,8.57,94,37,1.5,7.4,111,0,0,14.92,1.663,1.979,84.9,102.2
"2024-10-31 23:59:59",1262327,-5.76,-8.52,-3.22,5.48,-0.51,12.40,80,24,1.4,8.4,156,0,0,12.88,1.974,2.602,84.7,102.1
"2024-11-01 23:59:59",1262327,-5.47,-7.28,-2.67,6.80,-0.45,15.57,71,22,0.8,7.7,141,0,0,14.00,1.964,2.394,84.6,101.9
"2024-11-02 23:59:59",1262327,-2.43,-8.53,2.73,7.27,3.63,10.58,88,26,1.1,7.5,162,1,13,5.92,1.115,1.494,84.2,101.5
"2024-11-03 23:59:59",1262327,-1.43,-5.55,2.82,3.63,1.15,6.29,94,49,3.4,13.3,143,4,15,8.59,1.259,1.675,84.1,101.4
"2024-11-04 23:59:59",1262327,-5.54,-7.71,-4.40,2.81,-1.02,7.41,72,36,3.3,11.3,165,0,0,11.31,1.745,2.403,84.8,102.1
"2024-11-05 23:59:59",1262327,-5.31,-7.77,-0.83,1.77,-2.10,6.55,89,42,1.4,11.4,133,0,3,5.47,0.872,1.060,84.5,101.8
"2024-11-06 23:59:59",1262327,-8.09,-9.60,-6.31,0.47,-2.23,4.96,69,35,3.4,12.6,148,0,0,14.15,1.870,2.476,84.9,102.2
"2024-11-07 23:59:59",1262327,-8.78,-9.53,-7.54,1.11,-3.54,6.57,69,32,3.3,11.9,135,0,0,13.67,1.927,2.585,85.2,102.5
"2024-11-08 23:59:59",1262327,-8.39,-10.42,-6.38,2.89,-3.58,9.90,67,28,3.1,11.0,141,0,0,13.54,2.220,3.036,85.0,102.4
"2024-11-09 23:59:59",1262327,-6.88,-8.27,-4.96,4.69,-3.11,14.35,73,22,1.4,7.2,135,0,0,13.32,1.900,2.408,84.8,102.2
"2024-11-10 23:59:59",1262327,-6.82,-7.88,-4.70,7.22,-0.22,17.54,63,18,1.0,6.3,141,0,0,13.21,2.107,2.728,85.0,102.3
"2024-11-11 23:59:59",1262327,-7.06,-9.02,-5.01,10.22,1.50,18.37,56,17,1.7,8.5,151,0,0,13.14,2.689,3.620,84.6,101.9
"2024-11-12 23:59:59",1262327,-1.97,-8.82,1.78,4.55,2.27,10.36,92,25,2.2,9.8,116,1,21,8.67,1.127,1.421,84.6,101.9
"2024-11-13 23:59:59",1262327,-7.50,-10.38,-4.73,5.90,-3.34,13.66,77,21,1.8,7.7,157,0,0,12.41,2.104,2.800,85.1,102.4
"2024-11-14 23:59:59",1262327,-10.88,-14.00,-8.55,10.92,5.96,17.08,34,12,1.8,8.6,177,0,0,12.94,2.666,3.701,84.6,101.9
"2024-11-15 23:59:59",1262327,-6.37,-11.90,-0.06,6.04,0.63,9.46,91,21,2.0,10.1,170,0,7,7.30,1.588,2.316,83.7,101.1
"2024-11-16 23:59:59",1262327,-2.63,-5.92,-0.20,1.78,-0.85,6.10,96,44,2.1,9.3,146,1,9,10.39,1.155,1.445,84.2,101.5
"2024-11-17 23:59:59",1262327,-6.88,-9.04,-5.58,1.31,-4.44,8.23,81,33,1.9,7.4,121,0,0,12.33,1.525,1.980,84.5,101.8
"2024-11-18 23:59:59",1262327,-7.40,-9.20,-4.42,3.31,-2.60,9.86,69,25,1.5,7.3,136,0,0,12.10,1.692,2.201,84.2,101.5
"2024-11-19 23:59:59",1262327,-10.91,-17.27,-4.13,0.35,-3.87,6.96,87,17,1.6,9.5,139,0,0,12.09,1.439,1.891,84.9,102.2
"2024-11-20 23:59:59",1262327,-14.13,-15.60,-13.13,5.75,-4.26,12.54,51,15,1.4,8.8,165,0,0,10.00,1.802,2.550,85.3,102.6
"2024-11-21 23:59:59",1262327,-14.25,-16.95,-12.13,9.68,2.58,16.13,29,10,1.7,9.1,166,0,0,12.09,2.497,3.547,85.3,102.6
"2024-11-22 23:59:59",1262327,-16.66,-18.50,-13.64,10.51,2.32,18.41,28,7,1.5,7.4,155,0,0,11.95,2.534,3.527,85.0,102.3
"2024-11-23 23:59:59",1262327,-12.54,-19.23,-0.97,12.84,9.25,17.11,40,9,2.8,10.3,177,0,0,11.05,3.222,4.631,84.3,101.6
"2024-11-24 23:59:59",1262327,-3.11,-9.99,0.30,6.57,2.62,11.67,80,24,2.3,10.1,138,0,1,5.48,1.197,1.623,84.5,101.8
"2024-11-25 23:59:59",1262327,-1.37,-5.15,2.97,2.98,-3.42,7.15,94,48,1.4,6.9,157,1,24,4.27,0.795,1.027,85.1,102.4
"2024-11-26 23:59:59",1262327,4.04,2.01,6.81,7.37,3.31,10.10,95,69,1.9,8.7,144,10,86,3.69,0.678,0.876,84.6,101.9
"2024-11-27 23:59:59",1262327,-1.85,-4.85,2.45,2.51,-0.28,5.10,95,56,2.7,11.2,114,3,14,9.52,1.130,1.473,84.9,102.2
"2024-11-28 23:59:59",1262327,-5.47,-7.58,-3.98,-0.04,-4.50,4.64,85,46,2.8,9.3,132,0,0,11.42,1.245,1.633,85.2,102.5
"2024-11-29 23:59:59",1262327,-7.48,-10.58,-5.38,-0.25,-7.27,8.51,92,25,0.7,4.8,139,0,0,10.72,1.060,1.232,85.1,102.5
"2024-11-30 23:59:59",1262327,-8.67,-12.87,-5.69,1.50,-4.92,11.70,75,16,0.7,5.6,131,0,0,11.43,1.318,1.599,85.2,102.6
"2024-12-01 23:59:59",1262327,-7.24,-12.17,-4.54,2.95,-2.59,8.47,68,27,2.3,8.7,128,0,0,8.92,1.522,2.089,85.3,102.7
"2024-12-02 23:59:59",1262327,-5.13,-7.01,-2.28,4.91,-0.97,11.01,72,30,2.8,8.3,152,0,0,10.30,1.886,2.576,85.4,102.7
"2024-12-03 23:59:59",1262327,-4.73,-6.64,-2.64,3.55,-2.97,11.12,80,35,1.6,8.0,118,0,0,10.04,1.477,1.905,85.3,102.6
"2024-12-04 23:59:59",1262327,-3.56,-5.00,-1.80,5.06,0.44,10.52,76,37,2.6,9.4,100,0,0,10.72,1.756,2.378,85.3,102.7
"2024-12-05 23:59:59",1262327,-3.24,-5.09,-1.34,4.56,-0.09,10.73,77,36,2.6,9.7,117,0,0,10.09,1.659,2.264,85.3,102.7
"2024-12-06 23:59:59",1262327,-3.13,-5.19,-1.51,4.46,-1.03,9.71,80,41,2.8,10.1,104,0,0,10.64,1.610,2.188,85.4,102.7
"2024-12-07 23:59:59",1262327,-5.52,-8.60,-2.94,3.89,-1.71,11.46,78,26,2.2,8.7,110,0,0,10.76,1.673,2.261,85.2,102.5
"2024-12-08 23:59:59",1262327,-6.83,-8.76,-5.37,2.78,-2.49,11.04,69,30,0.7,4.9,126,0,0,9.68,1.104,1.346,84.7,102.1
"2024-12-09 23:59:59",1262327,-7.89,-11.10,-3.13,0.64,-2.43,3.83,76,34,3.1,10.8,129,0,0,10.51,1.426,1.963,85.1,102.5
"2024-12-10 23:59:59",1262327,-11.31,-13.18,-9.75,-0.38,-5.38,5.90,70,26,2.4,9.3,110,0,0,10.68,1.475,2.024,85.7,103.1
"2024-12-11 23:59:59",1262327,-13.85,-15.97,-12.16,0.31,-6.38,9.37,59,16,0.9,6.7,129,0,0,9.45,1.170,1.559,85.3,102.6
"2024-12-12 23:59:59",1262327,-13.70,-15.04,-10.01,4.46,-2.46,9.14,45,17,1.5,7.5,158,0,0,7.26,1.508,2.137,84.3,101.7
"2024-12-13 23:59:59",1262327,-9.54,-11.67,-8.47,1.99,-3.55,8.54,61,28,1.1,6.7,137,0,0,10.43,1.395,1.787,84.7,102.1
"2024-12-14 23:59:59",1262327,-8.88,-10.17,-6.96,5.47,-2.10,9.58,63,26,1.9,8.2,163,0,0,6.18,1.451,2.130,84.9,102.2
"2024-12-15 23:59:59",1262327,-8.77,-11.97,-4.92,3.44,-2.91,10.55,73,20,1.3,7.4,116,0,0,10.53,1.514,2.008,85.0,102.3
"2024-12-16 23:59:59",1262327,-12.11,-14.81,-9.41,3.65,-4.69,11.10,64,14,1.2,7.6,151,0,0,8.14,1.345,1.899,85.0,102.4
"2024-12-17 23:59:59",1262327,-9.29,-12.52,-5.81,5.20,-0.20,12.68,53,21,1.5,9.2,136,0,0,8.53,1.546,2.117,85.3,102.6
"2024-12-18 23:59:59",1262327,-6.82,-8.75,-4.83,5.69,-1.87,14.65,63,23,1.2,6.3,131,0,0,10.22,1.552,1.980,85.6,102.9
"2024-12-19 23:59:59",1262327,-6.55,-8.04,-4.84,5.63,-1.18,15.20,65,23,1.2,7.3,129,0,0,10.23,1.597,2.102,85.5,102.8
"2024-12-20 23:59:59",1262327,-7.68,-9.18,-5.39,5.81,-1.16,16.57,67,16,0.8,6.4,137,0,0,9.71,1.420,1.849,85.4,102.8
"2024-12-21 23:59:59",1262327,-8.47,-10.04,-6.41,6.48,-0.03,16.00,55,18,1.0,6.7,135,0,0,9.57,1.556,2.124,85.2,102.6
"2024-12-22 23:59:59",1262327,-8.11,-9.89,-2.17,7.43,1.50,14.47,52,19,0.8,6.3,135,0,0,8.27,1.219,1.609,85.0,102.3
"2024-12-23 23:59:59",1262327,-1.53,-3.12,0.37,7.88,3.01,14.71,74,35,1.2,5.8,130,0,0,10.05,1.436,1.779,85.1,102.4
"2024-12-24 23:59:59",1262327,-2.90,-4.63,3.25,6.91,-1.47,13.86,84,29,1.5,9.7,145,1,8,7.80,1.410,1.946,84.7,102.0
"2024-12-25 23:59:59",1262327,-0.94,-4.77,1.88,3.24,-0.52,6.56,93,57,2.5,10.9,140,2,19,4.49,0.692,0.963,84.4,101.8
"2024-12-26 23:59:59",1262327,-4.31,-5.41,-2.56,1.99,-2.28,8.34,83,42,1.0,6.6,156,0,0,8.35,0.999,1.248,84.6,102.0
"2024-12-27 23:59:59",1262327,-3.96,-5.86,-1.78,4.29,0.32,9.38,80,39,1.5,8.0,157,0,0,10.30,1.362,1.816,84.4,101.7
"2024-12-28 23:59:59",1262327,-2.42,-4.56,-0.78,3.92,-0.68,11.43,83,41,0.7,6.7,144,0,0,8.78,0.956,1.137,84.9,102.2
"2024-12-29 23:59:59",1262327,-3.28,-5.64,-1.35,6.77,-0.45,13.33,85,31,1.5,10.1,146,0,0,10.43,1.630,2.167,84.7,102.0
"2024-12-30 23:59:59",1262327,-4.68,-6.62,-1.59,4.28,-0.17,9.00,76,39,2.1,9.1,119,0,0,10.09,1.492,2.004,84.8,102.2
"2024-12-31 21:59:59",1262327,-8.13,-9.62,-6.15,0.61,-3.67,5.29,71,37,2.8,9.5,114,0,0,10.55,1.385,1.851,84.9,102.2
"2024-12-31 23:59:59",1262327,-8.26,-10.01,-6.15,0.37,-3.67,5.29,71,37,2.7,9.5,117,0,0,10.55,1.385,1.856,84.9,102.3
"2025-01-01 23:59:59",1262327,-9.80,-11.37,-7.99,-0.04,-6.45,6.81,73,29,0.7,5.6,153,0,0,7.90,0.861,1.097,85.1,102.4
"2025-01-02 23:59:59",1262327,-7.69,-9.23,-4.84,4.71,-1.42,14.04,61,22,0.7,4.1,141,0,0,10.23,1.355,1.691,85.2,102.6
"2025-01-03 23:59:59",1262327,-5.93,-9.29,-4.23,9.02,2.43,14.49,62,20,1.6,9.3,153,0,0,8.16,1.775,2.430,84.8,102.1
"2025-01-04 23:59:59",1262327,-9.79,-12.00,-7.22,6.33,1.57,10.86,52,21,2.4,8.8,151,0,0,9.72,1.993,2.728,84.6,101.9
"2025-01-05 23:59:59",1262327,-8.64,-9.48,-7.32,2.57,-2.77,8.39,65,29,2.3,9.0,132,0,0,10.18,1.583,2.172,85.2,102.5
"2025-01-06 23:59:59",1262327,-6.44,-9.09,-4.45,2.51,-3.31,8.86,69,34,1.9,8.2,134,0,0,8.89,1.285,1.686,84.9,102.2
"2025-01-07 23:59:59",1262327,-4.33,-8.09,-2.39,0.56,-1.84,1.73,79,61,3.8,11.7,138,1,4,3.86,0.732,1.027,85.0,102.3
"2025-01-08 23:59:59",1262327,-10.30,-12.53,-8.13,-1.15,-4.53,4.26,69,31,3.1,10.2,117,0,0,10.13,1.383,1.871,85.4,102.7
"2025-01-09 23:59:59",1262327,-9.41,-12.75,-6.63,-0.57,-2.59,3.04,67,43,3.8,14.4,106,0,1,10.03,1.406,1.934,85.2,102.5
"2025-01-10 23:59:59",1262327,-10.87,-16.71,-8.15,-0.29,-4.90,7.94,73,15,1.8,8.3,91,0,0,10.89,1.354,1.806,85.4,102.7
"2025-01-11 23:59:59",1262327,-9.78,-12.81,-3.39,0.07,-4.29,4.60,86,32,3.0,13.3,121,0,1,11.45,1.530,2.133,84.7,102.0
"2025-01-12 23:59:59",1262327,-8.45,-10.08,-5.21,-1.79,-4.23,2.23,74,40,3.1,11.4,132,0,1,10.15,1.208,1.636,84.8,102.1
"2025-01-13 23:59:59",1262327,-9.92,-11.73,-8.51,-2.94,-7.04,2.02,82,39,2.6,8.8,137,0,1,11.31,1.241,1.646,85.3,102.6
"2025-01-14 23:59:59",1262327,-10.54,-12.72,-9.34,-1.63,-6.36,4.13,69,35,3.0,10.9,113,0,0,11.43,1.503,2.051,85.6,102.9
"2025-01-15 23:59:59",1262327,-9.78,-12.53,-7.85,-0.80,-7.07,6.17,71,34,2.8,9.5,125,0,0,11.69,1.606,2.187,85.7,103.0
"2025-01-16 23:59:59",1262327,-13.24,-15.93,-9.71,-0.24,-8.41,11.16,76,14,0.9,6.8,136,0,0,11.98,1.584,2.071,85.1,102.4
"2025-01-17 23:59:59",1262327,-14.51,-16.08,-12.05,-0.28,-6.28,8.15,50,20,1.2,7.8,137,0,0,11.87,1.561,2.079,84.6,101.9
"2025-01-18 23:59:59",1262327,-14.25,-19.49,-8.03,-1.83,-4.86,1.87,59,19,3.5,12.0,104,0,0,12.10,1.676,2.348,85.1,102.4
"2025-01-19 23:59:59",1262327,-19.35,-20.86,-16.95,-3.37,-12.13,5.18,51,16,1.3,7.9,128,0,0,12.25,1.502,1.921,84.9,102.2
"2025-01-20 23:59:59",1262327,-17.98,-23.35,-11.87,-5.25,-8.39,-1.90,58,24,3.9,14.1,150,0,0,12.52,1.499,2.115,85.4,102.7
"2025-01-21 23:59:59",1262327,-24.70,-27.57,-23.09,-4.42,-11.73,4.55,39,10,1.5,8.4,134,0,0,12.55,1.504,1.924,85.8,103.2
"2025-01-22 23:59:59",1262327,-21.03,-25.21,-16.25,0.28,-7.34,7.00,24,10,3.2,16.3,141,0,0,12.54,2.409,3.475,85.6,102.9
"2025-01-23 23:59:59",1262327,-18.44,-20.86,-15.57,-1.59,-6.18,4.82,40,17,2.5,9.3,114,0,0,12.66,1.774,2.419,85.9,103.3
"2025-01-24 23:59:59",1262327,-21.70,-24.69,-19.42,-0.45,-7.15,9.13,37,9,1.1,6.9,136,0,0,12.63,1.742,2.362,84.9,102.2
"2025-01-25 23:59:59",1262327,-19.94,-24.42,-8.46,1.03,-2.89,6.93,60,9,1.4,7.6,132,0,0,6.28,1.100,1.539,84.1,101.4
"2025-01-26 23:59:59",1262327,-8.30,-9.44,-7.49,-1.95,-5.02,3.32,77,42,3.7,10.0,135,0,0,7.13,1.055,1.450,84.7,102.0
"2025-01-27 23:59:59",1262327,-8.99,-11.34,-6.86,-2.14,-5.09,2.13,76,42,3.4,9.7,112,0,1,7.40,1.015,1.372,84.8,102.1
"2025-01-28 23:59:59",1262327,-10.22,-12.77,-6.56,-1.48,-4.66,3.03,68,36,2.2,8.2,109,0,2,6.85,1.034,1.424,84.5,101.8
"2025-01-29 23:59:59",1262327,-12.04,-13.28,-10.10,0.30,-5.61,6.98,60,24,2.4,9.2,121,0,0,11.82,1.777,2.434,84.4,101.8
"2025-01-30 23:59:59",1262327,-12.90,-15.51,-10.20,2.48,-4.17,10.81,54,15,3.2,12.4,123,0,0,13.51,2.500,3.508,84.8,102.1
"2025-01-31 23:59:59",1262327,-14.37,-18.21,-11.63,2.83,-7.30,10.58,45,19,1.4,6.9,155,0,0,11.58,1.756,2.368,85.2,102.5
"2025-02-01 23:59:59",1262327,-10.58,-13.19,-4.55,7.01,0.62,13.15,39,19,1.5,7.8,171,0,0,12.69,2.167,2.953,84.8,102.2
"2025-02-02 23:59:59",1262327,-0.54,-7.58,2.61,11.33,7.05,15.96,58,33,2.3,8.4,179,0,0,12.97,2.516,3.377,84.8,102.1
"2025-02-03 23:59:59",1262327,-1.09,-3.75,0.86,13.94,10.95,18.52,52,24,1.8,9.8,169,0,0,11.49,2.453,3.353,84.7,102.0
"2025-02-04 23:59:59",1262327,-1.91,-3.87,0.00,14.48,11.65,18.84,41,25,3.3,12.6,180,0,0,12.84,3.564,4.963,84.3,101.6
"2025-02-05 23:59:59",1262327,-0.51,-2.75,1.57,11.25,7.92,15.56,64,36,2.1,11.7,164,0,0,10.25,2.159,2.915,84.5,101.8
"2025-02-06 23:59:59",1262327,-1.46,-5.39,1.60,11.10,7.85,15.30,61,24,2.4,12.1,174,0,0,14.42,2.854,3.888,84.4,101.7
"2025-02-07 23:59:59",1262327,0.90,-1.61,2.63,10.63,7.52,14.54,68,41,2.3,11.5,169,0,7,9.48,1.946,2.655,84.4,101.8
"2025-02-08 23:59:59",1262327,-5.12,-15.45,-1.75,4.47,-0.09,11.73,83,18,2.6,10.8,135,0,1,14.72,2.189,2.743,84.8,102.1
"2025-02-09 23:59:59",1262327,-9.18,-11.79,-6.55,1.59,-4.41,8.98,77,23,2.8,9.7,129,0,0,14.18,2.005,2.600,85.0,102.3
"2025-02-10 23:59:59",1262327,-11.65,-15.29,-8.93,2.23,-4.66,11.42,64,14,2.0,8.4,151,0,0,15.21,2.195,2.849,84.5,101.8
"2025-02-11 23:59:59",1262327,-11.67,-15.27,-7.41,-0.86,-5.12,6.84,63,27,1.9,10.9,124,0,0,12.46,1.654,2.147,83.7,101.1
"2025-02-12 23:59:59",1262327,-15.32,-20.45,-11.43,-3.42,-8.66,4.15,73,21,1.7,7.0,130,0,1,15.58,1.711,2.172,84.0,101.4
"2025-02-13 23:59:59",1262327,-6.88,-20.22,1.58,-1.02,-8.07,2.82,98,25,2.3,9.3,168,44,63,4.33,0.500,0.642,84.3,101.6
"2025-02-14 23:59:59",1262327,1.48,-1.08,3.19,2.45,-0.47,3.73,99,81,1.0,7.8,155,13,82,3.61,0.441,0.494,84.2,101.5
"2025-02-15 23:59:59",1262327,-3.34,-7.76,0.16,3.26,-0.52,8.94,99,31,1.8,8.8,121,0,1,16.30,2.076,2.603,84.9,102.3
"2025-02-16 23:59:59",1262327,-3.73,-6.56,-0.44,3.36,-2.82,12.18,85,39,0.9,6.2,144,0,0,14.18,1.779,2.123,84.9,102.2
"2025-02-17 23:59:59",1262327,-2.16,-3.64,-0.48,5.64,0.08,11.87,82,38,1.0,6.1,139,0,0,14.49,1.864,2.250,84.3,101.6
"2025-02-18 23:59:59",1262327,-6.04,-7.96,-0.69,5.38,1.31,9.88,72,28,2.4,8.6,127,0,0,16.56,2.540,3.294,84.7,102.0
"2025-02-19 23:59:59",1262327,-6.67,-9.07,-4.78,3.99,-1.34,11.03,71,28,1.1,5.5,161,0,0,12.34,1.836,2.325,84.9,102.2
"2025-02-20 23:59:59",1262327,-4.48,-7.76,-0.92,5.23,0.52,9.42,69,38,2.8,12.0,107,0,0,16.89,2.586,3.344,84.7,102.0
"2025-02-21 23:59:59",1262327,-4.17,-5.07,-3.53,3.30,-0.32,9.47,79,38,2.9,9.4,135,0,0,16.21,2.206,2.847,85.2,102.5
"2025-02-22 23:59:59",1262327,-5.95,-10.77,-3.51,4.90,-2.28,14.30,79,17,1.6,6.3,147,0,0,15.85,2.293,2.790,85.4,102.7
"2025-02-23 23:59:59",1262327,-6.90,-10.99,-4.36,7.44,-2.18,16.34,64,20,1.4,7.9,142,0,0,16.65,2.799,3.570,85.4,102.7
"2025-02-24 23:59:59",1262327,-4.00,-6.04,-1.95,10.05,1.26,20.05,65,20,0.9,6.2,138,0,0,17.35,2.896,3.529,85.1,102.4
"2025-02-25 23:59:59",1262327,-7.03,-14.47,0.23,12.41,5.13,20.87,63,9,1.4,9.9,149,0,0,17.42,3.378,4.258,84.8,102.1
"2025-02-26 23:59:59",1262327,-9.19,-12.65,-5.60,6.24,1.15,12.37,59,17,4.3,13.7,150,0,0,18.12,3.586,4.891,85.2,102.5
"2025-02-27 23:59:59",1262327,-9.62,-10.95,-8.13,6.08,-2.47,14.88,62,16,2.2,8.3,115,0,0,18.28,3.095,4.083,85.5,102.8
"2025-02-28 23:59:59",1262327,-10.98,-12.81,-9.28,7.60,-3.15,17.93,54,11,1.6,6.9,119,0,0,18.33,3.339,4.340,85.0,102.3
"2025-03-01 23:59:59",1262327,-8.61,-10.89,-7.06,10.16,3.78,17.64,46,17,2.5,8.2,114,0,0,17.61,3.765,5.119,84.4,101.7
"2025-03-02 23:59:59",1262327,-7.78,-14.96,-4.09,7.51,1.05,15.72,63,18,2.6,14.4,155,0,4,17.45,3.472,4.687,84.1,101.4
"2025-03-03 23:59:59",1262327,-1.61,-4.29,0.87,1.19,-0.43,2.89,98,62,1.3,7.0,163,6,50,6.51,0.674,0.806,83.9,101.2
"2025-03-04 23:59:59",1262327,-1.29,-3.96,1.39,4.83,0.15,11.57,95,34,1.8,7.4,126,0,1,18.07,2.344,2.821,84.7,102.0
"2025-03-05 23:59:59",1262327,-1.55,-3.84,3.15,4.75,-1.18,11.82,91,35,1.5,9.0,154,7,30,10.55,1.746,2.208,84.3,101.7
"2025-03-06 23:59:59",1262327,-1.01,-4.47,1.39,1.44,0.07,3.10,98,66,2.2,13.2,166,28,57,10.23,1.024,1.190,83.4,100.8
"2025-03-07 23:59:59",1262327,-3.45,-5.64,-1.28,0.91,-3.79,4.13,95,60,2.7,9.9,160,0,0,10.10,1.314,1.676,84.1,101.5
"2025-03-08 23:59:59",1262327,-4.92,-6.77,-3.35,3.48,-0.97,9.64,76,35,2.9,9.9,158,0,0,19.90,2.654,3.376,85.2,102.5
"2025-03-09 23:59:59",1262327,-5.66,-9.72,-2.39,6.02,-3.29,15.16,86,17,1.4,7.0,153,0,0,20.33,2.999,3.659,85.3,102.6
"2025-03-10 23:59:59",1262327,-7.05,-12.24,-4.08,7.99,1.67,16.57,62,13,1.2,7.4,134,0,0,20.32,3.301,4.156,84.6,101.9
"2025-03-11 23:59:59",1262327,-5.73,-8.12,0.10,8.04,1.01,15.72,71,19,1.6,8.3,157,0,3,17.55,3.086,3.998,84.1,101.5
"2025-03-12 23:59:59",1262327,2.01,-0.16,4.54,6.46,3.57,9.04,95,59,2.2,9.5,174,8,46,8.58,1.318,1.669,84.3,101.6
"2025-03-13 23:59:59",1262327,1.17,-1.99,4.40,3.04,-0.76,6.32,97,73,2.1,12.9,165,31,77,2.51,0.416,0.559,83.5,100.8
"2025-03-14 23:59:59",1262327,-3.55,-7.56,-0.59,-0.65,-5.58,3.43,93,65,1.2,6.6,147,2,22,14.33,1.495,1.700,83.7,101.1
"2025-03-15 23:59:59",1262327,-3.75,-7.16,-1.73,2.61,-2.00,8.85,97,34,0.9,6.9,179,0,14,16.45,2.018,2.390,84.2,101.5
"2025-03-16 23:59:59",1262327,-2.24,-3.99,-0.02,5.91,-1.80,12.66,91,35,1.5,7.9,152,0,0,18.34,2.615,3.231,84.9,102.2
"2025-03-17 23:59:59",1262327,-2.32,-5.52,0.88,10.57,7.46,14.88,62,27,3.2,13.5,182,0,5,17.12,3.512,4.686,84.3,101.6
"2025-03-18 23:59:59",1262327,-2.69,-7.08,1.67,1.88,-1.16,5.59,95,40,2.2,10.3,102,5,27,13.99,1.602,1.935,84.6,101.9
"2025-03-19 23:59:59",1262327,-8.32,-10.78,-4.88,1.81,-3.41,8.59,68,26,2.0,7.9,123,0,0,22.00,2.640,3.244,85.5,102.8
"2025-03-20 23:59:59",1262327,-8.81,-11.13,-5.72,7.39,0.80,12.93,64,21,1.5,5.8,168,0,0,18.45,3.013,3.842,84.9,102.2
"2025-03-21 23:59:59",1262327,-5.21,-6.46,-3.31,7.31,-2.00,15.82,78,23,1.1,6.6,145,0,0,19.67,3.088,3.832,84.7,102.0
"2025-03-22 23:59:59",1262327,-2.73,-4.92,-0.20,9.47,1.58,16.87,67,26,1.1,6.8,157,0,0,17.03,2.892,3.614,84.5,101.8
"2025-03-23 23:59:59",1262327,-2.42,-3.57,-1.20,11.04,1.95,18.53,73,23,2.1,7.9,138,0,0,22.36,4.156,5.344,85.0,102.3
"2025-03-24 23:59:59",1262327,-1.91,-3.19,-0.45,13.15,4.50,22.31,63,20,2.4,8.3,130,0,0,22.90,4.716,6.146,85.2,102.6
"2025-03-25 23:59:59",1262327,-0.28,-2.33,1.24,14.81,6.56,24.52,61,17,1.7,7.5,144,0,0,23.00,4.407,5.498,85.1,102.4
"2025-03-26 23:59:59",1262327,-2.52,-7.54,2.06,15.09,5.04,25.72,73,10,1.1,7.7,137,0,0,22.61,4.411,5.476,84.7,102.0
"2025-03-27 23:59:59",1262327,-4.05,-6.93,0.56,15.71,6.94,23.67,55,16,2.1,11.5,151,0,0,19.29,4.694,6.270,84.4,101.7
"2025-03-28 23:59:59",1262327,-6.45,-9.57,-3.67,13.39,5.33,16.71,46,17,2.0,8.6,165,0,0,15.96,3.594,4.908,84.0,101.4
"2025-03-29 23:59:59",1262327,-3.11,-6.28,0.06,7.55,1.15,14.38,71,26,1.6,9.7,138,0,1,16.75,2.885,3.649,84.0,101.4
"2025-03-30 23:59:59",1262327,-4.56,-8.69,-1.02,9.40,0.73,16.45,80,21,1.6,8.9,161,0,0,17.10,3.175,4.151,84.2,101.6
"2025-03-31 23:59:59",1262327,-3.64,-8.37,-1.05,12.41,9.21,16.35,47,23,3.0,11.6,177,0,0,21.87,4.521,5.947,84.1,101.4
"2025-04-01 23:59:59",1262327,-9.02,-15.09,-1.76,6.74,1.87,10.29,58,15,2.1,10.1,193,0,3,18.50,3.160,4.107,83.6,100.9
"2025-04-02 23:59:59",1262327,-5.17,-9.39,-0.47,2.24,-0.89,7.96,97,26,1.4,7.4,162,8,36,10.65,1.712,2.138,83.5,100.8
"2025-04-03 23:59:59",1262327,-1.65,-4.43,1.07,2.29,-0.48,6.09,94,51,1.7,8.2,115,1,23,18.88,2.000,2.326,84.0,101.3
"2025-04-04 23:59:59",1262327,-3.87,-6.84,-1.75,4.38,0.03,9.91,81,30,3.2,11.6,134,0,0,21.02,3.020,3.917,84.7,102.0
"2025-04-05 23:59:59",1262327,-5.40,-9.13,-2.68,6.29,1.34,12.62,74,22,2.9,10.4,123,0,0,25.22,3.919,5.056,85.3,102.6
"2025-04-06 23:59:59",1262327,-8.21,-10.70,-6.44,8.45,-0.99,17.71,67,14,1.6,7.9,117,0,0,25.10,4.369,5.566,85.2,102.5
"2025-04-07 23:59:59",1262327,-8.25,-12.07,-4.76,11.71,0.62,20.46,57,13,1.4,7.4,154,0,0,22.92,4.316,5.513,84.9,102.2
"2025-04-08 23:59:59",1262327,-5.31,-8.76,-1.23,13.81,5.18,22.62,54,16,1.2,7.4,148,0,0,22.36,4.349,5.486,84.8,102.1
"2025-04-09 23:59:59",1262327,-2.71,-4.23,0.48,15.29,4.12,25.54,62,14,1.2,7.2,148,0,0,25.21,5.001,6.215,85.2,102.5
"2025-04-10 23:59:59",1262327,-3.75,-9.49,-0.28,17.33,8.24,27.64,52,8,1.3,7.0,150,0,0,25.48,5.228,6.548,85.4,102.7
"2025-04-11 23:59:59",1262327,-4.95,-8.34,0.17,17.73,7.97,27.33,53,10,1.2,7.6,144,0,0,24.52,5.162,6.524,85.0,102.3
"2025-04-12 23:59:59",1262327,-7.04,-11.30,-2.99,17.99,10.32,23.98,35,10,1.7,10.8,144,0,0,20.30,4.829,6.496,84.5,101.8
"2025-04-13 23:59:59",1262327,-4.65,-11.71,0.10,14.48,8.79,21.82,53,13,2.7,9.3,125,0,0,25.52,5.373,6.938,84.6,101.9
"2025-04-14 23:59:59",1262327,-8.84,-10.58,-6.89,13.60,4.33,22.07,42,12,2.8,10.0,128,0,0,25.06,5.423,7.213,85.0,102.3
"2025-04-15 23:59:59",1262327,-4.31,-8.29,-1.15,16.40,6.99,24.02,52,14,1.2,7.3,143,0,0,25.73,5.040,6.197,84.8,102.1
"2025-04-16 23:59:59",1262327,-2.02,-8.87,1.32,15.76,7.46,23.11,52,16,1.3,9.1,153,0,0,21.62,4.280,5.329,84.2,101.5
"2025-04-17 23:59:59",1262327,-0.79,-5.92,2.98,10.47,3.06,15.80,95,23,2.4,14.4,145,6,7,13.26,2.964,4.023,83.9,101.2
"2025-04-18 23:59:59",1262327,-1.64,-4.79,0.85,2.10,-0.90,5.07,95,52,2.3,10.7,135,4,15,13.41,1.456,1.756,84.2,101.6
"2025-04-19 23:59:59",1262327,-5.91,-11.17,-2.11,5.56,-0.70,12.82,79,17,2.6,9.1,122,0,0,27.14,3.948,4.997,84.8,102.1
"2025-04-20 23:59:59",1262327,-6.96,-10.06,-3.86,9.75,0.17,19.37,67,14,1.4,7.5,149,0,0,27.27,4.772,5.942,84.8,102.1
"2025-04-21 23:59:59",1262327,-7.51,-10.14,-3.09,12.92,3.60,22.21,54,10,1.3,7.4,148,0,0,27.39,5.190,6.483,84.6,101.9
"2025-04-22 23:59:59",1262327,-5.92,-8.19,-2.29,14.40,4.50,23.54,56,12,1.3,7.5,151,0,0,27.25,5.274,6.543,84.4,101.7
"2025-04-23 23:59:59",1262327,-4.84,-8.16,-0.30,15.62,6.98,22.99,54,13,1.6,8.9,160,0,0,24.51,5.037,6.481,84.2,101.6
"2025-04-24 23:59:59",1262327,-3.56,-6.85,-0.03,15.68,7.92,22.72,54,15,1.5,8.9,165,0,0,26.56,5.246,6.611,84.3,101.7
"2025-04-25 23:59:59",1262327,-6.95,-14.60,-1.18,14.60,5.57,21.80,54,11,2.8,12.4,161,0,0,26.55,5.989,7.928,84.1,101.4
"2025-04-26 23:59:59",1262327,-8.23,-14.29,-4.33,14.29,7.45,20.69,34,13,2.6,11.6,176,0,0,27.21,5.865,7.745,83.9,101.3
"2025-04-27 23:59:59",1262327,-5.17,-9.88,-1.25,8.95,3.64,13.12,66,22,2.6,10.1,179,0,4,24.08,4.073,5.265,84.2,101.5
"2025-04-28 23:59:59",1262327,-2.55,-6.18,3.55,8.04,1.96,13.03,73,34,2.0,9.1,157,1,7,18.20,3.002,3.789,84.6,101.9
"2025-04-29 23:59:59",1262327,-2.44,-6.17,0.34,10.71,1.87,19.09,82,18,2.0,8.9,142,0,0,24.56,4.291,5.312,84.7,102.0
"2025-04-30 23:59:59",1262327,-0.64,-6.09,6.17,13.15,6.59,19.25,79,23,1.5,8.3,162,0,0,13.44,2.983,3.774,84.5,101.9
"2025-05-01 23:59:59",1262327,0.87,-4.49,5.24,14.20,8.28,21.21,78,20,2.6,8.5,132,0,0,24.82,5.088,6.498,84.6,102.0
"2025-05-02 23:59:59",1262327,-1.47,-3.33,0.60,15.41,5.68,24.85,57,17,1.2,6.6,139,0,0,26.92,5.064,6.103,84.6,101.9
"2025-05-03 23:59:59",1262327,0.08,-2.50,7.90,16.64,9.00,24.13,81,18,1.4,9.4,149,1,9,23.31,4.947,6.198,84.4,101.7
"2025-05-04 23:59:59",1262327,5.86,3.95,8.33,10.48,7.61,15.26,94,51,1.3,8.9,136,6,27,12.40,2.084,2.489,83.8,101.1
"2025-05-05 23:59:59",1262327,5.67,4.37,7.78,8.16,7.06,9.98,95,74,1.6,6.8,142,15,35,8.12,1.077,1.273,83.9,101.3
"2025-05-06 23:59:59",1262327,6.23,4.03,8.14,8.23,6.86,11.36,97,67,1.4,7.7,108,5,35,8.43,1.277,1.449,84.4,101.7
"2025-05-07 23:59:59",1262327,5.92,3.86,8.73,12.49,6.29,19.58,94,36,1.7,7.5,132,0,0,22.75,3.774,4.520,84.8,102.1
"2025-05-08 23:59:59",1262327,6.45,4.34,8.22,15.81,6.24,25.02,96,27,1.0,6.0,149,0,0,28.68,5.246,6.114,85.1,102.5
"2025-05-09 23:59:59",1262327,3.09,-0.96,6.82,19.05,9.06,28.13,80,15,1.2,7.1,144,0,0,27.57,5.723,6.967,85.3,102.6
"2025-05-10 23:59:59",1262327,1.21,-2.79,4.90,20.61,11.65,29.35,59,12,1.2,7.9,155,0,0,27.38,5.886,7.295,85.1,102.4
"2025-05-11 23:59:59",1262327,0.31,-2.85,4.15,21.93,13.04,29.18,54,12,2.3,11.5,166,0,0,28.21,6.999,9.189,84.7,102.0
"2025-05-12 23:59:59",1262327,-4.41,-9.08,1.02,22.22,18.79,27.20,27,9,3.4,14.2,175,0,0,28.84,7.882,10.707,84.1,101.4
"2025-05-13 23:59:59",1262327,-3.86,-8.60,4.01,14.35,6.06,17.95,88,15,2.8,13.0,178,1,6,24.76,5.359,7.070,84.0,101.3
"2025-05-14 23:59:59",1262327,0.51,-4.02,4.34,9.79,5.00,15.37,94,26,1.4,9.1,135,2,9,23.61,3.711,4.440,84.4,101.7
"2025-05-15 23:59:59",1262327,-3.15,-6.70,0.96,12.74,2.78,21.13,76,17,1.2,7.9,160,0,0,29.34,5.291,6.393,84.5,101.9
"2025-05-16 23:59:59",1262327,-4.33,-5.79,-2.23,15.05,5.40,23.12,55,14,1.1,7.8,151,0,0,23.46,4.581,5.737,84.5,101.8
"2025-05-17 23:59:59",1262327,-1.34,-4.39,7.12,15.79,8.38,21.09,93,20,2.3,11.7,163,5,12,17.51,4.581,6.269,84.1,101.4
"2025-05-18 23:59:59",1262327,5.32,1.98,7.30,9.66,6.58,15.07,96,47,1.6,8.4,128,3,32,17.38,2.589,3.075,84.1,101.4
"2025-05-19 23:59:59",1262327,-0.38,-2.76,3.07,11.56,4.20,17.37,86,30,2.6,10.0,119,0,0,27.98,5.117,6.506,84.7,102.0
"2025-05-20 23:59:59",1262327,-2.20,-5.43,0.11,15.52,3.82,24.66,70,14,1.4,7.5,159,0,0,29.57,5.724,6.975,84.8,102.2
"2025-05-21 23:59:59",1262327,-2.22,-5.27,1.77,18.48,8.18,28.30,57,11,1.4,7.6,150,0,0,29.09,6.091,7.643,84.8,102.1
"2025-05-22 23:59:59",1262327,-3.52,-8.30,0.30,21.49,10.46,29.82,43,10,1.7,9.3,156,0,0,29.75,6.877,8.870,84.6,101.9
"2025-05-23 23:59:59",1262327,-5.78,-8.32,-3.67,21.94,10.83,29.45,36,10,1.8,10.1,159,0,0,30.24,7.069,9.178,84.4,101.8
"2025-05-24 23:59:59",1262327,-4.80,-9.31,1.23,21.34,14.35,27.59,45,11,1.7,8.3,163,0,0,26.20,6.125,7.874,84.5,101.8
"2025-05-25 23:59:59",1262327,0.33,-4.18,2.32,17.44,10.46,24.32,54,16,1.4,10.1,146,0,1,17.89,4.130,5.357,84.7,102.0
"2025-05-26 23:59:59",1262327,-1.00,-3.64,1.95,19.70,8.36,28.85,56,12,1.2,7.7,150,0,0,29.08,6.207,7.703,84.6,101.9
"2025-05-27 23:59:59",1262327,-0.70,-3.52,2.81,20.00,10.69,28.11,47,14,1.0,8.1,139,0,0,22.77,4.991,6.238,84.8,102.2
"2025-05-28 23:59:59",1262327,-0.50,-7.55,2.44,21.38,10.65,31.22,52,10,1.2,7.9,145,0,0,27.61,6.195,7.682,84.8,102.1
"2025-05-29 23:59:59",1262327,-2.88,-7.95,0.84,22.45,10.55,31.85,33,9,1.0,6.6,171,0,0,29.58,6.167,7.385,84.8,102.1
"2025-05-30 23:59:59",1262327,0.71,-1.35,3.17,24.65,12.87,33.82,41,10,1.3,9.1,141,0,0,29.22,6.760,8.462,85.1,102.4
"2025-05-31 23:59:59",1262327,1.15,-0.96,3.55,25.98,17.84,33.59,34,13,1.3,12.3,139,0,1,20.56,5.472,6.979,84.9,102.2
"2025-06-01 23:59:59",1262327,3.25,0.64,7.41,24.53,14.19,32.64,45,15,1.7,10.3,159,0,0,27.52,6.862,8.824,84.6,101.9
"2025-06-02 23:59:59",1262327,11.38,7.41,15.96,18.95,14.98,24.02,84,41,1.5,8.0,177,1,10,13.53,2.949,3.659,84.6,102.0
"2025-06-03 23:59:59",1262327,9.40,0.38,12.34,19.53,12.14,25.60,88,22,1.0,6.3,166,0,2,18.44,3.927,4.697,84.6,101.9
"2025-06-04 23:59:59",1262327,7.81,4.09,11.47,19.56,12.55,27.47,89,28,1.4,8.4,158,3,11,24.79,5.227,6.411,84.5,101.8
"2025-06-05 23:59:59",1262327,10.07,6.36,12.58,16.23,11.76,25.09,98,30,1.8,7.7,150,15,24,23.54,4.684,5.694,84.7,102.0
"2025-06-06 23:59:59",1262327,9.69,5.94,12.08,17.93,9.91,26.33,100,28,1.1,8.1,147,0,1,24.89,5.031,6.025,84.8,102.1
"2025-06-07 23:59:59",1262327,7.58,4.34,11.68,20.95,11.76,29.38,80,21,0.7,5.7,153,0,0,25.82,5.217,6.068,84.9,102.2
"2025-06-08 23:59:59",1262327,6.17,3.82,9.21,21.56,12.99,29.72,71,21,0.8,5.7,132,0,0,16.86,3.748,4.557,84.8,102.2
"2025-06-09 23:59:59",1262327,5.05,1.60,8.42,23.90,15.74,32.87,55,15,1.7,8.2,153,0,0,29.63,7.044,8.926,84.8,102.1
"2025-06-10 23:59:59",1262327,4.91,3.46,8.01,25.58,14.65,34.20,54,15,1.2,7.4,156,0,0,30.17,6.847,8.357,84.8,102.1
"2025-06-11 23:59:59",1262327,2.61,-1.75,6.61,26.18,16.34,34.17,50,12,1.6,10.2,159,0,0,30.26,7.442,9.545,84.7,102.0
"2025-06-12 23:59:59",1262327,-0.77,-4.06,2.11,25.30,14.92,33.14,39,10,1.7,10.3,159,0,0,30.72,7.513,9.721,84.5,101.8
"2025-06-13 23:59:59",1262327,-1.96,-5.52,1.61,24.56,12.86,32.68,39,9,1.9,10.2,161,0,0,31.07,7.703,10.038,84.5,101.9
"2025-06-14 23:59:59",1262327,-2.34,-5.26,0.04,24.95,13.56,34.10,36,10,1.6,11.7,160,0,0,30.98,7.390,9.459,84.8,102.1
"2025-06-15 23:59:59",1262327,-5.36,-10.22,0.92,25.23,14.81,34.95,32,5,1.3,7.5,149,0,0,28.08,6.555,8.360,84.9,102.2
"2025-06-16 23:59:59",1262327,-8.29,-12.98,-4.16,26.92,15.62,35.71,22,5,2.0,10.7,161,0,0,31.05,8.256,10.930,84.7,102.0
"2025-06-17 23:59:59",1262327,-5.01,-11.47,-1.59,25.87,14.40,32.68,23,8,1.8,9.9,139,0,0,30.75,7.523,9.719,84.6,101.9
"2025-06-18 23:59:59",1262327,-3.29,-6.26,-0.99,27.08,17.71,35.75,28,7,1.4,6.6,165,0,0,30.84,7.354,9.269,84.7,102.1
"2025-06-19 23:59:59",1262327,-5.16,-7.93,-1.57,27.38,15.98,36.09,26,7,2.1,10.8,163,0,0,30.90,8.399,11.186,84.5,101.8
"2025-06-20 23:59:59",1262327,-5.06,-8.37,0.12,26.69,17.64,33.06,24,8,2.7,11.4,173,0,0,30.47,8.670,11.691,84.1,101.5
"2025-06-21 23:59:59",1262327,-4.88,-8.17,-1.21,25.79,20.81,30.59,31,8,3.7,14.0,178,0,0,30.43,9.426,13.189,83.9,101.3
"2025-06-22 23:59:59",1262327,-3.90,-10.46,0.10,16.52,9.17,24.39,47,11,2.3,13.4,144,0,0,22.82,5.196,6.681,84.6,101.9
"2025-06-23 23:59:59",1262327,-3.83,-5.89,-1.44,20.23,11.71,29.04,36,11,2.2,7.9,150,0,0,30.57,7.074,9.102,84.7,102.0
"2025-06-24 23:59:59",1262327,-2.11,-5.86,0.21,20.93,10.37,29.03,38,12,1.3,8.9,158,0,0,29.74,6.449,8.053,84.8,102.1
"2025-06-25 23:59:59",1262327,-3.27,-6.95,1.14,22.07,13.06,30.30,39,10,1.2,7.3,156,0,0,28.97,6.290,7.798,84.9,102.2
"2025-06-26 23:59:59",1262327,-4.68,-6.49,-1.17,23.50,13.52,32.13,33,8,1.2,8.4,149,0,0,29.95,6.679,8.355,84.8,102.1
"2025-06-27 23:59:59",1262327,-4.20,-6.46,-2.05,23.37,13.17,31.88,31,9,1.4,8.5,153,0,0,29.02,6.644,8.461,84.9,102.2
"2025-06-28 23:59:59",1262327,-1.99,-4.60,1.87,24.28,14.21,32.97,38,10,1.3,7.3,153,0,0,28.80,6.642,8.371,85.0,102.3
"2025-06-29 23:59:59",1262327,-2.06,-4.03,0.58,25.32,14.60,34.29,36,9,1.1,7.5,150,0,0,27.63,6.247,7.796,85.0,102.3
"2025-06-30 23:59:59",1262327,-0.26,-1.89,1.00,27.71,16.02,37.19,32,9,1.4,7.2,149,0,0,30.46,7.400,9.395,84.8,102.1
"2025-07-01 23:59:59",1262327,3.11,-0.13,13.19,27.64,18.46,36.40,45,11,1.2,8.9,154,0,1,23.02,5.978,7.611,84.8,102.1
"2025-07-02 23:59:59",1262327,6.43,2.95,9.66,23.69,17.35,30.20,56,23,1.2,7.9,182,0,3,18.93,4.848,6.181,84.8,102.1
"2025-07-03 23:59:59",1262327,8.34,0.97,14.06,22.28,17.13,29.74,76,15,1.5,10.6,184,1,12,17.53,4.285,5.498,84.8,102.2
"2025-07-04 23:59:59",1262327,5.62,0.78,9.13,24.46,14.66,31.94,62,16,2.0,9.5,173,0,0,29.77,7.184,9.245,85.0,102.3
"2025-07-05 23:59:59",1262327,0.76,-5.01,5.87,24.98,15.43,32.83,44,10,1.8,9.1,161,0,0,29.73,7.207,9.349,85.1,102.5
"2025-07-06 23:59:59",1262327,-3.42,-9.23,0.34,25.05,12.93,34.36,34,9,1.2,9.2,145,0,0,29.77,6.767,8.454,85.0,102.3
"2025-07-07 23:59:59",1262327,-4.96,-9.24,-1.06,26.26,14.83,35.21,23,7,1.4,8.7,150,0,0,29.92,7.125,9.065,85.0,102.3
"2025-07-08 23:59:59",1262327,2.51,-2.65,6.57,27.35,17.17,36.13,35,12,1.4,8.9,148,0,0,28.97,6.977,8.826,85.3,102.6
"2025-07-09 23:59:59",1262327,4.31,1.53,6.92,28.71,19.37,37.67,41,13,1.6,8.6,156,0,0,29.67,7.608,9.765,85.1,102.4
"2025-07-10 23:59:59",1262327,-3.21,-6.93,1.67,27.88,19.62,36.21,30,6,1.6,8.4,137,0,0,30.07,7.429,9.574,84.9,102.2
"2025-07-11 23:59:59",1262327,-4.23,-6.47,-0.33,27.29,17.50,36.62,21,7,1.7,7.3,155,0,0,29.75,7.529,9.743,84.8,102.1
"2025-07-12 23:59:59",1262327,0.01,-5.98,2.87,29.27,19.37,37.07,25,9,1.6,7.4,154,0,0,30.55,7.708,9.821,84.9,102.3
"2025-07-13 23:59:59",1262327,0.95,-0.91,3.48,28.81,17.31,37.50,34,9,1.0,7.4,160,0,0,27.24,6.153,7.503,85.0,102.3
"2025-07-14 23:59:59",1262327,1.71,-0.43,4.35,29.17,18.88,38.21,30,10,1.1,7.2,163,0,0,24.48,6.186,7.839,84.9,102.2
"2025-07-15 23:59:59",1262327,5.11,2.48,7.59,29.23,20.99,36.37,35,14,1.9,9.2,161,0,0,28.40,7.735,10.154,84.8,102.1
"2025-07-16 23:59:59",1262327,7.79,5.12,9.84,28.11,19.70,33.85,48,19,1.9,8.3,166,0,0,27.79,7.177,9.307,84.8,102.1
"2025-07-17 23:59:59",1262327,10.64,7.26,16.28,22.90,16.83,32.25,96,27,1.6,11.5,146,7,7,19.93,4.895,6.119,84.9,102.2
"2025-07-18 23:59:59",1262327,11.36,9.60,12.90,22.86,14.24,31.41,87,26,1.6,8.1,151,0,0,27.29,6.294,7.809,85.0,102.3
"2025-07-19 23:59:59",1262327,9.39,5.66,14.72,23.02,13.97,32.95,84,20,1.3,7.8,143,0,3,25.13,5.874,7.274,85.0,102.4
"2025-07-20 23:59:59",1262327,4.51,1.81,8.44,25.44,14.86,33.82,60,13,1.5,8.1,165,0,0,29.13,7.144,9.091,84.9,102.2
"2025-07-21 23:59:59",1262327,5.03,-3.89,14.73,24.32,17.64,29.77,66,14,1.4,11.7,173,0,4,20.75,4.878,6.196,84.8,102.1
"2025-07-22 23:59:59",1262327,2.81,-1.77,6.87,23.64,14.13,30.79,43,16,1.5,9.6,154,0,0,27.60,6.342,8.021,84.8,102.1
"2025-07-23 23:59:59",1262327,0.18,-4.87,4.89,23.03,13.79,31.15,51,10,1.4,8.6,153,0,0,29.20,6.587,8.326,84.9,102.3
"2025-07-24 23:59:59",1262327,-6.16,-9.31,-3.35,22.88,13.71,30.93,27,7,1.4,8.4,147,0,0,29.53,6.703,8.542,85.1,102.4
"2025-07-25 23:59:59",1262327,-6.22,-10.17,-3.08,23.58,13.85,31.93,25,7,1.4,9.4,161,0,0,26.52,6.312,8.179,84.9,102.2
"2025-07-26 23:59:59",1262327,-5.02,-8.05,-1.53,23.57,13.43,32.02,28,9,1.8,9.6,159,0,0,29.12,7.221,9.491,84.8,102.1
"2025-07-27 23:59:59",1262327,-7.15,-9.52,-4.78,23.23,12.55,32.86,23,7,1.5,8.6,155,0,0,29.56,6.938,8.972,85.0,102.3
"2025-07-28 23:59:59",1262327,-4.01,-7.00,-0.82,25.26,14.33,35.28,25,9,1.4,9.1,147,0,0,28.86,6.886,8.805,85.1,102.4
"2025-07-29 23:59:59",1262327,-5.00,-9.08,-1.63,25.27,15.05,34.82,28,7,1.5,9.0,147,0,0,29.03,7.024,9.062,85.1,102.5
"2025-07-30 23:59:59",1262327,-5.39,-8.91,-1.07,25.58,14.88,34.16,22,9,1.8,8.8,154,0,0,28.83,7.330,9.649,85.0,102.3
"2025-07-31 23:59:59",1262327,-4.96,-7.99,0.28,24.61,14.30,33.33,24,7,1.6,11.5,149,0,0,28.77,6.985,9.075,85.1,102.4
"2025-08-01 23:59:59",1262327,1.51,-4.20,6.83,25.45,15.60,34.39,30,13,1.6,9.2,152,0,0,28.12,6.912,8.895,85.3,102.6
"2025-08-02 23:59:59",1262327,-3.11,-8.96,2.22,25.28,15.47,34.39,38,7,1.5,8.7,145,0,0,28.73,6.970,9.038,85.2,102.6
"2025-08-03 23:59:59",1262327,-6.87,-8.55,-4.36,25.41,14.34,34.81,22,6,1.5,8.2,152,0,0,28.65,6.975,9.014,85.0,102.3
"2025-08-04 23:59:59",1262327,-6.66,-9.05,-3.81,25.60,14.71,33.75,22,7,1.9,10.0,154,0,0,23.69,6.621,9.071,84.8,102.1
"2025-08-05 23:59:59",1262327,-4.22,-7.78,0.49,26.74,15.09,33.42,23,8,1.8,8.7,164,0,0,19.19,5.597,7.736,85.0,102.4
"2025-08-06 23:59:59",1262327,2.04,-1.67,4.91,28.67,17.76,35.82,33,13,2.0,9.2,166,0,0,26.93,7.303,9.692,85.2,102.5
"2025-08-07 23:59:59",1262327,-0.55,-2.68,2.02,28.69,17.46,36.61,30,9,2.0,11.6,164,0,0,28.24,7.718,10.235,85.1,102.4
"2025-08-08 23:59:59",1262327,-2.54,-5.78,0.11,27.45,17.68,35.98,28,8,1.7,10.2,152,0,0,27.38,7.091,9.343,84.9,102.2
"2025-08-09 23:59:59",1262327,-1.15,-5.51,2.55,27.47,15.67,35.94,32,9,1.7,8.0,166,0,0,27.17,6.948,8.945,84.9,102.2
"2025-08-10 23:59:59",1262327,-3.84,-5.84,-2.26,25.95,16.33,35.00,26,9,2.4,9.0,132,0,0,26.42,7.433,10.008,85.0,102.4
"2025-08-11 23:59:59",1262327,-2.36,-5.24,0.61,26.13,15.82,34.66,25,10,2.4,10.0,134,0,0,27.29,7.571,10.036,85.0,102.3
"2025-08-12 23:59:59",1262327,-1.29,-2.48,0.52,28.25,18.15,36.76,27,8,1.7,7.6,146,0,0,25.72,6.676,8.719,84.9,102.2
"2025-08-13 23:59:59",1262327,0.94,-1.99,3.52,28.31,17.72,37.19,31,10,1.6,8.7,162,0,0,24.33,6.444,8.454,84.8,102.2
"2025-08-14 23:59:59",1262327,4.73,1.68,8.01,28.01,21.94,35.23,35,12,1.5,9.0,164,0,0,20.88,5.491,7.171,84.8,102.1
"2025-08-15 23:59:59",1262327,6.04,3.28,8.47,24.50,17.28,32.17,46,17,1.7,8.9,156,0,2,22.90,5.757,7.358,84.9,102.2
"2025-08-16 23:59:59",1262327,6.52,2.79,10.56,23.98,17.86,31.10,54,18,1.6,8.6,170,0,0,27.09,6.244,7.874,85.0,102.4
"2025-08-17 23:59:59",1262327,2.01,-2.12,6.03,23.19,14.75,31.74,47,13,1.3,8.4,148,0,0,26.50,5.971,7.501,85.0,102.3
"2025-08-18 23:59:59",1262327,-1.73,-4.70,1.52,23.86,13.99,33.32,39,9,1.3,8.8,148,0,0,26.88,6.130,7.735,85.0,102.4
"2025-08-19 23:59:59",1262327,-1.77,-4.19,0.83,26.16,15.13,36.80,27,9,1.2,7.3,151,0,0,26.42,6.271,7.938,85.1,102.5
"2025-08-20 23:59:59",1262327,3.31,0.37,5.21,28.31,19.12,37.69,32,12,1.2,6.8,145,0,0,24.04,5.802,7.305,85.1,102.4
"2025-08-21 23:59:59",1262327,6.32,4.07,8.84,29.17,20.31,37.68,37,15,1.3,8.1,154,0,0,24.12,6.021,7.624,85.0,102.3
"2025-08-22 23:59:59",1262327,7.82,6.49,10.40,28.04,19.78,35.13,44,17,0.8,6.6,162,0,1,15.75,3.899,4.879,85.0,102.4
"2025-08-23 23:59:59",1262327,10.34,7.86,15.31,26.36,21.41,35.83,63,19,1.1,8.9,154,0,1,19.65,5.085,6.402,85.1,102.4
"2025-08-24 23:59:59",1262327,12.66,10.61,18.24,23.37,16.93,30.28,87,30,1.0,8.6,168,1,3,14.24,3.377,4.139,85.1,102.4
"2025-08-25 23:59:59",1262327,11.69,9.61,14.05,22.63,16.00,31.40,76,27,1.8,9.4,145,0,0,18.78,4.728,6.049,85.0,102.3
"2025-08-26 23:59:59",1262327,15.05,11.92,16.72,17.76,14.48,22.61,100,58,1.2,7.9,161,6,32,11.23,1.914,2.190,85.1,102.4
"2025-08-27 23:59:59",1262327,12.84,9.64,16.57,19.56,13.02,26.45,100,39,1.4,7.4,144,4,11,21.06,4.055,4.813,85.2,102.5
"2025-08-28 23:59:59",1262327,9.32,4.94,14.22,20.71,12.95,28.19,83,23,1.2,6.6,143,1,7,17.29,3.785,4.674,85.2,102.5
"2025-08-29 23:59:59",1262327,12.92,9.26,15.52,19.47,14.04,26.65,99,34,1.3,6.8,154,4,26,22.30,4.264,4.953,85.2,102.5
"2025-08-30 23:59:59",1262327,7.67,3.84,10.32,22.12,13.54,29.97,80,20,1.9,7.7,134,0,0,24.32,5.511,6.960,85.2,102.5
"2025-08-31 23:59:59",1262327,5.25,3.66,7.08,23.67,16.53,32.14,53,16,1.2,7.4,160,0,0,22.94,5.052,6.232,85.2,102.5
"2025-09-01 23:59:59",1262327,3.05,0.47,6.28,24.87,15.33,33.94,49,12,0.8,8.0,157,0,0,23.21,5.055,6.150,85.2,102.5
"2025-09-02 23:59:59",1262327,3.65,0.79,9.46,25.55,16.82,34.90,44,12,1.0,7.0,158,0,0,19.27,4.679,5.909,85.2,102.5
"2025-09-03 23:59:59",1262327,8.90,7.57,11.22,22.99,18.23,27.66,56,27,0.7,5.8,171,0,1,9.05,2.297,2.965,85.2,102.5
"2025-09-04 23:59:59",1262327,11.35,9.42,15.64,20.21,14.59,28.54,97,31,1.2,9.0,139,4,12,17.73,3.944,4.869,84.9,102.2
"2025-09-05 23:59:59",1262327,12.99,8.96,14.54,19.13,13.55,25.65,96,37,1.4,8.8,155,1,7,20.06,3.957,4.737,84.7,102.1
"2025-09-06 23:59:59",1262327,11.80,10.27,13.64,20.49,15.19,27.26,86,33,1.3,7.2,154,0,0,20.07,4.206,5.173,85.0,102.4
"2025-09-07 23:59:59",1262327,9.81,5.13,13.85,21.38,13.85,29.55,87,25,1.2,8.4,144,0,0,23.92,5.140,6.315,85.3,102.6
"2025-09-08 23:59:59",1262327,9.62,6.48,13.09,22.62,14.33,30.30,78,26,1.5,9.3,149,0,0,23.61,5.271,6.585,85.0,102.4
"2025-09-09 23:59:59",1262327,4.76,-0.60,8.99,24.20,15.97,30.22,57,16,2.2,9.1,172,0,0,21.88,5.857,7.839,84.6,101.9
"2025-09-10 23:59:59",1262327,2.06,-0.65,6.39,24.35,20.43,29.99,38,14,2.8,11.2,178,0,0,23.24,6.637,9.179,84.5,101.8
"2025-09-11 23:59:59",1262327,0.85,-2.85,2.97,21.49,13.92,27.96,40,18,2.0,9.9,166,0,0,22.98,5.618,7.505,84.6,102.0
"2025-09-12 23:59:59",1262327,-0.13,-2.39,3.32,18.49,9.52,26.38,57,17,1.3,9.1,147,0,0,22.67,4.746,6.042,84.6,101.9
"2025-09-13 23:59:59",1262327,-1.00,-2.08,0.16,18.50,9.33,26.95,46,16,1.1,6.6,152,0,0,22.91,4.673,5.811,84.6,101.9
"2025-09-14 23:59:59",1262327,-0.64,-2.98,1.32,19.65,10.00,28.31,47,13,1.2,6.9,143,0,0,22.72,4.785,6.034,84.7,102.1
"2025-09-15 23:59:59",1262327,-1.50,-4.68,0.36,20.52,11.43,29.64,43,10,1.1,7.0,140,0,0,22.62,4.843,6.130,84.9,102.2
"2025-09-16 23:59:59",1262327,-1.11,-3.42,0.90,20.28,11.30,30.12,39,14,1.0,5.8,150,0,0,22.13,4.637,5.762,85.0,102.4
"2025-09-17 23:59:59",1262327,-1.32,-4.67,0.41,21.76,12.06,29.76,44,12,2.3,8.9,119,0,0,22.08,5.749,7.780,85.0,102.3
"2025-09-18 23:59:59",1262327,0.53,-5.04,9.48,21.04,13.17,30.34,55,11,1.7,7.6,169,0,0,18.66,4.596,6.038,84.8,102.1
"2025-09-19 23:59:59",1262327,9.62,8.39,12.46,20.66,14.24,25.32,80,34,1.5,7.9,165,0,5,18.26,3.843,4.833,84.9,102.2
"2025-09-20 23:59:59",1262327,9.53,6.43,12.17,19.19,12.25,27.00,83,31,1.3,7.8,152,0,0,20.95,4.224,5.156,85.0,102.3
"2025-09-21 23:59:59",1262327,4.36,0.99,8.33,19.75,11.04,28.11,67,18,1.2,9.0,149,0,0,20.11,4.305,5.419,84.8,102.1
"2025-09-22 23:59:59",1262327,3.55,1.79,5.88,20.08,11.87,27.72,55,20,1.3,7.7,137,0,0,19.52,4.137,5.126,84.7,102.0
"2025-09-23 23:59:59",1262327,1.03,-2.12,4.13,19.06,13.77,25.44,53,17,2.6,10.0,142,0,0,21.20,5.183,6.901,85.1,102.4
"2025-09-24 23:59:59",1262327,0.37,-1.50,2.00,18.88,8.28,29.33,52,15,1.1,6.5,155,0,0,20.96,4.317,5.357,85.3,102.6
"2025-09-25 23:59:59",1262327,4.70,-0.32,13.34,18.31,11.17,29.48,90,18,1.1,10.5,128,3,13,11.94,3.053,3.964,85.0,102.3
"2025-09-26 23:59:59",1262327,9.65,5.54,12.34,14.90,11.07,24.16,93,30,0.7,9.9,136,1,7,11.35,2.286,2.741,84.7,102.0
"2025-09-27 23:59:59",1262327,9.41,7.39,15.73,15.92,10.75,24.07,90,33,0.8,9.7,142,1,5,15.38,2.893,3.433,84.7,102.0
"2025-09-28 23:59:59",1262327,10.36,8.23,15.90,15.48,10.45,22.34,99,41,1.1,7.4,154,4,12,16.92,2.881,3.338,84.9,102.2
"2025-09-29 23:59:59",1262327,8.90,7.82,10.63,16.61,8.83,23.77,100,37,1.3,8.2,153,0,0,19.47,3.560,4.308,84.9,102.2
"2025-09-30 23:59:59",1262327,8.43,5.69,10.75,18.72,15.32,23.12,70,36,1.7,8.6,180,0,1,13.56,2.838,3.688,84.7,102.1
"2025-10-01 23:59:59",1262327,3.66,0.87,7.78,17.12,8.72,25.35,77,20,1.2,8.4,146,0,0,19.49,3.766,4.687,84.9,102.3
"2025-10-02 23:59:59",1262327,2.83,1.05,4.62,19.02,9.17,27.49,60,21,1.6,8.4,150,0,0,19.31,4.348,5.692,84.9,102.3
"2025-10-03 23:59:59",1262327,4.19,-0.55,7.30,20.73,16.11,25.54,49,25,2.8,12.7,180,0,0,18.07,4.881,6.704,84.4,101.7
"2025-10-04 23:59:59",1262327,2.46,-1.50,7.49,12.46,6.21,17.92,87,31,1.2,6.7,157,0,2,15.90,2.672,3.293,84.3,101.6
"2025-10-05 23:59:59",1262327,1.81,-0.88,3.88,12.72,4.62,19.88,83,30,1.8,7.0,124,0,0,16.94,3.074,3.863,84.4,101.8
"2025-10-06 23:59:59",1262327,-0.55,-2.59,0.84,12.73,6.02,20.25,66,26,3.0,9.7,133,0,0,18.78,3.991,5.307,84.8,102.1
"2025-10-07 23:59:59",1262327,-1.13,-3.60,1.15,14.77,7.11,25.68,58,14,2.4,8.9,150,0,0,18.58,3.915,5.137,84.9,102.2
"2025-10-08 23:59:59",1262327,-3.47,-5.09,-0.95,16.46,4.87,27.12,59,12,1.3,8.6,144,0,0,18.59,4.008,5.293,84.8,102.2
"2025-10-09 23:59:59",1262327,6.25,-4.48,14.42,19.06,13.46,25.32,100,28,1.2,8.5,147,9,15,11.12,2.487,3.269,85.0,102.3
"2025-10-10 23:59:59",1262327,14.22,11.62,16.03,16.30,12.71,22.03,100,62,1.1,13.2,156,54,32,8.83,1.455,1.675,84.9,102.3
"2025-10-11 23:59:59",1262327,12.58,8.62,14.04,16.32,13.52,21.06,100,54,1.8,8.8,175,3,17,9.85,1.793,2.210,84.2,101.6
"2025-10-12 23:59:59",1262327,3.39,-3.51,8.44,11.23,6.19,19.32,93,21,1.9,11.5,134,0,0,17.78,2.781,3.377,84.2,101.6
"2025-10-13 23:59:59",1262327,6.86,3.31,11.13,13.15,7.26,18.29,96,44,1.5,9.5,154,5,10,9.92,1.942,2.472,83.9,101.2
"2025-10-14 23:59:59",1262327,4.54,0.42,8.54,13.53,9.20,17.85,95,31,2.2,9.7,172,4,15,10.49,2.478,3.365,84.3,101.6
"2025-10-15 23:59:59",1262327,4.72,0.15,8.55,7.24,1.73,10.82,98,60,1.5,7.7,156,18,34,9.24,1.120,1.286,84.4,101.7
"2025-10-16 23:59:59",1262327,1.25,-0.44,2.68,6.84,0.48,13.68,98,43,1.5,7.5,148,0,0,17.03,2.424,2.943,84.6,101.9
"2025-10-17 23:59:59",1262327,0.39,-1.24,2.81,8.70,2.22,15.92,84,32,1.9,8.3,129,0,0,16.83,2.666,3.376,84.7,102.1
"2025-10-18 23:59:59",1262327,1.83,-1.01,4.98,10.39,2.47,20.15,87,27,0.8,4.9,147,0,0,16.58,2.586,3.040,85.0,102.3
"2025-10-19 23:59:59",1262327,1.35,-1.09,3.57,13.43,5.45,22.47,83,21,1.4,7.9,145,0,0,16.12,3.198,4.134,85.0,102.3
"2025-10-20 23:59:59",1262327,0.58,-2.23,3.87,12.12,6.05,18.55,71,29,2.5,9.5,118,0,0,16.25,3.285,4.379,85.2,102.5
"2025-10-21 23:59:59",1262327,-0.73,-3.66,2.57,11.33,3.16,21.44,73,23,1.4,7.9,149,0,0,16.26,2.775,3.385,85.3,102.6
"2025-10-22 23:59:59",1262327,2.49,-2.20,9.84,12.41,4.68,21.21,85,29,1.0,5.9,147,2,8,9.39,1.640,2.029,84.8,102.1
"2025-10-23 23:59:59",1262327,5.26,2.86,7.19,12.07,8.79,16.16,83,47,2.2,8.7,113,0,6,13.10,2.225,2.826,84.8,102.1
"2025-10-24 23:59:59",1262327,1.17,-2.25,3.12,11.12,5.95,19.10,80,26,1.8,7.4,117,0,0,15.65,2.713,3.485,84.9,102.2
"2025-10-25 23:59:59",1262327,-0.31,-1.97,1.39,13.14,5.23,19.48,70,23,1.3,8.0,145,0,0,11.21,2.270,3.037,84.8,102.1
"2025-10-26 23:59:59",1262327,-0.26,-1.96,1.08,16.45,12.30,20.66,46,23,2.0,8.7,172,0,0,14.97,3.437,4.674,84.5,101.9
"2025-10-27 23:59:59",1262327,-1.36,-4.98,2.62,13.01,5.38,21.02,64,18,2.1,10.5,130,0,0,15.15,3.203,4.136,84.8,102.1
"2025-10-28 23:59:59",1262327,-6.38,-8.33,-4.44,8.54,3.43,15.86,55,21,3.0,10.4,117,0,0,15.12,3.113,4.280,85.6,102.9
"2025-10-29 23:59:59",1262327,-3.94,-8.33,-0.78,9.70,0.38,20.48,68,20,0.9,5.7,145,0,0,14.93,2.392,2.931,85.5,102.8
"2025-10-30 23:59:59",1262327,-3.20,-6.16,-0.54,11.89,6.29,20.31,54,23,2.1,9.0,123,0,0,14.79,3.043,4.123,85.0,102.3
"2025-10-31 23:59:59",1262327,-2.29,-3.65,-0.49,11.76,3.52,20.53,65,21,1.7,8.2,122,0,0,14.66,2.875,3.820,84.9,102.3
"2025-11-01 23:59:59",1262327,-2.80,-4.26,-0.09,12.58,5.33,22.28,56,18,1.1,7.1,155,0,0,14.40,2.543,3.150,85.2,102.5
"2025-11-02 23:59:59",1262327,-2.85,-4.79,-0.76,13.02,5.47,22.91,57,17,0.8,6.8,128,0,0,14.47,2.496,3.099,85.2,102.5
"2025-11-03 23:59:59",1262327,-4.18,-6.32,-1.59,12.43,5.96,21.15,51,15,1.1,7.9,138,0,0,13.70,2.519,3.272,85.0,102.3
"2025-11-04 23:59:59",1262327,-2.90,-4.07,-0.45,12.30,6.68,20.89,58,20,1.1,8.2,131,0,0,14.08,2.550,3.282,85.1,102.5
"2025-11-05 23:59:59",1262327,-3.66,-4.76,-1.98,15.10,8.63,20.69,46,19,1.9,8.8,167,0,0,11.75,2.860,4.004,85.1,102.4
"2025-11-06 23:59:59",1262327,-2.60,-4.62,0.76,12.84,7.36,19.24,51,22,1.2,8.0,130,0,0,13.30,2.446,3.151,84.9,102.3
"2025-11-07 23:59:59",1262327,-1.57,-3.36,0.19,10.21,2.15,19.09,69,26,1.0,5.4,134,0,0,13.30,2.163,2.667,84.8,102.1
"2025-11-08 23:59:59",1262327,-0.65,-2.36,1.21,10.23,4.36,17.52,65,30,2.9,11.2,156,0,0,13.23,2.718,3.706,85.1,102.4
"2025-11-09 23:59:59",1262327,-1.70,-2.94,-0.08,9.79,4.04,16.71,68,30,2.7,9.4,121,0,0,13.16,2.657,3.608,85.7,103.0
"2025-11-10 23:59:59",1262327,-3.78,-7.00,-0.81,10.01,1.37,21.29,72,15,0.8,6.2,136,0,0,13.23,2.147,2.670,85.6,102.9
"2025-11-11 23:59:59",1262327,-3.88,-7.01,0.01,10.80,4.25,20.11,52,21,0.6,5.1,138,0,0,12.09,1.827,2.209,85.2,102.5
"2025-11-12 23:59:59",1262327,-1.90,-3.62,1.32,11.45,5.52,16.88,58,26,0.6,5.5,133,0,0,5.65,1.152,1.545,85.0,102.4
"2025-11-13 23:59:59",1262327,-1.52,-2.48,0.66,14.15,6.93,21.31,58,22,1.2,7.7,141,0,0,12.49,2.598,3.455,84.9,102.3
"2025-11-14 23:59:59",1262327,0.21,-2.87,3.99,13.83,9.72,17.23,66,28,1.0,6.3,156,0,2,6.93,1.508,2.079,84.8,102.1
"2025-11-15 23:59:59",1262327,3.65,-0.42,8.41,12.40,6.70,18.50,92,29,0.9,7.3,159,3,10,7.31,1.357,1.732,84.6,101.9
"2025-11-16 23:59:59",1262327,5.27,2.17,9.33,7.50,4.81,12.55,100,65,1.9,8.3,165,32,60,5.35,0.759,0.919,84.2,101.6
"2025-11-17 23:59:59",1262327,4.74,3.20,5.74,6.80,5.39,8.65,99,68,1.2,5.8,162,4,42,4.47,0.600,0.720,84.3,101.7
"2025-11-18 23:59:59",1262327,5.74,4.05,6.78,6.65,5.86,8.25,100,78,0.4,4.1,135,11,54,3.56,0.416,0.445,84.4,101.8
"2025-11-19 23:59:59",1262327,4.55,2.48,6.36,5.07,3.19,7.30,100,82,0.8,6.3,150,16,56,3.51,0.376,0.391,84.6,101.9
"2025-11-20 23:59:59",1262327,3.13,0.01,4.81,5.06,0.55,9.99,100,60,0.7,5.8,160,1,9,9.13,0.960,1.042,84.4,101.7
"2025-11-21 23:59:59",1262327,3.28,1.76,4.39,6.32,3.74,9.56,100,59,0.8,7.1,121,0,0,6.82,0.858,0.965,84.8,102.1
"2025-11-22 23:59:59",1262327,2.05,1.06,3.52,6.50,4.20,9.54,88,64,2.4,8.9,97,0,0,6.62,1.069,1.431,84.9,102.3
"2025-11-23 23:59:59",1262327,1.83,0.82,3.66,6.52,2.34,12.03,92,50,1.8,8.4,90,0,0,10.93,1.353,1.655,84.7,102.0
"2025-11-24 23:59:59",1262327,1.63,-1.24,4.16,4.35,-0.66,12.18,100,54,0.6,4.6,137,0,0,11.47,1.224,1.332,85.0,102.3
"2025-11-25 23:59:59",1262327,-0.59,-2.45,2.05,5.18,-0.58,10.93,100,46,1.9,9.0,109,0,0,11.43,1.523,1.938,85.2,102.5
"2025-11-26 23:59:59",1262327,-3.22,-6.49,-1.33,6.18,0.65,13.19,75,25,1.7,7.4,138,0,0,10.50,1.615,2.123,85.4,102.7
"2025-11-27 23:59:59",1262327,-1.36,-3.28,2.42,6.19,-0.73,15.67,87,29,0.5,4.2,135,0,0,10.52,1.261,1.462,85.2,102.5
"2025-11-28 23:59:59",1262327,-0.49,-4.37,1.87,6.50,1.63,13.54,84,39,1.0,8.2,137,0,0,11.17,1.486,1.831,84.7,102.0
"2025-11-29 23:59:59",1262327,-4.18,-5.78,-2.46,4.90,0.57,10.31,78,37,1.7,7.9,114,0,0,10.66,1.502,1.992,84.8,102.1
"2025-11-30 23:59:59",1262327,-2.41,-4.92,1.30,2.84,-0.28,7.92,85,47,1.3,10.2,114,1,5,4.77,0.601,0.756,84.4,101.8
"2025-12-01 23:59:59",1262327,-6.31,-7.37,-4.37,0.46,-3.88,5.48,82,43,2.3,9.2,119,0,0,11.03,1.286,1.682,85.0,102.3
"2025-12-02 23:59:59",1262327,-6.54,-9.27,-4.84,0.66,-4.05,5.69,79,40,0.8,5.3,142,0,0,5.06,0.572,0.714,84.5,101.8
"2025-12-03 23:59:59",1262327,-3.92,-8.91,-1.42,0.88,-0.80,3.03,92,42,2.9,10.2,130,1,7,4.11,0.709,0.968,84.6,101.9
"2025-12-04 23:59:59",1262327,-6.92,-8.42,-5.17,0.06,-5.53,6.18,89,36,1.7,9.3,118,0,0,10.88,1.249,1.607,85.1,102.4
"2025-12-05 23:59:59",1262327,-5.66,-8.41,-1.01,1.93,-4.37,12.25,78,34,0.8,8.1,135,0,0,10.59,1.221,1.482,84.8,102.1
"2025-12-06 23:59:59",1262327,-2.13,-4.66,2.03,5.18,-1.04,15.18,82,36,1.1,7.9,137,0,0,10.29,1.394,1.720,84.7,102.0
"2025-12-07 23:59:59",1262327,-3.50,-4.61,-2.24,4.03,-1.84,12.14,87,31,0.7,4.7,137,0,0,10.47,1.213,1.426,85.2,102.5
"2025-12-08 23:59:59",1262327,-3.90,-5.30,-1.85,5.83,-1.10,14.40,81,29,1.3,8.8,110,0,0,10.67,1.630,2.174,85.3,102.7
"2025-12-09 23:59:59",1262327,-4.41,-6.26,-1.33,5.78,-1.74,16.59,76,20,0.6,5.6,125,0,0,10.37,1.276,1.511,85.1,102.5
"2025-12-10 23:59:59",1262327,-2.14,-4.42,0.27,9.95,2.99,17.93,63,29,1.8,8.0,121,0,0,10.17,2.043,2.817,85.2,102.5
"2025-12-11 23:59:59",1262327,-1.19,-2.80,0.72,10.26,1.58,19.18,82,24,1.5,8.6,119,0,0,10.44,1.979,2.668,85.1,102.4
"2025-12-12 23:59:59",1262327,-4.47,-7.22,-2.49,8.64,3.23,16.91,62,20,2.1,7.1,117,0,0,10.65,2.193,3.038,85.1,102.4
"2025-12-13 23:59:59",1262327,-6.80,-9.58,-4.25,8.01,1.25,15.54,58,18,2.1,7.9,130,0,0,10.66,2.192,3.043,85.1,102.4
"2025-12-14 23:59:59",1262327,-6.11,-8.29,-1.48,5.55,-1.49,16.96,66,18,0.5,5.1,127,0,0,8.05,1.033,1.301,85.2,102.6
"2025-12-15 23:59:59",1262327,-6.02,-7.99,-4.76,7.02,-0.40,15.81,67,21,1.3,8.1,124,0,0,10.50,1.820,2.473,85.3,102.6
"2025-12-16 23:59:59",1262327,-6.19,-11.22,-2.62,8.58,2.24,17.96,55,12,1.5,6.7,130,0,0,10.20,1.866,2.487,85.1,102.4
"2025-12-17 23:59:59",1262327,-4.44,-5.57,-2.80,7.33,1.75,15.77,66,25,1.1,7.9,145,0,0,10.25,1.596,2.107,84.7,102.0
"2025-12-18 23:59:59",1262327,-2.50,-4.39,-0.98,7.39,3.65,14.24,69,29,1.5,10.2,136,0,0,9.85,1.464,1.837,84.8,102.1
"2025-12-19 23:59:59",1262327,-3.54,-6.09,-0.87,9.52,3.89,14.89,62,25,1.3,7.8,150,0,0,7.34,1.432,1.988,84.6,101.9
"2025-12-20 23:59:59",1262327,-2.32,-4.38,0.08,6.82,2.57,12.32,70,37,0.5,4.3,137,0,0,3.85,0.571,0.735,84.7,102.0
"2025-12-21 23:59:59",1262327,0.41,-2.04,1.93,11.62,3.71,14.56,71,39,1.8,8.4,167,0,0,5.96,1.574,2.239,84.8,102.2
"2025-12-22 23:59:59",1262327,0.64,-0.49,2.26,12.76,8.19,17.41,58,33,1.3,6.4,169,0,0,9.29,1.719,2.295,84.9,102.3
"2025-12-23 23:59:59",1262327,-1.19,-3.64,3.83,12.71,9.23,15.86,68,25,2.0,9.8,177,1,10,6.15,1.734,2.473,84.8,102.1
"2025-12-24 23:59:59",1262327,7.30,3.55,9.19,9.73,8.45,10.69,98,63,2.4,10.8,176,81,67,0.64,0.303,0.421,84.7,102.0
"2025-12-25 23:59:59",1262327,4.88,1.80,9.35,9.57,8.20,11.86,100,52,2.7,10.8,174,22,26,8.82,1.418,1.847,84.7,102.0
"2025-12-26 23:59:59",1262327,3.44,0.91,5.45,8.35,5.06,10.89,94,56,2.0,8.1,170,1,16,5.39,0.879,1.197,84.5,101.8
"2025-12-27 23:59:59",1262327,1.77,-1.31,3.46,3.10,0.02,5.99,100,73,0.9,5.9,147,7,46,6.70,0.558,0.583,84.4,101.7
"2025-12-28 23:59:59",1262327,-5.18,-9.19,-1.34,-0.03,-2.24,3.06,92,54,3.3,10.2,130,0,0,10.27,1.161,1.508,85.3,102.7
"2025-12-29 23:59:59",1262327,-8.30,-10.12,-6.21,-0.94,-5.12,3.53,71,46,4.0,11.4,114,0,0,10.56,1.310,1.743,85.8,103.1
"2025-12-30 23:59:59",1262327,-5.95,-8.90,-2.65,0.94,-4.29,6.97,82,44,1.8,9.2,131,0,0,8.45,0.996,1.268,85.6,103.0
"2025-12-31 23:59:59",1262327,-3.26,-5.63,2.33,2.92,-3.39,8.98,92,38,0.5,4.8,144,1,12,6.29,0.585,0.644,85.2,102.5
