"Station Name: Blanding - Bluff, Sand Island"
"Station ID: 1262324"
"Link To Variable Descriptions: https://climate.usu.edu/mchd/dashboard/overview/UCRN.php"

"META DATA"
Name,Description,Units,Frequency
airt,"average air temperature from PRTs in Met One shield",celsius,dly
airt_max,"maximum 5 minute air temperature from prts in Met One shield",celsius,dly
airt_min,"minimum 5 minute air temperature from prts in Met One shield",celsius,dly
eto,"daily short reference ET from Etsz function",millimeters,dly
etr,"daily tall reference ET from Etsz function",millimeters,dly
precip,"daily precipitation",millimeters,dly
rh_max,"maximum relative humidity from rh sensor in Met One shield",percent,dly
rh_min,"mininum relative humidity from rh sensor in Met One shield",percent,dly
sealevel_pressure,"sea level corrected pressure",Kilopascal,dly
site_pressure,pressure,Kilopascal,dly
solar,"total incoming (short wave) radiation from pyronometer","watts per meter squared",dly
td,"average dew point temperature from rh sensor in Met One shield",celsius,dly
td_max,"maximum 5 minute dew point temperature from rh sensor in Met One shield",celsius,dly
td_min,"minimum 5 minute dew point temperature from rh sensor in Met One shield",celsius,dly
timestamp,"date and time",,dly
wetness,"percent of the day that wetness sensor detected precipitation",percent,dly
windd,"average wind direction",degrees,dly
winds,"average wind speed","meters per second",dly
winds_max,"maximum wind gust","meters per second",dly

date_time,station_id,td,td_min,td_max,airt,airt_min,airt_max,rh_max,rh_min,winds,winds_max,windd,precip,wetness,solar,eto,etr,site_pressure,sealevel_pressure
"2022-01-01 23:59:59",1262324,-12.76,-19.15,-0.50,-1.05,-7.19,2.66,86,21,3.5,10.4,247,0,1,11.36,1.657,2.421,,
"2022-01-02 23:59:59",1262324,-13.10,-16.11,-11.11,-5.54,-10.51,0.98,83,27,1.0,3.7,177,0,0,11.53,0.918,1.134,,
"2022-01-03 23:59:59",1262324,-11.01,-12.87,-7.97,-4.14,-8.83,1.86,79,38,1.4,5.1,153,0,0,11.17,0.942,1.173,,
"2022-01-04 23:59:59",1262324,-7.93,-10.39,-6.49,-2.35,-8.09,4.80,88,41,0.8,3.5,155,0,0,8.51,0.699,0.840,,
"2022-01-05 23:59:59",1262324,-7.49,-10.15,-5.78,-1.67,-7.60,7.07,89,39,0.8,3.4,173,0,0,10.80,0.962,1.123,,
"2022-01-06 23:59:59",1262324,-5.36,-8.36,-2.50,0.32,-6.36,9.71,89,41,0.8,4.2,181,0,0,11.20,1.071,1.250,,
"2022-01-07 23:59:59",1262324,-3.79,-7.14,-1.08,1.55,-5.51,11.23,91,41,0.9,4.2,158,0,0,11.51,1.155,1.392,,
"2022-01-08 23:59:59",1262324,-3.13,-6.33,-0.28,4.13,-2.10,11.91,83,31,1.5,7.8,178,0,0,9.49,1.470,1.958,,
"2022-01-09 23:59:59",1262324,-7.76,-9.86,-4.73,-0.39,-7.20,9.30,91,28,0.9,3.6,189,0,0,12.00,1.325,1.631,,
"2022-01-10 23:59:59",1262324,-7.91,-10.80,-4.95,-1.87,-8.28,7.61,87,37,0.7,3.5,180,0,0,11.95,1.092,1.263,,
"2022-01-11 23:59:59",1262324,-7.75,-9.76,-5.28,-1.87,-7.57,7.81,89,37,0.9,4.9,180,0,0,11.63,1.066,1.271,,
"2022-01-12 23:59:59",1262324,-7.98,-10.14,-6.08,-0.56,-7.91,10.15,87,29,1.0,4.2,196,0,0,11.88,1.185,1.448,,
"2022-01-13 23:59:59",1262324,-7.59,-9.65,-5.94,0.54,-5.84,8.30,82,32,1.0,4.2,155,0,0,10.79,1.160,1.422,,
"2022-01-14 23:59:59",1262324,-6.63,-9.00,-4.66,3.05,-5.62,13.02,84,25,2.5,10.7,187,0,0,12.25,2.151,3.010,,
"2022-01-15 23:59:59",1262324,-7.91,-9.80,-4.98,1.36,-6.67,11.85,87,23,1.7,6.3,217,0,0,12.32,1.746,2.384,,
"2022-01-16 23:59:59",1262324,-9.36,-11.76,-7.31,-1.71,-8.93,8.34,85,32,0.8,3.4,185,0,0,12.64,1.212,1.437,,
"2022-01-17 23:59:59",1262324,-9.59,-12.49,-7.51,-2.55,-9.25,5.90,85,37,0.7,3.0,173,0,0,10.56,0.984,1.149,,
"2022-01-18 23:59:59",1262324,-8.47,-10.65,-6.73,-0.32,-7.38,8.03,81,33,1.0,4.5,159,0,0,11.96,1.320,1.635,,
"2022-01-19 23:59:59",1262324,-7.96,-10.30,-4.41,0.70,-6.08,10.62,80,29,1.0,4.9,165,0,0,11.15,1.368,1.720,,
"2022-01-20 23:59:59",1262324,-9.20,-11.73,-6.34,0.38,-7.87,9.96,82,26,1.6,6.0,213,0,0,12.90,1.735,2.304,,
"2022-01-21 23:59:59",1262324,-8.90,-11.95,-5.95,-0.91,-7.26,3.98,75,39,1.2,4.4,177,0,0,4.83,0.815,1.114,,
"2022-01-22 23:59:59",1262324,-6.35,-8.68,-4.57,2.14,-5.77,11.25,89,29,2.5,8.8,136,0,0,12.85,2.005,2.843,,
"2022-01-23 23:59:59",1262324,-7.78,-10.93,-5.36,0.13,-8.14,10.42,88,31,1.1,4.5,201,0,0,13.20,1.513,1.863,,
"2022-01-24 23:59:59",1262324,-10.04,-13.36,-6.83,1.47,-8.21,13.22,84,15,1.6,8.1,216,0,0,13.44,1.965,2.597,,
"2022-01-25 23:59:59",1262324,-9.90,-12.77,-6.75,1.33,-6.41,9.74,65,25,2.7,11.0,174,0,0,9.28,1.756,2.288,,
"2022-01-26 23:59:59",1262324,-11.36,-15.17,-8.35,-0.58,-7.61,8.20,77,23,1.5,6.0,252,0,0,13.42,1.766,2.327,,
"2022-01-27 23:59:59",1262324,-13.38,-15.66,-10.12,-1.74,-10.45,6.92,76,19,2.6,13.6,189,0,0,13.81,1.986,2.740,,
"2022-01-28 23:59:59",1262324,-14.95,-18.29,-12.02,-2.34,-10.07,7.62,71,17,1.2,4.5,194,0,0,14.16,1.555,1.961,,
"2022-01-29 23:59:59",1262324,-15.79,-18.91,-12.18,-3.95,-11.89,6.84,64,20,0.7,3.4,187,0,0,14.25,1.327,1.579,,
"2022-01-30 23:59:59",1262324,-14.79,-17.41,-11.34,-1.32,-9.76,9.94,60,17,1.5,7.0,196,0,0,14.41,1.796,2.427,,
"2022-01-31 23:59:59",1262324,-15.02,-18.37,-12.73,-2.12,-10.87,8.54,64,20,1.2,4.7,131,0,0,13.59,1.513,1.969,,
"2022-02-01 23:59:59",1262324,-12.87,-14.66,-11.23,0.98,-3.79,7.46,50,24,1.1,3.7,160,0,0,5.49,0.936,1.258,,
"2022-02-02 23:59:59",1262324,-16.77,-20.56,-7.71,0.05,-3.38,3.30,59,17,3.7,8.8,145,0,0,13.52,2.250,3.224,,
"2022-02-03 23:59:59",1262324,-21.09,-23.87,-18.92,-3.84,-11.36,2.91,46,12,1.9,8.0,215,0,0,14.79,1.686,2.208,,
"2022-02-04 23:59:59",1262324,-19.22,-22.78,-15.89,-4.65,-13.13,4.61,51,20,1.2,4.5,184,0,0,15.11,1.575,2.008,,
"2022-02-05 23:59:59",1262324,-17.09,-20.34,-14.18,-3.75,-12.74,7.64,57,18,1.3,5.6,188,0,0,15.20,1.650,2.158,,
"2022-02-06 23:59:59",1262324,-15.88,-18.89,-11.07,0.15,-10.81,10.72,56,12,2.7,9.2,150,0,0,15.39,2.668,3.767,,
"2022-02-07 23:59:59",1262324,-15.29,-18.31,-12.29,-0.78,-9.98,11.04,56,17,1.3,5.4,193,0,0,15.56,1.998,2.646,,
"2022-02-08 23:59:59",1262324,-14.14,-17.57,-10.71,0.62,-9.33,14.66,59,16,1.2,5.1,202,0,0,15.63,2.029,2.641,,
"2022-02-09 23:59:59",1262324,-12.44,-17.55,-6.20,2.80,-8.50,14.58,59,15,1.6,8.9,182,0,0,15.20,2.256,2.819,,
"2022-02-10 23:59:59",1262324,-7.63,-11.58,-4.82,4.90,-4.92,15.60,68,22,1.8,7.0,210,0,0,15.27,2.513,3.448,,
"2022-02-11 23:59:59",1262324,-10.57,-19.10,-6.15,5.72,-5.87,17.91,73,7,1.6,7.3,200,0,0,16.05,2.682,3.512,,
"2022-02-12 23:59:59",1262324,-13.83,-16.86,-10.38,5.21,-2.08,12.56,38,13,2.1,6.7,187,0,0,16.03,2.660,3.563,,
"2022-02-13 23:59:59",1262324,-16.34,-18.62,-14.11,1.07,-8.43,13.22,49,13,0.9,3.8,187,0,0,16.56,1.981,2.413,,
"2022-02-14 23:59:59",1262324,-15.07,-19.01,-11.75,1.88,-8.21,13.35,52,14,0.8,3.6,165,0,0,15.81,1.939,2.359,,
"2022-02-15 23:59:59",1262324,-14.55,-16.68,-12.28,6.77,-3.08,17.11,42,9,1.7,6.6,182,0,0,11.19,2.543,3.437,,
"2022-02-16 23:59:59",1262324,-9.30,-15.15,-0.34,6.68,0.89,13.53,92,18,3.2,13.5,243,0,4,13.34,3.088,4.366,,
"2022-02-17 23:59:59",1262324,-12.75,-17.41,-0.13,4.24,-2.99,9.49,93,13,3.5,11.4,230,0,1,17.38,2.992,4.092,,
"2022-02-18 23:59:59",1262324,-13.87,-17.59,-10.87,1.20,-8.36,12.05,54,18,1.3,5.7,188,0,0,17.39,2.334,2.995,,
"2022-02-19 23:59:59",1262324,-12.65,-16.20,-9.28,1.46,-8.18,12.26,59,19,0.9,5.7,162,0,0,17.58,2.165,2.631,,
"2022-02-20 23:59:59",1262324,-11.34,-15.98,-7.56,3.09,-7.67,14.47,58,19,1.1,4.7,157,0,0,15.99,2.126,2.655,,
"2022-02-21 23:59:59",1262324,-8.96,-14.07,1.13,7.85,1.30,14.50,93,14,4.5,17.1,221,3,11,6.85,3.202,5.013,,
"2022-02-22 23:59:59",1262324,-0.19,-2.06,1.31,1.85,-0.24,5.12,97,59,1.4,5.7,126,8,47,9.26,0.858,0.980,,
"2022-02-23 23:59:59",1262324,-2.10,-4.52,-0.03,2.63,-0.71,5.06,92,56,3.1,11.0,205,3,12,7.23,1.134,1.468,,
"2022-02-24 23:59:59",1262324,-7.31,-11.14,-3.45,-0.00,-2.59,3.16,88,33,2.4,6.8,239,0,1,17.41,1.828,2.340,,
"2022-02-25 23:59:59",1262324,-8.33,-12.46,-6.32,-0.38,-5.85,5.25,85,26,1.5,7.1,147,0,0,18.65,1.915,2.264,,
"2022-02-26 23:59:59",1262324,-10.52,-13.34,-7.95,-0.21,-5.24,5.78,74,24,1.5,7.1,170,0,0,19.05,2.095,2.552,,
"2022-02-27 23:59:59",1262324,-10.60,-14.55,-7.53,-0.23,-7.69,8.55,84,18,0.9,4.5,202,0,0,19.29,2.085,2.484,,
"2022-02-28 23:59:59",1262324,-7.85,-10.04,-6.63,3.13,-4.96,14.28,80,20,1.4,5.7,205,0,0,19.20,2.634,3.302,,
"2022-03-01 23:59:59",1262324,-6.47,-8.30,-4.51,5.31,-5.00,17.63,85,19,1.3,5.0,186,0,0,19.53,2.853,3.558,,
"2022-03-02 23:59:59",1262324,-4.69,-6.06,-3.31,5.95,-3.30,17.27,85,21,0.8,3.3,172,0,0,19.62,2.581,2.997,,
"2022-03-03 23:59:59",1262324,-5.99,-8.40,-3.23,7.15,-1.61,18.69,80,15,1.2,5.4,148,0,0,16.66,2.490,3.093,,
"2022-03-04 23:59:59",1262324,-3.56,-12.35,2.44,9.33,2.48,16.91,67,12,4.8,17.9,177,0,3,12.79,3.819,5.715,,
"2022-03-05 23:59:59",1262324,-1.48,-4.44,2.52,5.93,0.25,11.10,95,33,3.5,15.1,209,7,10,9.81,2.139,3.065,,
"2022-03-06 23:59:59",1262324,-4.11,-10.15,-0.56,1.88,-4.12,7.89,96,27,2.0,9.5,250,0,8,18.40,2.245,2.910,,
"2022-03-07 23:59:59",1262324,-6.90,-12.90,-2.63,1.52,-2.30,4.66,88,28,1.5,7.8,154,0,0,12.84,1.680,2.095,,
"2022-03-08 23:59:59",1262324,-10.60,-13.31,-6.22,1.52,-6.65,7.59,82,21,1.6,6.6,196,0,0,19.80,2.558,3.223,,
"2022-03-09 23:59:59",1262324,-7.45,-9.71,-2.01,4.93,-2.95,12.69,76,20,2.8,14.0,192,0,0,18.41,3.139,4.171,,
"2022-03-10 23:59:59",1262324,-3.88,-12.50,-0.25,1.46,-1.83,4.65,96,35,2.0,9.1,150,9,27,14.34,1.627,1.851,,
"2022-03-11 23:59:59",1262324,-9.60,-13.09,-5.44,0.62,-5.22,6.78,77,27,2.2,7.3,214,0,0,21.29,2.621,3.331,,
"2022-03-12 23:59:59",1262324,-6.74,-10.23,-3.67,2.59,-5.28,11.07,82,25,1.2,5.9,150,0,0,21.32,2.589,3.147,,
"2022-03-13 23:59:59",1262324,-4.82,-6.57,-2.87,5.69,-3.23,14.40,84,26,1.5,6.3,170,0,0,18.96,2.823,3.476,,
"2022-03-14 23:59:59",1262324,-4.12,-6.77,-0.74,7.41,0.99,14.16,83,23,1.8,9.5,211,0,0,21.63,3.418,4.349,,
"2022-03-15 23:59:59",1262324,-5.54,-7.66,-3.96,7.01,-2.27,17.24,80,18,0.9,4.0,140,0,0,21.70,2.991,3.519,,
"2022-03-16 23:59:59",1262324,-1.29,-5.04,3.54,8.79,3.77,17.16,85,22,2.2,10.9,185,0,4,14.09,2.879,3.867,,
"2022-03-17 23:59:59",1262324,-9.61,-16.32,2.12,8.58,3.15,13.70,85,13,3.8,12.7,219,0,0,22.33,4.245,5.856,,
"2022-03-18 23:59:59",1262324,-11.08,-15.10,-6.73,7.17,-1.70,16.48,63,10,1.7,7.2,212,0,0,21.96,3.784,4.910,,
"2022-03-19 23:59:59",1262324,-10.11,-11.56,-7.90,8.08,-2.44,17.53,69,13,1.9,8.3,141,0,0,17.90,3.511,4.588,,
"2022-03-20 23:59:59",1262324,-6.12,-10.87,2.89,11.72,6.00,18.67,74,14,2.5,12.2,185,1,3,12.91,3.562,4.945,,
"2022-03-21 23:59:59",1262324,-4.97,-11.08,4.08,9.06,5.36,13.72,88,17,4.9,12.6,171,3,9,22.05,4.362,6.214,,
"2022-03-22 23:59:59",1262324,-9.54,-10.79,-5.81,9.10,5.33,13.65,48,17,4.8,13.1,118,0,0,23.33,4.935,7.032,,
"2022-03-23 23:59:59",1262324,-9.91,-14.56,-5.99,8.47,-0.58,18.15,61,10,2.1,6.9,162,0,0,23.65,4.198,5.433,,
"2022-03-24 23:59:59",1262324,-7.00,-9.06,-4.19,10.45,-0.66,21.87,65,14,1.3,5.4,185,0,0,23.32,3.984,4.917,,
"2022-03-25 23:59:59",1262324,-4.79,-6.84,-2.60,12.51,1.72,24.85,69,12,1.4,6.6,192,0,0,23.31,4.352,5.537,,
"2022-03-26 23:59:59",1262324,-6.13,-9.12,-3.06,13.62,2.59,26.14,59,9,1.1,4.8,154,0,0,22.95,4.072,5.016,,
"2022-03-27 23:59:59",1262324,-8.71,-13.78,-4.73,15.72,5.07,26.81,45,6,2.1,10.2,160,0,0,23.20,5.336,7.155,,
"2022-03-28 23:59:59",1262324,-6.81,-11.83,6.67,14.76,6.06,22.61,83,9,3.5,15.4,182,1,9,14.45,4.966,7.154,,
"2022-04-01 23:59:59",1262324,-1.17,-11.51,6.55,11.85,5.41,19.19,95,11,1.7,7.2,190,0,1,24.69,4.295,5.422,,
"2022-04-02 23:59:59",1262324,-1.50,-3.85,2.30,12.81,4.57,22.38,67,20,1.5,6.5,153,0,0,24.50,4.231,5.287,,
"2022-04-03 23:59:59",1262324,0.35,-1.53,3.78,14.61,8.53,20.67,69,23,1.6,7.8,142,0,0,18.83,3.920,4.993,,
"2022-04-04 23:59:59",1262324,-2.43,-10.30,3.54,16.25,7.57,22.53,69,10,2.6,10.5,196,0,1,24.17,5.595,7.437,,
"2022-04-05 23:59:59",1262324,-4.91,-9.61,-1.91,16.68,6.83,25.33,52,12,4.3,12.1,192,0,0,24.71,7.038,10.057,,
"2022-04-06 23:59:59",1262324,-14.32,-20.91,-8.96,10.43,3.25,16.43,30,6,4.0,10.5,100,0,0,26.17,5.520,7.646,,
"2022-04-07 23:59:59",1262324,-14.17,-16.68,-9.96,9.70,-1.66,18.90,54,8,1.8,7.9,167,0,0,26.23,4.651,5.868,,
"2022-04-08 23:59:59",1262324,-10.99,-14.72,-8.86,12.37,0.62,23.23,44,9,1.6,6.6,215,0,0,26.20,5.033,6.502,,
"2022-04-09 23:59:59",1262324,-9.36,-11.92,-6.77,15.23,2.04,25.83,49,8,2.8,12.4,181,0,0,21.99,5.703,7.635,,
"2022-04-10 23:59:59",1262324,-13.82,-20.48,-4.29,12.70,6.53,18.60,31,7,3.0,8.6,166,0,0,19.62,4.933,6.801,,
"2022-04-11 23:59:59",1262324,-6.63,-12.92,-0.44,13.51,-0.02,23.18,49,14,5.2,18.3,207,0,0,20.70,6.396,9.034,,
"2022-04-12 23:59:59",1262324,-8.20,-17.76,3.53,8.49,3.92,15.96,71,13,6.0,19.7,261,1,5,21.15,4.403,6.045,,
"2022-04-13 23:59:59",1262324,-16.03,-20.86,-9.41,6.68,1.82,12.62,45,8,3.5,12.3,232,0,0,26.06,4.779,6.654,,
"2022-04-14 23:59:59",1262324,-14.09,-16.28,-11.13,8.49,-2.13,17.74,39,10,1.8,8.5,132,0,0,24.41,4.294,5.529,,
"2022-04-15 23:59:59",1262324,-9.64,-11.46,-7.69,12.60,1.39,23.04,42,10,1.8,10.7,205,0,0,26.49,5.194,6.814,,
"2022-04-16 23:59:59",1262324,-9.09,-12.41,-4.46,16.16,4.52,25.31,41,8,5.0,15.2,224,0,0,25.35,7.754,11.185,,
"2022-04-17 23:59:59",1262324,-6.75,-10.74,-3.58,16.23,8.43,24.58,44,9,2.6,10.9,215,0,0,26.89,6.161,8.343,,
"2022-04-18 23:59:59",1262324,-9.43,-12.87,-6.30,15.09,2.68,27.55,51,6,1.5,7.5,189,0,0,24.18,5.024,6.519,,
"2022-04-19 23:59:59",1262324,-8.81,-12.07,-6.15,18.98,8.34,29.07,31,8,4.3,17.5,194,0,0,21.57,7.769,11.322,,
"2022-04-20 23:59:59",1262324,-8.97,-12.92,-5.43,18.17,9.97,25.80,29,10,1.8,7.2,218,0,0,27.13,5.822,7.602,,
"2022-04-21 23:59:59",1262324,-4.42,-5.71,-3.38,21.04,13.04,28.54,33,11,4.8,11.6,212,0,0,26.91,8.242,11.476,,
"2022-04-22 23:59:59",1262324,-3.43,-12.68,7.63,15.17,9.83,19.88,77,11,6.6,16.8,222,1,2,17.12,5.815,8.685,,
"2022-04-23 23:59:59",1262324,-7.19,-14.17,-0.88,11.47,4.79,16.57,65,11,4.0,11.1,269,0,0,26.00,5.606,7.670,,
"2022-04-24 23:59:59",1262324,-6.00,-9.43,-1.57,8.79,0.87,15.54,53,21,2.5,10.7,186,0,0,26.24,4.657,6.115,,
"2022-04-25 23:59:59",1262324,-6.87,-9.91,-4.30,9.66,-1.03,18.62,67,16,1.1,5.8,187,0,0,27.45,4.439,5.364,,
"2022-04-26 23:59:59",1262324,-9.18,-12.36,-6.88,15.26,2.31,26.60,43,6,1.8,9.3,152,0,0,24.62,5.567,7.354,,
"2022-04-27 23:59:59",1262324,-8.67,-12.02,-2.36,18.40,8.78,27.12,31,8,2.3,11.7,213,0,0,25.75,6.397,8.745,,
"2022-04-28 23:59:59",1262324,-10.28,-12.02,-8.24,19.17,9.72,26.08,24,7,3.6,10.9,218,0,0,25.53,7.267,9.991,,
"2022-04-29 23:59:59",1262324,-10.60,-13.00,-6.97,16.34,9.40,20.82,27,9,3.8,11.4,241,0,0,28.66,6.979,9.599,,
"2022-04-30 23:59:59",1262324,-9.72,-11.81,-7.86,13.95,3.27,23.39,39,10,1.6,6.5,184,0,0,28.50,5.354,6.763,,
"2022-05-01 23:59:59",1262324,-8.70,-14.08,-0.81,17.02,3.44,28.08,38,5,4.1,16.3,222,0,0,26.75,8.021,11.454,,
"2022-05-02 23:59:59",1262324,-4.74,-10.93,-0.75,16.72,9.38,24.15,48,9,2.4,7.9,229,0,0,28.70,6.017,7.799,,
"2022-05-03 23:59:59",1262324,-4.99,-12.35,-1.44,17.67,8.62,24.13,39,9,5.8,18.1,206,0,0,22.25,7.663,11.496,,
"2022-05-04 23:59:59",1262324,-6.93,-8.54,-5.55,11.71,2.72,18.89,55,15,2.3,9.5,150,0,0,29.19,5.501,7.076,,
"2022-05-05 23:59:59",1262324,-6.25,-9.71,-2.94,15.04,3.25,25.47,51,9,1.8,7.9,207,0,0,28.48,5.852,7.611,,
"2022-05-06 23:59:59",1262324,-7.75,-9.56,-5.36,19.68,6.94,31.77,37,6,2.3,9.0,180,0,0,29.08,7.239,9.893,,
"2022-05-07 23:59:59",1262324,-5.62,-9.17,-2.67,24.15,13.37,32.49,24,8,5.2,15.2,239,0,0,27.18,10.104,14.842,,
"2022-05-08 23:59:59",1262324,-5.56,-7.95,-2.36,23.16,17.54,28.88,25,9,8.5,19.2,220,0,0,27.65,11.406,16.975,,
"2022-05-09 23:59:59",1262324,-9.13,-13.75,-1.82,20.03,15.41,25.53,29,7,6.3,15.8,238,0,0,28.81,8.962,12.395,,
"2022-05-10 23:59:59",1262324,-6.84,-9.79,-4.71,21.11,12.07,28.56,25,10,5.1,14.1,203,0,0,29.19,9.189,13.174,,
"2022-05-11 23:59:59",1262324,-7.70,-17.38,-4.76,21.22,12.91,28.88,25,8,6.1,18.6,214,0,0,24.80,9.349,13.641,,
"2022-05-12 23:59:59",1262324,-11.80,-17.02,-9.14,13.88,6.52,20.66,29,10,3.1,12.8,227,0,0,30.27,6.040,7.787,,
"2022-05-13 23:59:59",1262324,-11.19,-13.31,-6.92,15.40,2.77,25.88,45,8,1.6,7.6,200,0,0,29.74,6.060,7.785,,
"2022-05-14 23:59:59",1262324,-9.81,-12.59,-6.63,18.73,5.26,30.51,33,7,1.5,7.7,203,0,0,30.35,6.544,8.403,,
"2022-05-15 23:59:59",1262324,-9.08,-13.67,-2.99,21.59,8.00,32.75,40,4,1.3,5.6,156,0,0,30.43,6.345,7.887,,
"2022-05-16 23:59:59",1262324,-10.85,-14.29,-4.23,22.77,14.10,32.53,30,5,2.0,8.6,178,0,0,27.61,7.011,9.322,,
"2022-05-17 23:59:59",1262324,-8.07,-13.48,-3.14,22.70,10.02,32.34,24,8,2.0,9.7,194,0,0,30.15,7.422,9.907,,
"2022-05-18 23:59:59",1262324,-1.32,-7.20,2.93,23.90,13.50,31.84,42,9,2.6,9.8,208,0,0,26.18,6.992,9.541,,
"2022-05-19 23:59:59",1262324,-5.15,-8.30,-1.48,23.67,11.01,32.52,29,9,4.5,14.5,213,0,0,24.28,9.178,13.361,,
"2022-05-20 23:59:59",1262324,-4.50,-8.55,-1.57,19.32,12.46,23.44,38,16,4.8,9.8,172,0,1,23.62,7.549,10.599,,
"2022-05-21 23:59:59",1262324,-5.45,-9.56,-1.63,16.71,10.99,22.42,38,14,2.8,8.5,158,0,0,28.88,6.361,8.110,,
"2022-05-22 23:59:59",1262324,-9.04,-11.78,-7.45,19.31,8.32,26.30,31,9,1.8,7.6,226,0,0,28.00,6.366,8.391,,
"2022-05-23 23:59:59",1262324,-9.71,-17.18,-4.16,18.65,12.79,22.31,22,7,3.0,9.7,183,0,0,16.15,5.479,7.804,,
"2022-05-24 23:59:59",1262324,-10.37,-16.13,-4.86,17.92,5.72,24.77,33,8,3.5,12.1,241,0,0,30.93,7.868,10.775,,
"2022-05-25 23:59:59",1262324,-5.99,-8.82,-3.80,20.27,10.09,28.90,38,10,2.2,7.1,175,0,0,30.91,7.040,9.083,,
"2022-05-26 23:59:59",1262324,-5.54,-8.76,-2.74,21.85,8.51,33.25,41,7,1.4,7.9,211,0,0,30.86,6.687,8.449,,
"2022-05-27 23:59:59",1262324,-5.75,-8.89,-1.51,24.72,12.17,34.59,26,7,2.4,10.1,204,0,0,30.57,8.208,11.129,,
"2022-05-28 23:59:59",1262324,-5.55,-8.00,-2.77,25.92,18.27,31.53,19,8,5.6,14.0,227,0,0,23.48,10.038,14.780,,
"2022-05-29 23:59:59",1262324,-3.73,-16.65,3.70,21.42,11.60,27.67,38,5,5.5,16.4,198,0,1,25.11,9.019,13.195,,
"2022-05-30 23:59:59",1262324,-6.01,-10.48,-2.27,15.95,7.64,22.71,49,11,3.2,12.7,220,0,0,29.32,6.803,9.183,,
"2022-05-31 23:59:59",1262324,-7.80,-12.40,-3.79,17.06,4.88,24.53,43,9,1.9,9.0,169,0,0,31.39,6.370,7.885,,
"2022-06-01 23:59:59",1262324,-5.09,-8.72,-2.15,20.97,10.55,28.33,35,9,2.2,10.3,220,0,0,31.26,7.029,8.953,,
"2022-06-02 23:59:59",1262324,-6.20,-9.45,-3.58,21.32,8.47,31.18,46,9,1.4,6.2,188,0,0,31.28,6.568,8.190,,
"2022-06-03 23:59:59",1262324,-7.18,-9.24,-2.89,23.05,11.40,32.99,34,6,2.3,10.9,201,0,0,28.34,7.654,10.412,,
"2022-06-04 23:59:59",1262324,-4.94,-8.08,-1.93,24.44,13.73,32.04,25,8,2.7,10.2,223,0,0,28.15,8.150,11.360,,
"2022-06-05 23:59:59",1262324,-0.43,-5.51,1.43,25.95,20.11,32.33,27,13,2.8,10.6,237,0,0,28.68,8.174,11.419,,
"2022-06-06 23:59:59",1262324,1.06,-1.93,3.69,25.92,14.33,34.52,36,10,2.7,9.5,184,0,0,30.11,8.511,11.625,,
"2022-06-07 23:59:59",1262324,0.36,-3.57,5.02,26.88,16.03,35.17,44,9,2.4,10.6,234,0,0,30.86,8.360,11.396,,
"2022-06-08 23:59:59",1262324,-2.82,-5.12,-1.03,26.94,14.81,35.90,28,9,1.6,8.5,197,0,0,30.92,7.271,9.350,,
"2022-06-09 23:59:59",1262324,-2.35,-6.22,2.07,28.17,17.01,36.83,31,7,2.6,9.8,234,0,0,30.42,8.756,12.117,,
"2022-06-10 23:59:59",1262324,-2.20,-5.97,0.71,28.47,15.95,38.35,33,7,2.5,11.4,221,0,0,31.12,8.790,12.037,,
"2022-06-11 23:59:59",1262324,-0.19,-4.93,4.10,29.23,18.20,38.22,30,7,2.9,13.4,203,0,0,28.67,9.130,12.919,,
"2022-06-12 23:59:59",1262324,-2.99,-7.07,1.74,29.51,17.18,37.75,31,6,4.3,15.5,195,0,0,30.56,11.043,15.890,,
"2022-06-13 23:59:59",1262324,-2.78,-10.74,1.91,29.73,22.74,36.53,20,4,6.7,17.5,229,0,0,29.77,13.158,19.917,,
"2022-06-14 23:59:59",1262324,-3.72,-9.98,0.99,24.54,17.49,30.79,31,9,3.1,10.9,238,0,0,31.15,8.498,11.820,,
"2022-06-15 23:59:59",1262324,-9.22,-13.26,-4.27,24.07,13.59,32.91,27,5,2.1,7.7,192,0,0,32.07,7.745,10.244,,
"2022-06-16 23:59:59",1262324,-8.05,-13.68,-3.14,25.43,11.39,37.70,34,6,1.4,5.4,161,0,0,30.96,6.910,8.824,,
"2022-06-17 23:59:59",1262324,0.89,-8.05,11.70,29.10,19.93,35.74,41,10,3.7,14.3,178,0,0,18.40,7.928,11.363,,
"2022-06-18 23:59:59",1262324,12.22,5.34,16.79,24.00,20.01,32.28,82,17,4.4,15.0,119,9,15,15.42,5.610,7.922,,
"2022-06-19 23:59:59",1262324,5.47,-8.09,14.90,24.32,18.15,31.48,78,9,5.0,15.4,180,0,1,28.45,8.991,12.988,,
"2022-06-20 23:59:59",1262324,-6.36,-12.15,1.59,21.24,10.78,28.94,55,6,1.8,7.8,173,0,0,32.34,6.964,8.924,,
"2022-06-21 23:59:59",1262324,-0.05,-6.36,9.54,24.00,11.30,33.33,48,11,1.9,11.6,131,0,0,31.12,6.962,8.634,,
"2022-06-22 23:59:59",1262324,10.52,7.91,11.88,25.40,21.66,30.13,52,24,4.9,12.6,96,0,0,27.31,8.262,11.312,,
"2022-06-23 23:59:59",1262324,10.86,4.64,15.25,25.13,18.17,32.95,68,18,2.0,12.6,144,12,8,26.92,6.561,8.246,,
"2022-06-24 23:59:59",1262324,9.82,1.69,15.91,25.25,17.38,32.13,90,14,2.4,13.3,195,0,0,28.46,7.248,9.666,,
"2022-06-25 23:59:59",1262324,6.68,1.22,12.04,25.97,16.84,32.83,71,13,2.4,19.7,177,0,1,19.38,5.762,7.624,,
"2022-06-26 23:59:59",1262324,11.72,9.97,16.60,23.76,19.06,28.45,67,31,3.5,13.4,90,0,3,19.27,5.778,7.799,,
"2022-06-27 23:59:59",1262324,10.37,7.73,12.48,23.82,16.29,31.18,77,23,1.8,5.4,116,0,0,28.01,5.843,7.020,,
"2022-06-28 23:59:59",1262324,8.86,-0.40,13.75,26.83,20.38,33.77,65,11,1.7,5.2,106,0,0,26.71,6.093,7.493,,
"2022-06-29 23:59:59",1262324,8.12,5.82,11.36,27.81,19.81,35.85,48,16,2.6,16.6,147,0,1,29.99,8.275,10.778,,
"2022-06-30 23:59:59",1262324,10.81,8.84,15.69,26.29,21.10,31.53,58,24,2.2,8.8,212,1,4,21.41,5.823,7.680,,
"2022-07-01 23:59:59",1262324,10.08,6.88,12.84,26.42,21.17,32.09,60,20,2.0,8.4,202,0,2,20.48,5.495,7.312,86.8,101.9
"2022-07-02 23:59:59",1262324,9.02,5.24,12.23,27.98,18.44,34.90,59,16,2.4,11.9,151,0,0,29.79,7.638,9.694,86.6,101.7
"2022-07-03 23:59:59",1262324,12.71,9.45,15.29,26.80,21.23,33.19,69,23,4.6,16.9,99,1,7,25.19,7.865,10.671,86.6,101.7
"2022-07-04 23:59:59",1262324,11.27,6.82,14.52,26.99,17.80,34.58,79,18,2.4,12.1,141,0,2,29.71,7.437,9.491,86.6,101.7
"2022-07-05 23:59:59",1262324,12.16,10.18,14.49,25.28,20.51,28.49,60,32,2.3,8.5,171,0,0,15.87,4.492,6.143,86.7,101.8
"2022-07-06 23:59:59",1262324,10.75,8.36,13.48,24.44,17.05,32.46,70,24,2.1,13.3,139,0,0,25.04,6.374,8.350,86.7,101.8
"2022-07-07 23:59:59",1262324,3.26,-6.75,12.20,26.45,16.09,35.21,67,6,1.7,7.7,181,0,0,30.86,7.322,9.385,86.9,102.0
"2022-07-08 23:59:59",1262324,-1.51,-5.40,1.06,26.86,14.90,36.69,42,8,1.5,8.5,153,0,0,31.09,7.067,8.957,87.1,102.2
"2022-07-09 23:59:59",1262324,2.26,-1.96,9.12,29.97,17.17,38.61,36,10,2.2,11.8,154,0,0,30.35,7.915,10.198,87.2,102.3
"2022-07-10 23:59:59",1262324,9.63,6.06,13.60,30.15,24.13,37.36,46,14,2.6,10.4,178,0,3,25.61,7.891,10.391,87.1,102.2
"2022-07-11 23:59:59",1262324,8.18,3.05,12.33,29.31,19.59,38.40,61,11,2.2,12.5,197,0,0,24.59,7.661,10.279,86.8,101.9
"2022-07-12 23:59:59",1262324,8.67,4.41,13.82,29.36,20.49,36.97,51,13,2.5,11.9,142,0,3,29.15,8.184,10.670,86.9,102.0
"2022-07-13 23:59:59",1262324,10.82,7.18,15.68,29.40,20.74,36.14,62,17,2.5,10.3,157,0,1,29.40,7.689,9.809,87.0,102.1
"2022-07-14 23:59:59",1262324,10.85,7.86,15.64,29.69,22.74,37.05,49,16,2.8,15.7,159,0,1,28.01,8.036,10.429,87.0,102.1
"2022-07-15 23:59:59",1262324,12.89,9.69,16.78,29.32,23.71,35.52,61,21,2.3,10.4,234,1,6,25.58,7.155,9.173,87.1,102.2
"2022-07-16 23:59:59",1262324,11.51,2.92,16.96,30.21,21.59,37.54,75,15,2.0,8.5,171,0,0,28.96,7.668,9.876,86.9,102.0
"2022-07-17 23:59:59",1262324,7.00,2.25,10.34,31.35,22.53,39.32,45,10,2.2,9.7,151,0,0,28.79,7.910,10.163,86.7,101.8
"2022-07-18 23:59:59",1262324,8.85,6.79,11.91,31.96,23.69,38.25,44,15,2.5,9.5,211,0,1,28.17,8.413,11.310,86.9,102.0
"2022-07-19 23:59:59",1262324,7.28,4.69,10.29,31.72,21.84,39.05,41,12,2.7,10.7,214,0,0,28.90,9.023,12.527,86.8,101.9
"2022-07-20 23:59:59",1262324,6.70,4.25,8.84,32.17,22.46,39.53,39,11,2.9,11.2,233,0,0,28.35,9.215,12.841,86.8,101.9
"2022-07-21 23:59:59",1262324,5.26,2.46,7.89,31.55,20.49,39.99,40,10,2.1,10.6,191,0,0,28.26,8.148,10.872,86.7,101.8
"2022-07-22 23:59:59",1262324,4.73,2.39,7.95,31.63,20.18,40.81,44,10,1.8,9.3,168,0,0,28.64,7.858,10.302,86.5,101.6
"2022-07-23 23:59:59",1262324,8.43,5.80,13.57,32.59,24.99,39.73,37,13,2.3,10.9,168,0,0,28.00,8.102,10.670,86.6,101.7
"2022-07-24 23:59:59",1262324,13.11,10.92,17.01,28.63,24.53,34.97,64,22,2.1,13.1,177,0,4,19.96,5.769,7.487,86.8,101.9
"2022-07-25 23:59:59",1262324,15.73,11.20,20.05,26.47,22.29,33.19,87,26,1.9,9.1,218,2,14,23.32,5.854,7.396,86.8,101.9
"2022-07-26 23:59:59",1262324,14.60,11.13,17.32,26.01,20.51,31.76,79,31,2.1,9.7,207,0,1,21.76,5.511,6.998,86.8,101.9
"2022-07-27 23:59:59",1262324,14.42,10.19,17.96,25.24,20.10,31.71,87,28,1.8,9.6,161,2,13,17.32,4.367,5.321,86.9,102.0
"2022-07-28 23:59:59",1262324,16.01,11.54,18.61,24.46,19.91,30.86,91,30,1.9,9.4,140,0,2,20.57,5.196,6.514,86.8,101.9
"2022-07-29 23:59:59",1262324,15.01,11.07,16.95,23.87,21.02,29.15,77,35,2.7,11.5,103,0,14,17.91,4.777,6.192,87.0,102.0
"2022-07-30 23:59:59",1262324,15.28,13.32,19.26,24.73,20.56,30.15,76,35,1.9,12.0,140,0,5,20.30,5.040,6.314,87.1,102.1
"2022-07-31 23:59:59",1262324,14.75,11.70,17.58,25.67,21.29,31.62,76,29,1.5,4.3,129,1,7,19.54,4.537,5.519,87.1,102.2
"2022-08-01 23:59:59",1262324,16.40,13.15,18.72,26.73,20.04,33.13,90,30,2.5,9.4,229,5,13,27.81,6.422,7.968,87.0,102.1
"2022-08-02 23:59:59",1262324,11.43,4.41,18.18,29.18,20.53,36.04,76,14,2.8,10.2,209,0,0,28.31,8.145,11.101,86.8,101.9
"2022-08-03 23:59:59",1262324,9.97,6.82,13.56,30.55,21.63,37.77,60,16,2.2,9.1,174,0,0,27.59,7.640,10.022,86.7,101.8
"2022-08-04 23:59:59",1262324,11.24,7.43,14.78,29.41,21.95,36.34,53,20,2.7,11.2,141,0,4,24.02,7.210,9.440,86.7,101.8
"2022-08-05 23:59:59",1262324,13.00,7.67,18.25,27.67,20.28,34.88,85,20,2.1,8.5,168,0,4,25.71,6.622,8.532,86.8,101.9
"2022-08-06 23:59:59",1262324,9.80,7.49,12.66,28.74,19.50,36.17,51,17,2.2,8.8,214,0,0,26.96,7.139,9.206,86.8,101.8
"2022-08-07 23:59:59",1262324,9.04,0.21,13.30,28.90,19.85,36.52,59,10,2.2,10.6,188,0,0,27.55,7.266,9.413,86.9,102.0
"2022-08-08 23:59:59",1262324,10.65,6.11,12.83,28.50,19.63,35.74,57,16,2.1,9.4,121,0,0,27.60,6.908,8.588,87.0,102.1
"2022-08-09 23:59:59",1262324,10.80,7.19,13.70,29.52,21.84,36.16,52,17,2.9,13.0,148,0,1,27.84,7.778,10.003,87.0,102.1
"2022-08-10 23:59:59",1262324,12.01,6.44,16.93,28.72,20.21,36.14,74,16,2.5,10.5,167,0,2,27.41,7.438,9.441,87.1,102.2
"2022-08-11 23:59:59",1262324,11.32,7.60,13.09,28.89,22.18,35.39,54,18,2.6,10.5,186,0,0,27.55,7.441,9.601,87.1,102.2
"2022-08-12 23:59:59",1262324,11.72,6.76,14.47,27.44,21.02,34.37,59,20,2.3,11.0,182,0,2,25.79,6.801,8.756,87.0,102.1
"2022-08-13 23:59:59",1262324,12.13,9.43,13.91,27.25,19.64,34.21,66,22,1.9,9.1,213,0,0,26.08,6.518,8.357,87.0,102.1
"2022-08-14 23:59:59",1262324,13.48,9.68,17.94,26.73,22.14,34.61,77,21,2.5,21.7,217,22,5,23.28,6.253,8.063,86.8,101.9
"2022-08-15 23:59:59",1262324,15.82,12.17,18.25,24.52,19.18,30.56,93,32,2.1,7.5,183,9,10,21.85,5.411,6.818,86.7,101.8
"2022-08-16 23:59:59",1262324,16.58,13.94,19.36,24.18,19.24,29.95,94,38,1.4,9.1,155,0,2,25.55,5.064,5.823,86.8,101.9
"2022-08-17 23:59:59",1262324,13.80,11.82,16.59,26.56,21.37,32.68,73,28,2.3,8.0,116,0,0,26.92,6.562,8.307,86.9,102.0
"2022-08-18 23:59:59",1262324,13.18,8.95,14.61,26.92,22.88,33.03,59,26,2.9,13.1,122,0,1,23.40,6.519,8.411,86.9,102.0
"2022-08-19 23:59:59",1262324,13.17,9.40,18.07,23.47,18.65,26.49,85,34,1.7,7.6,192,1,18,14.35,3.429,4.309,86.7,101.8
"2022-08-20 23:59:59",1262324,12.56,10.11,15.74,25.13,21.56,29.52,70,30,2.4,8.6,109,0,2,22.64,5.812,7.593,86.7,101.8
"2022-08-21 23:59:59",1262324,11.69,8.39,13.65,25.35,18.30,32.19,73,23,2.4,9.9,178,0,0,25.92,6.360,8.169,86.9,102.0
"2022-08-22 23:59:59",1262324,11.04,8.60,13.26,25.92,18.16,32.44,72,24,1.6,8.7,117,0,0,25.17,5.739,7.057,86.8,101.9
"2022-08-23 23:59:59",1262324,10.62,6.14,13.48,26.27,20.10,32.87,63,19,1.9,6.2,138,0,0,24.09,5.895,7.444,86.7,101.8
"2022-08-24 23:59:59",1262324,9.93,6.57,11.99,26.69,18.69,33.81,62,18,2.2,12.2,148,0,0,24.82,6.664,8.675,86.8,101.9
"2022-08-25 23:59:59",1262324,11.94,9.59,17.09,25.79,20.39,30.20,82,27,1.9,5.8,131,1,11,13.23,4.071,5.436,87.0,102.1
"2022-08-26 23:59:59",1262324,15.69,11.84,17.74,21.25,17.39,27.98,92,39,2.3,12.5,130,3,6,18.48,4.049,5.043,86.9,102.0
"2022-08-27 23:59:59",1262324,12.39,7.90,15.69,22.68,15.03,31.27,95,24,1.0,4.5,177,0,0,25.09,4.839,5.653,86.6,101.6
"2022-08-28 23:59:59",1262324,7.84,1.44,12.48,25.11,16.55,33.85,74,14,1.9,9.6,159,0,0,24.79,6.060,7.891,86.4,101.5
"2022-08-29 23:59:59",1262324,5.29,0.58,8.29,26.35,16.20,35.34,59,11,2.0,7.5,158,0,0,25.23,6.476,8.431,86.8,101.9
"2022-08-30 23:59:59",1262324,4.49,1.76,8.32,25.80,15.47,35.20,53,13,1.1,5.7,213,0,0,25.29,5.325,6.548,87.1,102.2
"2022-08-31 23:59:59",1262324,7.46,4.01,11.65,27.25,18.48,35.31,46,17,1.5,7.7,185,0,0,24.97,5.729,7.100,87.0,102.1
"2022-09-01 23:59:59",1262324,7.98,3.22,11.93,27.40,20.43,35.53,52,13,1.7,6.7,157,0,0,24.80,5.985,7.701,86.8,101.9
"2022-09-02 23:59:59",1262324,3.64,0.56,6.48,26.85,15.02,37.42,59,10,1.3,5.8,179,0,0,24.91,5.729,7.254,86.8,101.9
"2022-09-03 23:59:59",1262324,6.52,3.58,12.57,28.44,19.06,35.91,46,13,2.3,14.7,112,0,2,24.35,6.704,8.827,87.1,102.2
"2022-09-04 23:59:59",1262324,7.46,4.44,9.64,26.44,19.06,34.48,54,16,1.7,5.2,154,0,0,24.19,5.602,7.135,87.1,102.2
"2022-09-05 23:59:59",1262324,4.06,0.92,8.20,28.18,15.93,38.63,52,11,1.9,7.5,157,0,0,24.34,6.429,8.438,86.8,101.8
"2022-09-06 23:59:59",1262324,3.68,1.63,6.80,29.35,19.03,38.23,39,11,1.6,5.0,129,0,0,22.99,5.875,7.501,87.0,102.1
"2022-09-07 23:59:59",1262324,4.13,2.46,6.49,27.58,18.51,36.51,38,13,1.2,5.4,183,0,0,23.49,5.332,6.753,87.2,102.3
"2022-09-08 23:59:59",1262324,4.14,2.11,6.60,26.78,16.99,36.35,42,12,1.6,6.5,201,0,0,22.75,5.707,7.485,86.5,101.6
"2022-09-09 23:59:59",1262324,3.99,1.86,7.07,27.18,17.44,35.85,41,12,2.2,11.6,177,0,1,22.85,6.252,8.191,86.1,101.2
"2022-09-10 23:59:59",1262324,7.80,-0.56,10.95,27.35,22.49,32.26,48,15,2.1,10.4,167,0,0,18.84,5.126,6.545,86.6,101.7
"2022-09-11 23:59:59",1262324,7.17,3.18,10.81,24.80,17.97,31.40,58,16,1.5,4.8,193,0,0,19.61,4.671,5.908,87.1,102.2
"2022-09-12 23:59:59",1262324,6.75,4.83,8.97,24.21,16.52,30.83,51,21,1.5,10.1,168,0,0,18.62,4.343,5.370,86.8,101.9
"2022-09-13 23:59:59",1262324,12.66,7.88,15.56,20.33,16.43,24.80,88,34,2.4,16.4,202,18,19,11.85,3.162,4.114,86.6,101.7
"2022-09-14 23:59:59",1262324,13.37,11.03,15.16,19.07,16.62,23.04,92,47,1.8,7.2,180,0,4,13.72,2.795,3.480,86.6,101.7
"2022-09-15 23:59:59",1262324,10.58,5.69,13.52,20.24,14.49,26.88,87,25,1.3,5.6,148,0,0,22.45,4.159,4.964,86.7,101.8
"2022-09-16 23:59:59",1262324,8.84,6.81,11.68,20.72,13.67,28.10,80,26,1.3,5.5,191,0,0,22.46,4.479,5.532,86.5,101.6
"2022-09-17 23:59:59",1262324,5.84,-1.41,11.60,21.60,13.12,29.89,76,17,2.0,7.9,194,0,0,21.36,5.123,6.756,86.3,101.4
"2022-09-18 23:59:59",1262324,0.63,-2.58,3.17,22.38,12.13,31.81,49,10,2.3,10.2,194,0,0,22.87,5.906,8.071,86.4,101.5
"2022-09-19 23:59:59",1262324,3.86,0.61,6.82,22.52,12.67,31.98,53,18,1.4,6.0,167,0,0,22.15,4.857,6.146,86.6,101.7
"2022-09-20 23:59:59",1262324,10.86,4.90,16.43,19.25,16.33,24.16,95,34,1.1,4.8,167,2,16,6.48,1.714,2.304,86.8,101.9
"2022-09-21 23:59:59",1262324,16.02,13.65,17.39,17.54,15.91,19.15,97,79,1.0,4.7,126,14,40,5.35,1.092,1.254,86.9,102.0
"2022-09-22 23:59:59",1262324,16.66,15.53,17.88,20.45,17.15,25.58,96,54,1.4,5.0,139,6,17,19.92,3.643,4.153,86.8,101.9
"2022-09-23 23:59:59",1262324,9.67,-0.56,16.40,19.96,14.74,27.32,95,16,1.4,7.0,179,0,0,21.75,4.321,5.409,86.9,102.0
"2022-09-24 23:59:59",1262324,5.88,0.55,10.23,18.85,10.55,28.15,94,16,1.4,6.4,189,0,0,21.81,4.366,5.488,87.1,102.2
"2022-09-25 23:59:59",1262324,5.86,2.38,9.11,18.37,10.16,28.09,86,19,1.1,5.1,193,0,0,21.53,3.863,4.649,87.1,102.2
"2022-09-26 23:59:59",1262324,6.35,2.95,9.40,20.79,13.99,29.24,67,22,1.2,5.6,137,0,0,20.76,4.027,4.944,87.2,102.2
"2022-09-27 23:59:59",1262324,7.09,4.77,8.87,21.12,13.68,29.34,69,21,1.3,4.8,133,0,0,20.49,4.027,4.938,87.2,102.3
"2022-09-28 23:59:59",1262324,7.40,5.55,9.37,21.28,14.99,28.90,64,23,1.2,4.6,155,0,0,18.95,3.880,4.813,87.3,102.4
"2022-09-29 23:59:59",1262324,7.26,5.43,9.69,20.14,13.22,28.11,76,23,1.1,5.7,193,0,0,18.96,3.661,4.532,87.0,102.1
"2022-09-30 23:59:59",1262324,8.06,4.03,13.01,18.49,11.92,27.04,88,26,2.5,16.9,189,3,10,16.74,3.941,5.007,86.6,101.7
"2022-10-01 23:59:59",1262324,11.87,8.81,13.66,18.11,13.84,24.64,92,36,2.1,9.3,102,3,12,16.36,3.193,3.909,86.6,101.7
"2022-10-02 23:59:59",1262324,11.26,7.09,12.85,18.14,14.08,23.36,87,41,3.3,10.4,86,4,16,16.93,3.560,4.723,87.0,102.1
"2022-10-03 23:59:59",1262324,11.68,10.48,13.35,15.59,12.20,19.68,93,55,1.3,8.4,179,1,6,14.39,2.430,2.854,87.1,102.2
"2022-10-04 23:59:59",1262324,9.62,6.64,11.80,16.00,10.28,22.99,95,36,1.1,6.9,189,0,0,18.79,3.283,3.923,86.9,102.0
"2022-10-05 23:59:59",1262324,8.29,3.39,10.45,16.53,9.85,23.99,94,25,1.2,8.1,153,1,1,19.35,3.371,4.045,87.0,102.1
"2022-10-06 23:59:59",1262324,8.38,4.99,10.49,17.81,12.78,23.12,81,29,1.5,5.4,117,0,0,19.09,3.331,4.069,87.3,102.4
"2022-10-07 23:59:59",1262324,7.77,5.73,9.82,17.69,12.99,23.79,77,32,1.6,6.8,94,0,0,18.89,3.430,4.259,87.3,102.4
"2022-10-08 23:59:59",1262324,7.40,5.31,9.46,16.82,10.14,23.60,82,31,1.3,5.4,131,0,0,18.66,3.161,3.849,87.3,102.4
"2022-10-09 23:59:59",1262324,7.65,6.07,9.09,16.20,11.58,22.54,81,35,1.5,4.9,92,0,0,17.93,3.227,3.981,87.2,102.3
"2022-10-10 23:59:59",1262324,5.35,3.18,6.95,15.68,8.73,23.97,81,26,1.2,4.8,168,0,0,18.54,3.261,3.995,86.8,101.9
"2022-10-11 23:59:59",1262324,2.55,-2.33,6.03,15.81,8.49,26.17,77,15,1.7,9.7,169,0,0,18.32,3.668,4.849,86.6,101.7
"2022-10-12 23:59:59",1262324,-0.76,-3.80,2.02,15.20,5.71,25.99,82,14,1.6,6.0,202,0,0,18.38,3.849,5.130,87.0,102.1
"2022-10-13 23:59:59",1262324,-1.56,-3.69,0.31,14.48,4.53,26.08,69,15,1.1,4.5,203,0,0,18.63,3.339,4.183,86.9,102.0
"2022-10-14 23:59:59",1262324,-2.90,-9.45,1.17,13.82,4.45,25.00,69,10,1.1,4.7,207,0,0,18.73,3.347,4.212,86.6,101.7
"2022-10-15 23:59:59",1262324,-2.49,-4.25,0.21,13.41,3.01,24.43,66,16,1.0,3.5,141,0,0,18.21,2.942,3.578,86.6,101.7
"2022-10-16 23:59:59",1262324,4.74,-2.46,10.11,14.75,9.53,21.46,86,33,2.4,11.3,119,0,3,12.59,2.919,3.980,86.8,101.9
"2022-10-17 23:59:59",1262324,5.94,3.88,9.02,13.70,7.62,19.81,90,37,1.7,6.0,82,0,0,17.32,2.936,3.688,87.1,102.2
"2022-10-18 23:59:59",1262324,4.32,2.24,5.74,13.13,6.30,21.74,87,32,1.2,4.4,163,0,0,17.44,2.821,3.434,87.3,102.4
"2022-10-19 23:59:59",1262324,2.09,-0.38,4.48,12.80,4.25,23.29,83,25,1.0,4.0,187,0,0,17.61,2.824,3.404,87.4,102.4
"2022-10-20 23:59:59",1262324,-1.30,-6.50,1.71,11.95,3.08,22.91,75,14,0.8,3.6,167,0,0,17.42,2.639,3.139,86.9,102.0
"2022-10-21 23:59:59",1262324,-1.54,-2.92,0.01,12.42,3.80,23.37,68,19,1.2,6.6,165,0,0,16.48,2.812,3.568,86.5,101.5
"2022-10-22 23:59:59",1262324,1.66,-2.06,5.60,15.65,4.43,24.32,67,20,4.5,14.5,165,0,0,16.63,4.722,6.520,85.6,100.7
"2022-10-23 23:59:59",1262324,0.95,-6.53,8.71,9.50,3.96,18.03,84,27,5.3,16.0,254,2,16,11.77,2.667,3.711,85.6,100.7
"2022-10-24 23:59:59",1262324,-5.81,-8.31,1.16,6.62,1.00,11.11,83,27,2.6,9.2,257,0,0,16.63,2.754,3.707,86.7,101.7
"2022-10-25 23:59:59",1262324,-5.27,-7.28,-3.18,5.70,-2.24,14.40,82,22,0.9,4.0,175,0,0,16.37,2.095,2.507,86.9,102.0
"2022-10-26 23:59:59",1262324,-3.83,-6.87,-1.13,9.49,4.60,17.49,69,20,1.5,7.1,184,0,0,15.88,2.589,3.374,86.2,101.3
"2022-10-27 23:59:59",1262324,-6.71,-9.75,0.91,7.46,0.98,11.92,56,24,3.6,10.2,196,0,0,15.42,2.951,4.132,86.7,101.8
"2022-10-28 23:59:59",1262324,-6.66,-8.68,-4.88,4.34,-3.46,13.05,72,26,1.0,3.9,154,0,0,16.25,2.102,2.531,87.5,102.5
"2022-10-29 23:59:59",1262324,-5.53,-8.37,-3.45,5.76,-2.71,15.85,75,24,1.0,4.3,175,0,0,15.29,2.105,2.600,87.2,102.3
"2022-10-30 23:59:59",1262324,-4.95,-6.75,-2.76,7.15,-1.48,17.41,77,22,1.4,5.7,195,0,0,15.07,2.425,3.110,86.8,101.9
"2022-11-01 23:59:59",1262324,-4.87,-7.76,-3.28,8.59,-1.35,18.35,68,22,1.1,4.2,162,0,0,13.07,2.019,2.569,86.6,101.7
"2022-11-02 23:59:59",1262324,-1.82,-4.28,3.80,14.12,8.23,19.29,57,23,4.3,11.4,213,0,1,14.28,4.061,5.821,86.3,101.4
"2022-11-03 23:59:59",1262324,2.96,-0.24,6.65,6.30,2.74,11.49,91,54,2.2,11.2,220,7,35,4.49,0.811,1.059,86.0,101.1
"2022-11-04 23:59:59",1262324,-3.43,-10.49,1.55,4.35,0.05,8.96,93,24,1.9,8.6,252,0,6,15.04,2.068,2.757,86.7,101.8
"2022-11-05 23:59:59",1262324,-1.96,-3.84,0.46,3.89,-1.18,11.02,90,38,1.3,4.5,86,0,0,13.13,1.442,1.776,86.4,101.5
"2022-11-06 23:59:59",1262324,0.27,-1.68,1.35,7.39,0.19,15.89,92,32,1.1,3.8,128,0,0,14.40,1.806,2.168,86.3,101.4
"2022-11-07 23:59:59",1262324,-1.97,-4.81,1.42,12.01,1.58,21.78,88,16,2.6,10.0,171,0,0,14.39,3.435,4.795,86.5,101.6
"2022-11-08 23:59:59",1262324,-3.57,-7.55,0.24,14.20,6.37,20.83,63,15,3.3,10.7,195,0,0,14.30,3.803,5.366,86.4,101.5
"2022-11-09 23:59:59",1262324,-0.59,-5.22,5.93,9.25,2.14,15.38,90,25,4.9,17.8,206,2,15,5.17,2.331,3.444,86.2,101.3
"2022-11-10 23:59:59",1262324,-3.34,-7.25,0.06,2.59,-2.38,8.07,94,35,1.2,4.3,187,0,0,14.20,1.607,1.904,86.7,101.8
"2022-11-11 23:59:59",1262324,-8.47,-12.30,-5.11,0.65,-5.13,7.50,84,25,1.3,6.0,201,0,0,14.21,1.643,2.124,86.9,102.0
"2022-11-12 23:59:59",1262324,-8.12,-9.30,-6.43,0.22,-6.00,7.54,86,31,1.2,5.3,131,0,0,13.13,1.376,1.734,86.9,102.0
"2022-11-13 23:59:59",1262324,-6.53,-8.49,-4.51,2.65,-5.02,10.98,84,30,1.3,6.6,235,0,0,12.13,1.562,1.945,86.1,101.2
"2022-11-14 23:59:59",1262324,-7.95,-11.13,-4.86,2.26,-3.78,9.09,82,25,1.7,7.0,238,0,0,13.51,1.853,2.449,86.6,101.7
"2022-11-15 23:59:59",1262324,-12.10,-16.05,-7.72,0.30,-7.36,7.40,82,17,2.6,8.1,195,0,0,13.68,2.046,2.704,87.3,102.4
"2022-11-16 23:59:59",1262324,-13.48,-14.75,-11.55,-0.44,-7.96,8.68,64,19,1.2,5.0,198,0,0,13.57,1.620,2.114,87.6,102.7
"2022-11-17 23:59:59",1262324,-12.08,-13.61,-10.78,-1.67,-8.81,8.18,74,23,0.7,3.9,156,0,0,13.44,1.307,1.575,87.3,102.4
"2022-11-18 23:59:59",1262324,-10.96,-12.17,-9.93,1.11,-5.13,9.07,68,23,1.4,7.0,142,0,0,12.95,1.678,2.131,86.8,101.8
"2022-11-19 23:59:59",1262324,-12.98,-15.25,-10.76,-1.71,-9.20,7.71,77,20,1.1,3.9,200,0,0,13.24,1.459,1.867,87.3,102.4
"2022-11-20 23:59:59",1262324,-14.00,-15.52,-11.58,-2.49,-10.14,8.32,72,19,0.8,4.6,198,0,0,13.16,1.340,1.673,87.4,102.5
"2022-11-21 23:59:59",1262324,-13.86,-15.46,-11.82,-2.74,-9.95,7.29,70,22,0.6,3.2,168,0,0,12.96,1.194,1.419,87.3,102.4
"2022-11-22 23:59:59",1262324,-13.69,-15.86,-11.09,-3.00,-10.01,7.50,69,22,0.6,3.3,222,0,0,11.97,1.053,1.239,87.2,102.3
"2022-11-23 23:59:59",1262324,-12.35,-15.95,-7.80,-1.11,-11.01,6.52,76,26,1.5,6.8,149,0,0,10.38,1.233,1.576,86.8,101.9
"2022-11-24 23:59:59",1262324,-8.60,-11.03,-6.45,5.54,-1.48,11.79,54,20,3.7,11.7,119,0,0,12.56,2.582,3.795,87.3,102.4
"2022-11-25 23:59:59",1262324,-9.93,-12.21,-7.33,0.67,-7.65,11.27,77,23,1.3,4.9,213,0,0,12.53,1.554,2.049,87.4,102.5
"2022-11-26 23:59:59",1262324,-9.73,-13.15,-3.66,2.45,-8.46,12.64,77,19,1.5,7.3,175,0,0,12.03,1.655,2.096,86.6,101.7
"2022-11-27 23:59:59",1262324,-7.44,-11.28,-4.13,4.17,-3.95,11.03,67,25,1.8,6.8,228,0,0,12.30,1.794,2.445,86.5,101.6
"2022-11-28 23:59:59",1262324,-9.34,-11.35,-7.68,0.77,-4.82,9.83,68,27,1.1,3.5,129,0,0,9.57,1.123,1.460,85.8,100.8
"2022-11-29 23:59:59",1262324,-13.37,-19.41,-3.30,1.04,-5.58,5.53,67,16,2.5,10.6,205,0,0,11.87,1.823,2.609,86.2,101.3
"2022-12-01 23:59:59",1262324,-9.85,-15.41,-5.68,1.71,-8.16,11.97,61,28,0.9,6.7,212,0,0,9.07,1.199,1.549,86.4,101.5
"2022-12-02 23:59:59",1262324,-4.12,-7.11,-1.04,8.73,0.27,14.19,65,26,3.6,11.3,231,0,0,9.28,2.638,3.915,86.6,101.7
"2022-12-03 23:59:59",1262324,-4.71,-6.17,-3.89,5.13,0.51,11.38,67,33,1.1,4.0,129,0,0,5.53,1.018,1.391,87.2,102.3
"2022-12-04 23:59:59",1262324,-0.51,-4.52,4.71,7.17,2.10,14.33,82,43,0.8,3.0,216,0,0,7.04,0.985,1.225,86.8,101.9
"2022-12-05 23:59:59",1262324,-0.16,-3.09,2.96,5.78,0.12,13.53,91,41,0.9,5.1,211,0,0,8.74,1.099,1.397,86.3,101.4
"2022-12-06 23:59:59",1262324,-0.95,-4.64,3.94,5.64,-0.48,11.94,91,39,1.0,6.7,232,2,21,8.39,1.136,1.402,86.4,101.5
"2022-12-07 23:59:59",1262324,2.97,0.38,5.97,5.73,3.77,10.42,93,65,1.8,9.5,145,4,28,5.91,0.792,0.985,86.8,101.9
"2022-12-08 23:59:59",1262324,-1.91,-5.96,0.44,2.24,-1.44,7.00,93,39,1.2,3.9,143,0,0,11.44,1.091,1.271,87.3,102.3
"2022-12-09 23:59:59",1262324,-4.07,-5.55,-2.95,0.17,-3.24,5.74,90,50,1.2,3.9,112,0,0,9.64,0.851,1.021,86.9,102.0
"2022-12-10 23:59:59",1262324,-5.15,-8.51,-2.91,-0.57,-6.52,6.18,92,47,1.0,5.2,155,0,0,10.54,0.903,1.105,86.9,102.0
"2022-12-11 23:59:59",1262324,-4.87,-9.04,-1.29,4.63,-3.74,13.09,91,24,1.6,8.5,128,0,0,10.40,1.499,1.951,86.2,101.3
"2022-12-12 23:59:59",1262324,-3.82,-7.38,1.29,3.13,-1.73,8.34,95,32,3.0,8.4,228,2,19,6.93,1.111,1.534,85.5,100.6
"2022-12-13 23:59:59",1262324,-7.16,-9.21,-5.24,-1.47,-6.56,4.38,89,39,1.9,7.6,202,0,0,10.43,1.072,1.434,85.9,101.0
"2022-12-14 23:59:59",1262324,-7.82,-9.85,-6.44,-1.72,-7.55,4.77,89,38,1.6,5.6,176,0,0,10.92,1.122,1.437,86.4,101.5
"2022-12-15 23:59:59",1262324,-8.42,-10.93,-6.62,-1.77,-6.87,4.41,87,32,1.3,6.2,146,0,0,9.37,0.997,1.249,86.6,101.7
"2022-12-16 23:59:59",1262324,-12.66,-14.00,-10.37,-3.86,-9.00,1.24,75,31,1.3,4.5,159,0,0,11.35,1.043,1.292,87.0,102.1
"2022-12-17 23:59:59",1262324,-13.89,-16.07,-12.62,-6.84,-12.26,0.68,80,33,0.7,3.3,120,0,0,11.36,0.774,0.904,86.9,102.0
"2022-12-18 23:59:59",1262324,-13.34,-14.58,-12.20,-6.66,-11.27,0.37,82,34,0.9,3.4,143,0,0,8.74,0.700,0.872,86.6,101.7
"2022-12-19 23:59:59",1262324,-13.13,-16.79,-11.23,-6.47,-13.55,2.73,84,33,0.6,2.7,168,0,0,11.21,0.807,0.919,87.2,102.3
"2022-12-20 23:59:59",1262324,-11.10,-13.69,-8.40,-3.61,-9.95,2.67,84,36,1.0,3.8,180,0,0,8.66,0.755,0.975,87.4,102.5
"2022-12-21 23:59:59",1262324,-9.98,-12.40,-8.58,-2.71,-9.57,7.07,87,31,1.0,4.1,196,0,0,11.11,1.037,1.258,86.7,101.8
"2022-12-22 23:59:59",1262324,-8.65,-12.48,-5.83,-2.18,-9.66,5.19,87,42,0.8,3.9,159,0,0,8.04,0.678,0.813,86.6,101.7
"2022-12-23 23:59:59",1262324,-5.54,-8.28,-3.73,2.18,-4.32,9.85,77,34,0.9,4.3,199,0,0,10.63,1.183,1.471,87.1,102.2
"2022-12-24 23:59:59",1262324,-5.96,-9.43,-2.70,0.72,-6.92,11.18,88,36,1.2,5.4,214,0,0,10.98,1.181,1.473,87.5,102.6
"2022-12-25 23:59:59",1262324,-4.55,-7.29,-2.26,2.10,-4.22,12.19,88,36,1.1,4.0,188,0,0,10.46,1.152,1.442,87.4,102.5
"2022-12-26 23:59:59",1262324,-3.86,-7.14,-1.82,2.77,-4.86,11.52,89,38,1.1,4.1,171,0,0,9.13,1.084,1.402,87.3,102.4
"2022-12-27 23:59:59",1262324,-2.95,-5.57,1.99,3.45,-2.64,9.11,91,42,1.1,4.3,157,2,12,5.23,0.851,1.148,86.4,101.5
"2022-12-28 23:59:59",1262324,1.54,-1.68,4.14,3.23,0.05,6.47,97,75,1.8,15.9,226,13,52,2.43,0.367,0.480,85.6,100.7
"2022-12-29 23:59:59",1262324,-2.66,-6.04,0.03,1.96,-1.61,5.57,93,40,1.7,5.9,177,2,17,9.77,1.169,1.424,86.3,101.4
"2022-12-30 23:59:59",1262324,0.31,-0.73,1.51,2.08,0.65,3.24,94,80,1.1,5.5,124,1,13,3.65,0.422,0.492,86.5,101.6
"2022-12-31 23:59:59",1262324,3.49,1.50,6.06,5.90,2.42,9.55,96,71,0.9,4.8,198,0,3,3.79,0.608,0.713,86.2,101.3
"2023-01-01 23:59:59",1262324,3.31,1.99,5.07,7.71,5.04,9.35,85,64,2.6,8.7,159,1,27,0.93,0.633,0.917,85.6,100.7
"2023-01-02 23:59:59",1262324,-0.85,-3.51,2.02,3.66,2.04,5.73,86,60,3.5,11.3,218,1,12,4.10,0.893,1.224,85.6,100.7
"2023-01-03 23:59:59",1262324,-1.31,-3.11,0.35,1.66,-0.60,3.31,94,63,2.0,8.1,229,0,6,5.60,0.685,0.876,86.3,101.3
"2023-01-04 23:59:59",1262324,-1.96,-3.37,-0.23,1.26,-1.58,5.61,94,59,1.0,3.0,130,0,0,9.16,0.937,1.069,87.0,102.1
"2023-01-05 23:59:59",1262324,-1.78,-3.99,0.03,2.37,-1.51,6.65,91,59,2.2,6.9,70,0,1,8.46,0.939,1.278,87.0,102.1
"2023-01-06 23:59:59",1262324,-0.48,-3.20,1.59,3.89,-0.87,9.86,93,45,1.4,6.3,211,0,3,8.62,1.023,1.327,86.9,102.0
"2023-01-07 23:59:59",1262324,-2.40,-5.61,-0.70,0.81,-4.17,7.28,95,54,1.1,4.2,99,0,0,11.07,0.977,1.118,87.4,102.5
"2023-01-08 23:59:59",1262324,-2.97,-4.47,-1.51,1.95,-2.47,7.51,92,44,1.3,6.2,116,0,0,9.07,0.939,1.188,87.2,102.3
"2023-01-09 23:59:59",1262324,-2.53,-5.78,0.42,2.51,-4.05,7.68,93,49,1.1,5.3,138,0,2,7.84,0.905,1.117,87.0,102.1
"2023-01-10 23:59:59",1262324,-0.15,-3.94,2.01,8.08,2.84,14.95,89,32,2.5,14.7,196,0,3,8.06,1.699,2.218,86.4,101.5
"2023-01-11 23:59:59",1262324,-2.97,-5.04,0.87,4.84,-1.01,10.02,81,35,2.9,8.5,238,0,0,12.03,1.889,2.622,86.7,101.8
"2023-01-12 23:59:59",1262324,-5.10,-7.68,-2.71,0.49,-5.38,8.00,90,37,0.8,3.4,184,0,0,11.36,1.035,1.194,87.8,102.8
"2023-01-13 23:59:59",1262324,-4.75,-6.62,-2.87,0.57,-4.69,7.82,91,42,1.0,5.1,176,0,0,10.93,1.029,1.253,87.5,102.6
"2023-01-14 23:59:59",1262324,-3.05,-5.32,2.07,2.03,-3.20,7.59,91,44,0.9,7.5,184,0,5,4.68,0.592,0.703,86.4,101.5
"2023-01-15 23:59:59",1262324,0.91,-1.64,2.73,4.98,3.23,7.69,90,57,3.2,10.2,209,4,32,5.62,1.037,1.442,85.5,100.6
"2023-01-16 23:59:59",1262324,0.51,-1.99,2.51,3.04,2.00,3.82,96,69,1.6,5.1,146,6,35,2.43,0.431,0.546,85.7,100.8
"2023-01-17 23:59:59",1262324,0.14,-1.92,1.76,1.57,0.15,3.46,96,79,1.5,9.0,219,7,41,3.09,0.373,0.437,85.4,100.5
"2023-01-18 23:59:59",1262324,-3.38,-5.88,-1.76,1.92,-1.50,5.80,87,45,3.3,8.6,243,0,0,11.67,1.448,1.917,86.2,101.3
"2023-01-19 23:59:59",1262324,-5.19,-8.09,-2.90,-0.98,-5.20,3.40,88,53,2.1,6.9,71,0,0,12.27,1.045,1.303,86.6,101.7
"2023-01-20 23:59:59",1262324,-2.73,-5.87,-0.49,-0.27,-2.76,1.27,94,66,1.7,4.6,143,2,34,6.31,0.510,0.583,86.4,101.5
"2023-01-21 23:59:59",1262324,-6.00,-9.06,-4.14,-2.02,-7.07,4.30,91,48,1.4,4.8,187,0,0,13.00,1.175,1.410,86.9,102.0
"2023-01-22 23:59:59",1262324,-6.37,-9.02,-3.08,-2.44,-6.66,1.49,88,56,1.7,5.0,80,0,4,8.19,0.732,0.931,86.2,101.3
"2023-01-23 23:59:59",1262324,-3.03,-5.60,-0.68,1.09,-2.78,5.85,93,56,2.5,9.5,79,1,7,6.58,0.813,1.074,86.1,101.2
"2023-01-24 23:59:59",1262324,-4.89,-9.44,-3.20,0.87,-2.68,5.98,91,38,1.4,7.5,211,0,0,12.83,1.354,1.644,86.8,101.9
"2023-01-25 23:59:59",1262324,-8.13,-10.90,-5.70,-0.16,-4.15,4.08,85,33,1.8,8.2,168,0,0,12.84,1.492,1.916,87.2,102.3
"2023-01-26 23:59:59",1262324,-9.18,-11.28,-7.42,-2.45,-7.89,3.69,86,34,1.2,4.6,196,0,0,13.80,1.324,1.624,87.5,102.6
"2023-01-27 23:59:59",1262324,-8.24,-10.17,-6.58,-2.72,-7.33,2.87,86,44,1.4,4.1,83,0,0,13.17,1.164,1.429,86.9,101.9
"2023-01-28 23:59:59",1262324,-5.96,-7.25,-4.82,-0.08,-3.65,6.50,85,42,1.1,4.4,135,0,0,13.36,1.294,1.551,86.2,101.3
"2023-01-29 23:59:59",1262324,-6.40,-7.83,-5.06,0.37,-4.92,9.36,87,30,1.3,4.7,124,0,0,13.70,1.414,1.738,86.0,101.1
"2023-01-30 23:59:59",1262324,-4.23,-7.41,-1.81,1.29,-5.05,6.33,88,48,1.1,4.1,117,0,0,7.77,0.919,1.152,86.2,101.3
"2023-01-31 23:59:59",1262324,-10.55,-14.75,-2.04,0.42,-7.47,4.91,71,25,2.0,7.2,115,0,0,14.44,1.792,2.319,86.8,101.9
"2023-02-01 23:59:59",1262324,-12.00,-13.84,-9.77,-3.60,-10.53,5.05,85,25,1.2,4.9,213,0,0,14.63,1.419,1.782,87.2,102.3
"2023-02-02 23:59:59",1262324,-8.88,-10.87,-7.15,-0.86,-8.23,9.88,85,27,1.2,5.1,201,0,0,14.64,1.684,2.132,87.6,102.7
"2023-02-03 23:59:59",1262324,-7.41,-10.27,-5.41,-0.76,-7.81,7.35,89,36,1.1,5.5,169,0,0,13.60,1.329,1.628,87.7,102.8
"2023-02-04 23:59:59",1262324,-5.50,-7.57,-3.90,1.39,-5.05,10.38,90,33,0.8,3.0,171,0,0,14.47,1.517,1.769,87.2,102.3
"2023-02-05 23:59:59",1262324,-5.37,-7.34,0.07,3.38,-4.99,14.21,90,25,1.2,10.1,193,0,0,14.96,1.869,2.295,86.6,101.7
"2023-02-06 23:59:59",1262324,-6.07,-11.02,0.36,3.54,-2.75,8.72,92,24,2.9,9.4,188,0,0,15.01,2.300,3.166,86.5,101.6
"2023-02-07 23:59:59",1262324,-8.25,-9.71,-6.32,1.95,-5.45,9.17,81,25,1.5,7.2,195,0,0,15.51,1.934,2.404,87.1,102.2
"2023-02-08 23:59:59",1262324,-7.82,-10.01,-6.02,1.62,-7.51,12.56,87,21,1.7,11.4,211,0,0,15.54,2.141,2.741,87.0,102.1
"2023-02-09 23:59:59",1262324,-14.35,-18.77,-8.15,1.87,-5.61,6.26,55,20,4.7,12.5,125,0,0,16.01,2.745,3.877,87.5,102.6
"2023-02-10 23:59:59",1262324,-13.36,-14.78,-10.34,-2.22,-9.09,6.24,79,22,0.9,5.0,183,0,0,16.09,1.651,1.989,87.7,102.7
"2023-02-11 23:59:59",1262324,-10.35,-13.91,-8.98,0.87,-6.77,9.70,72,24,1.9,7.1,131,0,0,10.51,1.698,2.309,86.9,102.0
"2023-02-12 23:59:59",1262324,-7.05,-11.33,-3.21,1.64,-7.11,12.21,79,33,0.7,4.2,190,0,0,13.81,1.662,1.987,86.6,101.7
"2023-02-13 23:59:59",1262324,-1.34,-7.20,4.28,2.21,-3.54,8.57,94,64,2.1,7.1,189,4,14,6.38,0.762,0.941,85.8,100.9
"2023-02-14 23:59:59",1262324,-1.73,-4.75,0.36,1.73,-1.70,5.34,94,57,3.1,12.1,210,3,17,3.42,0.669,0.959,85.0,100.1
"2023-02-15 23:59:59",1262324,-7.56,-13.30,-4.17,-3.71,-7.37,-1.73,90,52,2.9,11.1,242,3,30,10.16,0.937,1.127,85.7,100.8
"2023-02-16 23:59:59",1262324,-12.61,-18.18,-8.26,-6.61,-15.03,1.18,84,34,1.4,6.5,233,0,0,17.48,1.399,1.632,87.2,102.3
"2023-02-17 23:59:59",1262324,-9.89,-13.64,-5.44,-5.46,-10.87,-0.34,87,53,1.5,4.9,116,0,0,15.33,1.127,1.339,87.5,102.6
"2023-02-18 23:59:59",1262324,-6.72,-9.99,-3.98,-2.34,-8.03,4.23,90,43,0.9,4.5,143,0,0,15.48,1.297,1.449,86.9,102.0
"2023-02-19 23:59:59",1262324,-2.69,-4.57,-0.11,2.73,-2.61,12.07,92,33,0.7,3.8,193,0,0,16.31,1.793,2.018,86.7,101.8
"2023-02-20 23:59:59",1262324,-1.72,-5.20,2.70,4.34,-2.84,14.74,91,30,1.4,8.3,176,0,0,17.32,2.219,2.710,86.7,101.8
"2023-02-21 23:59:59",1262324,-1.96,-5.27,1.37,6.30,-2.54,15.36,93,23,3.4,13.6,197,0,0,16.82,2.957,3.775,85.4,100.5
"2023-02-22 23:59:59",1262324,-4.46,-10.43,3.20,3.52,-2.72,8.01,86,32,6.8,16.0,221,1,12,9.61,2.044,2.997,84.7,99.7
"2023-02-23 23:59:59",1262324,-7.29,-11.27,-2.88,0.87,-2.91,5.27,81,29,3.5,12.6,189,0,1,9.40,1.627,2.335,86.1,101.2
"2023-02-24 23:59:59",1262324,-4.18,-7.42,-0.60,3.40,-0.55,8.56,92,31,2.0,9.5,161,0,2,16.70,2.119,2.637,86.7,101.8
"2023-02-25 23:59:59",1262324,-3.69,-5.23,-1.39,6.57,-0.92,15.69,77,26,2.4,9.5,101,0,0,15.34,2.710,3.675,86.6,101.7
"2023-02-26 23:59:59",1262324,-5.67,-15.62,-0.65,3.52,-1.88,7.65,92,17,3.5,12.3,219,0,3,13.23,2.048,2.933,85.9,101.0
"2023-02-27 23:59:59",1262324,-6.23,-7.51,-4.72,2.68,-2.98,9.42,78,30,2.4,7.9,240,0,0,13.47,2.016,2.722,86.3,101.4
"2023-03-01 23:59:59",1262324,-0.68,-4.82,1.60,3.89,0.12,8.45,96,42,3.1,10.3,152,3,34,7.62,1.435,2.002,85.5,100.6
"2023-03-02 23:59:59",1262324,-2.89,-7.76,1.30,4.46,-0.82,10.27,93,32,2.2,8.5,188,0,7,18.56,2.637,3.336,85.8,100.9
"2023-03-03 23:59:59",1262324,-4.70,-6.72,-2.67,2.94,-4.33,11.00,89,28,2.0,7.9,152,0,0,18.97,2.526,3.204,86.1,101.1
"2023-03-04 23:59:59",1262324,-4.32,-6.50,-2.43,4.22,-2.66,10.65,86,34,1.4,4.9,150,0,0,13.37,1.887,2.297,86.0,101.1
"2023-03-05 23:59:59",1262324,-8.22,-13.91,-3.98,8.36,0.06,14.64,63,13,4.1,12.9,222,0,0,16.18,4.132,5.944,86.0,101.1
"2023-03-06 23:59:59",1262324,-11.32,-16.73,-6.46,9.67,1.18,17.77,52,9,3.6,13.6,217,0,0,19.96,4.800,6.922,86.3,101.4
"2023-03-07 23:59:59",1262324,-8.52,-12.87,-4.47,7.29,1.27,15.74,59,13,1.0,5.2,198,0,0,17.00,2.591,3.161,86.4,101.5
"2023-03-08 23:59:59",1262324,-10.37,-16.60,-5.76,7.36,-2.99,16.42,72,9,2.8,10.1,202,0,0,14.39,3.645,5.081,86.3,101.4
"2023-03-09 23:59:59",1262324,-11.48,-14.97,-8.02,5.43,-3.24,12.88,61,13,1.3,4.9,145,0,0,18.64,2.896,3.602,86.8,101.9
"2023-03-10 23:59:59",1262324,-4.30,-9.60,5.74,7.23,1.07,12.29,90,25,1.6,5.3,142,1,8,5.93,1.699,2.448,86.3,101.4
"2023-03-11 23:59:59",1262324,4.76,2.62,6.54,8.99,6.06,13.07,93,49,3.3,11.9,174,6,19,11.75,2.143,2.876,86.1,101.2
"2023-03-12 23:59:59",1262324,3.53,1.27,5.92,7.40,2.36,13.40,97,50,2.0,9.8,170,1,5,16.11,2.274,2.748,86.5,101.6
"2023-03-13 23:59:59",1262324,2.18,-0.10,4.91,6.37,1.28,12.51,94,44,1.3,7.1,143,0,3,15.67,1.974,2.279,86.7,101.8
"2023-03-14 23:59:59",1262324,1.61,-1.15,3.26,8.73,0.17,15.13,94,40,1.9,8.1,118,0,0,18.20,2.872,3.509,86.7,101.8
"2023-03-15 23:59:59",1262324,5.69,2.07,8.34,10.09,7.80,12.28,93,52,2.5,8.4,197,11,53,6.22,1.292,1.618,86.1,101.2
"2023-03-16 23:59:59",1262324,-2.51,-11.38,6.09,7.22,2.97,10.78,93,26,3.5,9.2,152,1,13,20.23,3.337,4.394,86.2,101.3
"2023-03-17 23:59:59",1262324,-8.69,-12.50,-6.57,3.60,-1.79,8.97,64,27,2.8,10.1,139,0,0,22.37,3.126,3.825,86.7,101.8
"2023-03-18 23:59:59",1262324,-6.88,-9.87,-4.32,4.42,-3.28,10.63,85,23,1.5,7.3,121,0,0,22.13,2.975,3.675,87.1,102.2
"2023-03-19 23:59:59",1262324,-3.28,-5.83,3.87,5.92,-1.69,12.07,86,29,2.6,10.8,155,2,19,16.63,2.863,3.731,86.7,101.8
"2023-03-20 23:59:59",1262324,2.98,1.50,5.80,7.01,5.05,9.51,86,60,2.7,12.9,207,3,35,7.47,1.371,1.765,85.9,101.0
"2023-03-21 23:59:59",1262324,2.26,-0.44,4.30,3.72,0.40,5.48,97,82,1.6,5.4,96,15,56,4.21,0.593,0.695,85.9,101.0
"2023-03-22 23:59:59",1262324,1.22,-5.02,5.72,6.82,1.09,11.51,96,31,3.3,12.0,223,3,22,12.70,2.199,3.056,86.0,101.1
"2023-03-23 23:59:59",1262324,-1.33,-3.30,2.27,3.73,-1.80,9.09,94,41,1.7,12.5,180,0,2,18.60,2.339,2.818,86.5,101.6
"2023-03-24 23:59:59",1262324,-2.29,-8.78,1.98,3.97,-0.81,10.91,92,31,2.8,13.2,172,0,3,18.34,2.761,3.650,86.3,101.4
"2023-03-25 23:59:59",1262324,-10.35,-16.31,-5.99,1.28,-4.41,6.44,84,17,2.1,7.6,178,0,0,21.53,2.805,3.539,86.5,101.6
"2023-03-26 23:59:59",1262324,-8.29,-13.80,-3.27,2.23,-4.09,8.36,84,18,2.6,10.2,186,0,0,21.31,2.976,3.861,86.4,101.4
"2023-03-27 23:59:59",1262324,-12.84,-18.54,-5.79,1.46,-4.65,7.13,74,14,1.8,7.8,164,0,0,24.44,3.036,3.791,87.2,102.3
"2023-03-28 23:59:59",1262324,-11.24,-16.38,-6.72,4.40,-4.57,13.65,69,14,2.6,8.0,77,0,0,23.00,3.618,4.910,87.0,102.1
"2023-03-29 23:59:59",1262324,-6.74,-9.67,-4.37,10.68,-0.61,19.75,75,13,2.6,11.1,212,0,0,18.63,4.380,6.027,86.1,101.2
"2023-03-30 23:59:59",1262324,-5.11,-10.09,1.67,8.25,3.34,11.66,82,21,5.0,14.5,232,0,3,12.89,3.413,5.062,85.6,100.7
"2023-04-01 23:59:59",1262324,-6.17,-7.90,-4.47,7.15,-2.28,17.95,79,16,1.2,5.8,149,0,0,24.25,3.645,4.456,86.9,101.9
"2023-04-02 23:59:59",1262324,-6.67,-10.51,-2.68,10.45,-1.44,21.12,79,11,2.2,9.2,192,0,0,25.05,4.929,6.627,86.2,101.2
"2023-04-03 23:59:59",1262324,-5.35,-8.21,-0.16,13.47,3.78,21.86,72,13,7.5,19.5,220,0,2,21.65,7.120,10.741,85.1,100.2
"2023-04-04 23:59:59",1262324,-9.41,-14.16,-2.52,3.56,1.18,6.70,69,21,4.9,10.7,261,0,1,16.88,3.082,4.352,85.5,100.6
"2023-04-05 23:59:59",1262324,-13.22,-17.67,-10.29,2.23,-3.80,7.78,57,16,1.9,9.2,183,0,0,23.66,3.239,4.105,86.7,101.8
"2023-04-06 23:59:59",1262324,-11.64,-15.47,-7.49,4.25,-4.47,12.71,67,15,1.5,6.4,148,0,0,25.86,3.488,4.332,87.1,102.2
"2023-04-07 23:59:59",1262324,-8.14,-10.81,-5.23,8.97,-3.19,20.43,71,13,1.2,6.9,188,0,0,24.43,4.105,5.094,86.7,101.8
"2023-04-08 23:59:59",1262324,-5.92,-8.62,-3.33,11.76,2.46,20.54,62,13,1.6,6.5,176,0,0,23.22,4.377,5.602,86.7,101.8
"2023-04-09 23:59:59",1262324,-4.64,-6.64,-2.10,12.44,1.59,23.01,71,15,1.3,6.2,173,0,0,24.95,4.537,5.580,87.2,102.3
"2023-04-10 23:59:59",1262324,-4.52,-7.14,-1.68,13.71,2.27,24.75,67,12,1.5,6.1,141,0,0,26.05,4.867,6.115,87.3,102.4
"2023-04-11 23:59:59",1262324,-3.60,-5.61,-1.17,15.73,2.81,29.05,67,11,1.5,7.5,176,0,0,25.89,5.248,6.707,86.8,101.9
"2023-04-12 23:59:59",1262324,-3.38,-8.87,0.05,18.38,7.06,28.93,55,9,3.1,12.6,168,0,0,23.04,6.758,9.391,86.0,101.1
"2023-04-13 23:59:59",1262324,-3.88,-7.58,-0.20,16.89,12.37,20.95,32,17,3.7,13.3,220,0,0,14.92,5.239,7.406,85.5,100.6
"2023-04-14 23:59:59",1262324,-5.61,-11.61,2.08,13.53,8.55,18.43,57,13,4.5,15.1,220,0,1,20.83,5.532,7.765,85.8,100.9
"2023-04-15 23:59:59",1262324,-10.25,-11.94,-7.93,10.07,2.41,17.31,48,13,1.8,7.8,155,0,0,26.76,4.637,5.857,87.0,102.1
"2023-04-16 23:59:59",1262324,-9.22,-10.53,-7.65,10.86,-0.83,21.23,54,11,1.4,4.9,115,0,0,26.73,4.614,5.730,87.0,102.1
"2023-04-17 23:59:59",1262324,-7.17,-10.34,-4.30,14.21,2.10,24.91,60,9,2.0,8.8,199,0,0,26.67,5.488,7.042,86.1,101.2
"2023-04-18 23:59:59",1262324,-8.78,-15.82,-3.53,18.74,12.13,24.98,35,7,6.0,15.0,226,0,0,24.98,8.414,12.286,85.6,100.7
"2023-04-19 23:59:59",1262324,-10.39,-17.95,-5.36,12.79,6.13,15.45,28,14,4.8,13.2,248,0,0,24.94,5.915,8.436,86.0,101.1
"2023-04-20 23:59:59",1262324,-14.52,-16.48,-11.83,7.99,-1.81,15.13,41,11,3.4,11.6,176,0,0,27.27,5.248,7.060,87.0,102.1
"2023-04-21 23:59:59",1262324,-8.40,-13.24,-4.06,10.14,-1.34,18.89,54,16,2.1,9.3,181,0,0,24.79,4.709,6.169,87.0,102.1
"2023-04-22 23:59:59",1262324,-3.63,-5.38,-0.34,14.29,9.73,18.61,48,20,3.1,11.8,183,0,0,25.61,5.520,7.326,86.5,101.6
"2023-04-23 23:59:59",1262324,-3.60,-7.14,4.31,12.57,2.62,19.95,62,15,2.1,11.4,183,0,1,27.31,4.953,6.139,86.4,101.4
"2023-04-24 23:59:59",1262324,2.98,-5.00,7.82,15.07,9.04,22.17,90,15,3.0,12.7,197,1,5,25.39,5.282,6.972,86.1,101.2
"2023-04-25 23:59:59",1262324,-2.57,-9.39,2.98,11.76,6.59,16.84,71,16,3.4,12.4,223,0,1,23.67,4.875,6.676,86.1,101.2
"2023-04-26 23:59:59",1262324,-3.72,-6.08,-1.41,13.96,3.60,21.96,61,15,2.1,8.5,185,0,0,28.13,5.422,6.786,86.6,101.7
"2023-04-27 23:59:59",1262324,-5.06,-7.71,-2.35,15.56,3.28,25.20,58,11,2.4,13.6,235,0,0,27.79,6.370,8.467,86.4,101.5
"2023-04-28 23:59:59",1262324,-7.05,-10.79,-0.51,16.10,9.60,22.05,38,11,3.8,13.3,152,0,0,28.82,6.486,8.453,86.9,102.0
"2023-04-29 23:59:59",1262324,-6.94,-9.29,-5.03,15.86,2.98,27.31,51,9,2.0,7.2,219,0,0,28.66,6.202,8.161,86.9,102.0
"2023-04-30 23:59:59",1262324,-6.28,-9.45,-2.96,17.63,4.40,29.96,51,8,1.6,7.4,193,0,0,28.53,6.162,7.915,86.4,101.5
"2023-05-01 23:59:59",1262324,-4.03,-8.20,-1.46,19.09,7.25,29.52,46,10,2.1,9.5,154,0,0,25.32,6.370,8.377,85.9,101.0
"2023-05-02 23:59:59",1262324,-2.60,-4.40,-0.56,20.16,10.97,25.85,38,13,3.2,9.5,180,0,0,26.27,6.876,9.430,86.2,101.3
"2023-05-03 23:59:59",1262324,-1.64,-5.48,1.84,18.75,6.87,27.85,52,11,2.7,18.4,142,0,0,27.10,6.621,8.790,86.1,101.2
"2023-05-04 23:59:59",1262324,-2.19,-7.24,4.33,18.84,12.61,24.28,49,12,4.7,12.4,220,0,0,25.93,7.559,10.684,86.0,101.1
"2023-05-05 23:59:59",1262324,-4.26,-7.15,-1.85,15.31,7.13,20.78,44,17,3.3,10.0,227,0,0,23.44,5.782,7.902,86.2,101.3
"2023-05-06 23:59:59",1262324,-4.16,-7.30,-1.14,16.12,5.30,23.23,56,13,3.2,10.8,216,0,0,27.27,6.543,8.855,86.4,101.5
"2023-05-07 23:59:59",1262324,-3.47,-4.69,-1.60,17.58,10.78,24.16,38,14,2.3,9.3,204,0,0,26.87,6.014,7.783,86.5,101.6
"2023-05-08 23:59:59",1262324,-3.81,-6.82,-0.85,16.74,4.61,27.04,57,10,2.1,8.6,186,0,0,29.29,6.419,8.471,86.4,101.5
"2023-05-09 23:59:59",1262324,-5.07,-7.99,-2.47,17.96,7.04,26.96,46,10,1.7,9.7,203,0,0,29.51,6.180,7.846,86.3,101.4
"2023-05-10 23:59:59",1262324,-3.82,-6.70,-0.77,17.02,11.81,22.35,43,14,2.2,15.7,184,0,0,16.14,4.327,5.858,86.0,101.1
"2023-05-11 23:59:59",1262324,-1.94,-5.64,0.07,16.48,5.31,25.29,68,14,2.3,11.8,234,0,0,27.94,6.303,8.319,86.2,101.2
"2023-05-12 23:59:59",1262324,-0.71,-3.47,1.66,17.81,6.89,26.01,56,17,2.1,6.7,152,0,0,24.97,5.897,7.568,86.5,101.6
"2023-05-13 23:59:59",1262324,3.21,-0.23,7.92,16.52,8.03,25.38,67,20,2.8,14.3,145,0,1,18.72,5.006,6.560,86.6,101.7
"2023-05-14 23:59:59",1262324,7.01,2.46,9.30,17.77,11.73,25.16,72,24,3.2,18.4,98,2,4,19.23,5.001,6.676,87.1,102.2
"2023-05-15 23:59:59",1262324,7.09,5.07,9.25,20.11,12.37,26.91,73,25,2.0,6.6,93,0,1,27.95,5.973,7.317,87.4,102.5
"2023-05-16 23:59:59",1262324,5.20,2.26,8.30,20.69,11.65,28.24,71,19,2.4,11.9,174,0,0,26.32,6.298,8.240,87.0,102.1
"2023-05-17 23:59:59",1262324,4.38,2.60,7.10,21.08,12.03,27.95,58,20,2.2,8.9,209,0,0,20.47,5.460,7.318,86.5,101.6
"2023-05-18 23:59:59",1262324,6.22,1.48,11.35,21.56,16.83,26.62,58,21,2.3,16.6,151,1,4,22.90,5.513,7.152,86.5,101.6
"2023-05-19 23:59:59",1262324,6.27,3.42,10.00,19.07,11.38,26.97,68,22,3.0,16.8,123,0,5,24.24,6.010,7.840,86.9,102.0
"2023-05-20 23:59:59",1262324,9.10,6.80,10.74,17.60,12.08,24.22,80,32,2.8,11.7,115,0,13,21.22,4.876,6.301,87.2,102.3
"2023-05-21 23:59:59",1262324,6.52,0.11,9.16,17.80,9.98,26.69,86,18,2.3,11.4,125,0,0,26.62,5.780,7.374,86.9,102.0
"2023-05-22 23:59:59",1262324,6.89,4.25,9.62,19.08,11.99,26.13,72,24,2.1,10.3,117,0,3,25.07,5.544,7.006,86.7,101.8
"2023-05-23 23:59:59",1262324,5.15,-0.34,8.00,20.07,9.83,28.94,79,17,1.7,9.4,155,0,0,27.53,6.052,7.503,86.5,101.6
"2023-05-24 23:59:59",1262324,0.54,-6.09,6.13,22.19,13.90,30.70,59,9,2.5,10.9,161,0,0,30.16,7.319,9.814,86.3,101.4
"2023-05-25 23:59:59",1262324,-2.00,-7.84,1.79,21.72,11.29,30.29,47,10,2.1,10.2,195,0,0,30.28,7.192,9.323,86.2,101.3
"2023-05-26 23:59:59",1262324,-5.94,-9.35,-2.88,22.52,11.70,30.02,33,8,3.6,12.8,197,0,0,30.72,8.913,12.252,86.2,101.3
"2023-05-27 23:59:59",1262324,-4.63,-6.46,-1.89,20.90,12.14,27.53,33,10,2.3,8.7,221,0,0,28.77,6.949,9.089,86.3,101.4
"2023-05-28 23:59:59",1262324,-4.10,-6.30,-0.70,19.65,7.65,29.84,53,10,1.6,6.9,166,0,0,31.03,6.584,8.300,86.4,101.5
"2023-05-29 23:59:59",1262324,-3.94,-7.71,-0.94,21.43,9.54,30.90,44,8,2.1,9.2,178,0,0,30.77,7.364,9.708,86.4,101.5
"2023-05-30 23:59:59",1262324,-4.95,-7.84,-1.87,21.92,12.95,29.95,31,9,2.1,9.3,220,0,0,31.18,7.313,9.528,86.3,101.4
"2023-05-31 23:59:59",1262324,-3.47,-7.59,-0.66,22.17,13.34,29.79,35,10,2.3,9.8,192,0,0,28.99,7.297,9.596,86.0,101.1
"2023-06-01 23:59:59",1262324,-1.86,-7.48,2.20,20.54,15.99,24.59,37,14,2.7,10.7,162,0,0,25.77,6.570,8.648,86.2,101.3
"2023-06-02 23:59:59",1262324,3.90,0.90,13.28,19.75,12.60,27.02,66,18,2.0,10.1,145,0,4,23.66,5.694,7.177,86.3,101.4
"2023-06-03 23:59:59",1262324,4.73,1.14,8.74,20.22,10.12,27.75,79,18,2.3,12.5,218,0,0,27.04,6.616,8.564,86.5,101.6
"2023-06-04 23:59:59",1262324,2.38,-0.32,5.53,21.55,9.71,29.93,63,14,1.6,10.5,208,0,0,30.67,6.637,8.239,86.5,101.6
"2023-06-05 23:59:59",1262324,2.74,-0.18,5.98,23.86,14.53,31.40,44,13,2.7,16.2,121,0,0,27.89,7.117,9.163,86.5,101.6
"2023-06-06 23:59:59",1262324,6.31,1.88,8.09,23.89,19.33,31.17,50,15,3.7,17.1,107,0,2,22.47,7.297,9.961,86.4,101.5
"2023-06-07 23:59:59",1262324,6.19,1.91,10.08,21.11,14.66,27.70,68,19,2.8,13.0,109,0,1,27.90,6.790,8.748,86.4,101.5
"2023-06-08 23:59:59",1262324,-3.78,-10.17,4.46,20.59,9.09,29.77,71,7,2.0,9.6,200,0,0,31.69,7.200,9.488,86.5,101.6
"2023-06-09 23:59:59",1262324,-2.96,-7.45,0.10,22.83,16.38,28.98,29,13,1.9,9.3,217,0,0,29.86,7.085,9.181,86.5,101.6
"2023-06-10 23:59:59",1262324,-1.44,-2.65,0.53,21.57,10.99,30.33,44,11,1.6,7.9,177,0,0,28.01,6.459,8.327,86.3,101.4
"2023-06-11 23:59:59",1262324,-3.39,-7.75,2.17,22.22,11.76,30.56,43,9,2.8,12.5,164,0,0,24.66,7.481,10.369,86.1,101.2
"2023-06-12 23:59:59",1262324,-0.36,-7.70,8.10,20.29,13.64,26.46,53,16,3.3,11.8,232,0,3,26.82,7.218,9.960,86.3,101.4
"2023-06-13 23:59:59",1262324,2.75,0.23,4.99,19.21,9.32,27.14,75,17,2.1,11.5,228,0,0,28.37,6.494,8.531,86.4,101.5
"2023-06-14 23:59:59",1262324,2.86,-0.45,7.46,21.69,10.79,30.10,60,15,2.8,18.8,186,0,3,29.40,7.747,10.141,86.2,101.3
"2023-06-15 23:59:59",1262324,4.86,2.00,8.99,22.12,15.12,28.90,55,18,3.1,16.3,257,0,1,21.82,6.575,8.902,86.3,101.4
"2023-06-16 23:59:59",1262324,8.35,2.61,11.62,18.49,12.54,26.41,87,22,2.1,17.4,202,2,7,23.68,5.432,6.902,86.7,101.8
"2023-06-17 23:59:59",1262324,7.14,0.03,12.45,20.59,13.03,28.63,92,15,2.1,10.3,230,1,4,29.44,6.542,8.419,86.6,101.7
"2023-06-18 23:59:59",1262324,0.93,-5.76,6.08,24.11,11.48,33.73,68,9,3.4,12.5,181,0,0,30.93,9.160,12.692,86.3,101.3
"2023-06-19 23:59:59",1262324,-5.55,-7.75,-2.96,27.02,19.01,34.45,20,6,5.0,12.9,212,0,0,31.90,11.098,15.887,86.3,101.4
"2023-06-20 23:59:59",1262324,-2.98,-7.22,2.78,26.82,19.51,33.39,28,9,3.5,10.8,216,0,0,31.35,9.397,13.223,86.5,101.6
"2023-06-21 23:59:59",1262324,-0.30,-3.07,3.70,25.95,17.77,32.88,29,10,2.3,7.4,213,0,0,31.22,7.679,10.020,86.5,101.6
"2023-06-22 23:59:59",1262324,-2.78,-8.42,1.92,26.13,16.34,33.53,36,7,2.8,11.0,203,0,0,30.10,8.616,11.642,86.3,101.4
"2023-06-23 23:59:59",1262324,-8.22,-14.41,-1.82,24.89,14.58,31.96,25,5,3.8,13.5,230,0,0,31.81,9.684,13.950,86.4,101.5
"2023-06-24 23:59:59",1262324,-11.04,-13.02,-5.28,20.82,6.98,31.74,37,5,1.3,7.8,171,0,0,32.28,6.665,8.345,86.7,101.8
"2023-06-25 23:59:59",1262324,-9.91,-12.71,-4.20,23.72,9.38,35.45,33,4,2.2,10.8,188,0,0,32.27,8.184,10.981,86.7,101.8
"2023-06-26 23:59:59",1262324,-5.22,-12.76,-1.04,26.86,13.55,37.24,21,7,3.7,15.3,197,0,0,27.35,9.977,14.274,86.4,101.5
"2023-06-27 23:59:59",1262324,-4.80,-7.82,-0.59,28.07,19.21,35.45,26,6,3.4,11.9,233,0,0,31.69,9.987,13.987,86.2,101.3
"2023-06-28 23:59:59",1262324,-5.42,-8.55,-3.38,26.93,16.63,34.66,22,8,2.6,11.2,203,0,0,31.56,8.641,11.838,86.3,101.4
"2023-06-29 23:59:59",1262324,-3.70,-7.30,0.49,25.90,16.09,33.26,28,7,2.5,10.9,180,0,0,30.95,8.249,11.058,86.4,101.5
"2023-06-30 23:59:59",1262324,0.06,-2.35,2.98,24.68,13.05,33.09,40,11,2.3,11.1,205,0,0,31.04,8.025,10.731,86.6,101.7
"2023-07-01 23:59:59",1262324,-0.17,-4.50,4.01,27.07,15.17,35.29,42,9,2.2,9.9,154,0,0,31.07,7.978,10.546,86.8,101.9
"2023-07-02 23:59:59",1262324,-0.92,-3.62,3.14,27.01,14.59,36.57,36,9,1.6,7.2,180,0,0,28.35,7.067,9.143,86.7,101.8
"2023-07-03 23:59:59",1262324,1.15,-1.45,4.39,28.44,16.30,38.39,36,8,1.6,9.6,163,0,0,30.96,7.484,9.620,86.6,101.6
"2023-07-04 23:59:59",1262324,0.12,-3.55,4.52,29.53,17.32,38.88,37,7,3.1,13.5,195,0,0,28.36,9.342,13.244,86.4,101.5
"2023-07-05 23:59:59",1262324,-5.03,-10.35,-0.02,28.24,18.23,36.90,23,6,2.3,10.9,225,0,0,31.49,8.593,11.752,86.5,101.6
"2023-07-06 23:59:59",1262324,-4.44,-9.60,0.26,26.92,15.04,37.17,24,7,1.9,12.1,202,0,0,31.26,7.977,10.645,86.4,101.5
"2023-07-07 23:59:59",1262324,-1.26,-4.92,5.02,27.83,17.00,37.04,28,8,2.6,15.0,185,0,0,30.79,8.737,12.073,86.3,101.3
"2023-07-08 23:59:59",1262324,-3.93,-9.26,0.03,26.98,16.19,36.95,31,7,2.1,12.2,208,0,0,31.18,8.051,10.745,86.3,101.4
"2023-07-09 23:59:59",1262324,-1.07,-9.35,7.05,27.41,13.70,37.27,39,8,2.0,12.4,195,0,0,30.57,7.858,10.424,86.5,101.6
"2023-07-10 23:59:59",1262324,5.28,1.40,8.30,29.45,17.77,36.94,38,15,2.4,12.6,227,0,0,27.57,7.902,10.831,86.6,101.7
"2023-07-11 23:59:59",1262324,6.87,1.68,12.09,28.87,18.26,36.99,37,16,2.5,13.4,213,0,0,25.51,7.701,10.629,86.7,101.8
"2023-07-12 23:59:59",1262324,7.56,3.23,13.40,30.25,19.86,37.53,53,13,2.9,11.6,214,0,0,29.80,9.051,12.594,86.7,101.8
"2023-07-13 23:59:59",1262324,4.46,1.69,7.63,29.58,19.54,38.16,38,10,2.5,11.9,200,0,0,27.50,8.395,11.612,86.6,101.6
"2023-07-14 23:59:59",1262324,0.55,-3.93,6.75,30.17,17.64,39.65,51,6,1.9,9.5,184,0,0,30.52,8.118,10.621,86.6,101.7
"2023-07-15 23:59:59",1262324,-2.29,-6.13,3.43,30.25,17.65,39.02,27,5,2.3,9.9,169,0,0,30.82,8.590,11.517,86.8,101.9
"2023-07-16 23:59:59",1262324,-3.25,-6.83,0.81,29.12,15.41,40.58,24,6,1.5,8.0,164,0,0,30.73,7.380,9.525,86.9,102.0
"2023-07-17 23:59:59",1262324,-1.62,-4.75,3.97,30.46,16.34,41.36,39,6,1.4,7.4,201,0,0,30.44,7.208,9.205,86.8,101.8
"2023-07-18 23:59:59",1262324,6.70,2.27,12.56,32.25,24.45,39.32,38,12,2.8,16.2,206,0,1,25.58,8.592,11.813,86.8,101.9
"2023-07-19 23:59:59",1262324,6.89,-0.55,10.59,30.83,21.06,39.44,48,8,1.9,10.6,224,0,0,29.35,7.911,10.501,86.9,102.0
"2023-07-20 23:59:59",1262324,4.92,-1.35,8.89,31.46,21.03,39.64,42,7,2.8,12.1,216,0,0,29.47,9.119,12.667,86.9,102.0
"2023-07-21 23:59:59",1262324,2.21,-3.20,8.77,30.91,19.67,38.87,41,7,2.2,9.0,178,0,0,29.83,8.393,11.262,86.8,101.9
"2023-07-22 23:59:59",1262324,4.75,-1.50,12.04,29.82,18.69,38.57,34,13,2.0,8.6,157,0,0,29.18,7.588,9.919,86.8,101.9
"2023-07-23 23:59:59",1262324,3.47,-3.55,9.18,30.43,18.70,39.24,34,7,1.6,6.8,165,0,0,29.33,7.147,9.061,86.9,102.0
"2023-07-24 23:59:59",1262324,6.45,3.69,8.50,31.50,23.22,39.65,34,11,2.5,12.3,205,0,0,26.50,8.227,10.966,87.0,102.1
"2023-07-25 23:59:59",1262324,7.17,3.25,9.29,30.82,20.74,39.07,43,12,2.2,10.5,204,0,0,28.31,8.136,10.797,87.0,102.1
"2023-07-26 23:59:59",1262324,5.74,2.05,9.49,30.82,20.07,39.69,42,10,2.0,10.2,206,0,0,27.51,7.746,10.308,86.9,102.0
"2023-07-27 23:59:59",1262324,6.50,3.49,9.12,31.99,27.30,38.18,30,13,2.5,10.0,228,0,1,24.80,7.938,10.739,86.9,101.9
"2023-07-28 23:59:59",1262324,5.22,3.15,7.92,31.31,20.70,38.92,36,10,2.3,9.0,213,0,0,28.15,8.052,10.570,86.9,102.0
"2023-07-29 23:59:59",1262324,8.12,6.05,12.84,32.28,26.46,38.38,38,14,2.2,12.8,173,0,1,24.39,7.048,9.075,87.0,102.1
"2023-07-30 23:59:59",1262324,11.69,7.66,19.08,29.33,20.49,37.25,91,16,2.4,17.1,145,4,15,27.80,7.184,9.073,87.0,102.1
"2023-07-31 23:59:59",1262324,,,,,,,,,,,,,3,,,,,
"2023-08-01 23:59:59",1262324,13.62,10.21,16.82,26.19,19.98,32.65,81,25,2.0,11.1,205,0,0,25.74,6.398,8.234,87.0,102.1
"2023-08-02 23:59:59",1262324,13.77,9.49,18.45,25.34,18.65,34.73,92,20,2.2,19.0,202,3,6,23.77,6.085,7.774,86.9,102.0
"2023-08-03 23:59:59",1262324,12.14,7.02,16.98,24.68,15.90,32.64,97,20,1.6,12.8,157,0,0,27.03,6.184,7.441,86.9,102.0
"2023-08-04 23:59:59",1262324,8.64,5.62,13.04,27.56,17.76,34.90,70,16,1.5,8.1,189,0,0,28.01,6.624,8.241,86.8,101.8
"2023-08-05 23:59:59",1262324,3.36,-2.94,10.75,27.45,16.78,36.94,65,8,1.8,10.4,185,0,0,28.80,7.222,9.454,86.7,101.8
"2023-08-06 23:59:59",1262324,-2.37,-7.54,3.23,27.34,14.68,37.24,42,5,2.8,13.6,219,0,0,29.20,8.760,12.253,86.7,101.8
"2023-08-07 23:59:59",1262324,-2.29,-8.83,11.46,27.62,14.58,37.32,42,5,3.2,16.0,202,0,0,29.10,9.304,13.261,86.7,101.8
"2023-08-08 23:59:59",1262324,0.63,-9.07,10.56,28.23,16.92,36.12,49,5,3.9,15.4,223,0,0,28.53,9.797,14.065,86.6,101.7
"2023-08-09 23:59:59",1262324,-1.15,-6.78,10.08,26.74,15.45,35.24,41,8,2.6,10.9,182,0,0,26.76,7.731,10.293,86.6,101.6
"2023-08-10 23:59:59",1262324,10.76,7.07,12.84,26.01,19.70,33.00,60,20,3.7,13.9,232,0,0,23.26,7.382,10.114,86.7,101.8
"2023-08-11 23:59:59",1262324,11.01,7.14,13.07,24.24,16.58,32.18,69,21,2.9,10.1,206,0,0,18.50,5.799,7.847,86.8,101.9
"2023-08-12 23:59:59",1262324,10.84,6.80,13.10,25.57,18.67,33.21,63,20,2.6,12.2,204,0,0,26.17,7.182,9.313,86.9,101.9
"2023-08-13 23:59:59",1262324,10.07,6.33,12.53,27.11,20.34,34.34,58,17,1.5,7.1,195,0,0,24.30,5.936,7.455,86.8,101.9
"2023-08-14 23:59:59",1262324,13.00,9.59,19.33,26.60,21.66,32.20,75,29,2.3,12.9,117,3,5,17.39,5.013,6.665,87.1,102.2
"2023-08-15 23:59:59",1262324,12.92,10.40,14.81,26.70,18.81,34.51,81,22,2.0,10.9,126,0,0,26.84,6.448,8.177,87.2,102.3
"2023-08-16 23:59:59",1262324,11.74,9.88,13.52,27.85,20.29,35.02,62,21,1.6,9.1,180,0,0,23.48,6.059,7.716,86.9,102.0
"2023-08-17 23:59:59",1262324,11.62,9.90,13.36,28.54,21.41,36.10,53,19,2.5,14.0,162,0,0,23.14,7.005,9.263,86.8,101.9
"2023-08-18 23:59:59",1262324,12.75,9.02,16.39,27.59,23.01,33.53,67,21,2.0,11.1,156,0,5,22.38,6.112,7.910,86.8,101.9
"2023-08-19 23:59:59",1262324,10.80,4.89,16.67,27.59,19.53,35.90,77,15,1.5,10.8,150,0,0,24.12,5.812,7.363,86.7,101.8
"2023-08-20 23:59:59",1262324,4.38,0.06,10.93,30.41,19.64,37.42,36,12,4.0,13.4,138,0,0,25.19,9.254,13.065,86.7,101.8
"2023-08-21 23:59:59",1262324,11.58,5.92,16.44,27.51,20.27,34.96,81,16,2.2,11.0,199,1,5,23.86,6.536,8.514,87.0,102.1
"2023-08-22 23:59:59",1262324,14.73,9.59,18.95,23.87,18.02,33.70,90,23,2.2,12.7,174,8,9,16.28,4.625,6.079,87.0,102.1
"2023-08-23 23:59:59",1262324,15.28,10.04,18.93,23.77,18.26,32.49,92,24,1.7,13.1,153,1,11,21.38,5.093,6.294,87.0,102.1
"2023-08-24 23:59:59",1262324,17.57,16.39,18.73,20.86,18.16,24.62,96,59,1.4,5.0,203,5,28,14.21,2.589,2.988,86.9,102.0
"2023-08-25 23:59:59",1262324,16.24,12.20,18.19,23.70,16.81,30.28,99,34,1.1,5.9,213,0,0,23.96,4.781,5.604,87.0,102.1
"2023-08-26 23:59:59",1262324,14.80,12.62,16.80,26.23,18.90,32.37,89,29,1.6,10.1,164,0,0,24.34,5.517,6.761,87.0,102.1
"2023-08-27 23:59:59",1262324,12.31,9.36,14.33,26.60,18.83,33.61,75,22,1.4,8.7,141,0,1,21.61,5.099,6.428,86.9,102.0
"2023-08-28 23:59:59",1262324,8.29,3.50,13.40,26.74,17.84,36.00,76,14,1.8,8.7,163,0,0,23.20,6.085,7.900,86.9,102.0
"2023-08-29 23:59:59",1262324,6.80,3.76,11.10,26.29,17.50,34.49,53,15,1.8,7.5,132,0,0,25.38,5.983,7.677,86.9,102.0
"2023-08-30 23:59:59",1262324,6.15,2.14,10.08,26.49,16.89,36.06,57,12,1.6,8.8,171,0,0,24.79,5.888,7.553,86.7,101.8
"2023-08-31 23:59:59",1262324,6.30,4.18,9.47,27.35,16.09,36.49,53,15,2.1,14.5,161,0,0,24.12,6.245,8.034,86.5,101.6
"2023-09-01 23:59:59",1262324,10.22,8.06,12.13,27.56,22.62,32.71,48,21,2.6,10.5,233,0,1,21.80,6.263,8.226,86.7,101.8
"2023-09-02 23:59:59",1262324,12.84,10.28,15.68,25.72,20.49,30.46,73,28,2.0,11.1,174,0,5,22.77,5.486,6.819,87.1,102.1
"2023-09-03 23:59:59",1262324,11.86,6.46,15.95,24.80,18.03,31.04,79,26,2.3,12.3,230,0,2,23.15,5.630,7.247,86.7,101.8
"2023-09-04 23:59:59",1262324,6.88,1.85,11.65,24.28,18.07,29.83,48,20,3.1,9.5,214,0,0,21.57,6.113,8.459,86.3,101.4
"2023-09-05 23:59:59",1262324,3.29,1.75,5.43,22.01,12.64,31.20,53,17,1.3,7.9,193,0,0,24.58,5.175,6.540,86.6,101.7
"2023-09-06 23:59:59",1262324,0.57,-4.24,5.09,23.02,12.29,33.17,51,11,1.7,8.8,161,0,0,24.65,5.754,7.536,86.8,101.9
"2023-09-07 23:59:59",1262324,-1.30,-4.39,2.54,23.09,12.10,33.85,43,9,1.6,9.5,193,0,0,24.59,5.886,7.815,86.9,102.0
"2023-09-08 23:59:59",1262324,-1.84,-4.26,1.54,22.90,10.92,34.68,38,8,1.6,8.5,205,0,0,24.29,5.777,7.704,87.1,102.2
"2023-09-09 23:59:59",1262324,0.65,-2.25,4.73,24.53,13.96,35.13,43,11,1.7,9.5,178,0,0,23.71,5.892,7.762,87.0,102.1
"2023-09-10 23:59:59",1262324,7.36,3.35,16.60,23.35,16.63,32.86,90,17,2.0,15.3,181,2,18,18.34,5.031,6.601,86.9,102.0
"2023-09-11 23:59:59",1262324,11.74,5.98,16.74,22.68,17.27,29.47,96,22,1.4,6.4,152,0,1,22.88,4.873,5.919,86.8,101.9
"2023-09-12 23:59:59",1262324,11.79,6.85,15.64,19.08,15.94,24.47,86,41,2.3,9.8,99,19,12,10.22,2.569,3.392,86.7,101.8
"2023-09-13 23:59:59",1262324,13.09,10.20,15.85,19.31,14.68,24.27,94,41,1.6,8.4,119,0,2,20.80,3.843,4.534,86.6,101.7
"2023-09-14 23:59:59",1262324,11.42,8.79,14.01,18.30,14.88,22.75,89,40,2.3,11.6,127,0,2,12.01,2.922,3.879,86.7,101.8
"2023-09-15 23:59:59",1262324,11.75,7.98,13.90,18.82,14.66,24.74,91,34,1.6,9.0,141,0,2,19.77,4.019,4.917,86.9,102.0
"2023-09-16 23:59:59",1262324,9.01,5.96,11.65,18.52,11.22,26.64,95,26,1.0,5.9,138,0,0,22.55,3.899,4.595,87.1,102.2
"2023-09-17 23:59:59",1262324,7.24,3.36,9.61,20.63,11.59,29.67,86,19,1.4,6.4,131,0,0,21.91,4.334,5.344,86.9,102.0
"2023-09-18 23:59:59",1262324,8.33,5.56,12.96,22.40,16.42,29.60,77,21,2.3,10.0,86,1,2,21.13,5.077,6.538,86.7,101.7
"2023-09-19 23:59:59",1262324,6.74,2.42,9.29,21.05,14.26,29.19,72,20,1.7,6.9,150,0,0,22.00,4.645,5.889,86.5,101.6
"2023-09-20 23:59:59",1262324,3.20,-2.29,6.41,20.03,10.78,28.16,72,15,2.1,12.0,166,0,0,17.46,4.356,5.687,86.3,101.4
"2023-09-21 23:59:59",1262324,-1.72,-8.54,6.62,22.13,14.25,29.11,57,9,3.8,11.8,220,0,0,22.42,6.871,9.524,86.3,101.4
"2023-09-22 23:59:59",1262324,-3.71,-7.28,1.88,21.07,13.22,28.72,41,9,2.8,10.5,231,0,0,22.08,5.985,8.327,86.5,101.6
"2023-09-23 23:59:59",1262324,4.08,-3.91,13.42,18.83,14.31,24.58,91,21,2.1,12.6,156,1,8,12.47,3.336,4.499,86.7,101.8
"2023-09-24 23:59:59",1262324,8.16,2.82,12.46,17.04,10.41,25.05,99,26,1.4,6.2,212,0,0,21.40,3.961,4.861,86.9,102.0
"2023-09-25 23:59:59",1262324,2.67,-1.37,6.79,17.13,8.18,27.77,77,15,1.1,5.7,132,0,0,21.64,3.876,4.709,87.1,102.2
"2023-09-26 23:59:59",1262324,0.35,-3.31,3.78,17.82,7.71,29.23,76,12,1.0,4.3,179,0,0,21.29,3.871,4.709,86.9,102.0
"2023-09-27 23:59:59",1262324,-0.84,-2.64,1.78,18.18,7.59,29.94,57,12,0.9,4.8,171,0,0,21.19,3.788,4.607,86.7,101.7
"2023-09-28 23:59:59",1262324,-2.64,-6.58,0.92,18.43,7.74,30.30,59,9,1.5,8.8,170,0,0,21.17,4.575,6.048,86.4,101.5
"2023-09-29 23:59:59",1262324,-2.33,-5.11,2.32,19.30,8.67,30.43,43,11,1.7,8.8,155,0,0,20.79,4.742,6.313,86.3,101.4
"2023-09-30 23:59:59",1262324,-2.06,-4.30,2.42,21.97,10.79,30.90,40,11,3.5,16.4,168,0,0,18.84,6.567,9.555,86.0,101.1
"2023-10-01 23:59:59",1262324,1.44,-2.10,7.87,21.32,16.23,25.73,55,17,3.8,12.8,194,0,2,13.28,5.304,7.925,86.2,101.2
"2023-10-02 23:59:59",1262324,3.47,-2.47,11.03,16.99,12.66,22.52,89,20,3.0,11.5,228,1,3,19.30,4.659,6.509,86.3,101.4
"2023-10-03 23:59:59",1262324,0.17,-4.55,4.46,14.63,6.95,21.51,73,17,1.7,7.5,197,0,0,19.73,3.724,4.829,86.5,101.6
"2023-10-04 23:59:59",1262324,-1.05,-3.83,1.82,14.56,5.60,22.83,55,24,1.4,6.3,204,0,0,19.68,3.661,4.642,86.8,101.9
"2023-10-05 23:59:59",1262324,-0.16,-2.83,2.97,15.15,5.51,25.52,63,20,1.2,5.8,212,0,0,19.81,3.676,4.668,87.1,102.2
"2023-10-06 23:59:59",1262324,-0.07,-2.16,2.02,15.74,5.46,26.63,64,17,0.9,4.6,189,0,0,19.69,3.351,4.039,87.1,102.2
"2023-10-07 23:59:59",1262324,1.43,-2.27,5.80,16.21,6.50,26.47,60,20,1.0,5.6,153,0,0,18.95,3.268,3.998,87.0,102.1
"2023-10-08 23:59:59",1262324,-0.38,-3.14,2.25,16.66,6.38,27.89,70,15,1.3,6.2,197,0,0,19.12,3.667,4.688,86.8,101.9
"2023-10-09 23:59:59",1262324,-1.72,-3.74,1.04,16.48,6.29,27.46,56,12,1.3,5.5,157,0,0,19.01,3.655,4.747,86.3,101.4
"2023-10-10 23:59:59",1262324,-0.78,-2.34,1.67,17.63,8.73,26.98,52,15,1.4,5.7,169,0,0,17.82,3.599,4.654,85.9,100.9
"2023-10-11 23:59:59",1262324,0.16,-9.54,4.35,18.96,13.31,25.42,49,10,4.5,15.0,240,0,0,17.02,5.793,8.521,85.2,100.3
"2023-10-12 23:59:59",1262324,-4.71,-6.77,-2.87,13.04,7.19,17.45,47,18,3.3,11.7,270,0,0,18.73,4.237,5.953,85.9,101.0
"2023-10-13 23:59:59",1262324,-5.04,-7.30,-1.46,10.17,1.20,18.97,62,19,1.1,6.1,211,0,0,18.36,2.858,3.567,86.7,101.8
"2023-10-14 23:59:59",1262324,-5.02,-6.59,-3.20,10.79,2.30,20.71,56,17,1.0,5.3,157,0,0,15.97,2.475,3.115,87.1,102.2
"2023-10-15 23:59:59",1262324,-5.67,-8.63,-2.81,12.39,1.15,24.46,52,13,1.1,5.0,197,0,0,18.10,3.182,4.122,87.4,102.5
"2023-10-16 23:59:59",1262324,-5.10,-7.98,-2.39,13.01,3.06,24.91,66,14,0.8,4.0,190,0,0,17.88,2.840,3.486,87.2,102.3
"2023-10-17 23:59:59",1262324,-4.16,-7.61,-0.90,14.02,2.67,27.62,51,14,1.2,6.7,186,0,0,17.57,3.285,4.289,86.8,101.9
"2023-10-18 23:59:59",1262324,-2.99,-5.63,-0.93,16.00,4.07,29.15,53,13,1.4,7.6,209,0,0,17.58,3.718,4.874,86.9,102.0
"2023-10-19 23:59:59",1262324,-1.99,-4.76,1.44,16.66,6.12,29.08,49,15,1.6,8.4,226,0,0,17.45,3.819,5.091,87.0,102.1
"2023-10-20 23:59:59",1262324,-3.65,-6.35,-0.89,14.37,4.72,26.66,52,14,0.9,5.5,178,0,0,17.50,2.849,3.436,86.8,101.9
"2023-10-21 23:59:59",1262324,-4.99,-7.36,-2.78,13.74,4.12,26.26,47,14,0.9,4.6,175,0,0,16.67,2.760,3.411,86.4,101.5
"2023-10-22 23:59:59",1262324,-4.50,-6.94,-2.33,13.88,3.57,26.05,61,14,0.9,4.4,169,0,0,16.75,2.703,3.282,86.1,101.2
"2023-10-23 23:59:59",1262324,-3.41,-5.70,0.22,15.05,6.47,25.72,45,15,1.3,7.6,168,0,0,16.54,3.220,4.181,85.8,100.9
"2023-10-24 23:59:59",1262324,0.22,-5.92,4.79,14.28,7.49,22.23,54,27,1.3,5.6,150,0,0,13.69,2.654,3.408,86.2,101.2
"2023-10-25 23:59:59",1262324,-0.91,-5.28,2.99,13.27,4.80,22.73,68,20,1.4,8.4,206,0,0,16.07,2.930,3.753,86.3,101.4
"2023-10-26 23:59:59",1262324,2.31,-3.22,4.69,14.24,10.04,20.44,62,30,2.4,9.2,217,0,0,10.52,2.553,3.579,86.4,101.4
"2023-10-27 23:59:59",1262324,0.62,-2.52,7.28,12.56,3.22,20.05,70,29,1.3,7.3,155,0,4,15.88,2.651,3.248,86.5,101.6
"2023-10-28 23:59:59",1262324,3.59,-2.07,7.59,12.97,7.87,19.84,88,25,2.2,10.4,148,0,0,12.58,2.675,3.567,86.2,101.3
"2023-10-29 23:59:59",1262324,-9.23,-14.24,-2.44,7.67,2.37,12.53,53,19,3.1,9.7,162,0,0,15.62,3.075,4.157,86.9,101.9
"2023-10-30 23:59:59",1262324,-12.58,-16.02,-8.56,2.36,-5.77,10.68,58,21,1.2,6.1,185,0,0,15.90,2.052,2.582,87.4,102.5
"2023-10-31 23:59:59",1262324,-14.65,-19.01,-10.13,2.09,-7.69,13.08,48,14,0.8,4.2,190,0,0,15.76,1.890,2.301,87.5,102.6
"2023-11-01 23:59:59",1262324,-14.31,-18.09,-10.14,3.61,-5.99,14.91,45,14,0.8,5.6,206,0,0,15.15,1.924,2.374,87.2,102.3
"2023-11-02 23:59:59",1262324,-14.43,-18.27,-11.31,5.36,-4.00,17.62,41,12,0.6,3.2,202,0,0,15.11,1.869,2.241,87.1,102.2
"2023-11-03 23:59:59",1262324,-13.60,-16.55,-11.26,6.93,-2.58,18.65,47,12,0.7,4.0,173,0,0,14.21,1.885,2.287,87.1,102.2
"2023-11-04 23:59:59",1262324,-10.71,-16.36,-4.52,8.52,-1.31,21.37,41,14,0.7,3.6,197,0,0,14.99,2.062,2.495,87.1,102.2
"2023-11-05 23:59:59",1262324,-7.71,-11.05,-4.81,9.42,-0.42,20.57,51,17,0.8,4.9,167,0,0,13.73,1.970,2.444,86.7,101.8
"2023-11-06 23:59:59",1262324,-7.42,-10.78,-3.25,12.85,1.70,25.07,45,12,1.6,8.0,182,0,0,13.31,2.770,3.719,86.4,101.5
"2023-11-07 23:59:59",1262324,-4.74,-9.19,-1.17,16.19,6.11,24.71,51,11,3.5,12.9,222,0,0,13.75,4.438,6.370,86.1,101.2
"2023-11-08 23:59:59",1262324,-5.88,-10.74,-3.87,9.79,3.66,14.64,53,25,2.1,8.0,166,0,0,11.89,2.499,3.330,86.6,101.7
"2023-11-09 23:59:59",1262324,-11.47,-15.64,-8.60,5.52,-3.36,14.60,58,14,1.9,9.6,186,0,0,14.34,2.571,3.416,86.9,102.0
"2023-11-10 23:59:59",1262324,-8.68,-17.45,-0.99,3.75,-5.35,13.62,61,25,1.1,6.7,194,0,0,13.53,1.749,2.220,86.9,102.0
"2023-11-11 23:59:59",1262324,-7.27,-11.61,-0.66,3.37,-5.40,13.85,71,23,0.9,4.3,203,0,0,13.84,1.661,2.021,87.1,102.2
"2023-11-12 23:59:59",1262324,-11.07,-14.46,-7.22,2.49,-6.43,14.00,66,18,0.6,3.4,185,0,0,13.90,1.484,1.729,87.3,102.4
"2023-11-13 23:59:59",1262324,-10.23,-15.56,-4.83,5.22,-6.10,17.19,60,20,1.0,4.5,162,0,0,13.31,1.807,2.279,87.2,102.3
"2023-11-14 23:59:59",1262324,-4.85,-11.10,0.38,8.27,-0.04,18.03,56,30,1.1,4.3,151,0,0,13.31,1.955,2.481,87.1,102.2
"2023-11-15 23:59:59",1262324,-3.59,-5.81,-2.13,8.33,0.77,16.60,66,27,0.9,4.7,142,0,0,11.00,1.599,2.028,86.9,102.0
"2023-11-16 23:59:59",1262324,1.57,-3.73,5.05,11.20,4.80,19.94,84,32,1.3,6.4,194,0,4,10.64,1.850,2.467,86.6,101.7
"2023-11-17 23:59:59",1262324,-0.82,-3.93,2.87,8.16,0.76,18.07,81,31,0.8,3.4,176,0,0,12.98,1.648,1.933,86.8,101.9
"2023-11-18 23:59:59",1262324,0.22,-6.07,6.23,6.80,-0.22,15.36,92,42,1.2,7.7,168,0,2,7.91,1.145,1.472,86.6,101.6
"2023-11-19 23:59:59",1262324,4.63,1.55,6.79,6.36,2.32,10.09,99,68,1.4,5.7,217,15,26,4.38,0.465,0.556,86.0,101.1
"2023-11-20 23:59:59",1262324,0.73,-0.87,3.89,9.30,4.91,13.70,88,37,3.1,10.6,210,0,0,12.45,2.317,3.257,87.0,102.0
"2023-11-21 23:59:59",1262324,-0.46,-1.84,0.93,5.20,0.01,12.68,94,36,1.4,5.4,227,0,0,12.79,1.544,1.950,87.8,102.8
"2023-11-22 23:59:59",1262324,-1.60,-3.91,-0.37,2.99,-2.34,10.54,95,42,0.7,3.3,168,0,0,12.78,1.173,1.307,87.3,102.4
"2023-11-23 23:59:59",1262324,-1.46,-4.38,0.75,2.64,-2.95,8.17,96,53,1.0,4.6,164,0,0,7.97,0.766,0.912,86.1,101.2
"2023-11-24 23:59:59",1262324,0.49,-2.00,3.85,3.20,0.53,7.53,96,56,1.2,11.6,137,5,12,2.91,0.445,0.582,85.9,101.0
"2023-11-25 23:59:59",1262324,-2.89,-5.96,0.23,1.75,-1.36,6.33,94,41,1.4,6.4,184,0,0,7.69,1.002,1.255,86.5,101.6
"2023-11-26 23:59:59",1262324,-5.33,-7.09,-3.46,-1.09,-5.05,4.11,93,46,0.7,3.7,176,0,0,12.32,0.970,1.087,87.1,102.2
"2023-11-27 23:59:59",1262324,-5.45,-8.27,-3.51,-1.57,-6.34,5.06,93,49,0.7,3.4,150,0,0,12.28,0.938,1.042,87.4,102.4
"2023-11-28 23:59:59",1262324,-5.77,-8.78,-3.61,-2.25,-7.12,4.66,93,52,0.6,3.7,189,0,0,12.11,0.869,0.945,87.4,102.5
"2023-11-29 23:59:59",1262324,-4.14,-7.45,-2.01,-0.44,-5.78,5.53,94,51,0.8,3.7,177,0,0,8.38,0.636,0.724,86.5,101.6
"2023-11-30 23:59:59",1262324,-1.84,-4.16,0.74,3.45,-2.25,9.72,93,39,1.5,8.7,229,0,0,9.62,1.198,1.631,85.8,100.9
"2023-12-01 23:59:59",1262324,-1.69,-5.16,1.05,4.01,-0.99,9.40,95,36,1.9,9.8,196,0,1,9.73,1.372,1.951,85.9,101.0
"2023-12-02 23:59:59",1262324,-5.67,-9.18,-2.92,1.42,-4.79,8.84,95,27,1.4,5.9,201,0,0,8.88,1.140,1.532,86.5,101.6
"2023-12-03 23:59:59",1262324,-4.03,-5.68,-2.25,4.05,-2.93,12.49,87,31,1.3,5.2,150,0,0,10.74,1.364,1.789,86.8,101.9
"2023-12-04 23:59:59",1262324,-2.19,-4.30,-1.03,4.72,-1.83,13.72,90,35,1.0,4.9,162,0,0,11.44,1.284,1.559,87.2,102.3
"2023-12-05 23:59:59",1262324,-2.54,-5.18,-0.48,2.78,-3.10,12.38,93,40,0.8,3.9,171,0,0,11.39,1.059,1.216,87.5,102.6
"2023-12-06 23:59:59",1262324,-3.07,-6.11,-0.59,1.72,-4.48,11.01,94,44,0.8,5.4,152,0,0,11.40,1.040,1.224,87.2,102.3
"2023-12-07 23:59:59",1262324,-3.39,-6.31,-1.00,2.00,-4.85,11.74,95,38,0.6,3.0,177,0,0,10.31,1.075,1.252,86.3,101.4
"2023-12-08 23:59:59",1262324,-8.60,-17.73,-2.22,2.86,-3.69,8.98,92,20,3.3,12.3,257,0,0,10.49,2.038,2.875,86.3,101.4
"2023-12-09 23:59:59",1262324,-12.59,-13.59,-11.73,-0.48,-7.89,6.17,71,25,1.6,10.5,219,0,0,11.54,1.399,1.848,87.5,102.5
"2023-12-10 23:59:59",1262324,-11.92,-13.20,-10.68,-3.22,-9.16,4.98,80,28,0.7,4.0,197,0,0,10.47,0.843,1.010,87.5,102.6
"2023-12-11 23:59:59",1262324,-11.36,-12.44,-10.06,-2.18,-8.24,6.69,80,25,0.8,4.4,142,0,0,10.86,0.948,1.176,86.9,102.0
"2023-12-12 23:59:59",1262324,-9.03,-11.59,-7.19,0.55,-5.95,8.89,74,31,0.9,3.5,212,0,0,9.12,1.090,1.363,86.5,101.6
"2023-12-13 23:59:59",1262324,-3.68,-9.90,4.35,3.48,-4.79,12.44,97,36,1.7,8.2,181,4,19,7.57,1.206,1.620,86.6,101.7
"2023-12-14 23:59:59",1262324,2.70,-0.68,4.74,5.17,1.19,9.99,98,61,1.2,4.4,209,0,6,9.04,0.973,1.131,87.0,102.1
"2023-12-15 23:59:59",1262324,-0.22,-4.51,2.55,2.40,-3.33,10.24,98,57,1.0,4.0,173,0,0,10.96,0.921,1.023,87.5,102.6
"2023-12-16 23:59:59",1262324,-1.25,-4.53,0.92,0.05,-3.44,4.19,100,77,1.4,5.3,150,0,0,10.43,0.672,0.723,87.5,102.6
"2023-12-17 23:59:59",1262324,-1.62,-2.55,-0.77,-1.40,-2.23,-0.65,100,99,1.0,3.8,175,0,2,3.07,0.186,0.171,87.4,102.5
"2023-12-18 23:59:59",1262324,-0.77,-1.65,0.18,0.59,-1.33,4.06,100,75,1.7,4.6,143,0,2,5.98,0.546,0.636,87.1,102.2
"2023-12-19 23:59:59",1262324,-0.48,-3.58,1.96,2.84,-2.88,8.83,98,54,0.8,3.6,218,0,0,8.43,0.887,1.013,86.6,101.7
"2023-12-20 23:59:59",1262324,1.73,-1.91,4.78,3.20,-0.57,6.28,99,70,0.8,3.1,180,1,14,3.97,0.398,0.438,86.7,101.8
"2023-12-21 23:59:59",1262324,3.62,0.04,5.36,4.88,0.88,9.70,100,66,1.0,3.7,190,0,0,8.17,0.755,0.810,87.1,102.2
"2023-12-22 23:59:59",1262324,2.17,-0.82,4.98,3.77,-0.22,8.11,100,64,1.2,5.1,156,1,20,7.31,0.720,0.847,86.7,101.8
"2023-12-23 23:59:59",1262324,2.55,-7.36,5.35,5.21,2.84,8.57,100,41,1.7,8.7,227,0,15,4.92,0.729,0.886,86.1,101.1
"2023-12-24 23:59:59",1262324,-7.15,-10.12,-5.53,0.49,-4.64,5.72,85,40,1.5,5.2,184,0,0,11.22,1.318,1.664,86.7,101.8
"2023-12-25 23:59:59",1262324,-8.22,-10.85,-5.99,-3.20,-8.69,4.59,92,37,0.9,6.2,176,0,0,11.27,0.909,1.078,86.9,102.0
"2023-12-26 23:59:59",1262324,-9.78,-12.33,-6.96,-3.08,-9.92,6.98,92,26,1.2,4.9,200,0,0,11.29,1.114,1.436,86.8,101.9
"2023-12-27 23:59:59",1262324,-9.76,-13.01,-8.23,-3.31,-10.49,7.01,90,31,1.3,6.6,214,0,0,11.08,1.146,1.518,87.1,102.1
"2023-12-28 23:59:59",1262324,-8.44,-10.85,-7.14,-2.98,-8.80,6.45,90,36,0.7,3.4,182,0,0,7.98,0.671,0.798,87.2,102.3
"2023-12-29 23:59:59",1262324,-8.76,-12.13,-6.78,-3.46,-9.48,4.91,92,41,0.8,4.0,150,0,0,11.19,0.897,1.034,87.4,102.5
"2023-12-30 23:59:59",1262324,-8.16,-10.48,-6.54,-2.51,-8.48,4.77,92,41,1.2,6.0,179,0,0,8.68,0.851,1.081,87.0,102.1
"2023-12-31 23:59:59",1262324,-7.61,-10.58,-4.99,-1.76,-8.62,8.44,92,36,1.0,4.2,189,0,0,11.08,1.119,1.397,86.7,101.8
"2024-01-01 23:59:59",1262324,-7.31,-9.74,-5.75,-1.24,-7.68,7.22,91,37,0.7,4.4,164,0,0,10.41,0.948,1.120,87.0,102.1
"2024-01-02 23:59:59",1262324,-7.09,-10.52,-4.36,-1.51,-8.45,8.95,92,37,1.1,4.7,188,0,0,11.35,1.137,1.402,87.0,102.1
"2024-01-03 23:59:59",1262324,-7.03,-9.59,-3.80,0.84,-6.88,8.10,89,33,1.6,5.3,101,0,1,8.88,1.187,1.586,86.5,101.5
"2024-01-04 23:59:59",1262324,-2.01,-5.53,2.04,4.68,0.77,9.57,99,39,2.9,10.8,260,1,18,8.28,1.455,2.011,85.8,100.9
"2024-01-05 23:59:59",1262324,-6.82,-8.36,-4.89,2.23,-4.73,7.02,88,33,1.9,8.0,235,0,0,9.88,1.436,1.948,86.2,101.3
"2024-01-06 23:59:59",1262324,-8.86,-14.11,-5.99,1.36,-4.43,5.73,74,23,2.2,7.0,186,0,0,10.32,1.485,1.976,86.3,101.4
"2024-01-07 23:59:59",1262324,-2.77,-7.73,-0.12,0.11,-1.06,1.31,98,55,2.0,10.5,161,3,43,3.96,0.406,0.483,85.1,100.2
"2024-01-08 23:59:59",1262324,-9.36,-12.36,-5.42,-0.65,-6.74,3.09,82,36,3.3,11.4,237,0,0,11.34,1.552,2.168,86.0,101.1
"2024-01-09 23:59:59",1262324,-10.71,-13.53,-7.47,-5.35,-10.79,1.57,87,32,1.6,5.5,92,0,0,11.14,0.951,1.180,86.5,101.6
"2024-01-10 23:59:59",1262324,-9.92,-12.67,-7.19,-5.39,-10.15,0.71,88,49,1.7,6.3,87,0,0,11.27,0.853,1.056,85.7,100.7
"2024-01-11 23:59:59",1262324,-10.03,-16.06,-2.88,-2.06,-6.76,2.05,97,25,2.4,11.3,206,1,8,9.48,1.144,1.586,85.5,100.5
"2024-01-12 23:59:59",1262324,-12.74,-15.91,-9.79,-6.83,-11.77,-0.28,82,44,2.1,5.4,90,0,0,11.85,0.942,1.204,86.2,101.3
"2024-01-13 23:59:59",1262324,-10.04,-14.68,-5.31,-4.28,-12.22,1.87,88,44,1.8,5.6,81,0,0,10.46,0.938,1.229,86.2,101.3
"2024-01-14 23:59:59",1262324,-3.78,-7.04,-0.94,1.44,-5.08,10.56,94,37,1.3,7.1,162,0,0,9.71,1.146,1.435,85.9,101.0
"2024-01-15 23:59:59",1262324,-4.28,-6.93,-1.93,-1.08,-5.22,6.42,95,53,1.4,4.2,91,0,0,8.41,0.816,1.002,86.3,101.4
"2024-01-16 23:59:59",1262324,-7.03,-10.50,-4.82,-1.51,-8.29,8.26,95,33,0.9,4.5,174,0,0,12.44,1.209,1.437,86.7,101.8
"2024-01-17 23:59:59",1262324,-6.71,-8.13,-5.10,-1.79,-5.76,4.42,90,48,1.4,4.9,103,0,0,6.82,0.748,0.971,86.3,101.4
"2024-01-18 23:59:59",1262324,-4.39,-8.19,-0.98,0.10,-6.42,8.80,93,48,0.7,3.3,193,0,0,10.99,1.065,1.197,86.8,101.9
"2024-01-19 23:59:59",1262324,-3.18,-7.55,-0.31,0.84,-5.68,8.82,97,51,1.0,5.1,124,0,0,10.94,1.153,1.379,87.0,102.1
"2024-01-20 23:59:59",1262324,-2.05,-5.93,0.16,2.58,-4.59,9.43,96,49,0.8,4.5,176,0,0,8.32,1.002,1.216,86.5,101.5
"2024-01-21 23:59:59",1262324,3.73,-0.10,5.67,5.00,2.86,7.81,100,78,1.4,4.2,94,5,62,4.13,0.558,0.647,86.1,101.2
"2024-01-22 23:59:59",1262324,4.43,2.94,5.61,5.80,3.96,8.52,100,74,1.3,3.7,76,1,16,4.93,0.627,0.719,86.1,101.2
"2024-01-23 23:59:59",1262324,3.21,0.68,4.63,5.73,1.62,9.43,99,64,1.3,6.3,106,0,8,6.11,0.856,1.074,86.1,101.1
"2024-01-24 23:59:59",1262324,3.53,0.88,5.23,6.33,2.74,11.02,99,50,1.3,7.1,167,0,2,7.44,1.021,1.228,86.4,101.5
"2024-01-25 23:59:59",1262324,2.44,0.12,4.78,3.49,1.12,6.10,98,87,1.0,4.1,137,5,43,3.52,0.412,0.453,86.3,101.4
"2024-01-26 23:59:59",1262324,0.28,-2.19,5.94,4.82,0.39,11.65,100,38,1.6,8.3,173,0,0,12.26,1.675,2.126,86.9,102.0
"2024-01-27 23:59:59",1262324,-1.41,-4.59,0.97,2.85,-3.32,10.80,98,40,1.3,5.0,213,0,0,13.45,1.455,1.786,87.6,102.6
"2024-01-28 23:59:59",1262324,-1.53,-4.53,0.09,3.02,-3.25,10.76,97,43,0.9,4.0,146,0,0,13.21,1.305,1.504,87.6,102.7
"2024-01-29 23:59:59",1262324,-0.66,-3.62,1.76,3.46,-2.54,12.99,98,45,0.9,4.1,151,0,0,13.22,1.348,1.584,87.4,102.5
"2024-01-30 23:59:59",1262324,-1.34,-4.06,0.59,3.82,-2.89,12.88,97,38,0.8,4.7,155,0,0,13.71,1.402,1.618,87.2,102.3
"2024-01-31 23:59:59",1262324,-1.46,-4.73,0.62,3.73,-3.24,13.59,97,40,0.7,3.8,150,0,0,13.82,1.407,1.585,86.8,101.9
"2024-02-01 23:59:59",1262324,1.46,-1.50,5.74,6.98,0.38,13.89,95,43,1.7,14.4,120,2,6,7.60,1.297,1.726,86.1,101.2
"2024-02-02 23:59:59",1262324,3.18,-0.20,6.12,6.54,2.26,9.45,98,55,3.2,10.4,192,5,25,7.29,1.174,1.613,85.3,100.4
"2024-02-03 23:59:59",1262324,-2.64,-8.41,0.23,4.56,0.38,9.70,93,32,3.0,10.8,261,0,0,13.43,2.102,2.905,85.7,100.8
"2024-02-04 23:59:59",1262324,-4.16,-5.94,-2.45,2.09,-3.92,8.85,92,38,1.2,4.9,128,0,0,14.46,1.657,2.003,86.6,101.7
"2024-02-05 23:59:59",1262324,-2.83,-4.91,0.28,5.78,-0.99,12.49,84,35,1.9,6.4,84,0,0,11.18,1.854,2.555,86.6,101.7
"2024-02-06 23:59:59",1262324,-0.26,-3.10,3.78,9.14,6.29,12.44,80,33,2.4,11.0,175,0,5,2.52,1.427,2.160,85.8,100.9
"2024-02-07 23:59:59",1262324,-1.13,-5.48,2.89,6.39,3.01,9.97,80,33,4.2,12.2,222,0,1,9.46,2.051,2.994,85.5,100.5
"2024-02-08 23:59:59",1262324,-0.79,-3.37,2.15,2.95,1.28,4.68,96,59,2.4,8.7,178,5,33,4.69,0.722,0.919,85.9,101.0
"2024-02-09 23:59:59",1262324,-3.18,-4.96,-1.37,1.42,-0.50,3.87,89,57,2.4,7.7,142,0,3,7.23,1.084,1.393,86.2,101.3
"2024-02-10 23:59:59",1262324,-3.96,-6.31,-1.21,1.80,-1.44,6.02,92,42,2.1,8.4,164,0,0,9.19,1.379,1.813,86.0,101.1
"2024-02-11 23:59:59",1262324,-6.75,-9.32,-4.95,0.88,-4.28,7.29,89,33,1.8,8.0,257,0,0,15.96,1.929,2.504,86.6,101.7
"2024-02-12 23:59:59",1262324,-6.77,-8.58,-5.16,0.09,-6.13,8.27,92,31,0.6,4.2,173,0,0,16.01,1.544,1.767,86.8,101.9
"2024-02-13 23:59:59",1262324,-5.30,-7.59,-3.83,1.90,-5.78,11.02,93,31,1.1,4.9,140,0,0,16.00,1.746,2.116,86.5,101.6
"2024-02-14 23:59:59",1262324,-4.19,-5.40,-2.74,3.58,-3.56,13.32,93,27,1.2,9.4,188,0,0,16.00,2.005,2.501,86.5,101.6
"2024-02-15 23:59:59",1262324,-3.76,-4.88,-2.47,4.18,-1.59,11.80,85,31,1.3,6.8,176,0,0,9.84,1.411,1.865,86.7,101.8
"2024-02-16 23:59:59",1262324,-4.22,-6.08,-1.63,4.14,-3.58,13.05,93,26,1.3,7.5,196,0,0,15.41,2.203,2.805,86.6,101.7
"2024-02-17 23:59:59",1262324,-7.68,-11.95,-3.21,4.01,-2.66,10.69,85,19,1.8,8.5,193,0,0,15.14,2.279,3.030,86.8,101.9
"2024-02-18 23:59:59",1262324,-6.54,-9.13,-4.13,4.67,-1.08,12.77,70,26,0.9,4.3,151,0,0,14.23,1.827,2.215,86.6,101.6
"2024-02-19 23:59:59",1262324,-3.96,-6.56,-2.37,5.09,-3.86,15.80,90,27,1.0,5.3,154,0,0,16.53,2.152,2.632,86.7,101.8
"2024-02-20 23:59:59",1262324,-3.07,-5.42,-1.07,8.24,2.26,15.56,75,23,1.2,5.2,121,0,0,10.07,1.819,2.403,86.8,101.9
"2024-02-21 23:59:59",1262324,-5.04,-9.36,-1.43,8.84,1.35,15.44,62,18,2.7,10.5,221,0,0,14.48,3.125,4.402,86.4,101.5
"2024-02-22 23:59:59",1262324,-5.02,-11.55,-0.75,6.27,-1.73,13.90,90,17,1.7,7.8,191,0,0,17.84,2.743,3.515,86.9,102.0
"2024-02-23 23:59:59",1262324,-7.70,-8.95,-6.12,4.46,-4.58,13.72,80,21,1.1,5.9,223,0,0,17.48,2.427,3.024,87.1,102.2
"2024-02-24 23:59:59",1262324,-8.52,-10.12,-6.90,4.44,-5.32,13.27,75,19,0.8,4.4,203,0,0,15.29,2.101,2.542,87.0,102.1
"2024-02-25 23:59:59",1262324,-6.11,-8.47,-3.39,7.18,-2.97,17.93,73,20,0.9,4.2,158,0,0,16.26,2.376,2.888,86.7,101.8
"2024-02-26 23:59:59",1262324,-3.41,-7.44,1.21,10.36,0.84,19.11,72,16,4.1,15.3,193,0,0,12.56,3.799,5.362,86.0,101.1
"2024-02-27 23:59:59",1262324,-4.45,-16.12,2.72,9.09,-1.05,13.98,65,21,5.7,15.6,211,0,2,17.01,3.838,5.471,85.9,101.0
"2024-02-28 23:59:59",1262324,-15.54,-18.05,-12.26,1.64,-4.73,10.15,53,13,1.2,5.6,164,0,0,19.05,2.394,2.958,86.9,102.0
"2024-02-29 23:59:59",1262324,-12.49,-15.64,-9.61,2.99,-7.27,15.42,59,13,0.9,5.5,180,0,0,19.02,2.511,3.069,86.6,101.7
"2024-03-01 23:59:59",1262324,-5.91,-10.62,-0.28,8.63,-2.79,18.67,63,19,2.8,10.5,196,0,0,18.50,3.785,5.182,86.4,101.5
"2024-03-02 23:59:59",1262324,-4.34,-9.36,-1.80,12.87,5.83,19.67,57,13,7.2,21.1,210,0,0,17.54,5.612,8.272,85.8,100.9
"2024-03-03 23:59:59",1262324,-2.48,-5.15,1.40,10.80,4.05,15.75,64,25,4.4,17.0,229,0,2,14.54,3.473,4.726,85.6,100.7
"2024-03-04 23:59:59",1262324,-5.15,-10.84,-1.10,8.71,2.81,15.78,62,19,2.8,8.5,217,0,0,16.91,3.248,4.427,86.1,101.1
"2024-03-05 23:59:59",1262324,-6.59,-10.27,-2.51,7.60,-0.06,15.96,59,21,1.5,8.1,166,0,0,19.05,3.128,3.973,86.3,101.4
"2024-03-06 23:59:59",1262324,-6.04,-8.45,-3.42,7.37,-1.63,15.02,72,19,1.5,7.4,171,0,0,18.78,3.003,3.803,86.0,101.1
"2024-03-07 23:59:59",1262324,-0.90,-4.82,2.58,7.68,3.01,11.08,73,36,2.4,8.8,200,0,2,14.19,2.270,2.976,85.8,100.9
"2024-03-08 23:59:59",1262324,-3.76,-12.94,0.99,7.20,1.14,13.47,89,22,2.1,9.2,211,0,0,17.04,3.002,3.904,86.4,101.5
"2024-03-09 23:59:59",1262324,-7.51,-11.44,-3.08,4.91,-4.02,12.95,76,17,1.1,6.0,212,0,0,20.69,2.847,3.419,86.9,102.0
"2024-03-10 23:59:59",1262324,-9.48,-11.56,-7.31,5.41,-4.64,15.13,66,14,1.1,6.0,140,0,0,20.33,2.947,3.584,86.9,101.9
"2024-03-11 23:59:59",1262324,-7.35,-9.65,-4.38,8.15,0.15,17.05,53,19,1.1,5.8,171,0,0,15.95,2.800,3.544,86.4,101.5
"2024-03-12 23:59:59",1262324,-5.26,-8.22,-2.59,7.53,-0.68,16.03,63,22,1.8,8.7,192,0,0,14.01,3.025,4.066,86.3,101.4
"2024-03-13 23:59:59",1262324,-2.56,-7.07,1.96,8.69,3.60,12.83,74,22,3.0,12.2,180,0,6,14.25,2.959,4.008,85.9,101.0
"2024-03-14 23:59:59",1262324,-5.05,-8.78,1.30,5.87,-3.61,12.98,77,21,2.4,11.1,106,0,0,20.48,3.328,4.149,86.1,101.2
"2024-03-15 23:59:59",1262324,2.43,0.38,4.85,8.32,4.08,11.88,88,48,5.5,15.9,86,12,35,8.18,2.086,3.006,86.3,101.4
"2024-03-16 23:59:59",1262324,1.81,0.18,3.12,6.77,3.66,10.45,87,49,2.3,17.4,118,3,4,13.79,2.003,2.451,86.4,101.5
"2024-03-17 23:59:59",1262324,1.79,-0.13,4.07,6.29,1.63,12.36,94,42,2.0,8.9,135,0,11,17.59,2.331,2.843,86.6,101.7
"2024-03-18 23:59:59",1262324,0.94,-1.48,3.35,8.95,2.68,15.41,91,32,2.6,8.6,79,0,0,21.88,3.310,4.284,87.0,102.1
"2024-03-19 23:59:59",1262324,1.40,-2.05,3.22,9.65,2.14,17.24,91,28,1.4,9.5,200,0,1,22.03,3.315,3.986,86.7,101.8
"2024-03-20 23:59:59",1262324,1.15,-0.77,3.18,10.12,2.75,18.01,88,28,1.5,10.4,147,0,0,22.47,3.462,4.217,86.5,101.5
"2024-03-21 23:59:59",1262324,-0.48,-5.30,2.46,12.15,2.94,21.88,82,18,2.4,13.0,188,0,0,22.80,4.541,5.903,86.5,101.6
"2024-03-22 23:59:59",1262324,-1.25,-4.48,0.74,12.70,3.76,20.22,74,19,1.2,7.0,185,0,0,21.64,3.701,4.535,86.6,101.7
"2024-03-23 23:59:59",1262324,-1.60,-3.78,-0.21,13.90,9.22,18.83,53,22,3.7,14.6,211,0,0,14.15,4.159,5.829,85.7,100.8
"2024-03-24 23:59:59",1262324,-1.21,-6.25,2.30,7.37,4.33,11.51,80,35,3.9,14.7,234,0,6,9.18,2.158,2.959,84.8,99.9
"2024-03-25 23:59:59",1262324,-4.90,-9.91,-1.53,7.16,2.09,12.58,62,20,2.8,11.9,247,0,3,16.77,3.070,4.083,85.3,100.4
"2024-03-26 23:59:59",1262324,-2.20,-7.76,1.24,5.86,2.00,10.64,83,31,2.5,12.5,190,1,6,14.74,2.243,2.935,85.9,101.0
"2024-03-27 23:59:59",1262324,-8.61,-13.06,-3.71,6.27,-2.32,13.51,83,15,2.2,10.5,181,0,0,22.63,3.725,4.904,86.7,101.8
"2024-03-28 23:59:59",1262324,-5.81,-9.48,-1.99,10.87,0.50,20.68,59,17,2.7,11.6,170,0,0,20.92,4.566,6.123,86.3,101.4
"2024-03-29 23:59:59",1262324,-4.38,-8.47,-1.69,15.18,10.76,19.75,40,17,4.9,12.2,220,0,0,19.15,5.608,8.067,85.9,101.0
"2024-03-30 23:59:59",1262324,-5.09,-9.56,-0.97,15.12,8.04,22.39,47,13,4.7,15.3,226,0,0,21.00,6.371,9.379,85.7,100.8
"2024-03-31 23:59:59",1262324,-0.91,-6.01,2.77,9.38,5.64,12.19,74,28,3.7,12.5,204,1,11,8.33,2.438,3.601,85.6,100.7
"2024-04-01 23:59:59",1262324,-1.02,-4.93,1.07,6.80,-0.01,12.44,90,30,1.8,12.3,169,1,7,19.82,3.024,3.814,86.0,101.1
"2024-04-02 23:59:59",1262324,-5.34,-11.02,0.97,9.69,-0.37,19.48,91,13,1.7,7.4,198,0,0,25.16,4.358,5.580,86.9,102.0
"2024-04-03 23:59:59",1262324,-6.33,-7.97,-3.83,11.13,0.07,22.36,61,14,1.4,7.0,213,0,0,25.39,4.502,5.729,86.8,101.9
"2024-04-04 23:59:59",1262324,-7.22,-12.40,-2.89,15.00,2.34,25.61,57,8,3.1,12.7,149,0,0,24.93,6.267,8.594,86.1,101.2
"2024-04-05 23:59:59",1262324,-5.45,-13.15,1.09,14.65,6.43,21.21,66,9,7.5,21.9,200,0,3,23.23,7.352,11.038,85.5,100.6
"2024-04-06 23:59:59",1262324,-9.64,-13.00,-6.53,7.02,2.11,11.01,52,17,4.6,14.9,257,0,0,21.19,4.083,5.819,86.1,101.2
"2024-04-07 23:59:59",1262324,-11.31,-13.86,-8.80,6.47,-3.38,14.29,55,13,2.2,10.7,196,0,0,24.64,4.209,5.569,86.4,101.5
"2024-04-08 23:59:59",1262324,-9.00,-12.05,-4.89,10.19,4.19,15.52,36,18,3.2,13.1,96,0,0,16.04,4.107,5.741,86.1,101.2
"2024-04-09 23:59:59",1262324,-11.49,-13.47,-8.39,10.41,-0.08,19.44,45,10,2.3,10.4,218,0,0,26.39,5.301,7.104,86.5,101.6
"2024-04-10 23:59:59",1262324,-7.57,-12.55,-4.03,13.79,5.29,21.31,49,10,2.4,9.0,172,0,0,26.17,5.371,6.995,86.8,101.8
"2024-04-11 23:59:59",1262324,-7.85,-9.94,-5.10,12.64,1.03,23.55,47,12,1.4,7.4,199,0,0,26.51,4.874,6.157,86.7,101.8
"2024-04-12 23:59:59",1262324,-6.92,-8.46,-5.49,16.76,3.64,26.02,47,10,2.6,10.6,141,0,0,21.23,5.648,7.532,86.4,101.5
"2024-04-13 23:59:59",1262324,-6.07,-8.23,-3.32,16.87,7.29,24.19,40,12,1.9,9.8,201,0,0,26.53,5.626,7.287,86.6,101.7
"2024-04-14 23:59:59",1262324,-7.92,-12.59,-4.06,17.52,6.44,25.34,43,8,4.3,13.3,195,0,0,26.93,7.376,10.190,86.3,101.4
"2024-04-15 23:59:59",1262324,-3.71,-8.72,0.79,11.37,6.41,15.73,65,20,5.2,13.5,238,0,1,20.77,4.823,6.833,86.0,101.1
"2024-04-16 23:59:59",1262324,-1.96,-4.48,0.63,12.94,3.25,22.40,75,17,2.1,10.6,199,0,0,26.49,5.212,6.805,86.5,101.6
"2024-04-17 23:59:59",1262324,-4.25,-6.74,-2.01,15.61,3.03,25.71,58,13,3.0,14.0,191,0,0,27.07,6.516,9.002,86.4,101.5
"2024-04-18 23:59:59",1262324,-3.70,-5.84,-2.12,18.34,8.09,26.65,47,11,2.4,10.7,202,0,0,23.68,6.022,8.272,86.3,101.4
"2024-04-19 23:59:59",1262324,-3.33,-6.02,-1.75,19.31,11.21,25.38,37,13,2.0,8.1,209,0,0,22.73,5.496,7.329,86.2,101.3
"2024-04-20 23:59:59",1262324,-1.28,-4.02,-0.04,18.84,8.33,26.35,48,15,2.9,12.0,242,0,0,26.01,6.721,9.099,86.5,101.6
"2024-04-21 23:59:59",1262324,-3.83,-6.25,-1.85,17.33,5.96,25.95,52,12,1.5,9.1,192,0,0,27.69,5.686,7.164,86.8,101.9
"2024-04-22 23:59:59",1262324,-4.56,-6.56,-2.89,17.48,6.24,28.37,45,10,1.6,9.4,190,0,0,25.10,5.658,7.311,86.3,101.4
"2024-04-23 23:59:59",1262324,-3.74,-5.83,-1.65,19.35,7.65,29.27,44,10,2.1,10.3,197,0,0,27.60,6.596,8.788,86.2,101.3
"2024-04-24 23:59:59",1262324,-4.92,-8.36,-1.51,21.38,12.91,28.41,32,9,3.5,11.5,210,0,0,28.12,7.677,10.303,86.3,101.4
"2024-04-25 23:59:59",1262324,-1.20,-5.56,4.65,14.26,9.48,19.96,63,20,2.6,17.8,225,0,2,14.61,3.576,4.897,86.0,101.1
"2024-04-26 23:59:59",1262324,1.91,-1.54,6.20,11.71,5.54,18.91,90,24,2.8,17.1,203,3,10,18.23,4.162,5.656,85.6,100.7
"2024-04-27 23:59:59",1262324,3.45,1.44,6.36,11.34,7.89,15.66,88,41,2.3,8.9,212,0,4,20.72,3.602,4.536,85.7,100.8
"2024-04-28 23:59:59",1262324,4.64,1.99,7.65,12.06,5.64,17.79,89,36,1.3,11.0,142,4,5,20.29,3.144,3.723,86.3,101.4
"2024-04-29 23:59:59",1262324,1.67,-3.82,4.93,14.37,4.85,23.55,91,18,1.4,7.8,188,0,0,28.42,5.092,6.292,86.3,101.4
"2024-05-01 23:59:59",1262324,-1.86,-12.90,1.87,18.25,9.39,25.56,48,13,3.8,20.2,226,0,1,24.13,6.775,9.415,85.9,101.0
"2024-05-02 23:59:59",1262324,-9.56,-13.31,-5.83,14.86,3.97,22.95,42,10,2.4,10.9,172,0,0,28.94,6.176,8.270,86.2,101.3
"2024-05-03 23:59:59",1262324,-5.93,-8.46,-2.53,16.40,4.97,26.60,45,10,2.7,11.2,161,0,0,28.80,6.754,9.034,86.1,101.2
"2024-05-04 23:59:59",1262324,-3.86,-7.24,-1.67,18.44,6.79,27.16,54,10,2.5,11.5,206,0,0,27.40,6.717,8.839,86.0,101.1
"2024-05-05 23:59:59",1262324,-0.37,-2.45,5.53,18.31,5.57,24.36,78,18,7.6,20.4,199,4,7,11.63,7.084,10.983,85.5,100.6
"2024-05-06 23:59:59",1262324,-3.76,-9.96,1.14,11.04,4.44,17.36,74,15,3.6,11.4,223,0,0,29.52,5.439,7.423,86.1,101.2
"2024-05-07 23:59:59",1262324,-5.03,-10.37,1.32,13.99,3.54,23.64,84,10,4.8,18.2,196,0,0,29.30,7.459,10.645,85.8,100.9
"2024-05-08 23:59:59",1262324,-9.97,-12.80,-6.10,11.39,4.67,16.59,47,13,2.0,9.9,151,0,0,29.61,5.063,6.273,86.1,101.2
"2024-05-09 23:59:59",1262324,-5.99,-10.00,-1.36,12.80,4.05,19.61,52,16,1.9,9.4,217,0,0,19.06,4.063,5.292,86.3,101.4
"2024-05-10 23:59:59",1262324,-1.54,-8.57,2.09,14.92,4.54,22.72,63,12,2.4,11.1,137,0,0,28.46,5.950,7.499,86.5,101.6
"2024-05-11 23:59:59",1262324,3.88,-0.13,8.61,13.05,9.43,17.54,88,36,3.5,15.1,134,2,13,16.86,3.630,4.992,86.2,101.3
"2024-05-12 23:59:59",1262324,2.60,-2.41,7.89,16.71,6.55,26.12,92,15,2.0,10.0,168,0,0,29.85,6.247,7.920,86.2,101.3
"2024-05-13 23:59:59",1262324,0.02,-2.03,1.77,19.44,7.99,29.02,65,13,1.7,7.9,175,0,0,30.05,6.276,7.915,86.3,101.4
"2024-05-14 23:59:59",1262324,1.47,-2.89,5.21,20.41,11.73,29.61,51,12,2.4,10.4,168,0,0,27.76,6.837,8.993,86.2,101.3
"2024-05-15 23:59:59",1262324,3.66,-1.45,8.66,18.03,12.24,25.85,68,18,2.7,14.0,152,1,7,19.75,5.285,6.984,86.2,101.3
"2024-05-16 23:59:59",1262324,2.40,-3.37,8.46,19.67,11.50,27.20,70,14,2.1,9.3,212,0,0,29.38,6.644,8.544,86.2,101.3
"2024-05-17 23:59:59",1262324,-2.10,-5.11,2.99,20.52,8.83,30.97,45,10,2.3,12.3,194,0,0,30.15,7.311,9.836,86.1,101.2
"2024-05-18 23:59:59",1262324,-1.38,-4.76,1.20,22.85,13.36,30.74,34,12,2.5,10.7,208,0,0,24.24,7.082,9.801,86.3,101.4
"2024-05-19 23:59:59",1262324,-4.10,-7.91,-1.70,23.72,15.58,29.72,27,10,3.1,11.3,235,0,0,30.37,8.340,11.495,86.2,101.3
"2024-05-20 23:59:59",1262324,-5.50,-10.39,1.37,21.48,15.01,27.89,36,8,5.6,16.1,214,0,0,22.65,8.803,12.890,85.9,101.0
"2024-05-21 23:59:59",1262324,-1.27,-9.89,3.80,16.42,10.15,21.03,55,13,2.9,10.1,157,0,0,23.68,5.618,7.477,86.3,101.4
"2024-05-22 23:59:59",1262324,-6.82,-9.88,-3.72,16.75,5.26,27.45,43,9,2.0,10.3,172,0,0,30.51,6.534,8.508,86.2,101.3
"2024-05-23 23:59:59",1262324,-5.25,-11.76,-1.73,21.06,12.91,29.00,27,11,4.0,13.5,224,0,0,29.59,8.653,12.227,85.9,101.0
"2024-05-24 23:59:59",1262324,-6.62,-11.31,-2.17,19.79,8.57,27.39,32,11,2.2,8.3,191,0,0,29.15,6.845,8.716,86.1,101.2
"2024-05-25 23:59:59",1262324,-1.13,-3.69,3.22,21.25,15.02,27.13,39,13,5.3,16.4,202,0,0,26.96,8.769,12.653,85.9,101.0
"2024-05-26 23:59:59",1262324,-0.25,-3.25,1.95,19.13,8.86,27.53,57,13,2.2,10.8,182,0,0,30.35,6.734,8.745,86.5,101.6
"2024-05-27 23:59:59",1262324,-1.94,-4.97,0.28,22.36,11.42,30.48,47,11,2.0,8.8,129,0,0,30.31,7.002,8.998,86.7,101.8
"2024-05-28 23:59:59",1262324,-4.12,-8.64,0.31,23.19,11.02,33.07,51,6,1.6,11.0,180,0,0,31.11,7.010,8.975,86.6,101.7
"2024-05-29 23:59:59",1262324,-7.51,-12.47,-4.06,22.99,11.81,32.93,26,6,2.4,10.6,171,0,0,30.30,7.845,10.565,86.4,101.5
"2024-05-30 23:59:59",1262324,-4.64,-12.49,1.53,22.89,10.50,31.90,37,8,2.4,10.8,189,0,0,30.55,7.842,10.442,86.4,101.5
"2024-05-31 23:59:59",1262324,-2.42,-5.29,3.48,23.72,12.36,32.28,43,9,1.7,8.3,175,0,0,29.92,7.043,8.947,86.4,101.5
"2024-06-01 23:59:59",1262324,-3.48,-8.97,2.20,24.89,13.01,34.57,45,7,2.5,11.0,191,0,0,30.87,8.313,11.193,86.2,101.3
"2024-06-02 23:59:59",1262324,-6.38,-9.78,-3.62,25.28,17.89,32.08,20,9,2.5,9.3,236,0,0,29.72,8.001,10.883,86.1,101.2
"2024-06-03 04:59:59",1262324,-6.64,-8.18,-5.43,16.71,15.28,18.49,26,18,1.3,3.9,228,0,0,0.01,0.102,0.170,86.0,101.1
"2024-06-03 23:59:59",1262324,-1.84,-8.18,3.76,26.07,14.84,33.59,26,10,3.3,12.7,234,0,0,28.78,8.959,12.270,86.0,101.1
"2024-06-04 23:59:59",1262324,3.37,0.92,5.41,26.35,16.62,32.75,43,15,2.7,10.3,228,0,0,29.25,8.109,10.994,86.3,101.3
"2024-06-05 23:59:59",1262324,0.74,-3.67,4.08,26.82,14.38,36.30,45,9,2.0,10.0,200,0,0,31.25,7.865,10.326,86.6,101.6
"2024-06-06 23:59:59",1262324,-1.08,-5.21,2.95,27.61,14.53,38.15,33,9,2.1,12.5,221,0,0,30.94,8.132,10.941,86.5,101.6
"2024-06-07 23:59:59",1262324,1.53,-2.82,9.79,27.86,16.77,37.48,34,11,2.2,23.1,163,0,2,25.15,7.039,9.507,86.3,101.4
"2024-06-08 23:59:59",1262324,-0.31,-5.33,5.93,28.25,17.41,37.03,39,8,2.1,10.3,201,0,0,30.78,8.181,10.984,86.3,101.4
"2024-06-09 23:59:59",1262324,0.76,-5.70,4.02,28.50,20.48,36.12,27,12,2.8,11.1,237,0,0,28.12,8.739,12.108,86.3,101.4
"2024-06-10 23:59:59",1262324,2.69,-0.61,5.41,28.34,24.08,33.61,28,16,2.8,11.9,238,0,0,21.26,7.382,10.423,86.5,101.6
"2024-06-11 23:59:59",1262324,4.18,-2.98,9.37,27.59,18.90,35.94,53,10,1.9,8.3,160,0,0,30.41,7.606,9.845,86.6,101.7
"2024-06-12 23:59:59",1262324,-0.38,-5.11,4.19,27.96,16.08,38.38,36,8,1.6,9.0,185,0,0,30.96,7.413,9.553,86.6,101.7
"2024-06-13 23:59:59",1262324,-0.34,-6.69,8.32,28.96,18.31,37.41,32,9,3.6,15.0,195,0,1,24.10,8.920,12.411,86.7,101.8
"2024-06-14 23:59:59",1262324,10.43,7.83,13.33,22.91,18.13,27.03,71,31,3.6,17.7,100,3,7,21.36,5.726,7.844,86.8,101.8
"2024-06-15 23:59:59",1262324,7.43,0.46,11.61,25.13,15.84,34.85,74,13,2.3,6.5,109,0,0,29.87,6.712,8.358,86.3,101.4
"2024-06-16 23:59:59",1262324,-1.23,-5.21,5.30,27.63,13.98,37.09,46,7,3.3,12.2,190,0,0,31.44,9.740,13.618,85.8,100.9
"2024-06-17 23:59:59",1262324,-2.23,-4.65,0.48,28.71,20.51,35.62,20,9,4.9,14.8,224,0,0,31.03,11.300,16.481,85.5,100.6
"2024-06-18 23:59:59",1262324,-2.53,-5.20,0.86,23.76,17.32,29.80,26,12,2.6,9.5,164,0,0,29.84,7.578,9.943,86.0,101.1
"2024-06-19 23:59:59",1262324,-0.42,-4.86,3.71,24.41,12.77,33.87,43,12,2.0,8.8,198,0,0,27.84,7.264,9.668,86.2,101.3
"2024-06-20 23:59:59",1262324,11.16,-1.08,18.67,22.39,16.90,33.24,90,23,3.6,17.1,123,15,20,17.03,4.958,6.671,86.5,101.6
"2024-06-21 23:59:59",1262324,16.21,14.69,19.15,22.29,18.20,31.21,89,38,3.6,23.3,66,17,8,23.95,5.517,6.949,86.6,101.7
"2024-06-22 23:59:59",1262324,15.25,11.36,17.49,25.20,18.96,31.57,83,29,1.9,9.6,130,0,0,28.22,6.071,7.325,86.9,102.0
"2024-06-23 23:59:59",1262324,13.83,9.19,16.54,26.99,19.34,34.97,85,19,1.8,11.6,151,0,2,28.80,6.912,8.493,86.8,101.9
"2024-06-24 23:59:59",1262324,13.43,8.29,16.62,28.40,20.14,35.64,81,19,1.3,10.9,160,0,0,29.91,6.699,8.086,86.6,101.7
"2024-06-25 23:59:59",1262324,11.31,5.46,13.67,30.75,23.23,37.78,55,13,2.3,15.1,188,0,0,28.94,8.052,10.315,86.6,101.7
"2024-06-26 23:59:59",1262324,13.34,9.85,17.29,28.21,23.36,32.69,61,26,1.5,10.3,208,0,2,14.18,4.347,5.796,86.6,101.7
"2024-06-27 23:59:59",1262324,14.96,12.82,17.74,24.39,19.61,32.44,81,31,2.7,15.3,111,1,5,20.12,5.404,7.005,86.4,101.5
"2024-06-28 23:59:59",1262324,13.24,10.71,15.38,25.83,18.40,33.68,80,25,1.8,6.2,137,0,0,28.20,6.331,7.756,86.3,101.4
"2024-06-29 23:59:59",1262324,12.04,7.07,14.59,28.40,20.77,35.51,68,19,2.3,10.2,128,0,0,27.37,7.339,9.508,86.7,101.8
"2024-06-30 23:59:59",1262324,14.27,11.51,15.26,28.44,23.60,34.88,60,24,3.0,12.6,97,0,2,27.15,7.491,9.619,86.9,102.0
"2024-07-01 23:59:59",1262324,14.88,10.19,17.65,27.56,21.04,33.94,83,23,3.0,11.0,123,2,10,26.67,7.132,8.957,86.6,101.7
"2024-07-02 23:59:59",1262324,10.29,1.56,17.52,27.51,21.25,35.13,74,12,2.3,10.3,144,0,0,30.05,7.319,9.417,86.5,101.6
"2024-07-03 23:59:59",1262324,3.79,-4.73,11.18,28.78,18.16,36.93,49,9,2.8,12.6,165,0,0,30.55,8.707,11.660,86.6,101.7
"2024-07-04 23:59:59",1262324,-2.60,-6.51,4.25,28.13,15.98,36.45,38,7,2.2,10.9,186,0,0,31.51,8.206,10.762,86.8,101.9
"2024-07-05 23:59:59",1262324,-4.15,-8.87,0.59,26.70,14.69,35.15,34,7,2.2,8.2,156,0,0,31.66,8.120,10.678,86.8,101.9
"2024-07-06 23:59:59",1262324,-3.85,-7.35,0.97,26.72,13.57,36.86,44,6,2.2,13.8,228,0,0,31.39,8.356,11.285,86.7,101.8
"2024-07-07 23:59:59",1262324,-3.56,-7.59,3.14,28.26,14.27,38.58,43,6,3.1,12.5,246,0,0,30.85,9.536,13.191,86.5,101.5
"2024-07-08 23:59:59",1262324,-1.47,-5.99,1.60,27.72,15.97,35.70,36,10,2.2,8.4,155,0,0,30.66,8.060,10.656,86.5,101.6
"2024-07-09 23:59:59",1262324,0.77,-7.19,9.32,28.36,17.66,37.42,39,5,2.1,9.9,149,0,0,30.47,8.012,10.530,86.7,101.8
"2024-07-10 23:59:59",1262324,2.80,-2.55,8.33,29.77,20.26,37.78,35,8,2.4,15.8,116,0,0,29.97,8.205,10.787,86.8,101.9
"2024-07-11 23:59:59",1262324,5.59,2.94,8.32,30.80,23.56,38.10,34,12,2.0,9.2,110,0,0,29.20,7.564,9.706,86.8,101.9
"2024-07-12 23:59:59",1262324,5.49,1.87,7.67,30.95,21.29,39.60,35,10,2.4,11.2,97,0,0,30.20,8.600,11.407,86.8,101.9
"2024-07-13 23:59:59",1262324,6.62,3.72,11.03,31.46,22.60,39.00,41,11,2.4,15.0,154,0,0,30.01,8.402,10.990,87.0,102.1
"2024-07-14 23:59:59",1262324,6.60,4.17,14.75,31.73,23.25,39.04,50,11,1.9,11.8,142,0,3,27.81,7.399,9.482,86.9,102.0
"2024-07-15 23:59:59",1262324,9.51,4.14,15.59,30.82,20.94,38.50,64,12,2.7,13.2,177,0,1,28.08,8.514,11.303,86.8,101.9
"2024-07-16 23:59:59",1262324,8.30,5.16,11.78,30.46,22.42,38.75,47,12,2.3,10.9,176,0,0,26.84,8.023,10.857,86.7,101.8
"2024-07-17 23:59:59",1262324,7.63,5.03,11.19,29.63,19.50,37.32,53,14,1.6,7.4,125,0,0,28.82,7.119,9.070,86.8,101.9
"2024-07-18 23:59:59",1262324,10.45,6.37,12.53,30.33,24.64,36.23,45,17,3.3,12.8,118,0,0,25.58,8.146,10.989,87.0,102.1
"2024-07-19 23:59:59",1262324,9.75,7.84,12.36,30.50,24.78,36.57,45,17,2.4,12.0,116,0,0,26.13,7.780,10.398,87.0,102.0
"2024-07-20 23:59:59",1262324,11.17,8.46,13.79,29.53,26.77,34.87,47,22,3.0,12.4,91,0,4,19.65,6.904,9.496,86.9,102.0
"2024-07-21 23:59:59",1262324,11.50,8.97,13.69,28.61,24.27,34.23,48,22,2.1,9.7,130,0,1,24.20,6.528,8.323,86.9,102.0
"2024-07-22 23:59:59",1262324,9.54,1.16,12.10,27.48,20.80,34.20,53,17,2.4,8.4,109,0,0,27.97,6.953,8.842,86.8,101.9
"2024-07-23 23:59:59",1262324,8.21,5.09,10.61,28.79,21.27,36.02,43,17,1.8,6.6,138,0,0,27.23,6.806,8.692,86.9,102.0
"2024-07-24 23:59:59",1262324,6.08,2.05,9.09,30.32,21.32,38.09,36,11,1.9,12.7,140,0,0,25.23,6.656,8.478,87.1,102.2
"2024-07-25 23:59:59",1262324,10.57,6.23,16.68,29.18,22.22,37.73,63,18,2.7,14.6,138,2,4,24.97,7.265,9.426,87.0,102.1
"2024-07-26 23:59:59",1262324,11.63,4.70,16.68,28.99,21.32,37.84,77,13,1.9,16.5,210,0,1,27.49,7.280,9.401,86.6,101.7
"2024-07-27 23:59:59",1262324,8.23,-1.45,13.61,30.89,23.37,37.84,48,11,3.5,13.6,196,0,1,25.02,8.652,12.121,86.3,101.4
"2024-07-28 23:59:59",1262324,-0.25,-4.38,6.24,27.82,15.94,36.97,32,9,2.3,16.1,204,0,0,28.92,7.988,10.848,86.4,101.5
"2024-07-29 23:59:59",1262324,-2.62,-5.04,3.31,26.83,15.62,36.32,28,9,1.4,6.9,185,0,0,29.19,6.738,8.574,86.6,101.7
"2024-07-30 23:59:59",1262324,-1.00,-4.77,5.35,27.18,15.41,36.39,37,10,2.1,9.9,195,0,0,28.92,7.755,10.453,86.6,101.7
"2024-07-31 23:59:59",1262324,0.31,-3.69,4.16,28.46,15.62,38.12,37,10,1.8,10.3,177,0,0,28.68,7.286,9.528,86.7,101.7
"2024-08-01 23:59:59",1262324,2.36,-0.92,10.57,29.90,17.35,38.87,43,10,1.6,11.0,150,0,0,23.12,5.963,7.683,87.0,102.0
"2024-08-02 23:59:59",1262324,11.35,8.24,14.86,31.17,26.81,37.52,48,17,2.2,13.6,177,0,2,25.23,6.861,8.573,87.2,102.3
"2024-08-03 23:59:59",1262324,11.39,8.67,13.79,29.70,21.49,37.13,64,18,1.8,7.8,184,0,0,26.25,6.710,8.457,87.0,102.1
"2024-08-04 23:59:59",1262324,11.11,9.47,12.76,30.70,24.48,36.24,49,19,2.0,8.4,155,0,0,23.29,6.489,8.327,86.9,101.9
"2024-08-05 23:59:59",1262324,10.38,7.69,13.34,30.64,22.47,37.60,48,17,2.4,13.3,185,0,5,24.04,7.173,9.257,86.8,101.9
"2024-08-06 23:59:59",1262324,11.59,8.44,14.86,30.62,24.47,37.83,51,16,3.2,15.8,129,0,0,25.34,7.995,10.551,87.0,102.1
"2024-08-07 23:59:59",1262324,11.88,6.41,14.58,29.92,22.45,37.05,63,15,2.5,12.9,153,0,0,26.81,7.711,10.044,86.8,101.9
"2024-08-08 23:59:59",1262324,13.08,8.23,18.49,28.43,22.18,36.67,83,18,2.4,16.3,196,1,16,25.16,6.849,8.648,86.7,101.8
"2024-08-09 23:59:59",1262324,14.69,12.12,18.52,26.14,21.14,32.18,85,29,2.7,10.4,121,0,8,21.88,5.627,7.174,86.9,102.0
"2024-08-10 23:59:59",1262324,16.50,14.09,18.23,24.81,19.75,32.06,90,32,3.0,11.6,90,5,8,23.98,5.680,7.170,87.0,102.1
"2024-08-11 23:59:59",1262324,16.42,10.66,18.77,24.76,19.91,32.05,90,26,2.3,11.6,94,3,3,18.89,4.408,5.391,87.0,102.0
"2024-08-12 23:59:59",1262324,14.72,10.94,17.71,25.05,19.27,32.54,93,26,2.0,12.3,161,0,5,24.93,5.751,6.972,86.9,102.0
"2024-08-13 23:59:59",1262324,14.05,11.12,17.16,24.76,19.32,31.94,84,28,2.3,14.7,119,0,3,21.96,5.573,7.016,86.8,101.9
"2024-08-14 23:59:59",1262324,12.55,7.96,15.80,24.36,17.61,32.18,87,22,1.6,7.6,131,0,0,24.76,5.492,6.755,86.9,102.0
"2024-08-15 23:59:59",1262324,7.92,2.36,11.66,26.29,16.82,35.60,65,12,1.6,9.7,158,0,0,26.82,6.465,8.297,86.8,101.8
"2024-08-16 23:59:59",1262324,5.77,2.52,9.69,27.42,17.11,36.79,56,12,1.7,9.4,171,0,0,27.02,6.577,8.445,86.8,101.8
"2024-08-17 23:59:59",1262324,10.88,4.85,17.15,26.25,20.74,33.94,77,23,2.5,14.3,102,2,9,18.10,5.459,7.199,86.9,102.0
"2024-08-18 23:59:59",1262324,14.92,11.69,17.23,24.06,18.18,30.10,90,33,1.7,8.9,196,0,1,16.33,3.981,5.130,87.1,102.2
"2024-08-19 23:59:59",1262324,12.93,9.54,16.53,27.24,20.51,34.86,74,22,1.2,5.7,203,0,0,23.96,5.343,6.469,87.0,102.1
"2024-08-20 23:59:59",1262324,12.10,8.71,17.88,27.56,18.61,36.94,66,18,1.9,17.0,166,3,3,24.96,6.213,7.793,86.9,102.0
"2024-08-21 23:59:59",1262324,14.57,8.14,17.80,24.23,19.24,34.39,91,20,2.2,14.2,164,4,11,17.02,4.810,6.234,87.0,102.1
"2024-08-22 23:59:59",1262324,15.41,12.43,17.66,22.80,18.07,28.35,93,37,1.9,10.7,163,5,9,17.08,4.053,4.930,86.9,102.0
"2024-08-23 23:59:59",1262324,16.74,14.49,19.36,22.20,18.20,27.53,94,46,2.2,10.6,103,6,24,17.44,3.912,4.744,86.8,101.9
"2024-08-24 23:59:59",1262324,12.54,6.82,15.67,24.56,18.98,31.83,80,20,3.6,14.3,124,0,1,23.24,6.764,9.258,86.9,101.9
"2024-08-25 23:59:59",1262324,12.84,8.40,15.69,24.13,17.88,32.67,85,22,2.7,15.5,123,1,7,21.36,5.851,7.774,86.9,102.0
"2024-08-26 23:59:59",1262324,9.12,2.44,13.03,24.66,16.60,32.08,80,16,1.6,8.1,151,0,0,24.75,5.602,7.002,87.1,102.2
"2024-08-27 23:59:59",1262324,7.73,4.70,12.06,24.66,15.71,33.03,61,17,1.3,6.7,123,0,0,25.18,5.403,6.691,87.0,102.1
"2024-08-28 23:59:59",1262324,8.63,4.41,11.84,25.13,16.96,33.15,60,16,2.2,10.7,132,0,0,23.08,5.978,7.720,86.8,101.9
"2024-08-29 23:59:59",1262324,8.70,2.56,12.77,25.09,17.88,33.38,69,14,1.8,17.9,113,0,0,24.21,5.957,7.617,86.8,101.9
"2024-08-30 23:59:59",1262324,4.99,1.48,8.29,25.64,18.90,33.49,47,13,1.9,5.8,113,0,0,24.45,5.897,7.557,87.0,102.1
"2024-08-31 23:59:59",1262324,4.83,0.73,9.08,24.85,16.08,32.66,51,13,1.6,10.5,190,0,0,23.12,5.613,7.252,87.0,102.1
"2024-09-01 23:59:59",1262324,5.60,2.48,8.25,25.46,15.74,33.95,53,14,2.5,11.3,106,0,0,23.50,6.737,9.133,87.0,102.1
"2024-09-02 23:59:59",1262324,5.53,4.17,8.04,23.79,14.78,31.73,62,18,1.2,6.2,173,0,0,24.14,5.002,6.188,87.1,102.1
"2024-09-03 23:59:59",1262324,4.75,2.36,8.05,23.80,14.02,33.39,57,13,1.1,5.9,187,0,0,24.33,4.991,6.147,86.9,102.0
"2024-09-04 23:59:59",1262324,3.93,2.62,6.24,25.41,15.55,35.55,53,13,1.8,9.2,188,0,0,22.82,5.839,7.712,86.9,102.0
"2024-09-05 23:59:59",1262324,2.85,1.37,5.75,25.22,15.24,32.43,42,15,2.2,9.1,175,0,0,23.57,6.222,8.204,87.2,102.3
"2024-09-06 23:59:59",1262324,6.75,3.07,9.37,24.33,19.33,30.92,46,19,2.2,8.8,93,0,0,23.48,5.468,7.053,87.3,102.4
"2024-09-07 23:59:59",1262324,5.58,2.94,9.36,23.80,14.50,32.59,60,16,1.3,8.3,147,0,0,23.32,4.927,6.190,86.9,102.0
"2024-09-08 23:59:59",1262324,4.62,2.09,6.78,24.56,15.65,33.16,47,14,1.4,8.9,157,0,0,22.86,5.123,6.424,86.8,101.9
"2024-09-09 23:59:59",1262324,4.83,1.96,7.84,24.48,15.61,32.93,50,14,1.4,5.6,140,0,0,22.86,5.075,6.380,86.8,101.9
"2024-09-10 23:59:59",1262324,4.54,1.36,7.83,23.97,13.98,33.82,45,15,1.6,12.7,165,0,0,22.10,5.368,6.967,86.5,101.6
"2024-09-11 23:59:59",1262324,3.86,-1.42,7.61,25.69,18.53,33.78,48,10,2.8,11.3,168,0,0,20.60,6.515,8.943,86.1,101.2
"2024-09-12 23:59:59",1262324,0.88,-3.29,3.96,26.30,18.85,33.59,34,11,3.7,12.1,222,0,0,22.74,7.724,10.984,85.8,100.9
"2024-09-13 23:59:59",1262324,-2.03,-4.49,1.24,22.42,11.99,30.61,33,14,1.6,8.0,163,0,0,23.06,5.150,6.574,86.3,101.4
"2024-09-14 23:59:59",1262324,-1.90,-3.83,0.94,21.19,10.74,30.99,39,12,1.1,5.6,149,0,0,22.92,4.560,5.655,86.5,101.6
"2024-09-15 23:59:59",1262324,3.58,-3.16,8.35,23.50,14.13,32.18,70,15,2.2,11.6,195,0,3,21.88,5.704,7.494,86.3,101.4
"2024-09-16 23:59:59",1262324,10.30,6.94,14.08,24.18,19.94,28.51,69,26,4.1,15.8,187,0,2,18.82,5.885,8.199,86.2,101.3
"2024-09-17 23:59:59",1262324,2.93,-7.02,13.78,22.12,13.55,27.95,69,15,4.5,14.2,219,0,0,22.21,6.947,10.212,86.1,101.2
"2024-09-18 23:59:59",1262324,-2.52,-6.93,2.30,17.91,8.41,27.52,46,14,1.4,8.7,169,0,0,22.40,4.461,5.670,86.3,101.4
"2024-09-19 23:59:59",1262324,1.20,-4.21,5.28,19.37,9.65,28.42,45,19,1.5,6.8,122,0,0,20.81,4.553,5.812,86.4,101.5
"2024-09-20 23:59:59",1262324,1.28,-2.00,4.10,19.84,10.37,29.18,58,15,1.5,8.5,154,0,0,21.40,4.615,5.960,86.2,101.3
"2024-09-21 23:59:59",1262324,3.60,-2.77,8.03,16.76,11.69,21.36,59,32,2.8,12.4,201,0,1,16.37,3.746,5.282,86.3,101.4
"2024-09-22 23:59:59",1262324,5.14,2.45,8.12,17.46,8.28,25.97,72,27,1.2,9.0,179,0,0,21.03,3.834,4.622,86.7,101.7
"2024-09-23 23:59:59",1262324,2.86,-1.73,5.96,19.45,9.79,28.35,60,20,1.5,8.0,202,0,0,21.04,4.504,5.778,86.6,101.7
"2024-09-24 23:59:59",1262324,-0.62,-3.38,2.42,19.48,8.50,30.19,48,14,1.2,5.5,195,0,0,21.11,4.237,5.373,86.7,101.8
"2024-09-25 23:59:59",1262324,0.02,-4.12,3.49,20.77,9.75,32.17,53,14,1.5,6.3,132,0,0,20.92,4.590,5.989,86.6,101.7
"2024-09-26 23:59:59",1262324,1.35,-1.97,4.40,22.25,11.48,33.31,55,14,1.4,6.8,179,0,0,20.60,4.526,5.849,86.6,101.7
"2024-09-27 23:59:59",1262324,-0.40,-2.72,3.05,22.41,10.75,33.80,45,11,1.2,5.8,186,0,0,20.78,4.336,5.499,86.7,101.8
"2024-09-28 23:59:59",1262324,2.05,-3.26,6.90,23.49,15.46,33.22,39,13,1.2,6.7,135,0,0,20.19,4.264,5.444,86.8,101.9
"2024-09-29 23:59:59",1262324,2.50,-1.73,6.69,23.20,14.36,32.82,42,16,1.2,5.1,153,0,0,16.78,3.691,4.679,86.8,101.9
"2024-09-30 23:59:59",1262324,1.47,-4.22,6.08,25.09,16.64,34.29,45,10,1.7,7.2,160,0,0,19.23,4.907,6.443,86.8,101.9
"2024-10-01 23:59:59",1262324,-2.37,-5.24,2.71,21.49,11.33,33.02,38,10,1.2,5.9,195,0,0,20.01,4.285,5.526,87.1,102.2
"2024-10-02 23:59:59",1262324,-2.74,-6.40,2.21,20.28,9.49,31.84,47,11,1.4,5.6,191,0,0,19.86,4.264,5.570,86.7,101.8
"2024-10-03 23:59:59",1262324,-5.20,-8.56,-0.05,20.16,8.26,32.30,46,9,1.4,7.4,166,0,0,20.23,4.386,5.767,86.5,101.6
"2024-10-04 23:59:59",1262324,-5.61,-10.13,-1.89,19.05,7.96,31.28,45,9,1.1,4.5,145,0,0,19.82,3.820,4.859,86.9,102.0
"2024-10-05 23:59:59",1262324,-4.50,-8.39,-1.21,19.69,9.50,31.89,42,10,1.6,10.8,201,0,0,19.49,4.552,6.227,87.0,102.1
"2024-10-06 23:59:59",1262324,-3.91,-7.77,-0.67,19.24,7.94,30.57,41,12,1.0,6.6,152,0,0,19.32,3.642,4.496,87.1,102.2
"2024-10-07 23:59:59",1262324,-3.79,-7.76,-0.55,18.00,7.72,29.55,45,13,1.0,4.6,181,0,0,18.61,3.403,4.299,86.9,102.0
"2024-10-08 23:59:59",1262324,-2.93,-6.54,0.00,18.46,8.40,29.56,40,13,1.2,4.9,194,0,0,16.79,3.552,4.651,86.7,101.8
"2024-10-09 23:59:59",1262324,-2.79,-6.11,0.01,18.83,8.89,30.79,43,11,1.2,9.1,186,0,0,18.55,3.819,5.023,86.9,102.0
"2024-10-10 23:59:59",1262324,-3.41,-6.34,-0.39,17.84,7.95,29.58,44,13,0.9,4.7,185,0,0,18.33,3.225,4.017,87.0,102.1
"2024-10-11 23:59:59",1262324,-3.21,-6.55,0.60,18.04,8.02,29.61,41,13,0.9,5.6,169,0,0,17.64,3.114,3.881,87.1,102.2
"2024-10-12 23:59:59",1262324,-2.53,-5.21,0.48,18.06,8.89,29.33,46,14,0.9,4.9,154,0,0,17.65,3.166,3.933,87.0,102.1
"2024-10-13 23:59:59",1262324,-2.14,-5.19,0.68,18.07,7.45,29.24,46,15,1.1,4.8,155,0,0,17.12,3.280,4.255,86.9,102.0
"2024-10-14 23:59:59",1262324,1.72,-3.64,7.61,19.79,11.89,26.48,47,18,3.0,11.2,212,0,2,13.44,4.367,6.142,87.0,102.1
"2024-10-15 23:59:59",1262324,5.02,2.94,7.50,19.87,12.55,26.71,58,21,2.0,12.8,163,0,1,15.55,4.025,5.300,87.0,102.1
"2024-10-16 23:59:59",1262324,4.70,1.31,9.98,18.64,11.21,25.35,71,21,3.9,17.6,106,0,3,13.13,4.096,5.879,86.7,101.8
"2024-10-17 23:59:59",1262324,2.79,-2.00,8.53,18.29,11.63,25.04,83,17,3.1,12.8,180,0,2,12.75,4.204,5.914,85.9,101.0
"2024-10-18 23:59:59",1262324,4.80,0.43,7.61,11.67,7.72,18.43,93,30,3.5,14.1,167,14,38,3.12,1.379,1.894,86.0,101.1
"2024-10-19 23:59:59",1262324,6.59,3.83,8.97,10.74,7.58,16.13,93,53,2.6,10.5,101,6,12,12.81,2.149,2.715,86.9,102.0
"2024-10-20 23:59:59",1262324,6.04,3.84,9.00,10.08,6.55,14.16,93,49,1.9,10.6,151,0,3,11.86,1.717,2.120,87.0,102.1
"2024-10-21 23:59:59",1262324,4.92,2.68,7.47,9.64,3.94,16.43,96,44,0.9,4.5,153,0,0,16.43,2.004,2.229,87.2,102.3
"2024-10-22 23:59:59",1262324,6.02,3.62,8.11,11.51,5.39,19.17,93,42,1.0,4.5,123,0,0,16.45,2.134,2.408,87.2,102.3
"2024-10-23 23:59:59",1262324,5.74,3.72,6.87,12.08,5.54,20.47,94,36,0.9,4.9,124,0,0,16.31,2.226,2.557,87.1,102.2
"2024-10-24 23:59:59",1262324,3.48,-0.30,6.24,13.10,5.13,24.19,93,20,1.2,5.5,179,0,0,16.38,2.768,3.491,86.6,101.7
"2024-10-25 23:59:59",1262324,2.03,-1.12,3.84,12.81,4.79,22.69,87,20,0.9,5.2,136,0,0,16.00,2.328,2.781,87.0,102.1
"2024-10-26 23:59:59",1262324,2.13,1.11,3.39,12.47,4.28,22.42,88,24,0.9,5.3,159,0,0,15.39,2.305,2.786,87.3,102.4
"2024-10-27 23:59:59",1262324,1.98,0.62,3.64,12.34,5.38,22.20,84,24,0.9,5.0,152,0,0,13.80,2.159,2.665,86.9,102.0
"2024-10-28 23:59:59",1262324,4.53,1.75,10.01,13.24,5.71,18.57,86,34,2.1,12.8,145,0,4,6.10,1.666,2.143,86.0,101.1
"2024-10-29 23:59:59",1262324,3.14,-0.71,10.61,11.28,5.84,15.03,92,36,4.1,13.5,219,9,15,12.33,2.748,3.884,85.6,100.7
"2024-10-30 23:59:59",1262324,-0.42,-4.67,2.76,6.65,1.84,11.36,90,33,2.1,9.0,240,0,3,14.24,2.049,2.714,86.5,101.6
"2024-10-31 23:59:59",1262324,-2.40,-5.27,-0.74,5.34,-0.64,12.80,90,27,1.3,5.3,93,0,0,12.37,1.610,2.047,86.7,101.8
"2024-11-01 23:59:59",1262324,-3.47,-7.20,-0.83,5.67,-1.37,14.49,89,22,1.0,4.2,130,0,0,13.23,1.719,2.135,86.5,101.6
"2024-11-02 23:59:59",1262324,-2.51,-4.70,0.52,7.17,-1.42,15.00,91,26,1.3,9.0,192,0,0,12.61,1.971,2.425,86.1,101.1
"2024-11-03 23:59:59",1262324,0.42,-1.55,2.81,7.61,4.97,11.94,74,43,2.1,11.6,181,0,1,9.62,1.723,2.198,85.6,100.7
"2024-11-04 23:59:59",1262324,-3.04,-5.43,0.30,7.22,2.28,11.81,78,34,3.2,12.5,207,0,0,14.59,2.671,3.787,86.2,101.2
"2024-11-05 23:59:59",1262324,-3.93,-8.39,-0.51,4.45,-0.71,10.10,81,36,1.9,15.9,119,0,1,9.17,1.510,1.888,86.1,101.2
"2024-11-06 23:59:59",1262324,-4.56,-7.30,-2.35,2.03,-1.71,5.63,87,39,1.8,8.9,157,0,0,8.86,1.274,1.703,86.3,101.4
"2024-11-07 23:59:59",1262324,-4.13,-5.85,-2.26,3.60,-2.48,9.47,90,38,1.3,6.0,182,0,0,11.58,1.437,1.786,86.7,101.8
"2024-11-08 23:59:59",1262324,-1.63,-4.72,0.60,4.24,0.05,8.53,85,51,0.9,3.9,169,0,5,8.86,0.953,1.114,86.7,101.8
"2024-11-09 23:59:59",1262324,-3.20,-4.94,-1.71,5.35,-0.21,13.48,86,30,1.0,4.9,174,0,0,13.57,1.664,1.999,86.6,101.7
"2024-11-10 23:59:59",1262324,-1.77,-4.55,0.68,4.77,-1.74,13.26,87,40,0.9,4.9,103,0,0,13.24,1.449,1.698,87.0,102.1
"2024-11-11 23:59:59",1262324,-1.16,-4.82,1.40,5.00,-2.49,14.41,91,39,0.9,5.3,145,0,0,13.63,1.519,1.781,86.7,101.8
"2024-11-12 23:59:59",1262324,-4.10,-8.98,-0.11,5.95,-1.33,12.83,91,20,2.7,11.7,238,0,0,12.13,2.373,3.522,86.2,101.3
"2024-11-13 23:59:59",1262324,-6.55,-7.64,-4.94,3.27,-3.79,10.96,80,27,1.1,4.5,183,0,0,13.05,1.502,1.866,87.1,102.2
"2024-11-14 23:59:59",1262324,-5.63,-8.25,-3.82,4.80,-3.66,14.87,77,25,1.4,5.7,136,0,0,13.50,1.796,2.310,86.7,101.8
"2024-11-15 23:59:59",1262324,-8.11,-12.16,-3.56,8.01,-1.03,19.31,75,12,2.9,17.5,233,0,0,12.90,3.290,4.892,85.6,100.7
"2024-11-16 23:59:59",1262324,-6.82,-10.50,-3.75,4.98,-1.62,10.48,69,31,1.4,6.0,205,0,0,11.05,1.603,2.027,85.9,100.9
"2024-11-17 23:59:59",1262324,-6.52,-8.44,-4.16,2.95,-4.56,11.82,84,23,1.1,3.9,237,0,0,13.03,1.601,1.991,86.1,101.2
"2024-11-18 23:59:59",1262324,-8.27,-9.64,-6.73,3.59,-4.30,13.34,75,21,1.2,6.0,187,0,0,12.62,1.668,2.172,85.8,100.9
"2024-11-19 23:59:59",1262324,-13.85,-20.11,-7.34,1.86,-5.33,7.85,69,13,1.4,8.7,187,0,0,12.81,1.682,2.270,86.7,101.8
"2024-11-20 23:59:59",1262324,-15.94,-17.38,-14.16,-0.74,-7.44,8.28,52,16,0.9,6.0,159,0,0,12.58,1.301,1.665,87.5,102.6
"2024-11-21 23:59:59",1262324,-13.92,-15.82,-12.21,-0.71,-8.43,9.87,61,19,0.7,4.8,171,0,0,12.86,1.297,1.578,87.5,102.6
"2024-11-22 23:59:59",1262324,-12.68,-15.28,-10.17,-1.12,-9.33,10.08,67,21,0.7,3.3,208,0,0,12.74,1.273,1.522,87.2,102.3
"2024-11-23 23:59:59",1262324,-12.10,-13.79,-10.49,0.64,-7.70,12.68,69,17,0.9,4.7,162,0,0,11.69,1.330,1.708,86.5,101.5
"2024-11-24 23:59:59",1262324,-7.16,-12.10,-0.88,6.22,-2.57,15.57,55,23,1.5,8.5,181,0,0,8.41,1.627,2.157,86.2,101.3
"2024-11-25 23:59:59",1262324,-5.77,-8.89,-1.90,4.92,-3.78,11.00,75,30,0.9,4.9,169,0,0,9.86,1.329,1.630,87.0,102.1
"2024-11-26 23:59:59",1262324,0.05,-2.08,4.56,7.97,5.20,11.45,91,41,1.3,5.8,154,0,9,2.86,0.943,1.390,86.4,101.5
"2024-11-27 23:59:59",1262324,-0.83,-4.29,5.14,5.68,-0.28,9.12,93,39,2.0,10.5,162,3,22,8.30,1.382,1.826,86.6,101.7
"2024-11-28 23:59:59",1262324,-4.21,-6.82,-1.81,0.48,-4.67,7.40,92,40,0.8,3.8,180,0,0,12.10,1.125,1.319,87.0,102.1
"2024-11-29 23:59:59",1262324,-5.92,-8.91,-4.38,-1.21,-6.29,5.55,91,44,0.7,3.9,154,0,0,11.65,0.891,0.992,87.2,102.3
"2024-11-30 23:59:59",1262324,-6.55,-10.06,-4.16,-1.81,-7.70,5.92,90,44,0.7,4.4,177,0,0,11.89,0.895,1.005,87.3,102.4
"2024-12-01 23:59:59",1262324,-5.80,-9.73,-3.17,-1.23,-7.29,6.57,90,46,0.7,3.2,152,0,0,11.50,0.911,1.000,87.4,102.5
"2024-12-02 23:59:59",1262324,-5.40,-7.88,-3.38,-0.37,-5.64,7.93,90,44,0.5,3.1,186,0,0,11.51,0.917,0.993,87.5,102.6
"2024-12-03 23:59:59",1262324,-5.22,-7.66,-3.26,-0.19,-5.42,8.04,90,43,0.7,3.2,194,0,0,10.24,0.891,1.015,87.3,102.4
"2024-12-04 23:59:59",1262324,-5.18,-8.04,-2.60,0.21,-5.62,9.30,90,42,0.6,2.8,171,0,0,11.24,0.910,0.998,87.2,102.3
"2024-12-05 23:59:59",1262324,-5.05,-8.06,-2.99,1.14,-5.57,10.85,89,36,0.8,4.7,172,0,0,11.70,1.127,1.333,87.3,102.4
"2024-12-06 23:59:59",1262324,-5.01,-8.09,-2.22,0.46,-5.51,9.60,89,41,0.5,2.9,178,0,0,11.31,0.928,1.015,87.2,102.3
"2024-12-07 23:59:59",1262324,-5.63,-9.26,-2.73,0.22,-6.71,10.46,89,38,0.8,4.4,198,0,0,11.43,1.089,1.308,87.0,102.1
"2024-12-08 23:59:59",1262324,-6.42,-9.25,-4.71,0.22,-6.55,9.21,88,36,0.8,4.0,148,0,0,10.69,0.980,1.169,86.5,101.6
"2024-12-09 23:59:59",1262324,-9.79,-15.94,-4.79,-0.49,-6.68,7.05,86,18,2.2,13.1,201,0,0,9.43,1.464,2.139,86.7,101.8
"2024-12-10 23:59:59",1262324,-12.37,-14.51,-10.01,-2.20,-8.15,6.04,76,24,1.6,7.4,202,0,0,11.42,1.337,1.841,87.5,102.6
"2024-12-11 23:59:59",1262324,-13.88,-14.98,-12.35,-3.89,-10.09,4.73,74,26,0.8,3.8,126,0,0,10.58,0.952,1.208,87.4,102.5
"2024-12-12 23:59:59",1262324,-12.18,-14.83,-10.27,-2.60,-9.04,5.15,75,30,0.9,4.1,179,0,0,6.90,0.770,1.000,86.6,101.7
"2024-12-13 23:59:59",1262324,-10.70,-12.52,-9.34,-0.65,-7.21,9.78,76,25,1.4,7.7,215,0,0,9.51,1.346,1.863,86.6,101.7
"2024-12-14 23:59:59",1262324,-11.01,-13.06,-9.46,-1.42,-8.21,6.66,76,30,1.0,4.2,154,0,0,8.41,0.934,1.232,87.0,102.1
"2024-12-15 23:59:59",1262324,-8.72,-11.27,-5.22,0.69,-5.55,11.43,71,30,0.8,4.6,221,0,0,11.13,1.275,1.599,86.9,102.0
"2024-12-16 23:59:59",1262324,-9.12,-11.87,-7.01,-1.06,-8.38,7.98,84,34,1.0,4.5,129,0,0,10.00,0.942,1.202,87.2,102.2
"2024-12-17 23:59:59",1262324,-9.44,-11.16,-7.59,-0.48,-6.28,8.27,77,28,0.6,3.2,216,0,0,8.72,0.821,0.958,87.1,102.2
"2024-12-18 23:59:59",1262324,-9.91,-11.73,-7.46,-0.78,-7.20,9.31,76,29,0.8,4.5,159,0,0,10.59,1.049,1.294,87.7,102.7
"2024-12-19 23:59:59",1262324,-9.99,-12.33,-7.07,-1.44,-7.95,8.39,76,31,0.7,3.1,146,0,0,11.00,0.959,1.114,87.6,102.7
"2024-12-20 23:59:59",1262324,-10.13,-12.78,-7.71,-1.42,-8.57,8.89,78,29,0.8,4.7,191,0,0,10.79,1.027,1.242,87.6,102.7
"2024-12-21 23:59:59",1262324,-10.21,-12.48,-7.46,-1.54,-8.15,8.95,76,30,0.7,3.4,150,0,0,10.72,0.961,1.148,87.4,102.4
"2024-12-22 23:59:59",1262324,-9.69,-12.80,-7.53,-0.43,-8.46,7.97,77,32,0.6,3.9,178,0,0,9.43,0.898,1.062,87.0,102.0
"2024-12-23 23:59:59",1262324,-6.52,-9.70,-3.24,3.76,-4.22,14.36,70,29,1.2,5.3,194,0,0,10.84,1.466,1.954,86.9,102.0
"2024-12-24 23:59:59",1262324,-5.52,-9.45,-2.43,2.10,-5.70,10.57,82,39,1.1,5.3,145,0,1,9.52,1.107,1.380,86.8,101.9
"2024-12-25 23:59:59",1262324,-3.38,-6.00,-1.35,5.11,-1.17,11.72,80,38,2.0,8.7,233,0,1,9.75,1.529,2.150,86.1,101.2
"2024-12-26 23:59:59",1262324,-5.07,-7.70,-2.37,-0.89,-5.22,5.28,89,57,0.9,5.2,122,0,0,5.39,0.458,0.575,86.5,101.6
"2024-12-27 23:59:59",1262324,-3.43,-6.72,-0.41,2.20,-4.10,8.51,88,45,1.2,4.8,171,0,0,7.77,0.846,1.030,86.2,101.2
"2024-12-28 23:59:59",1262324,-3.44,-5.60,-1.49,2.91,-2.54,11.20,89,40,0.9,4.2,151,0,0,9.06,1.003,1.204,86.7,101.8
"2024-12-29 23:59:59",1262324,-4.85,-7.97,-2.09,2.24,-5.14,11.97,87,36,1.1,4.9,160,0,0,11.08,1.193,1.467,86.5,101.6
"2024-12-30 23:59:59",1262324,-5.90,-9.00,-2.40,3.02,-2.99,12.46,79,30,1.8,7.0,134,0,0,7.75,1.238,1.653,86.5,101.6
"2024-12-31 21:59:59",1262324,-9.77,-12.46,-7.65,0.29,-7.00,8.96,82,26,1.5,6.6,209,0,0,11.29,1.417,1.871,86.7,101.8
"2024-12-31 23:59:59",1262324,-10.00,-13.07,-7.65,-0.02,-7.00,8.96,82,26,1.4,6.6,215,0,0,11.29,1.404,1.856,86.7,101.8
"2025-01-01 23:59:59",1262324,-11.94,-14.28,-9.94,-2.60,-8.46,5.13,70,32,1.0,4.3,151,0,0,8.70,0.917,1.196,87.0,102.1
"2025-01-02 23:59:59",1262324,-11.14,-13.38,-8.74,-0.91,-7.58,9.03,73,26,0.9,4.4,160,0,0,10.47,1.104,1.413,87.3,102.4
"2025-01-03 23:59:59",1262324,-9.62,-13.29,-6.53,0.06,-7.46,9.49,68,31,0.9,4.0,187,0,0,8.46,0.983,1.262,87.0,102.1
"2025-01-04 23:59:59",1262324,-8.17,-10.63,-1.87,3.29,-4.69,11.78,71,23,2.9,15.7,238,0,1,10.21,1.959,2.815,86.2,101.3
"2025-01-05 23:59:59",1262324,-10.72,-12.91,-9.16,0.31,-7.95,8.93,73,25,1.2,5.0,175,0,0,11.46,1.306,1.661,86.9,102.0
"2025-01-06 23:59:59",1262324,-10.13,-13.45,-4.62,-0.73,-7.35,5.42,66,34,1.1,4.6,132,0,0,7.68,0.934,1.244,86.9,102.0
"2025-01-07 23:59:59",1262324,-5.60,-7.29,-3.25,3.54,-1.51,7.64,70,40,2.6,12.3,101,0,0,7.46,1.500,2.073,86.8,101.9
"2025-01-08 23:59:59",1262324,-9.28,-11.79,-7.31,0.50,-4.38,6.02,67,37,1.9,7.9,127,0,0,11.55,1.392,1.743,87.2,102.3
"2025-01-09 23:59:59",1262324,-11.31,-13.93,-9.25,2.02,-5.39,7.53,68,25,4.8,15.0,154,0,0,7.76,2.091,3.143,86.6,101.7
"2025-01-10 23:59:59",1262324,-15.21,-17.06,-13.30,-0.73,-8.65,6.58,57,22,2.0,9.1,236,0,0,11.78,1.578,2.145,87.1,102.2
"2025-01-11 23:59:59",1262324,-14.08,-16.32,-10.75,0.53,-6.38,8.44,53,19,1.9,9.4,166,0,0,10.97,1.682,2.328,86.4,101.5
"2025-01-12 23:59:59",1262324,-14.37,-17.11,-10.92,-3.08,-10.22,5.36,69,23,1.1,4.5,202,0,0,12.16,1.198,1.489,86.5,101.6
"2025-01-13 23:59:59",1262324,-13.16,-18.14,-7.25,-4.18,-11.30,4.89,71,37,0.9,4.5,225,0,0,12.02,1.117,1.348,87.0,102.1
"2025-01-14 23:59:59",1262324,-14.24,-16.77,-11.90,-4.68,-12.53,5.18,76,27,1.2,6.0,207,0,0,12.27,1.230,1.579,87.4,102.5
"2025-01-15 23:59:59",1262324,-15.59,-19.12,-13.01,-4.78,-12.86,6.04,69,23,0.9,5.1,172,0,0,12.50,1.182,1.455,87.8,102.8
"2025-01-16 23:59:59",1262324,-16.00,-19.28,-12.91,-4.85,-12.86,5.16,66,25,0.9,4.7,180,0,0,12.64,1.124,1.379,87.2,102.3
"2025-01-17 23:59:59",1262324,-16.38,-19.57,-12.51,-3.42,-12.73,10.31,65,17,1.1,9.5,168,0,0,12.65,1.486,1.955,86.3,101.4
"2025-01-18 23:59:59",1262324,-18.18,-21.54,-14.21,-3.78,-10.78,3.64,61,14,2.9,14.1,204,0,0,13.02,1.883,2.783,86.8,101.9
"2025-01-19 23:59:59",1262324,-17.70,-20.42,-15.01,-6.92,-13.47,-0.11,62,28,0.9,3.4,187,0,0,8.99,0.820,1.018,86.9,102.0
"2025-01-20 23:59:59",1262324,-21.07,-27.08,-16.06,-5.65,-12.00,0.27,58,12,3.1,11.3,150,0,0,13.10,1.745,2.486,87.1,102.2
"2025-01-21 23:59:59",1262324,-25.73,-28.05,-23.28,-8.29,-16.17,1.83,51,12,1.2,5.2,208,0,0,13.30,1.221,1.585,87.8,102.9
"2025-01-22 23:59:59",1262324,-23.18,-28.47,-17.49,-6.52,-16.67,5.91,44,13,1.6,11.2,159,0,0,13.29,1.484,1.901,87.5,102.6
"2025-01-23 23:59:59",1262324,-20.09,-23.74,-16.28,-6.00,-13.62,3.44,56,19,1.3,6.2,226,0,0,13.52,1.431,1.850,87.9,102.9
"2025-01-24 23:59:59",1262324,-21.38,-24.17,-18.74,-5.69,-14.56,4.37,50,16,1.2,5.5,97,0,0,13.41,1.302,1.694,87.0,102.1
"2025-01-25 23:59:59",1262324,-20.81,-23.84,-18.83,-2.65,-11.44,6.57,41,13,0.9,4.3,191,0,0,8.36,1.141,1.509,86.2,101.3
"2025-01-26 23:59:59",1262324,-18.10,-20.66,-14.84,0.44,-6.34,10.44,46,15,0.9,4.1,148,0,0,11.39,1.546,2.007,86.6,101.7
"2025-01-27 23:59:59",1262324,-16.09,-21.13,-11.86,-0.64,-10.94,10.22,50,19,1.0,5.4,232,0,0,12.64,1.540,1.913,86.5,101.6
"2025-01-28 23:59:59",1262324,-11.16,-15.57,-3.20,2.13,-6.27,9.74,65,26,1.7,9.3,185,0,0,13.53,1.804,2.339,86.3,101.3
"2025-01-29 23:59:59",1262324,-1.25,-3.43,0.39,1.62,-0.19,4.14,96,67,1.6,5.7,204,1,23,6.24,0.558,0.695,86.2,101.2
"2025-01-30 23:59:59",1262324,-5.22,-8.45,-2.07,1.52,-5.81,10.53,90,32,1.8,7.2,237,0,0,13.90,1.648,2.167,86.4,101.5
"2025-01-31 23:59:59",1262324,-7.90,-11.87,-5.01,-0.29,-9.18,9.63,89,33,1.0,4.1,152,0,0,14.16,1.454,1.775,87.1,102.2
"2025-02-01 23:59:59",1262324,-8.01,-9.56,-6.59,3.45,-2.53,12.31,66,23,0.9,3.8,162,0,0,12.39,1.478,1.847,86.8,101.9
"2025-02-02 23:59:59",1262324,-6.37,-9.62,-0.87,5.07,-2.57,16.32,65,28,0.9,4.1,181,0,0,13.58,1.779,2.184,86.7,101.8
"2025-02-03 23:59:59",1262324,-4.35,-8.28,-1.36,5.72,-3.80,16.41,79,29,1.1,4.4,136,0,0,12.28,1.713,2.223,86.7,101.8
"2025-02-04 23:59:59",1262324,-4.98,-7.29,-3.33,6.84,-1.55,18.17,72,22,1.1,4.3,155,0,0,10.69,1.605,2.112,86.4,101.5
"2025-02-05 23:59:59",1262324,-3.52,-6.47,-0.61,10.85,2.20,19.85,62,21,2.9,12.2,200,0,0,14.84,3.488,5.128,86.3,101.4
"2025-02-06 23:59:59",1262324,-8.47,-13.93,-4.02,6.69,-2.68,18.81,74,12,1.1,4.7,144,0,0,15.26,2.129,2.674,86.4,101.5
"2025-02-07 23:59:59",1262324,-7.93,-14.74,-0.37,10.19,-0.10,19.78,54,18,2.2,11.4,192,0,0,15.00,3.166,4.537,86.3,101.4
"2025-02-08 23:59:59",1262324,-3.16,-9.25,-0.15,8.10,1.26,15.67,72,26,1.6,7.0,184,0,0,13.91,2.258,2.976,86.4,101.5
"2025-02-09 23:59:59",1262324,-12.17,-14.34,-7.74,3.68,-5.47,10.41,59,19,1.2,5.2,182,0,0,14.83,2.012,2.568,86.8,101.9
"2025-02-10 23:59:59",1262324,-12.32,-14.64,-10.27,4.43,-2.05,13.73,42,18,0.7,3.9,208,0,0,11.38,1.488,1.847,86.3,101.3
"2025-02-11 23:59:59",1262324,-13.04,-16.93,-8.52,3.32,-4.18,11.90,51,14,2.8,13.6,183,0,0,11.00,2.362,3.288,85.4,100.4
"2025-02-12 23:59:59",1262324,-18.46,-23.45,-13.04,-2.10,-9.36,5.51,51,13,2.0,11.9,207,0,0,16.40,2.105,2.930,85.8,100.9
"2025-02-13 23:59:59",1262324,-13.69,-23.55,1.78,-1.18,-11.04,8.54,95,17,1.5,7.3,152,4,25,9.39,1.537,2.150,86.5,101.6
"2025-02-14 23:59:59",1262324,2.48,0.05,4.54,5.59,2.05,10.06,97,58,2.1,11.1,232,7,31,10.64,1.505,1.924,86.0,101.1
"2025-02-15 23:59:59",1262324,-4.60,-11.59,2.06,4.88,-0.03,10.51,96,21,2.6,11.8,259,0,2,14.00,2.349,3.296,86.6,101.7
"2025-02-16 23:59:59",1262324,-5.93,-8.38,-3.79,2.81,-3.86,10.22,87,29,1.1,4.9,126,0,0,16.71,1.947,2.319,86.8,101.9
"2025-02-17 23:59:59",1262324,-2.76,-4.69,-0.04,5.41,-0.75,13.33,84,32,1.2,4.8,125,0,0,14.24,1.810,2.186,86.1,101.2
"2025-02-18 23:59:59",1262324,-6.26,-12.42,0.17,8.05,1.85,12.78,75,18,2.0,9.1,198,0,0,16.64,2.752,3.585,86.4,101.5
"2025-02-19 23:59:59",1262324,-7.31,-9.49,-5.69,3.91,-4.12,11.26,81,24,0.9,5.4,161,0,0,14.99,1.981,2.403,86.8,101.9
"2025-02-20 23:59:59",1262324,-5.50,-7.92,-2.11,5.84,-2.11,14.55,77,20,2.0,11.1,203,0,0,16.34,2.777,3.657,86.4,101.5
"2025-02-21 23:59:59",1262324,-4.62,-6.42,-3.46,4.62,-3.04,12.08,86,31,1.1,5.2,176,0,0,17.38,2.197,2.658,86.9,102.0
"2025-02-22 23:59:59",1262324,-5.63,-7.33,-3.71,5.15,-3.57,14.91,84,22,1.4,6.2,231,0,0,17.93,2.525,3.201,87.2,102.3
"2025-02-23 23:59:59",1262324,-6.67,-8.11,-5.28,5.96,-3.62,16.39,77,21,0.9,4.6,180,0,0,18.00,2.439,2.948,87.2,102.3
"2025-02-24 23:59:59",1262324,-5.29,-9.17,-2.91,8.88,-0.47,20.81,71,18,1.1,5.0,189,0,0,18.05,2.769,3.415,87.0,102.1
"2025-02-25 23:59:59",1262324,-5.76,-8.25,-3.99,9.94,1.17,21.40,68,13,1.5,5.9,190,0,0,16.69,3.035,3.896,86.6,101.7
"2025-02-26 23:59:59",1262324,-10.83,-14.74,-6.21,8.85,1.41,14.28,57,12,3.1,14.3,148,0,0,18.95,3.957,5.476,86.8,101.9
"2025-02-27 23:59:59",1262324,-9.04,-11.34,-6.59,7.81,1.72,14.70,47,20,2.3,8.7,117,0,0,18.96,3.173,4.208,87.4,102.5
"2025-02-28 23:59:59",1262324,-10.08,-13.20,-6.86,6.55,-4.12,18.87,66,11,1.2,6.7,210,0,0,19.26,3.069,3.940,86.8,101.9
"2025-03-01 23:59:59",1262324,-9.59,-12.45,-6.91,8.89,-2.27,20.73,56,12,1.8,6.9,131,0,0,18.67,3.416,4.590,86.4,101.4
"2025-03-02 23:59:59",1262324,-6.05,-9.69,-0.70,12.26,3.44,20.07,54,16,3.7,12.4,217,0,0,18.30,4.406,6.001,86.0,101.1
"2025-03-03 23:59:59",1262324,-2.76,-8.46,1.11,5.54,2.45,10.72,88,26,3.5,14.1,241,1,7,12.13,1.903,2.586,85.5,100.6
"2025-03-04 23:59:59",1262324,-3.49,-5.82,-0.68,6.90,0.00,13.98,85,25,3.1,11.6,249,0,0,19.32,3.211,4.465,86.3,101.4
"2025-03-05 23:59:59",1262324,-4.70,-7.55,-2.98,7.05,-2.90,14.79,78,26,1.2,5.9,148,0,0,18.17,2.705,3.331,86.3,101.4
"2025-03-06 23:59:59",1262324,-5.78,-9.75,2.39,9.06,3.26,13.05,77,22,5.9,20.5,227,0,3,11.43,3.345,4.979,85.4,100.5
"2025-03-07 23:59:59",1262324,-5.25,-10.02,0.67,3.82,-3.66,10.26,80,30,2.2,9.2,139,0,0,14.78,2.308,2.986,85.9,101.0
"2025-03-08 23:59:59",1262324,-6.14,-10.06,-0.58,6.59,-0.02,13.07,87,21,2.0,7.3,196,0,0,20.30,3.140,3.918,86.7,101.8
"2025-03-09 23:59:59",1262324,-8.01,-12.15,-2.97,5.81,-3.29,15.73,73,16,1.3,5.5,191,0,0,20.83,3.010,3.720,87.2,102.3
"2025-03-10 23:59:59",1262324,-7.44,-11.75,-1.95,6.66,-3.27,17.56,63,18,1.0,5.2,204,0,0,20.89,2.915,3.469,86.6,101.7
"2025-03-11 23:59:59",1262324,-8.95,-12.06,-5.13,7.97,-1.44,18.61,58,11,1.6,9.4,176,0,0,18.75,3.371,4.427,86.1,101.2
"2025-03-12 23:59:59",1262324,-1.79,-10.06,1.99,12.00,7.62,16.45,69,26,3.5,9.9,224,0,0,17.40,3.775,5.091,86.2,101.3
"2025-03-13 23:59:59",1262324,-0.56,-5.90,2.16,11.12,2.59,16.69,90,21,5.4,15.5,198,0,5,12.22,3.789,5.619,85.5,100.6
"2025-03-14 23:59:59",1262324,-6.33,-13.06,0.78,5.77,2.56,9.70,85,18,5.7,12.3,250,0,0,19.37,3.540,4.966,85.4,100.5
"2025-03-15 23:59:59",1262324,-5.70,-9.45,-3.51,5.84,1.13,11.73,69,22,3.4,12.4,253,0,0,21.25,3.404,4.584,85.9,100.9
"2025-03-16 23:59:59",1262324,-6.62,-9.97,-4.58,7.13,-2.66,16.39,63,21,1.5,7.6,125,0,0,20.83,3.116,3.838,86.8,101.9
"2025-03-17 23:59:59",1262324,-5.79,-11.58,-3.11,12.72,3.78,20.70,53,10,2.4,14.2,149,0,0,13.12,3.624,4.843,86.3,101.4
"2025-03-18 23:59:59",1262324,-8.11,-16.68,-0.10,8.00,2.40,12.48,61,14,6.0,17.3,265,0,2,12.39,3.549,5.094,86.0,101.1
"2025-03-19 23:59:59",1262324,-14.43,-18.59,-11.98,4.33,-1.23,10.42,41,15,2.0,10.7,193,0,0,22.74,3.318,4.184,87.3,102.4
"2025-03-20 23:59:59",1262324,-15.45,-18.73,-13.19,4.83,-3.72,13.40,41,12,1.3,6.0,173,0,0,20.81,3.079,3.892,86.9,102.0
"2025-03-21 23:59:59",1262324,-11.10,-16.05,-7.54,6.97,-3.35,16.74,50,17,1.6,8.6,220,0,0,20.94,3.595,4.689,86.6,101.7
"2025-03-22 23:59:59",1262324,-6.54,-10.41,-3.59,10.67,0.45,19.32,49,19,1.7,9.2,192,0,0,15.81,3.383,4.598,86.3,101.3
"2025-03-23 23:59:59",1262324,-5.23,-7.67,-3.37,12.02,1.21,20.82,57,17,1.8,8.4,205,0,0,22.79,4.359,5.535,86.7,101.8
"2025-03-24 23:59:59",1262324,-4.15,-8.21,-1.12,12.94,1.89,23.80,53,18,1.9,8.1,209,0,0,22.92,4.586,5.879,87.0,102.1
"2025-03-25 23:59:59",1262324,-3.03,-5.75,0.13,14.59,3.44,25.12,54,17,1.4,6.6,230,0,0,23.31,4.440,5.587,87.0,102.0
"2025-03-26 23:59:59",1262324,-3.34,-5.50,-0.48,15.09,3.80,25.38,54,16,1.5,5.8,164,0,0,20.06,4.201,5.395,86.6,101.7
"2025-03-27 23:59:59",1262324,-4.69,-7.86,-1.30,16.30,4.67,26.89,48,11,1.8,10.2,184,0,0,21.84,5.143,6.852,86.3,101.4
"2025-03-28 23:59:59",1262324,-2.59,-5.24,0.17,16.48,12.83,20.18,37,17,3.9,13.3,216,0,0,10.24,4.480,6.676,86.0,101.0
"2025-03-29 23:59:59",1262324,-5.06,-8.24,-2.05,13.07,5.64,19.37,47,15,2.7,14.4,238,0,0,20.98,4.699,6.372,85.8,100.9
"2025-03-30 23:59:59",1262324,-5.33,-8.18,-2.76,9.90,3.48,16.50,57,20,2.0,11.0,184,0,0,15.20,3.195,4.364,86.2,101.3
"2025-03-31 23:59:59",1262324,-7.16,-12.43,-2.35,12.77,2.71,21.94,50,11,3.9,14.1,176,0,0,19.65,5.425,7.504,86.0,101.1
"2025-04-01 23:59:59",1262324,-5.03,-15.11,1.78,9.50,2.13,13.89,70,13,5.3,18.0,231,0,7,17.30,4.028,5.751,85.3,100.4
"2025-04-02 23:59:59",1262324,-6.99,-12.42,1.34,4.54,-3.35,11.64,88,18,2.2,11.9,140,1,6,20.65,3.261,4.173,85.4,100.5
"2025-04-03 23:59:59",1262324,-1.83,-4.50,0.18,5.27,2.10,9.53,79,38,3.1,11.4,217,0,7,14.30,2.328,3.103,85.8,100.9
"2025-04-04 23:59:59",1262324,-3.50,-6.18,-1.77,5.17,-2.62,12.30,92,27,2.0,12.4,193,0,0,20.95,3.405,4.283,86.4,101.5
"2025-04-05 23:59:59",1262324,-4.66,-11.87,-0.53,6.90,-0.85,13.33,73,19,1.5,7.3,159,0,0,14.54,2.590,3.336,86.9,102.0
"2025-04-06 23:59:59",1262324,-6.92,-12.36,-2.05,7.94,-2.93,17.88,84,13,1.6,8.2,222,0,0,25.61,4.207,5.323,87.0,102.0
"2025-04-07 23:59:59",1262324,-10.94,-13.35,-8.16,10.29,-2.06,21.52,49,9,1.4,7.7,212,0,0,25.60,4.548,5.824,86.8,101.9
"2025-04-08 23:59:59",1262324,-8.85,-13.65,-5.62,13.44,2.93,24.80,37,12,1.7,11.3,171,0,0,22.19,4.652,6.223,86.6,101.7
"2025-04-09 23:59:59",1262324,-7.11,-9.61,-3.76,15.68,2.93,27.41,45,9,1.7,10.5,173,0,0,25.71,5.551,7.304,86.9,102.0
"2025-04-10 23:59:59",1262324,-7.17,-10.59,-4.11,17.24,4.52,28.02,39,9,1.4,7.6,205,0,0,25.82,5.205,6.457,87.3,102.4
"2025-04-11 23:59:59",1262324,-7.94,-11.67,-5.55,17.12,4.99,29.13,36,9,1.1,5.1,186,0,0,24.41,4.766,5.897,86.9,102.0
"2025-04-12 23:59:59",1262324,-9.16,-13.48,-6.26,18.20,5.91,28.47,37,7,2.4,11.1,171,0,0,18.80,5.782,8.113,86.3,101.4
"2025-04-13 23:59:59",1262324,-11.38,-13.43,-9.48,19.62,10.58,27.97,20,6,2.3,11.0,222,0,0,25.68,6.404,8.604,86.3,101.3
"2025-04-14 23:59:59",1262324,-9.93,-15.97,-4.99,17.32,9.20,24.92,33,7,1.8,7.3,190,0,0,25.97,5.588,7.203,86.7,101.8
"2025-04-15 23:59:59",1262324,-6.32,-15.05,-0.50,17.19,9.79,24.58,35,14,1.6,9.6,179,0,0,19.28,4.459,5.836,86.6,101.7
"2025-04-16 23:59:59",1262324,-3.29,-13.58,2.82,18.95,10.79,26.96,41,9,3.0,10.8,170,0,2,20.62,6.288,8.548,86.0,101.1
"2025-04-17 23:59:59",1262324,-7.00,-13.32,4.27,16.97,6.16,23.31,79,10,5.8,15.9,236,1,4,26.38,7.864,11.448,85.6,100.7
"2025-04-18 23:59:59",1262324,1.21,-1.57,2.69,5.95,4.52,9.51,86,45,2.4,11.1,186,1,19,10.08,1.707,2.187,86.0,101.1
"2025-04-19 23:59:59",1262324,-6.38,-13.66,1.64,8.74,4.14,15.26,85,15,2.6,9.5,225,0,0,24.12,4.308,5.540,86.3,101.4
"2025-04-20 23:59:59",1262324,-6.95,-13.12,-1.46,10.43,-0.89,20.30,49,17,2.1,8.7,191,0,0,27.32,5.017,6.578,86.7,101.7
"2025-04-21 23:59:59",1262324,-6.88,-11.95,-1.64,13.69,2.65,23.39,52,11,1.7,7.9,150,0,0,27.88,5.246,6.679,86.5,101.6
"2025-04-22 23:59:59",1262324,-8.88,-12.06,-3.65,15.50,4.16,25.22,33,10,1.3,9.0,174,0,0,27.67,5.246,6.570,86.3,101.3
"2025-04-23 23:59:59",1262324,-8.62,-12.47,-4.15,16.51,5.75,26.30,33,9,2.1,9.5,191,0,0,27.53,6.143,8.123,86.1,101.2
"2025-04-24 23:59:59",1262324,-7.80,-11.51,-4.17,17.99,9.76,25.46,28,10,2.3,10.4,235,0,0,27.67,6.306,8.456,86.2,101.3
"2025-04-25 23:59:59",1262324,-9.18,-11.99,-5.49,17.67,6.95,26.97,31,8,3.1,11.9,161,0,0,24.87,7.020,9.784,86.2,101.3
"2025-04-26 23:59:59",1262324,-8.71,-11.09,-6.59,19.25,9.40,26.92,25,10,4.0,14.0,203,0,0,28.06,8.064,11.376,86.0,101.1
"2025-04-27 23:59:59",1262324,-5.52,-10.21,-1.44,14.11,9.26,19.37,45,13,3.7,16.0,234,0,0,19.98,5.284,7.452,86.0,101.1
"2025-04-28 23:59:59",1262324,-6.88,-9.62,-4.35,12.19,4.82,18.03,50,15,1.8,8.8,194,0,0,28.27,4.983,6.173,86.4,101.5
"2025-04-29 23:59:59",1262324,-7.01,-10.96,-4.64,13.95,3.33,22.15,44,10,1.7,8.1,221,0,0,27.10,5.511,7.020,86.4,101.5
"2025-04-30 23:59:59",1262324,-2.22,-8.29,2.00,16.68,6.93,24.25,51,15,3.4,15.8,242,0,0,27.15,6.564,8.861,86.3,101.4
"2025-05-01 23:59:59",1262324,1.43,-0.40,3.29,16.78,9.01,24.59,56,19,2.6,11.6,166,0,0,24.74,5.717,7.638,86.4,101.5
"2025-05-02 23:59:59",1262324,-3.95,-8.49,0.39,17.40,6.87,25.62,51,12,1.7,9.7,148,0,0,28.77,5.891,7.412,86.5,101.5
"2025-05-03 23:59:59",1262324,-1.87,-7.41,1.89,18.32,8.53,26.85,37,13,2.6,13.8,149,0,1,27.81,6.617,8.732,86.4,101.4
"2025-05-04 23:59:59",1262324,4.36,-0.64,8.98,14.46,10.47,21.46,90,26,3.0,16.2,115,13,18,11.36,3.126,4.384,85.7,100.8
"2025-05-05 23:59:59",1262324,6.08,2.54,8.38,10.34,7.38,13.97,88,51,2.3,10.0,122,4,29,14.41,2.404,2.945,85.8,100.9
"2025-05-06 23:59:59",1262324,6.14,4.05,9.31,11.53,7.04,17.12,93,44,2.5,17.0,166,2,12,18.80,3.406,4.244,86.1,101.2
"2025-05-07 23:59:59",1262324,5.67,1.65,7.74,14.79,9.76,19.88,88,30,2.6,8.7,84,0,0,27.68,4.859,6.017,86.7,101.7
"2025-05-08 23:59:59",1262324,5.73,2.89,7.47,17.35,10.48,24.67,79,24,1.8,11.4,139,0,0,28.90,5.390,6.553,87.0,102.1
"2025-05-09 23:59:59",1262324,4.58,0.43,6.86,20.04,11.49,27.99,71,16,2.5,15.7,133,0,0,27.40,6.302,8.039,87.2,102.3
"2025-05-10 23:59:59",1262324,4.58,0.98,6.16,21.09,14.33,27.76,58,17,2.6,7.5,86,0,0,29.10,6.504,8.246,87.2,102.3
"2025-05-11 23:59:59",1262324,-0.48,-6.52,6.79,22.72,15.26,30.60,57,9,2.7,10.6,148,0,0,27.49,7.184,9.645,86.7,101.8
"2025-05-12 23:59:59",1262324,-2.58,-5.66,0.44,23.83,12.64,32.47,40,9,4.2,14.5,182,0,0,29.00,9.099,12.527,86.1,101.1
"2025-05-13 23:59:59",1262324,-6.17,-9.70,-0.93,22.46,15.37,28.68,24,9,6.0,16.6,208,0,0,28.68,9.983,14.609,85.7,100.8
"2025-05-14 23:59:59",1262324,-5.94,-9.16,-2.01,15.21,11.02,19.34,40,16,4.1,15.0,249,0,0,25.66,6.358,9.052,86.0,101.1
"2025-05-15 23:59:59",1262324,-5.18,-7.61,-1.28,14.36,4.11,22.55,71,13,2.7,12.6,232,0,0,28.65,6.202,8.486,86.3,101.4
"2025-05-16 23:59:59",1262324,-5.66,-7.50,-2.29,17.10,6.07,26.39,48,11,1.6,9.1,189,0,0,30.19,6.143,7.849,86.3,101.4
"2025-05-17 23:59:59",1262324,-5.67,-8.02,-2.17,19.31,7.73,27.33,48,10,3.5,12.1,204,0,0,26.47,7.545,10.182,85.9,101.0
"2025-05-18 23:59:59",1262324,3.13,-6.70,8.06,14.73,9.98,19.66,89,16,3.9,17.4,237,2,10,17.25,4.512,6.122,85.7,100.8
"2025-05-19 23:59:59",1262324,-2.57,-9.86,8.28,13.43,7.47,18.17,94,14,3.6,14.6,246,0,1,25.82,5.686,7.897,86.3,101.4
"2025-05-20 23:59:59",1262324,-6.18,-9.03,-3.62,15.21,3.90,24.63,53,11,2.1,10.2,180,0,0,30.58,6.216,8.065,86.7,101.8
"2025-05-21 23:59:59",1262324,-5.32,-7.68,-1.84,19.13,7.24,29.86,44,9,1.9,10.8,192,0,0,30.59,6.848,8.966,86.6,101.7
"2025-05-22 23:59:59",1262324,-4.78,-8.27,-0.26,21.91,9.51,32.30,48,7,1.6,10.0,186,0,0,30.55,6.805,8.708,86.4,101.5
"2025-05-23 23:59:59",1262324,-6.53,-8.00,-4.28,24.42,14.79,32.41,24,7,2.1,11.9,238,0,0,30.76,7.634,10.215,86.2,101.3
"2025-05-24 23:59:59",1262324,-6.74,-8.42,-4.43,23.58,17.13,29.50,19,9,2.8,11.4,226,0,0,26.22,7.423,10.243,86.3,101.4
"2025-05-25 23:59:59",1262324,-5.12,-9.10,-0.17,21.46,10.92,28.90,30,9,2.3,9.2,173,0,0,27.88,6.829,8.814,86.3,101.4
"2025-05-26 23:59:59",1262324,-2.57,-7.66,0.99,21.29,10.63,29.07,51,11,2.4,11.6,174,0,0,29.01,7.190,9.498,86.3,101.4
"2025-05-27 23:59:59",1262324,-2.73,-6.15,1.92,22.58,13.13,30.98,34,10,1.8,8.8,145,0,0,30.59,6.804,8.649,86.6,101.7
"2025-05-28 23:59:59",1262324,-2.87,-5.90,0.73,24.19,12.06,32.80,40,9,1.9,13.5,199,0,0,30.73,7.325,9.336,86.5,101.6
"2025-05-29 23:59:59",1262324,-0.75,-6.15,2.28,25.85,16.08,32.51,35,10,2.2,12.8,144,0,0,29.38,7.507,9.713,86.6,101.6
"2025-05-30 23:59:59",1262324,0.84,-2.37,3.33,26.06,14.30,34.46,42,11,1.8,9.9,138,0,0,30.25,7.451,9.486,86.8,101.9
"2025-05-31 23:59:59",1262324,1.16,-2.29,6.33,27.17,18.20,35.10,30,12,1.5,9.6,152,0,0,29.88,6.988,8.789,86.6,101.7
"2025-06-01 23:59:59",1262324,1.71,-1.38,4.33,27.49,16.65,35.66,37,10,2.0,9.4,193,0,0,28.62,7.710,10.033,86.2,101.3
"2025-06-02 23:59:59",1262324,11.61,3.82,14.84,20.48,16.91,27.83,88,21,3.2,12.8,172,2,20,11.77,3.623,4.716,86.3,101.4
"2025-06-03 23:59:59",1262324,9.83,3.55,13.66,21.96,13.24,30.90,92,17,3.2,15.8,161,0,2,27.77,7.215,9.294,86.3,101.4
"2025-06-04 23:59:59",1262324,9.72,7.00,12.46,20.43,16.26,25.11,73,30,3.4,11.3,128,0,2,21.77,5.609,7.376,86.4,101.5
"2025-06-05 23:59:59",1262324,11.10,8.31,12.67,19.68,15.56,24.30,77,41,2.1,9.2,79,0,2,21.87,4.587,5.686,86.5,101.6
"2025-06-06 23:59:59",1262324,6.72,3.08,9.63,22.50,13.17,30.40,70,17,2.6,12.2,182,0,0,29.06,7.364,9.788,86.6,101.7
"2025-06-07 23:59:59",1262324,4.42,0.97,7.98,24.60,14.26,32.68,55,14,2.0,9.7,178,0,0,29.76,7.403,9.608,86.7,101.7
"2025-06-08 23:59:59",1262324,1.72,-1.44,5.62,25.73,14.89,33.77,50,12,1.3,7.1,161,0,0,26.58,6.161,7.714,86.5,101.6
"2025-06-09 23:59:59",1262324,2.32,-1.30,5.30,25.95,15.32,34.74,43,11,2.2,12.6,149,0,0,27.97,7.882,10.463,86.5,101.5
"2025-06-10 23:59:59",1262324,4.66,1.66,7.56,26.96,18.30,34.48,42,13,2.8,13.5,108,0,0,30.22,8.430,11.108,86.6,101.7
"2025-06-11 23:59:59",1262324,4.22,-0.15,7.27,28.05,20.06,36.04,39,11,2.5,10.0,146,0,0,29.40,7.917,10.532,86.5,101.6
"2025-06-12 23:59:59",1262324,1.01,-4.43,7.31,29.08,21.58,36.34,38,8,2.6,12.2,200,0,0,30.94,8.686,11.870,86.3,101.4
"2025-06-13 23:59:59",1262324,-4.14,-9.47,-0.25,28.50,20.49,35.96,20,6,2.5,8.9,246,0,0,31.30,8.558,11.636,86.3,101.4
"2025-06-14 23:59:59",1262324,-5.08,-9.06,-0.41,26.88,15.27,36.28,23,7,1.7,7.6,181,0,0,30.77,7.434,9.717,86.6,101.7
"2025-06-15 23:59:59",1262324,-4.69,-10.47,-0.30,27.08,14.27,37.75,32,7,1.5,7.8,182,0,0,31.44,7.364,9.447,86.6,101.7
"2025-06-16 23:59:59",1262324,-6.88,-10.58,-1.86,27.69,13.95,38.85,28,5,2.4,14.4,184,0,0,31.88,8.846,12.026,86.4,101.5
"2025-06-17 23:59:59",1262324,-6.81,-11.29,-2.78,29.02,17.54,35.90,17,6,3.2,13.5,228,0,0,31.45,9.608,13.527,86.2,101.2
"2025-06-18 23:59:59",1262324,-3.08,-6.82,2.04,27.77,17.78,36.38,25,8,1.9,8.0,188,0,0,31.36,7.766,10.126,86.5,101.6
"2025-06-19 23:59:59",1262324,-3.20,-7.53,2.01,28.64,14.59,39.58,32,6,2.5,11.4,183,0,0,31.03,8.923,12.175,86.4,101.5
"2025-06-20 23:59:59",1262324,-4.87,-8.80,-0.80,30.95,22.13,37.92,18,6,5.2,17.4,229,0,0,31.13,12.372,18.282,86.0,101.1
"2025-06-21 23:59:59",1262324,-3.16,-6.58,-0.36,28.51,20.48,34.89,19,8,4.9,14.5,207,0,0,31.12,11.199,16.168,85.9,101.0
"2025-06-22 23:59:59",1262324,-1.73,-6.69,2.11,26.59,19.66,31.77,25,9,4.6,14.1,212,0,0,31.06,9.958,14.217,86.1,101.2
"2025-06-23 23:59:59",1262324,0.26,-7.53,5.90,25.42,16.93,33.10,30,14,2.3,10.0,221,0,0,29.57,7.577,10.090,86.4,101.5
"2025-06-24 23:59:59",1262324,-2.17,-10.09,4.24,27.00,19.69,33.99,23,8,3.1,14.5,215,0,0,29.77,8.840,12.280,86.5,101.6
"2025-06-25 23:59:59",1262324,-5.30,-10.13,8.28,26.02,17.57,33.15,43,7,2.4,13.5,224,0,0,31.24,8.174,11.141,86.6,101.7
"2025-06-26 23:59:59",1262324,-7.77,-11.50,-3.48,24.39,13.87,33.66,30,6,1.3,7.8,166,0,0,31.47,6.725,8.459,86.6,101.6
"2025-06-27 23:59:59",1262324,-5.63,-10.68,-1.36,25.92,13.81,35.98,28,8,2.2,10.3,190,0,0,30.91,8.037,10.838,86.6,101.7
"2025-06-28 23:59:59",1262324,-4.06,-8.05,0.87,26.79,14.84,36.59,31,7,2.2,10.8,193,0,0,30.74,8.109,10.988,86.6,101.7
"2025-06-29 23:59:59",1262324,-3.58,-8.76,-0.23,27.66,15.14,37.60,26,8,1.8,9.4,194,0,0,29.50,7.505,9.925,86.6,101.7
"2025-06-30 23:59:59",1262324,3.43,-1.71,8.15,30.06,21.08,36.97,29,9,3.8,15.6,94,0,0,29.22,9.752,13.710,86.6,101.7
"2025-07-01 23:59:59",1262324,7.26,5.17,9.32,27.98,20.29,35.02,44,16,3.8,16.4,68,0,0,28.54,8.905,12.349,86.8,101.9
"2025-07-02 23:59:59",1262324,9.45,6.03,11.12,27.32,22.20,34.05,49,19,3.0,13.7,148,0,0,24.66,7.568,10.285,86.5,101.6
"2025-07-03 23:59:59",1262324,12.25,7.35,16.96,23.90,19.54,28.50,85,26,2.5,11.2,226,2,21,18.39,4.893,6.437,86.6,101.6
"2025-07-04 23:59:59",1262324,6.36,1.92,9.46,26.17,17.88,33.72,54,14,2.5,9.7,244,0,0,30.03,7.746,10.315,86.7,101.8
"2025-07-05 23:59:59",1262324,2.44,-2.46,7.33,27.61,16.90,35.96,42,10,2.0,8.3,223,0,0,30.46,7.754,10.197,86.9,102.0
"2025-07-06 23:59:59",1262324,-0.39,-3.32,3.57,27.27,15.61,36.44,35,10,1.7,8.4,176,0,0,29.62,7.391,9.667,86.7,101.7
"2025-07-07 23:59:59",1262324,1.31,-1.48,6.24,30.22,21.70,37.86,27,8,2.1,10.1,205,0,0,30.63,8.350,11.138,86.7,101.8
"2025-07-08 23:59:59",1262324,0.66,-2.85,4.71,29.97,20.08,38.45,24,9,2.4,13.2,175,0,0,30.43,8.540,11.536,87.0,102.1
"2025-07-09 23:59:59",1262324,2.20,-2.18,6.10,30.01,18.08,39.22,35,11,1.9,8.6,187,0,0,29.01,7.821,10.417,86.8,101.9
"2025-07-10 23:59:59",1262324,0.21,-6.93,5.70,31.08,20.21,39.05,33,7,2.9,13.6,196,0,0,30.34,9.507,13.386,86.4,101.5
"2025-07-11 23:59:59",1262324,-3.42,-7.77,0.56,29.41,16.65,38.41,24,7,2.8,11.4,230,0,0,30.55,9.192,12.801,86.4,101.5
"2025-07-12 23:59:59",1262324,-2.86,-5.29,0.77,30.25,20.35,38.47,20,6,3.0,12.7,248,0,0,30.84,9.484,13.354,86.5,101.6
"2025-07-13 23:59:59",1262324,-0.90,-6.94,4.41,29.69,17.35,39.55,31,6,1.9,9.1,176,0,0,30.07,7.774,10.104,86.6,101.7
"2025-07-14 23:59:59",1262324,4.45,1.03,6.98,31.75,24.34,38.12,30,11,2.5,12.7,130,0,0,28.25,8.355,11.096,86.7,101.7
"2025-07-15 23:59:59",1262324,6.96,1.62,9.61,29.94,21.70,37.62,44,11,2.4,17.3,133,0,2,25.76,7.842,10.464,86.5,101.6
"2025-07-16 23:59:59",1262324,7.36,3.97,10.02,29.04,23.98,34.83,36,15,2.5,12.9,180,0,0,16.61,6.355,8.976,86.5,101.5
"2025-07-17 23:59:59",1262324,9.58,6.95,14.63,28.78,23.52,34.65,62,19,2.6,11.8,211,0,3,21.95,6.914,9.029,86.6,101.7
"2025-07-18 23:59:59",1262324,9.01,4.09,12.41,28.69,21.59,34.63,52,19,1.9,9.3,198,0,0,27.24,6.821,8.832,86.7,101.8
"2025-07-19 23:59:59",1262324,4.61,-5.80,7.60,28.80,20.46,35.76,41,7,2.9,17.4,205,0,0,24.78,8.163,11.407,86.7,101.8
"2025-07-20 23:59:59",1262324,5.05,0.78,8.54,30.05,23.14,35.40,37,11,1.8,7.2,219,0,0,23.21,6.721,8.909,86.6,101.7
"2025-07-21 23:59:59",1262324,7.77,3.34,9.96,29.77,25.89,33.56,37,17,2.8,9.2,229,0,2,22.51,7.361,10.265,86.5,101.6
"2025-07-22 23:59:59",1262324,5.02,1.33,9.56,28.64,23.57,33.05,36,16,2.3,10.1,237,0,0,22.14,6.848,9.390,86.5,101.5
"2025-07-23 23:59:59",1262324,5.87,1.83,10.11,27.94,21.43,33.60,47,16,2.6,10.6,247,0,0,25.83,7.603,10.392,86.6,101.7
"2025-07-24 23:59:59",1262324,-1.92,-7.46,2.58,27.19,16.80,34.91,34,9,2.4,9.9,219,0,0,28.86,7.965,10.788,86.8,101.8
"2025-07-25 23:59:59",1262324,-5.29,-8.18,-1.71,26.01,13.89,35.71,32,8,1.8,12.0,197,0,0,29.60,7.346,9.645,86.6,101.7
"2025-07-26 23:59:59",1262324,-4.21,-7.47,-1.57,28.29,20.41,35.25,18,7,2.8,11.2,230,0,0,27.40,8.490,11.787,86.6,101.7
"2025-07-27 23:59:59",1262324,-3.96,-7.63,-0.47,26.96,16.18,36.36,32,8,1.9,9.0,169,0,0,28.23,7.422,9.797,86.8,101.9
"2025-07-28 23:59:59",1262324,-1.25,-6.73,4.49,28.80,16.24,37.26,32,8,2.2,12.3,157,0,0,28.79,7.551,9.586,86.9,102.0
"2025-07-29 23:59:59",1262324,5.01,-0.09,8.59,30.73,22.06,37.10,38,11,2.1,7.7,111,0,0,28.08,7.394,9.434,86.9,102.0
"2025-07-30 23:59:59",1262324,6.80,-0.26,11.63,30.67,24.46,37.28,41,10,3.2,19.9,113,0,0,26.96,7.924,10.249,86.8,101.9
"2025-07-31 23:59:59",1262324,6.62,2.75,10.02,30.01,23.93,35.05,40,13,3.7,17.4,128,0,1,24.45,7.902,10.612,87.0,102.0
"2025-08-01 23:59:59",1262324,6.68,2.90,9.72,28.50,22.50,35.34,43,14,2.4,15.8,126,0,0,25.89,7.269,9.543,87.1,102.2
"2025-08-02 23:59:59",1262324,0.71,-7.07,5.65,28.11,17.78,37.07,39,8,2.2,12.4,217,0,0,27.26,7.740,10.601,87.0,102.0
"2025-08-03 23:59:59",1262324,-7.52,-11.55,-1.07,26.50,14.87,36.55,29,5,1.6,7.8,198,0,0,28.91,6.959,9.115,86.7,101.8
"2025-08-04 23:59:59",1262324,-9.68,-12.70,-3.30,26.11,13.43,37.54,28,4,1.7,9.9,169,0,0,27.89,7.004,9.232,86.6,101.7
"2025-08-05 23:59:59",1262324,-4.60,-11.84,1.63,28.02,17.33,37.47,18,8,1.7,8.2,180,0,0,27.12,7.163,9.360,86.8,101.9
"2025-08-06 23:59:59",1262324,0.60,-5.13,4.28,29.36,18.01,38.66,24,11,2.1,13.4,163,0,0,23.63,7.394,10.079,87.0,102.1
"2025-08-07 23:59:59",1262324,1.20,-2.88,4.78,29.76,20.01,39.27,31,9,2.1,11.6,204,0,0,25.10,7.614,10.415,86.8,101.9
"2025-08-08 23:59:59",1262324,-1.85,-5.88,1.68,30.07,18.38,38.76,29,8,3.4,14.2,205,0,0,26.62,9.525,13.562,86.5,101.6
"2025-08-09 23:59:59",1262324,-3.03,-7.28,0.60,29.68,17.28,37.62,32,8,3.2,15.1,203,0,0,27.49,9.178,12.970,86.5,101.6
"2025-08-10 23:59:59",1262324,-3.32,-6.68,1.09,28.75,21.50,35.93,22,8,2.3,11.1,230,0,0,26.24,7.628,10.469,86.6,101.7
"2025-08-11 23:59:59",1262324,-4.97,-8.74,-1.84,26.48,14.12,35.53,25,8,2.0,9.3,190,0,0,27.85,7.204,9.435,86.6,101.7
"2025-08-12 23:59:59",1262324,-0.47,-6.53,7.23,26.53,15.20,35.58,27,10,1.5,7.5,179,0,0,26.20,6.238,7.962,86.6,101.7
"2025-08-13 23:59:59",1262324,-0.11,-4.92,4.90,28.10,17.72,37.40,28,9,1.3,6.6,169,0,0,26.94,6.257,7.899,86.5,101.6
"2025-08-14 23:59:59",1262324,3.78,-3.14,7.59,30.33,23.45,37.14,28,11,2.9,12.4,234,0,1,21.88,7.744,10.470,86.5,101.6
"2025-08-15 23:59:59",1262324,8.05,5.33,13.82,25.51,19.74,29.84,54,23,2.3,14.7,227,0,5,12.17,4.427,6.321,86.7,101.8
"2025-08-16 23:59:59",1262324,6.00,-0.27,8.25,24.16,14.41,32.37,62,18,1.6,8.3,208,0,0,26.06,6.064,7.779,86.8,101.9
"2025-08-17 23:59:59",1262324,1.03,-1.97,3.64,26.09,14.94,33.83,37,13,1.4,7.0,217,0,0,26.59,6.051,7.617,86.7,101.8
"2025-08-18 23:59:59",1262324,-0.92,-4.37,2.88,27.05,15.29,36.66,31,10,1.5,7.4,212,0,0,26.54,6.372,8.166,86.7,101.8
"2025-08-19 23:59:59",1262324,-0.21,-5.51,9.84,27.93,16.18,38.17,35,8,1.4,7.4,169,0,0,26.53,6.175,7.853,86.9,102.0
"2025-08-20 23:59:59",1262324,6.73,-1.35,11.33,30.32,23.24,37.78,44,12,1.6,6.6,136,0,0,25.52,6.195,7.883,86.9,102.0
"2025-08-21 23:59:59",1262324,5.37,0.97,10.00,30.44,20.31,38.98,31,13,1.6,9.1,196,0,0,25.54,6.608,8.538,86.7,101.8
"2025-08-22 23:59:59",1262324,7.90,4.73,15.63,30.84,23.97,38.12,48,14,2.1,10.5,186,0,3,19.59,6.171,8.342,86.7,101.8
"2025-08-23 23:59:59",1262324,10.52,7.17,16.99,29.23,23.16,36.12,69,17,2.6,11.7,158,1,5,24.85,7.477,10.121,86.9,102.0
"2025-08-24 23:59:59",1262324,13.51,10.33,18.06,26.35,20.92,32.63,83,25,1.7,5.7,127,0,15,15.78,4.120,5.270,86.9,102.0
"2025-08-25 23:59:59",1262324,11.89,7.93,16.12,27.43,22.23,34.41,71,20,2.5,10.1,126,2,14,22.77,6.482,8.445,86.7,101.8
"2025-08-26 23:59:59",1262324,15.85,11.47,17.86,21.75,18.15,28.67,93,39,2.2,12.1,120,8,16,17.54,4.122,5.118,86.9,102.0
"2025-08-27 23:59:59",1262324,14.76,10.29,17.19,22.28,16.96,29.10,95,30,1.5,7.9,216,0,0,24.39,5.094,6.157,87.0,102.1
"2025-08-28 23:59:59",1262324,10.20,4.15,15.56,24.66,16.54,31.29,85,19,1.5,7.5,189,0,0,23.35,5.390,6.822,86.9,102.0
"2025-08-29 23:59:59",1262324,11.20,7.66,14.17,24.42,19.77,28.60,64,31,2.2,8.8,205,0,11,16.54,4.528,6.059,86.9,102.0
"2025-08-30 23:59:59",1262324,8.33,2.99,11.47,23.07,14.45,30.48,79,20,1.5,7.2,161,0,0,24.31,5.216,6.400,86.9,102.0
"2025-08-31 23:59:59",1262324,5.02,1.18,8.13,24.29,15.37,32.19,61,17,1.4,5.7,180,0,0,24.74,5.418,6.785,86.9,102.0
"2025-09-01 23:59:59",1262324,4.67,2.70,9.56,25.24,15.46,33.26,48,14,1.4,7.6,146,0,0,24.48,5.481,6.916,87.0,102.1
"2025-09-02 23:59:59",1262324,5.42,0.59,7.31,25.95,17.98,34.26,42,11,2.0,13.2,159,0,0,23.63,6.261,8.323,87.0,102.1
"2025-09-03 23:59:59",1262324,6.77,4.47,9.75,25.05,16.53,32.30,58,18,2.4,10.8,192,0,0,18.72,5.546,7.414,86.9,102.0
"2025-09-04 23:59:59",1262324,9.92,7.16,13.98,23.23,18.90,29.57,73,25,1.8,10.0,180,1,6,15.72,4.176,5.214,86.6,101.7
"2025-09-05 23:59:59",1262324,10.85,7.35,13.83,22.37,16.01,28.77,85,26,1.4,8.8,174,0,0,21.90,4.708,5.687,86.5,101.6
"2025-09-06 23:59:59",1262324,10.53,7.78,14.43,22.03,17.21,28.61,70,31,2.0,11.1,139,1,1,17.02,4.146,5.434,86.8,101.9
"2025-09-07 23:59:59",1262324,7.37,-0.05,12.21,22.67,14.19,31.86,80,13,1.7,9.0,189,0,0,23.67,5.412,7.048,87.0,102.1
"2025-09-08 23:59:59",1262324,5.28,3.35,7.22,23.69,14.45,32.44,52,20,1.6,8.4,177,0,0,23.17,5.327,6.970,86.8,101.9
"2025-09-09 23:59:59",1262324,5.38,3.32,8.65,24.74,15.75,33.15,61,16,1.8,9.0,198,0,0,22.16,5.471,7.244,86.4,101.5
"2025-09-10 23:59:59",1262324,5.49,2.31,10.14,26.63,17.48,34.25,48,14,3.6,13.2,186,0,1,21.51,7.281,10.268,86.4,101.5
"2025-09-11 23:59:59",1262324,8.66,0.44,12.44,26.35,18.80,33.53,58,12,3.9,15.8,146,0,2,21.38,7.233,10.188,86.6,101.7
"2025-09-12 23:59:59",1262324,13.40,11.59,16.74,20.95,17.89,24.75,80,45,4.0,14.6,64,13,6,16.70,4.078,5.414,86.5,101.6
"2025-09-13 23:59:59",1262324,9.18,0.65,12.91,18.82,13.99,27.16,90,17,2.7,19.8,116,0,1,20.92,4.860,6.302,86.5,101.5
"2025-09-14 23:59:59",1262324,5.09,-0.34,8.40,18.13,9.52,27.47,89,16,0.9,5.3,196,0,0,22.71,4.008,4.726,86.6,101.7
"2025-09-15 23:59:59",1262324,3.44,-0.61,6.56,20.25,11.08,30.02,73,14,1.2,6.8,139,0,0,22.65,4.400,5.449,86.7,101.8
"2025-09-16 23:59:59",1262324,0.42,-7.53,5.42,21.61,12.89,31.66,62,7,1.6,9.8,210,0,0,22.59,5.201,6.852,86.7,101.8
"2025-09-17 23:59:59",1262324,-1.93,-5.62,2.53,21.04,10.74,31.25,57,9,2.1,9.4,168,0,0,22.71,5.590,7.474,86.7,101.8
"2025-09-18 23:59:59",1262324,-0.59,-2.56,1.97,20.14,11.17,28.54,48,13,1.1,5.0,195,0,0,19.54,4.142,5.188,86.6,101.7
"2025-09-19 23:59:59",1262324,5.22,-2.46,12.37,20.91,13.89,28.50,64,23,2.0,12.8,139,0,3,16.33,4.157,5.360,86.7,101.8
"2025-09-20 23:59:59",1262324,8.94,5.30,12.16,21.43,15.20,28.86,80,24,1.6,8.4,182,0,0,20.65,4.531,5.801,86.8,101.8
"2025-09-21 23:59:59",1262324,5.32,3.28,6.95,21.34,12.36,29.63,66,19,1.2,7.2,167,0,0,21.33,4.193,5.180,86.5,101.6
"2025-09-22 23:59:59",1262324,7.34,3.68,10.88,20.77,15.42,27.16,65,30,2.3,11.8,131,0,1,12.90,3.633,4.983,86.4,101.5
"2025-09-23 23:59:59",1262324,4.51,-2.56,9.51,18.44,11.18,24.96,85,17,2.0,9.1,126,0,0,21.43,4.563,5.750,86.9,102.0
"2025-09-24 23:59:59",1262324,2.96,1.11,4.43,18.02,9.61,25.67,65,23,1.0,6.1,191,0,0,21.14,3.700,4.411,87.2,102.3
"2025-09-25 23:59:59",1262324,2.65,0.87,5.14,18.85,8.85,27.84,67,19,1.1,5.2,166,0,0,21.07,3.961,4.844,86.9,102.0
"2025-09-26 23:59:59",1262324,6.43,3.44,9.51,21.23,15.63,27.09,54,26,1.9,10.2,160,0,2,17.58,4.289,5.506,86.5,101.6
"2025-09-27 23:59:59",1262324,9.84,7.46,13.25,19.02,16.28,22.80,82,40,1.8,9.2,163,0,11,10.22,2.553,3.471,86.6,101.7
"2025-09-28 23:59:59",1262324,9.80,7.20,13.42,17.58,13.50,21.95,88,37,2.2,11.7,124,1,6,16.52,3.307,4.284,86.8,101.9
"2025-09-29 23:59:59",1262324,7.53,5.28,9.72,17.78,10.33,25.23,85,28,1.4,5.1,121,0,0,19.53,3.516,4.302,86.8,101.9
"2025-09-30 23:59:59",1262324,4.74,1.58,8.07,19.21,11.73,26.90,74,20,1.8,9.2,189,0,0,17.41,4.102,5.625,86.6,101.7
"2025-10-01 23:59:59",1262324,3.54,1.74,6.72,19.17,10.85,26.88,59,21,1.4,6.8,144,0,0,19.82,4.025,5.128,86.8,101.9
"2025-10-02 23:59:59",1262324,1.86,-0.19,4.28,19.49,9.77,29.36,57,15,1.1,5.3,161,1,0,19.84,3.802,4.759,86.9,102.0
"2025-10-03 23:59:59",1262324,2.35,-0.51,5.96,21.19,10.18,30.68,50,19,2.5,11.0,189,0,0,15.90,4.988,7.007,86.5,101.5
"2025-10-04 23:59:59",1262324,-0.02,-6.93,7.47,19.70,10.94,23.70,48,12,4.3,14.0,232,0,0,20.25,6.170,9.005,85.9,101.0
"2025-10-05 23:59:59",1262324,-3.21,-5.21,-0.65,13.98,5.37,22.41,49,19,0.9,5.8,186,0,0,19.55,3.190,3.920,86.2,101.3
"2025-10-06 23:59:59",1262324,-3.51,-5.36,-1.05,15.17,5.77,24.29,51,15,1.1,4.7,161,0,0,19.36,3.287,4.049,86.4,101.5
"2025-10-07 23:59:59",1262324,-4.27,-6.69,-1.60,15.94,6.45,26.32,49,13,1.0,5.3,150,0,0,19.38,3.372,4.260,86.7,101.8
"2025-10-08 23:59:59",1262324,1.27,-7.50,9.63,18.51,6.40,29.01,50,19,1.7,12.2,149,2,0,18.64,3.894,4.929,86.8,101.9
"2025-10-09 23:59:59",1262324,12.92,9.01,15.86,19.81,15.46,24.52,90,43,2.5,9.4,111,18,36,13.23,2.786,3.522,87.1,102.2
"2025-10-10 23:59:59",1262324,15.05,13.83,15.82,17.75,16.27,19.98,93,69,1.5,5.2,80,9,41,6.19,1.308,1.585,87.0,102.1
"2025-10-11 23:59:59",1262324,13.95,11.78,14.95,17.58,15.02,21.61,95,57,2.1,8.3,169,21,37,11.37,2.188,2.664,86.2,101.3
"2025-10-12 23:59:59",1262324,8.62,4.02,13.31,16.09,12.45,19.56,88,36,2.0,9.2,132,1,4,17.95,2.999,3.647,86.1,101.2
"2025-10-13 23:59:59",1262324,11.26,6.80,14.64,15.43,11.93,19.24,89,63,2.2,10.9,126,5,18,9.63,1.650,2.014,86.0,101.1
"2025-10-14 23:59:59",1262324,10.45,6.35,13.51,18.94,15.31,23.47,89,34,3.2,11.3,175,3,7,16.88,3.824,5.257,86.4,101.5
"2025-10-15 23:59:59",1262324,6.97,1.21,11.71,17.49,12.92,21.86,86,31,3.6,11.8,238,0,0,13.45,3.750,5.283,86.2,101.3
"2025-10-16 23:59:59",1262324,-0.08,-3.21,2.88,11.44,6.33,16.26,77,26,1.6,7.3,205,0,0,17.84,2.891,3.676,86.4,101.4
"2025-10-17 23:59:59",1262324,0.80,-2.03,3.36,10.69,4.24,17.70,91,26,1.4,7.1,218,0,0,17.66,2.770,3.525,86.5,101.5
"2025-10-18 23:59:59",1262324,1.61,-0.39,3.32,11.80,4.34,21.01,87,24,1.1,7.2,188,0,0,17.34,2.744,3.367,86.8,101.9
"2025-10-19 23:59:59",1262324,2.36,0.60,4.34,12.40,5.19,21.05,84,25,1.0,3.8,137,0,0,16.52,2.512,3.018,86.8,101.9
"2025-10-20 23:59:59",1262324,1.44,-2.19,4.75,14.10,5.31,23.17,86,18,1.7,9.2,189,0,0,17.11,3.384,4.345,86.8,101.9
"2025-10-21 23:59:59",1262324,0.88,-1.24,2.65,12.39,5.31,21.25,81,22,0.7,3.9,197,0,0,16.91,2.455,2.874,87.1,102.2
"2025-10-22 23:59:59",1262324,2.07,-0.82,9.88,12.99,4.90,20.91,82,25,1.4,6.0,113,0,2,12.99,2.346,3.023,86.8,101.9
"2025-10-23 23:59:59",1262324,6.89,0.73,9.38,12.65,8.42,18.12,89,31,2.0,16.6,147,1,4,10.28,2.107,2.757,86.4,101.5
"2025-10-24 23:59:59",1262324,5.15,3.53,7.30,11.62,4.88,18.78,93,39,1.3,5.8,217,0,0,15.92,2.517,3.021,86.6,101.7
"2025-10-25 23:59:59",1262324,4.32,2.86,5.53,11.36,4.42,18.94,93,35,0.7,3.6,168,0,0,14.26,2.006,2.301,86.7,101.8
"2025-10-26 23:59:59",1262324,2.41,-0.42,4.76,12.74,5.64,21.94,87,23,1.0,4.3,155,0,0,15.16,2.430,2.951,86.4,101.5
"2025-10-27 23:59:59",1262324,-0.42,-7.31,2.59,13.91,5.27,23.22,78,18,2.3,9.3,175,0,0,15.69,3.534,4.674,86.5,101.6
"2025-10-28 23:59:59",1262324,-10.04,-14.23,-4.21,10.51,4.24,16.52,41,14,2.0,9.7,130,0,0,16.20,2.974,3.882,87.4,102.5
"2025-10-29 23:59:59",1262324,-9.41,-13.27,-5.65,8.02,0.00,17.16,69,12,1.0,4.6,205,0,0,15.87,2.341,2.920,87.4,102.5
"2025-10-30 23:59:59",1262324,-6.15,-8.79,-4.12,8.55,0.61,19.17,69,17,0.9,4.0,142,0,0,15.56,2.193,2.698,86.9,101.9
"2025-10-31 23:59:59",1262324,-3.51,-5.11,-1.02,8.97,3.19,19.01,69,21,0.9,4.4,161,0,0,12.66,1.891,2.356,86.6,101.7
"2025-11-01 23:59:59",1262324,-4.81,-8.25,-2.07,9.65,0.18,21.13,78,14,1.1,5.3,201,0,0,14.54,2.419,3.158,86.9,102.0
"2025-11-02 23:59:59",1262324,-5.10,-8.48,-2.76,9.90,1.68,20.79,69,13,0.7,3.9,178,0,0,15.03,2.024,2.432,87.1,102.2
"2025-11-03 23:59:59",1262324,-3.21,-4.74,-1.88,9.65,2.30,20.47,69,19,0.7,4.8,149,0,0,13.43,1.844,2.214,86.9,102.0
"2025-11-04 23:59:59",1262324,-2.75,-3.55,-0.97,9.70,2.23,21.00,72,19,0.7,3.8,157,0,0,14.02,1.874,2.223,87.0,102.1
"2025-11-05 23:59:59",1262324,-2.82,-4.04,-1.65,9.74,1.09,19.79,72,22,1.0,4.2,151,0,0,14.12,2.101,2.637,87.1,102.2
"2025-11-06 23:59:59",1262324,-2.66,-3.92,-1.22,10.82,3.32,21.32,71,18,1.4,6.0,156,0,0,13.59,2.387,3.196,86.7,101.8
"2025-11-07 23:59:59",1262324,-3.70,-5.31,-1.41,9.21,0.66,19.30,74,18,0.9,5.6,188,0,0,14.18,2.076,2.599,86.6,101.7
"2025-11-08 23:59:59",1262324,-3.87,-5.19,-1.84,9.45,0.42,19.30,70,21,1.2,8.1,177,0,0,14.11,2.180,2.696,86.8,101.9
"2025-11-09 23:59:59",1262324,-4.56,-5.90,-3.43,8.87,-0.27,19.87,70,19,1.3,6.2,226,0,0,14.08,2.344,3.134,87.4,102.5
"2025-11-10 23:59:59",1262324,-4.76,-5.84,-3.70,7.40,-0.21,17.32,74,22,0.6,2.8,178,0,0,13.80,1.647,1.905,87.5,102.6
"2025-11-11 23:59:59",1262324,-4.63,-5.99,-3.57,7.15,-0.77,17.32,71,22,0.7,4.2,172,0,0,13.30,1.628,1.952,87.1,102.2
"2025-11-12 23:59:59",1262324,-4.04,-5.78,-2.43,7.75,-1.03,16.88,76,23,0.7,3.8,176,0,0,12.16,1.529,1.812,87.0,102.1
"2025-11-13 23:59:59",1262324,-2.53,-3.63,-0.80,10.63,5.42,19.88,64,22,0.9,4.4,140,0,0,12.76,1.831,2.319,86.9,102.0
"2025-11-14 23:59:59",1262324,-3.33,-4.57,-2.12,8.92,0.59,19.43,76,22,1.0,4.7,157,0,0,13.02,1.850,2.359,86.7,101.8
"2025-11-15 23:59:59",1262324,-2.31,-4.44,-0.54,8.95,1.01,19.21,74,25,0.7,4.5,162,0,0,12.26,1.592,1.912,86.6,101.7
"2025-11-16 23:59:59",1262324,4.19,-0.90,9.68,9.75,5.80,13.11,89,46,2.1,11.0,129,5,18,2.11,0.714,1.052,86.2,101.3
"2025-11-17 23:59:59",1262324,3.56,2.06,5.07,8.01,4.06,12.27,94,48,1.3,6.5,144,0,0,6.43,1.148,1.502,86.3,101.4
"2025-11-18 23:59:59",1262324,3.66,1.83,5.65,8.76,4.33,14.53,93,45,2.2,6.7,129,0,6,7.25,1.440,1.975,86.4,101.5
"2025-11-19 23:59:59",1262324,5.18,2.86,7.09,8.16,4.45,10.86,95,57,1.3,7.1,138,3,17,6.22,0.769,0.950,86.5,101.6
"2025-11-20 23:59:59",1262324,5.85,4.51,7.06,8.19,5.69,11.47,95,66,1.0,7.4,155,11,16,7.35,0.898,1.009,86.2,101.3
"2025-11-21 23:59:59",1262324,4.14,2.03,6.21,7.36,3.75,12.19,97,50,1.0,4.8,210,0,0,10.99,1.211,1.382,86.6,101.7
"2025-11-22 23:59:59",1262324,3.75,1.55,5.80,8.16,2.97,13.32,93,49,2.3,7.2,88,0,0,10.84,1.395,1.812,86.8,101.9
"2025-11-23 23:59:59",1262324,4.92,2.51,6.18,7.29,3.26,8.91,97,66,1.7,8.1,130,15,47,2.77,0.376,0.485,86.4,101.5
"2025-11-24 23:59:59",1262324,4.08,1.74,5.54,5.87,2.76,9.87,97,71,1.2,3.7,167,0,0,9.94,0.975,1.088,86.7,101.8
"2025-11-25 23:59:59",1262324,2.88,0.93,4.66,3.85,1.42,7.60,97,79,0.7,3.0,195,0,0,5.72,0.294,0.221,87.0,102.1
"2025-11-26 23:59:59",1262324,0.92,-1.71,3.38,2.29,-1.18,7.67,98,68,0.8,4.0,175,0,0,7.10,0.451,0.434,87.3,102.4
"2025-11-27 23:59:59",1262324,0.92,-1.47,3.31,3.72,-0.74,10.31,97,53,0.8,4.5,152,0,0,11.52,0.936,1.000,87.2,102.3
"2025-11-28 23:59:59",1262324,1.01,-1.24,3.66,3.89,-0.63,10.72,97,53,0.7,3.9,174,0,0,11.40,0.985,1.062,86.5,101.6
"2025-11-29 23:59:59",1262324,-0.96,-4.20,2.67,4.29,-1.17,12.10,96,30,1.1,4.6,227,0,0,11.63,1.268,1.551,86.6,101.7
"2025-11-30 23:59:59",1262324,-0.79,-2.90,2.75,2.88,-0.31,7.51,94,51,1.3,8.8,191,2,11,3.60,0.548,0.724,86.2,101.3
"2025-12-01 23:59:59",1262324,-2.62,-4.64,-0.72,2.31,-1.70,7.73,92,42,1.3,5.7,193,0,0,11.68,1.230,1.516,86.7,101.8
"2025-12-02 23:59:59",1262324,-3.25,-5.33,-0.80,0.53,-3.58,4.07,92,54,0.8,4.3,147,0,0,6.73,0.662,0.796,86.4,101.5
"2025-12-03 23:59:59",1262324,-0.31,-3.55,1.53,1.96,-0.97,4.08,92,76,1.3,5.6,184,0,14,4.19,0.552,0.672,86.2,101.3
"2025-12-04 23:59:59",1262324,-3.82,-6.07,-1.54,0.32,-4.49,6.43,94,41,1.5,5.9,214,0,0,11.53,1.174,1.479,86.9,102.0
"2025-12-05 23:59:59",1262324,-4.00,-5.58,-2.29,0.19,-3.85,6.39,91,48,0.9,4.4,115,0,0,11.25,0.902,1.037,86.6,101.7
"2025-12-06 23:59:59",1262324,-3.13,-5.19,-1.15,0.79,-3.27,8.09,91,49,1.2,4.5,134,0,0,9.91,0.940,1.157,86.4,101.5
"2025-12-07 23:59:59",1262324,-3.68,-6.92,-0.60,1.30,-5.15,10.67,95,35,0.7,4.1,170,0,0,11.31,1.068,1.250,87.1,102.1
"2025-12-08 23:59:59",1262324,-3.25,-5.40,-1.29,1.52,-3.91,10.30,91,42,0.8,4.0,196,0,0,11.21,0.985,1.136,87.2,102.3
"2025-12-09 23:59:59",1262324,-2.91,-5.71,-0.47,1.82,-4.04,10.60,92,42,0.6,3.1,183,0,0,10.09,0.926,1.054,87.0,102.1
"2025-12-10 23:59:59",1262324,-1.61,-4.19,0.58,3.94,-2.54,14.29,92,37,0.7,3.0,169,0,0,10.82,1.107,1.280,87.1,102.2
"2025-12-11 23:59:59",1262324,-1.31,-4.02,1.02,3.33,-2.35,12.70,93,42,0.6,3.3,168,0,0,10.95,0.983,1.082,87.0,102.1
"2025-12-12 23:59:59",1262324,-1.60,-5.38,1.31,2.66,-3.59,12.30,94,45,0.6,2.8,166,0,0,11.12,0.986,1.086,86.9,102.0
"2025-12-13 23:59:59",1262324,-2.72,-5.76,-0.30,1.62,-4.30,10.66,94,45,0.6,4.1,199,0,0,11.14,0.942,1.039,87.0,102.1
"2025-12-14 23:59:59",1262324,-3.69,-6.44,-1.58,1.48,-4.68,11.17,92,36,0.7,3.6,183,0,0,10.44,0.975,1.122,87.4,102.4
"2025-12-15 23:59:59",1262324,-3.19,-5.50,-0.72,1.73,-3.80,10.87,91,41,0.7,4.2,197,0,0,10.77,1.004,1.150,87.2,102.3
"2025-12-16 23:59:59",1262324,-3.67,-6.81,-0.91,1.65,-5.31,11.80,92,38,0.7,3.7,197,0,0,10.60,1.010,1.167,86.9,102.0
"2025-12-17 23:59:59",1262324,-3.95,-5.62,-2.88,2.21,-3.73,11.03,90,37,0.9,4.6,189,0,0,10.76,1.082,1.296,86.5,101.6
"2025-12-18 23:59:59",1262324,-5.31,-10.22,-1.64,3.14,-3.67,12.96,90,18,0.9,3.4,191,0,0,10.54,1.120,1.369,86.6,101.7
"2025-12-19 23:59:59",1262324,-5.00,-5.86,-3.24,3.01,-2.47,12.11,83,29,0.9,5.1,163,0,0,9.41,1.137,1.457,86.5,101.6
"2025-12-20 23:59:59",1262324,-3.80,-6.30,-1.78,3.60,-3.85,12.95,88,33,0.9,3.8,171,0,0,8.92,1.075,1.362,86.5,101.6
"2025-12-21 23:59:59",1262324,-2.57,-4.75,-0.71,4.00,-2.48,12.13,87,38,0.9,4.0,203,0,0,7.58,0.983,1.257,86.9,101.9
"2025-12-22 23:59:59",1262324,-1.47,-4.05,0.79,4.82,-2.01,15.63,91,35,0.7,4.2,162,0,0,10.45,1.216,1.511,87.0,102.1
"2025-12-23 23:59:59",1262324,-2.63,-4.60,-0.77,4.59,-2.94,13.41,92,31,0.9,4.1,219,0,0,6.15,0.934,1.199,86.9,102.0
"2025-12-24 23:59:59",1262324,2.97,-1.40,9.04,11.33,4.81,17.53,82,37,2.3,10.7,147,0,6,5.94,1.744,2.425,87.0,102.1
"2025-12-25 23:59:59",1262324,6.72,1.83,9.19,12.69,9.27,16.65,87,52,2.0,9.5,193,1,8,7.45,1.442,1.787,86.8,101.8
"2025-12-26 23:59:59",1262324,3.16,1.59,4.63,8.58,4.03,14.59,89,49,1.6,5.7,154,0,0,7.86,1.186,1.553,86.5,101.6
"2025-12-27 23:59:59",1262324,1.62,-0.08,3.57,5.16,2.08,10.62,94,50,1.3,10.5,208,0,5,4.58,0.718,0.970,86.1,101.2
"2025-12-28 23:59:59",1262324,-5.61,-11.87,0.20,2.21,-3.11,8.26,92,30,1.2,5.3,179,0,0,11.20,1.250,1.543,87.0,102.1
"2025-12-29 23:59:59",1262324,-10.75,-12.93,-8.40,-0.56,-7.91,8.63,80,21,1.2,4.8,218,0,0,11.38,1.264,1.651,87.6,102.7
"2025-12-30 23:59:59",1262324,-9.88,-10.97,-8.40,-1.27,-7.51,8.19,80,26,0.9,4.8,159,0,0,10.95,1.091,1.359,87.7,102.7
"2025-12-31 23:59:59",1262324,-8.40,-10.78,-4.87,-0.27,-7.51,6.72,83,32,0.8,3.9,117,0,0,9.58,0.951,1.128,87.3,102.4
