time,longitude,latitude,pressure_hPa,geopotential height_m,temperature_C,dew point temperature_C,ice point temperature_C,relative humidity_%,humidity wrt ice_%,mixing ratio_g/kg,wind direction_degree,wind speed_m/s
2024-09-26 11:16:12,-82.4015,27.7053,1003.2,   13, 25.4, 25.2, 25.2, 99, 99,20.49,132, 4.6
2024-09-26 11:16:13,-82.4016,27.7054,1002.4,   20, 25.4, 25.1, 25.1, 98, 98,20.32,113, 7.1
2024-09-26 11:16:14,-82.4017,27.7054,1001.6,   28, 25.4, 24.9, 24.9, 97, 97,20.10,113, 7.2
2024-09-26 11:16:15,-82.4017,27.7054,1000.8,   35, 25.3, 24.7, 24.7, 96, 96,19.90,113, 7.2
2024-09-26 11:16:16,-82.4018,27.7055,1000.0,   42, 25.3, 24.5, 24.5, 95, 95,19.71,113, 7.3
2024-09-26 11:16:17,-82.4019,27.7055, 999.1,   49, 25.3, 24.3, 24.3, 94, 94,19.47,113, 7.4
2024-09-26 11:16:18,-82.4020,27.7055, 998.3,   57, 25.3, 24.1, 24.1, 93, 93,19.27,113, 7.4
2024-09-26 11:16:19,-82.4021,27.7056, 997.7,   64, 25.3, 23.9, 23.9, 92, 92,19.06,113, 7.5
2024-09-26 11:16:20,-82.4022,27.7056, 997.2,   71, 25.2, 23.8, 23.8, 92, 92,18.94,113, 7.6
2024-09-26 11:16:21,-82.4022,27.7056, 996.6,   75, 25.2, 23.8, 23.8, 92, 92,18.92,113, 7.7
2024-09-26 11:16:22,-82.4023,27.7057, 996.1,   79, 25.2, 23.8, 23.8, 92, 92,18.89,112, 7.8
2024-09-26 11:16:23,-82.4024,27.7057, 995.5,   83, 25.2, 23.7, 23.7, 92, 92,18.88,112, 8.0
2024-09-26 11:16:24,-82.4025,27.7058, 994.9,   87, 25.2, 23.7, 23.7, 92, 92,18.86,112, 8.1
2024-09-26 11:16:25,-82.4026,27.7058, 994.4,   90, 25.2, 23.7, 23.7, 92, 92,18.84,112, 8.2
2024-09-26 11:16:26,-82.4027,27.7058, 993.9,   94, 25.1, 23.7, 23.7, 92, 92,18.82,112, 8.3
2024-09-26 11:16:27,-82.4028,27.7059, 993.4,   99, 25.1, 23.6, 23.6, 92, 92,18.80,112, 8.4
2024-09-26 11:16:28,-82.4029,27.7059, 992.9,  104, 25.1, 23.6, 23.6, 91, 91,18.78,112, 8.6
2024-09-26 11:16:29,-82.4030,27.7060, 992.4,  108, 25.1, 23.6, 23.6, 91, 91,18.76,113, 8.8
2024-09-26 11:16:30,-82.4031,27.7061, 991.9,  113, 25.1, 23.6, 23.6, 91, 91,18.74,113, 9.0
2024-09-26 11:16:31,-82.4032,27.7061, 991.4,  118, 25.1, 23.5, 23.5, 91, 91,18.71,114, 9.2
2024-09-26 11:16:32,-82.4033,27.7062, 990.9,  122, 25.0, 23.5, 23.5, 91, 91,18.70,114, 9.4
2024-09-26 11:16:33,-82.4035,27.7062, 990.4,  127, 25.0, 23.5, 23.5, 91, 91,18.69,115, 9.6
2024-09-26 11:16:34,-82.4036,27.7063, 989.9,  131, 25.0, 23.5, 23.5, 91, 91,18.67,115, 9.8
2024-09-26 11:16:35,-82.4037,27.7064, 989.4,  136, 25.0, 23.5, 23.5, 91, 91,18.66,115,10.0
2024-09-26 11:16:36,-82.4038,27.7064, 988.9,  140, 25.0, 23.4, 23.4, 91, 91,18.64,116,10.2
2024-09-26 11:16:37,-82.4039,27.7065, 988.3,  144, 24.9, 23.4, 23.4, 91, 91,18.62,116,10.4
2024-09-26 11:16:38,-82.4041,27.7066, 987.8,  150, 24.9, 23.4, 23.4, 91, 91,18.61,116,10.6
2024-09-26 11:16:39,-82.4042,27.7066, 987.2,  155, 24.9, 23.4, 23.4, 91, 91,18.60,117,10.8
2024-09-26 11:16:40,-82.4043,27.7067, 986.6,  160, 24.9, 23.3, 23.3, 91, 91,18.59,117,11.0
2024-09-26 11:16:41,-82.4044,27.7068, 986.1,  165, 24.9, 23.3, 23.3, 91, 91,18.57,117,11.3
2024-09-26 11:16:42,-82.4045,27.7068, 985.5,  171, 24.9, 23.3, 23.3, 91, 91,18.55,118,11.5
2024-09-26 11:16:43,-82.4046,27.7069, 984.9,  176, 24.8, 23.3, 23.3, 91, 91,18.54,118,11.7
2024-09-26 11:16:44,-82.4048,27.7070, 984.4,  181, 24.8, 23.3, 23.3, 91, 91,18.53,119,12.0
2024-09-26 11:16:45,-82.4049,27.7070, 983.7,  187, 24.8, 23.2, 23.2, 91, 91,18.51,119,12.3
2024-09-26 11:16:46,-82.4050,27.7071, 983.3,  190, 24.8, 23.2, 23.2, 91, 91,18.49,120,12.5
2024-09-26 11:16:47,-82.4051,27.7071, 982.7,  195, 24.7, 23.2, 23.2, 91, 91,18.47,120,12.7
2024-09-26 11:16:48,-82.4052,27.7072, 982.2,  200, 24.7, 23.1, 23.1, 91, 91,18.43,120,12.9
2024-09-26 11:16:49,-82.4053,27.7073, 981.6,  206, 24.7, 23.1, 23.1, 91, 91,18.41,121,13.2
2024-09-26 11:16:50,-82.4055,27.7073, 981.0,  211, 24.6, 23.1, 23.1, 91, 91,18.39,121,13.4
2024-09-26 11:16:51,-82.4056,27.7074, 980.4,  217, 24.6, 23.0, 23.0, 91, 91,18.35,122,13.7
2024-09-26 11:16:52,-82.4057,27.7075, 979.8,  222, 24.6, 23.0, 23.0, 91, 91,18.33,122,13.9
2024-09-26 11:16:53,-82.4058,27.7075, 979.2,  227, 24.5, 23.0, 23.0, 91, 91,18.31,122,14.2
2024-09-26 11:16:54,-82.4059,27.7076, 978.6,  233, 24.5, 22.9, 22.9, 91, 91,18.27,122,14.4
2024-09-26 11:16:55,-82.4060,27.7076, 978.0,  238, 24.4, 22.9, 22.9, 91, 91,18.25,123,14.7
2024-09-26 11:16:56,-82.4062,27.7077, 977.4,  243, 24.4, 22.9, 22.9, 91, 91,18.23,123,14.9
2024-09-26 11:16:57,-82.4063,27.7078, 976.8,  249, 24.4, 22.8, 22.8, 91, 91,18.21,123,15.2
2024-09-26 11:16:58,-82.4064,27.7079, 976.2,  254, 24.3, 22.8, 22.8, 91, 91,18.17,123,15.3
2024-09-26 11:16:59,-82.4066,27.7080, 975.8,  258, 24.3, 22.8, 22.8, 91, 91,18.16,124,15.4
2024-09-26 11:17:00,-82.4067,27.7081, 975.1,  264, 24.3, 22.7, 22.7, 91, 91,18.12,124,15.6
2024-09-26 11:17:01,-82.4069,27.7082, 974.5,  270, 24.2, 22.7, 22.7, 91, 91,18.10,124,15.7
2024-09-26 11:17:02,-82.4070,27.7083, 973.9,  275, 24.2, 22.7, 22.7, 91, 91,18.08,124,15.9
2024-09-26 11:17:03,-82.4072,27.7084, 973.3,  280, 24.2, 22.7, 22.7, 91, 91,18.06,124,16.0
2024-09-26 11:17:04,-82.4073,27.7085, 972.7,  286, 24.2, 22.6, 22.6, 91, 91,18.02,124,16.2
2024-09-26 11:17:05,-82.4075,27.7086, 972.1,  291, 24.1, 22.6, 22.6, 91, 91,18.00,124,16.3
2024-09-26 11:17:06,-82.4076,27.7087, 971.5,  296, 24.1, 22.6, 22.6, 91, 91,17.98,124,16.5
2024-09-26 11:17:07,-82.4078,27.7089, 971.1,  300, 24.1, 22.5, 22.5, 91, 91,17.96,124,16.6
2024-09-26 11:17:08,-82.4079,27.7090, 970.3,  307, 24.0, 22.5, 22.5, 91, 91,17.93,124,16.7
2024-09-26 11:17:09,-82.4081,27.7091, 969.7,  312, 24.0, 22.5, 22.5, 91, 91,17.91,125,16.9
2024-09-26 11:17:10,-82.4082,27.7092, 969.1,  318, 24.0, 22.4, 22.4, 91, 91,17.89,125,17.0
2024-09-26 11:17:11,-82.4084,27.7093, 968.5,  323, 23.9, 22.4, 22.4, 91, 91,17.86,125,17.2
2024-09-26 11:17:12,-82.4085,27.7094, 967.9,  329, 23.9, 22.4, 22.4, 91, 91,17.84,125,17.3
2024-09-26 11:17:13,-82.4087,27.7095, 967.3,  334, 23.9, 22.3, 22.3, 91, 91,17.81,125,17.5
2024-09-26 11:17:14,-82.4088,27.7096, 966.7,  340, 23.9, 22.3, 22.3, 91, 91,17.77,125,17.6
2024-09-26 11:17:15,-82.4090,27.7097, 966.0,  346, 23.9, 22.2, 22.2, 91, 91,17.74,125,17.8
2024-09-26 11:17:16,-82.4091,27.7098, 965.4,  351, 23.9, 22.2, 22.2, 90, 90,17.69,125,17.9
2024-09-26 11:17:17,-82.4093,27.7099, 964.8,  357, 23.9, 22.2, 22.2, 90, 90,17.66,125,18.1
2024-09-26 11:17:18,-82.4094,27.7100, 964.1,  364, 23.9, 22.1, 22.1, 90, 90,17.63,126,18.2
2024-09-26 11:17:19,-82.4096,27.7102, 963.3,  371, 23.9, 22.1, 22.1, 90, 90,17.59,126,18.4
2024-09-26 11:17:20,-82.4097,27.7103, 962.5,  379, 23.9, 22.0, 22.0, 90, 90,17.56,127,18.6
2024-09-26 11:17:21,-82.4099,27.7104, 961.7,  386, 23.8, 22.0, 22.0, 89, 89,17.53,128,18.8
2024-09-26 11:17:22,-82.4100,27.7105, 960.9,  394, 23.8, 21.9, 21.9, 89, 89,17.49,128,19.0
2024-09-26 11:17:23,-82.4102,27.7106, 960.1,  401, 23.8, 21.9, 21.9, 89, 89,17.46,129,19.2
2024-09-26 11:17:24,-82.4103,27.7107, 959.2,  408, 23.8, 21.8, 21.8, 89, 89,17.43,129,19.4
2024-09-26 11:17:25,-82.4105,27.7108, 958.5,  415, 23.8, 21.8, 21.8, 89, 89,17.39,130,19.6
2024-09-26 11:17:26,-82.4106,27.7109, 957.8,  421, 23.8, 21.8, 21.8, 88, 88,17.36,130,19.8
2024-09-26 11:17:27,-82.4108,27.7111, 957.1,  427, 23.8, 21.7, 21.7, 88, 88,17.34,131,20.0
2024-09-26 11:17:28,-82.4110,27.7112, 956.4,  434, 23.8, 21.7, 21.7, 88, 88,17.32,131,20.2
2024-09-26 11:17:29,-82.4112,27.7114, 955.7,  440, 23.8, 21.7, 21.7, 88, 88,17.31,132,20.4
2024-09-26 11:17:30,-82.4113,27.7115, 955.0,  447, 23.7, 21.6, 21.6, 88, 88,17.29,132,20.6
2024-09-26 11:17:31,-82.4115,27.7117, 954.6,  453, 23.7, 21.6, 21.6, 88, 88,17.26,133,20.9
2024-09-26 11:17:32,-82.4117,27.7119, 954.1,  457, 23.7, 21.6, 21.6, 88, 88,17.24,133,21.1
2024-09-26 11:17:33,-82.4119,27.7120, 953.7,  461, 23.7, 21.6, 21.6, 88, 88,17.21,134,21.3
2024-09-26 11:17:34,-82.4121,27.7122, 953.2,  464, 23.7, 21.5, 21.5, 88, 88,17.19,134,21.5
2024-09-26 11:17:35,-82.4122,27.7124, 952.8,  468, 23.7, 21.5, 21.5, 88, 88,17.16,135,21.7
2024-09-26 11:17:36,-82.4124,27.7125, 952.3,  472, 23.7, 21.5, 21.5, 88, 88,17.14,135,21.9
2024-09-26 11:17:37,-82.4126,27.7127, 952.0,  475, 23.6, 21.4, 21.4, 87, 87,17.11,136,22.2
2024-09-26 11:17:38,-82.4127,27.7128, 951.7,  478, 23.6, 21.4, 21.4, 87, 87,17.09,136,22.4
2024-09-26 11:17:39,-82.4130,27.7130, 951.5,  480, 23.6, 21.4, 21.4, 87, 87,17.07,136,22.5
2024-09-26 11:17:40,-82.4131,27.7132, 951.2,  483, 23.6, 21.4, 21.4, 87, 87,17.05,136,22.8
2024-09-26 11:17:41,-82.4133,27.7133, 950.9,  485, 23.6, 21.3, 21.3, 87, 87,17.04,136,23.0
2024-09-26 11:17:42,-82.4135,27.7135, 950.6,  488, 23.6, 21.3, 21.3, 87, 87,17.02,136,23.2
2024-09-26 11:17:43,-82.4137,27.7137, 950.3,  490, 23.6, 21.3, 21.3, 87, 87,17.02,136,23.4
2024-09-26 11:17:44,-82.4138,27.7138, 949.9,  493, 23.6, 21.3, 21.3, 87, 87,17.00,136,23.6
2024-09-26 11:17:45,-82.4140,27.7140, 949.6,  496, 23.6, 21.3, 21.3, 87, 87,16.99,136,23.8
2024-09-26 11:17:46,-82.4142,27.7142, 949.3,  499, 23.6, 21.3, 21.3, 87, 87,16.97,136,24.1
2024-09-26 11:17:47,-82.4144,27.7143, 949.0,  502, 23.6, 21.2, 21.2, 87, 87,16.97,136,24.3
2024-09-26 11:17:48,-82.4146,27.7145, 948.7,  505, 23.6, 21.2, 21.2, 87, 87,16.95,136,24.5
2024-09-26 11:17:49,-82.4147,27.7147, 948.3,  508, 23.6, 21.2, 21.2, 86, 86,16.94,135,24.7
2024-09-26 11:17:50,-82.4149,27.7148, 948.0,  512, 23.6, 21.2, 21.2, 86, 86,16.93,135,24.9
2024-09-26 11:17:51,-82.4151,27.7150, 947.7,  515, 23.6, 21.2, 21.2, 86, 86,16.92,135,25.1
2024-09-26 11:17:52,-82.4153,27.7151, 947.3,  518, 23.6, 21.2, 21.2, 86, 86,16.90,135,25.3
2024-09-26 11:17:53,-82.4154,27.7153, 947.0,  521, 23.6, 21.1, 21.1, 86, 86,16.89,135,25.5
2024-09-26 11:17:54,-82.4156,27.7155, 946.7,  524, 23.6, 21.1, 21.1, 86, 86,16.88,135,25.7
2024-09-26 11:17:55,-82.4158,27.7156, 946.3,  527, 23.6, 21.1, 21.1, 86, 86,16.87,135,26.0
2024-09-26 11:17:56,-82.4160,27.7158, 946.0,  530, 23.6, 21.1, 21.1, 86, 86,16.85,135,26.2
2024-09-26 11:17:57,-82.4162,27.7160, 945.6,  534, 23.6, 21.1, 21.1, 86, 86,16.85,135,26.4
2024-09-26 11:17:58,-82.4164,27.7161, 945.2,  537, 23.6, 21.1, 21.1, 86, 86,16.83,135,26.4
2024-09-26 11:17:59,-82.4165,27.7163, 944.9,  540, 23.6, 21.0, 21.0, 86, 86,16.82,135,26.5
2024-09-26 11:18:00,-82.4167,27.7165, 944.5,  544, 23.6, 21.0, 21.0, 86, 86,16.81,136,26.5
2024-09-26 11:18:01,-82.4169,27.7167, 944.1,  547, 23.5, 21.0, 21.0, 86, 86,16.80,136,26.5
2024-09-26 11:18:02,-82.4171,27.7168, 943.6,  551, 23.5, 21.0, 21.0, 86, 86,16.79,136,26.6
2024-09-26 11:18:03,-82.4173,27.7170, 943.2,  556, 23.5, 21.0, 21.0, 86, 86,16.79,136,26.6
2024-09-26 11:18:04,-82.4175,27.7172, 942.8,  560, 23.5, 21.0, 21.0, 85, 85,16.77,136,26.6
2024-09-26 11:18:05,-82.4177,27.7174, 942.3,  564, 23.5, 20.9, 20.9, 85, 85,16.76,136,26.7
2024-09-26 11:18:06,-82.4179,27.7175, 941.9,  568, 23.5, 20.9, 20.9, 85, 85,16.75,136,26.7
2024-09-26 11:18:07,-82.4181,27.7177, 941.3,  574, 23.5, 20.9, 20.9, 85, 85,16.72,136,26.8
2024-09-26 11:18:08,-82.4183,27.7179, 940.8,  579, 23.4, 20.8, 20.8, 85, 85,16.69,136,26.8
2024-09-26 11:18:09,-82.4184,27.7181, 940.3,  584, 23.4, 20.8, 20.8, 86, 86,16.67,136,26.8
2024-09-26 11:18:10,-82.4186,27.7182, 939.7,  589, 23.3, 20.8, 20.8, 86, 86,16.64,136,26.9
2024-09-26 11:18:11,-82.4189,27.7185, 939.2,  594, 23.3, 20.7, 20.7, 86, 86,16.62,136,26.9
2024-09-26 11:18:12,-82.4190,27.7186, 938.5,  600, 23.2, 20.7, 20.7, 86, 86,16.58,136,27.0
2024-09-26 11:18:13,-82.4192,27.7188, 938.1,  604, 23.2, 20.7, 20.7, 86, 86,16.56,136,27.0
2024-09-26 11:18:14,-82.4194,27.7189, 937.5,  609, 23.1, 20.6, 20.6, 86, 86,16.53,136,27.0
2024-09-26 11:18:15,-82.4196,27.7191, 936.9,  614, 23.1, 20.6, 20.6, 86, 86,16.51,136,27.1
2024-09-26 11:18:16,-82.4198,27.7193, 936.4,  620, 23.0, 20.6, 20.6, 86, 86,16.48,136,27.1
2024-09-26 11:18:17,-82.4200,27.7195, 935.8,  625, 23.0, 20.5, 20.5, 86, 86,16.46,136,27.1
2024-09-26 11:18:18,-82.4201,27.7196, 935.2,  631, 22.9, 20.5, 20.5, 86, 86,16.43,136,27.1
2024-09-26 11:18:19,-82.4203,27.7198, 934.6,  636, 22.9, 20.5, 20.5, 86, 86,16.41,136,27.0
2024-09-26 11:18:20,-82.4205,27.7200, 934.1,  641, 22.8, 20.4, 20.4, 86, 86,16.38,136,27.0
2024-09-26 11:18:21,-82.4207,27.7202, 933.5,  647, 22.8, 20.4, 20.4, 87, 87,16.36,136,26.9
2024-09-26 11:18:22,-82.4209,27.7203, 932.9,  652, 22.7, 20.4, 20.4, 87, 87,16.35,136,26.8
2024-09-26 11:18:23,-82.4211,27.7205, 932.3,  658, 22.7, 20.4, 20.4, 87, 87,16.34,136,26.8
2024-09-26 11:18:24,-82.4213,27.7207, 931.7,  663, 22.6, 20.3, 20.3, 87, 87,16.33,136,26.7
2024-09-26 11:18:25,-82.4215,27.7209, 931.1,  669, 22.6, 20.3, 20.3, 87, 87,16.31,136,26.7
2024-09-26 11:18:26,-82.4217,27.7210, 930.5,  674, 22.5, 20.3, 20.3, 87, 87,16.30,136,26.6
2024-09-26 11:18:27,-82.4218,27.7212, 929.8,  680, 22.5, 20.3, 20.3, 88, 88,16.30,136,26.5
2024-09-26 11:18:28,-82.4220,27.7214, 929.2,  686, 22.4, 20.2, 20.2, 88, 88,16.28,136,26.5
2024-09-26 11:18:29,-82.4221,27.7216, 928.6,  693, 22.3, 20.2, 20.2, 88, 88,16.27,136,26.4
2024-09-26 11:18:30,-82.4223,27.7217, 927.9,  699, 22.3, 20.2, 20.2, 88, 88,16.26,136,26.4
2024-09-26 11:18:31,-82.4224,27.7219, 927.2,  705, 22.2, 20.2, 20.2, 88, 88,16.25,136,26.3
2024-09-26 11:18:32,-82.4226,27.7221, 926.5,  712, 22.2, 20.2, 20.2, 88, 88,16.23,136,26.2
2024-09-26 11:18:33,-82.4227,27.7223, 925.8,  719, 22.1, 20.1, 20.1, 89, 89,16.22,136,26.2
2024-09-26 11:18:34,-82.4229,27.7224, 925.0,  726, 22.1, 20.1, 20.1, 89, 89,16.20,136,26.1
2024-09-26 11:18:35,-82.4230,27.7226, 924.3,  733, 22.0, 20.1, 20.1, 89, 89,16.17,136,26.1
2024-09-26 11:18:36,-82.4232,27.7228, 923.6,  740, 21.9, 20.0, 20.0, 89, 89,16.15,136,26.0
2024-09-26 11:18:37,-82.4233,27.7230, 922.8,  747, 21.9, 20.0, 20.0, 89, 89,16.12,136,25.9
2024-09-26 11:18:38,-82.4235,27.7231, 922.0,  755, 21.8, 19.9, 19.9, 89, 89,16.10,137,25.8
2024-09-26 11:18:39,-82.4236,27.7233, 921.1,  763, 21.8, 19.9, 19.9, 89, 89,16.08,137,25.7
2024-09-26 11:18:40,-82.4238,27.7235, 920.3,  770, 21.7, 19.9, 19.9, 89, 89,16.06,138,25.5
2024-09-26 11:18:41,-82.4239,27.7236, 919.5,  778, 21.6, 19.8, 19.8, 90, 90,16.03,138,25.4
2024-09-26 11:18:42,-82.4241,27.7238, 918.7,  786, 21.6, 19.8, 19.8, 90, 90,16.01,138,25.3
2024-09-26 11:18:43,-82.4242,27.7240, 917.9,  794, 21.5, 19.8, 19.8, 90, 90,15.99,139,25.2
2024-09-26 11:18:44,-82.4244,27.7242, 917.1,  801, 21.5, 19.7, 19.7, 90, 90,15.96,139,25.0
2024-09-26 11:18:45,-82.4245,27.7243, 916.3,  809, 21.4, 19.7, 19.7, 90, 90,15.93,140,24.9
2024-09-26 11:18:46,-82.4246,27.7245, 915.5,  817, 21.3, 19.7, 19.7, 90, 90,15.92,140,24.8
2024-09-26 11:18:47,-82.4248,27.7247, 914.6,  825, 21.3, 19.6, 19.6, 90, 90,15.90,141,24.7
2024-09-26 11:18:48,-82.4250,27.7249, 913.8,  832, 21.2, 19.6, 19.6, 90, 90,15.89,141,24.5
2024-09-26 11:18:49,-82.4251,27.7250, 913.1,  840, 21.2, 19.6, 19.6, 91, 91,15.88,141,24.4
2024-09-26 11:18:50,-82.4253,27.7252, 912.3,  847, 21.1, 19.5, 19.5, 91, 91,15.86,142,24.3
2024-09-26 11:18:51,-82.4254,27.7254, 911.6,  854, 21.0, 19.5, 19.5, 91, 91,15.85,142,24.2
2024-09-26 11:18:52,-82.4255,27.7255, 910.8,  861, 21.0, 19.5, 19.5, 91, 91,15.84,143,24.1
2024-09-26 11:18:53,-82.4257,27.7257, 910.1,  868, 20.9, 19.5, 19.5, 91, 91,15.82,143,24.0
2024-09-26 11:18:54,-82.4258,27.7259, 909.3,  876, 20.9, 19.4, 19.4, 91, 91,15.81,144,23.9
2024-09-26 11:18:55,-82.4260,27.7261, 908.6,  882, 20.8, 19.4, 19.4, 92, 92,15.80,144,23.7
2024-09-26 11:18:56,-82.4261,27.7262, 907.9,  889, 20.8, 19.4, 19.4, 92, 92,15.78,145,23.6
2024-09-26 11:18:57,-82.4262,27.7264, 907.2,  896, 20.7, 19.4, 19.4, 92, 92,15.76,145,23.5
2024-09-26 11:18:58,-82.4264,27.7266, 906.8,  900, 20.7, 19.3, 19.3, 92, 92,15.75,145,23.6
2024-09-26 11:18:59,-82.4266,27.7268, 905.8,  909, 20.6, 19.3, 19.3, 92, 92,15.74,146,23.8
2024-09-26 11:19:00,-82.4267,27.7270, 905.1,  915, 20.6, 19.3, 19.3, 92, 92,15.74,146,23.9
2024-09-26 11:19:01,-82.4268,27.7272, 904.5,  921, 20.5, 19.3, 19.3, 93, 93,15.75,146,24.0
2024-09-26 11:19:02,-82.4270,27.7275, 903.9,  928, 20.5, 19.3, 19.3, 93, 93,15.77,146,24.1
2024-09-26 11:19:03,-82.4271,27.7277, 903.3,  934, 20.5, 19.3, 19.3, 93, 93,15.79,147,24.2
2024-09-26 11:19:04,-82.4272,27.7279, 902.7,  940, 20.5, 19.3, 19.3, 93, 93,15.80,147,24.3
2024-09-26 11:19:05,-82.4273,27.7281, 902.1,  945, 20.5, 19.3, 19.3, 93, 93,15.82,147,24.4
2024-09-26 11:19:06,-82.4275,27.7283, 901.5,  951, 20.4, 19.3, 19.3, 93, 93,15.85,147,24.5
2024-09-26 11:19:07,-82.4276,27.7285, 900.9,  956, 20.4, 19.3, 19.3, 94, 94,15.87,147,24.7
2024-09-26 11:19:08,-82.4277,27.7287, 900.4,  961, 20.4, 19.3, 19.3, 94, 94,15.88,148,24.8
2024-09-26 11:19:09,-82.4279,27.7289, 899.9,  967, 20.4, 19.4, 19.4, 94, 94,15.89,148,24.9
2024-09-26 11:19:10,-82.4280,27.7291, 899.3,  972, 20.4, 19.4, 19.4, 94, 94,15.92,148,25.0
2024-09-26 11:19:11,-82.4281,27.7293, 898.8,  977, 20.4, 19.4, 19.4, 94, 94,15.92,148,25.1
2024-09-26 11:19:12,-82.4283,27.7295, 898.3,  982, 20.3, 19.4, 19.4, 94, 94,15.94,149,25.2
2024-09-26 11:19:13,-82.4284,27.7298, 897.8,  986, 20.3, 19.4, 19.4, 94, 94,15.96,149,25.4
2024-09-26 11:19:14,-82.4285,27.7300, 897.3,  991, 20.3, 19.4, 19.4, 94, 94,15.96,149,25.5
2024-09-26 11:19:15,-82.4287,27.7302, 896.8,  995, 20.3, 19.4, 19.4, 95, 95,15.97,149,25.6
2024-09-26 11:19:16,-82.4288,27.7304, 896.4, 1000, 20.3, 19.4, 19.4, 95, 95,15.97,149,25.7
2024-09-26 11:19:17,-82.4289,27.7306, 895.9, 1004, 20.2, 19.4, 19.4, 95, 95,15.98,150,25.8
2024-09-26 11:19:18,-82.4291,27.7308, 895.4, 1009, 20.2, 19.4, 19.4, 95, 95,15.98,150,25.9
2024-09-26 11:19:19,-82.4292,27.7310, 895.0, 1013, 20.2, 19.4, 19.4, 95, 95,15.98,150,26.0
2024-09-26 11:19:20,-82.4293,27.7312, 894.6, 1017, 20.2, 19.3, 19.3, 95, 95,15.98,150,26.1
2024-09-26 11:19:21,-82.4294,27.7314, 894.1, 1021, 20.2, 19.3, 19.3, 95, 95,15.99,150,26.2
2024-09-26 11:19:22,-82.4296,27.7316, 893.7, 1025, 20.1, 19.3, 19.3, 95, 95,15.99,150,26.3
2024-09-26 11:19:23,-82.4297,27.7319, 893.3, 1029, 20.1, 19.3, 19.3, 95, 95,15.98,151,26.4
2024-09-26 11:19:24,-82.4298,27.7321, 892.9, 1034, 20.1, 19.3, 19.3, 95, 95,15.99,151,26.5
2024-09-26 11:19:25,-82.4300,27.7323, 892.4, 1038, 20.1, 19.3, 19.3, 95, 95,15.99,151,26.6
2024-09-26 11:19:26,-82.4301,27.7324, 892.0, 1043, 20.1, 19.3, 19.3, 96, 96,16.00,151,26.7
2024-09-26 11:19:27,-82.4302,27.7327, 891.6, 1046, 20.0, 19.3, 19.3, 96, 96,16.00,151,26.7
2024-09-26 11:19:28,-82.4304,27.7329, 891.1, 1051, 20.0, 19.3, 19.3, 96, 96,15.97,151,26.8
2024-09-26 11:19:29,-82.4305,27.7331, 890.6, 1056, 20.0, 19.2, 19.2, 96, 96,15.95,151,26.9
2024-09-26 11:19:30,-82.4306,27.7333, 890.2, 1060, 20.0, 19.2, 19.2, 96, 96,15.94,152,27.0
2024-09-26 11:19:31,-82.4307,27.7336, 889.7, 1064, 19.9, 19.2, 19.2, 96, 96,15.92,152,27.1
2024-09-26 11:19:32,-82.4309,27.7338, 889.3, 1069, 19.9, 19.2, 19.2, 96, 96,15.90,152,27.2
2024-09-26 11:19:33,-82.4310,27.7340, 888.9, 1073, 19.9, 19.1, 19.1, 96, 96,15.88,152,27.3
2024-09-26 11:19:34,-82.4311,27.7342, 888.4, 1077, 19.9, 19.1, 19.1, 96, 96,15.86,152,27.4
2024-09-26 11:19:35,-82.4312,27.7344, 888.0, 1081, 19.8, 19.1, 19.1, 96, 96,15.84,152,27.5
2024-09-26 11:19:36,-82.4314,27.7347, 887.6, 1085, 19.8, 19.1, 19.1, 96, 96,15.83,152,27.6
2024-09-26 11:19:37,-82.4315,27.7349, 887.1, 1089, 19.8, 19.0, 19.0, 96, 96,15.80,153,27.7
2024-09-26 11:19:38,-82.4316,27.7351, 886.7, 1093, 19.8, 19.0, 19.0, 96, 96,15.79,153,27.7
2024-09-26 11:19:39,-82.4317,27.7353, 886.3, 1098, 19.7, 19.0, 19.0, 96, 96,15.77,153,27.7
2024-09-26 11:19:40,-82.4319,27.7355, 885.9, 1102, 19.7, 19.0, 19.0, 96, 96,15.75,153,27.6
2024-09-26 11:19:41,-82.4320,27.7358, 885.5, 1106, 19.7, 18.9, 18.9, 96, 96,15.73,153,27.6
2024-09-26 11:19:42,-82.4321,27.7360, 885.1, 1110, 19.7, 18.9, 18.9, 95, 95,15.71,153,27.6
2024-09-26 11:19:43,-82.4322,27.7362, 884.7, 1114, 19.6, 18.9, 18.9, 95, 95,15.70,153,27.6
2024-09-26 11:19:44,-82.4323,27.7364, 884.3, 1118, 19.6, 18.9, 18.9, 95, 95,15.67,153,27.5
2024-09-26 11:19:45,-82.4325,27.7366, 883.9, 1122, 19.6, 18.8, 18.8, 95, 95,15.66,153,27.5
2024-09-26 11:19:46,-82.4326,27.7369, 883.4, 1126, 19.6, 18.8, 18.8, 95, 95,15.64,153,27.5
2024-09-26 11:19:47,-82.4327,27.7371, 883.0, 1130, 19.6, 18.8, 18.8, 95, 95,15.63,153,27.5
2024-09-26 11:19:48,-82.4329,27.7373, 882.6, 1133, 19.5, 18.8, 18.8, 95, 95,15.60,153,27.4
2024-09-26 11:19:49,-82.4330,27.7375, 882.2, 1137, 19.5, 18.7, 18.7, 95, 95,15.59,153,27.4
2024-09-26 11:19:50,-82.4331,27.7377, 881.8, 1141, 19.5, 18.7, 18.7, 95, 95,15.57,153,27.4
2024-09-26 11:19:51,-82.4332,27.7380, 881.4, 1144, 19.5, 18.7, 18.7, 95, 95,15.55,153,27.4
2024-09-26 11:19:52,-82.4334,27.7382, 881.0, 1148, 19.5, 18.7, 18.7, 95, 95,15.53,153,27.3
2024-09-26 11:19:53,-82.4335,27.7384, 880.6, 1153, 19.4, 18.6, 18.6, 95, 95,15.51,153,27.3
2024-09-26 11:19:54,-82.4336,27.7386, 880.2, 1157, 19.4, 18.6, 18.6, 95, 95,15.49,153,27.3
2024-09-26 11:19:55,-82.4337,27.7388, 879.8, 1161, 19.4, 18.5, 18.5, 95, 95,15.45,153,27.3
2024-09-26 11:19:56,-82.4338,27.7391, 879.3, 1166, 19.3, 18.5, 18.5, 95, 95,15.42,153,27.2
2024-09-26 11:19:57,-82.4340,27.7393, 878.9, 1170, 19.3, 18.5, 18.5, 95, 95,15.38,153,27.2
2024-09-26 11:19:58,-82.4341,27.7395, 878.4, 1175, 19.3, 18.4, 18.4, 95, 95,15.34,154,27.2
2024-09-26 11:19:59,-82.4342,27.7397, 878.0, 1179, 19.2, 18.4, 18.4, 95, 95,15.31,154,27.2
2024-09-26 11:20:00,-82.4343,27.7400, 877.5, 1184, 19.2, 18.3, 18.3, 95, 95,15.28,154,27.2
2024-09-26 11:20:01,-82.4344,27.7402, 877.0, 1188, 19.1, 18.3, 18.3, 95, 95,15.24,154,27.2
2024-09-26 11:20:02,-82.4345,27.7404, 876.4, 1193, 19.1, 18.2, 18.2, 95, 95,15.21,154,27.2
2024-09-26 11:20:03,-82.4346,27.7406, 875.9, 1199, 19.1, 18.2, 18.2, 95, 95,15.18,154,27.2
2024-09-26 11:20:04,-82.4347,27.7408, 875.3, 1205, 19.0, 18.2, 18.2, 95, 95,15.14,154,27.2
2024-09-26 11:20:05,-82.4348,27.7411, 874.8, 1210, 19.0, 18.1, 18.1, 95, 95,15.11,155,27.2
2024-09-26 11:20:06,-82.4349,27.7413, 874.2, 1216, 19.0, 18.1, 18.1, 95, 95,15.09,155,27.3
2024-09-26 11:20:07,-82.4350,27.7415, 873.6, 1222, 18.9, 18.0, 18.0, 95, 95,15.05,155,27.3
2024-09-26 11:20:08,-82.4351,27.7417, 873.0, 1228, 18.9, 18.0, 18.0, 95, 95,15.01,155,27.3
2024-09-26 11:20:09,-82.4352,27.7420, 872.4, 1234, 18.8, 17.9, 17.9, 94, 94,14.96,155,27.3
2024-09-26 11:20:10,-82.4353,27.7422, 871.8, 1240, 18.8, 17.9, 17.9, 94, 94,14.91,155,27.3
2024-09-26 11:20:11,-82.4355,27.7424, 871.2, 1246, 18.7, 17.8, 17.8, 94, 94,14.87,155,27.3
2024-09-26 11:20:12,-82.4356,27.7426, 870.6, 1252, 18.7, 17.7, 17.7, 94, 94,14.82,156,27.3
2024-09-26 11:20:13,-82.4357,27.7428, 869.9, 1259, 18.6, 17.7, 17.7, 94, 94,14.78,156,27.3
2024-09-26 11:20:14,-82.4358,27.7431, 869.3, 1265, 18.6, 17.6, 17.6, 94, 94,14.74,156,27.3
2024-09-26 11:20:15,-82.4359,27.7433, 868.6, 1271, 18.6, 17.6, 17.6, 94, 94,14.69,156,27.3
2024-09-26 11:20:16,-82.4360,27.7435, 868.0, 1278, 18.5, 17.5, 17.5, 94, 94,14.65,156,27.3
2024-09-26 11:20:17,-82.4361,27.7437, 867.4, 1284, 18.5, 17.4, 17.4, 94, 94,14.60,156,27.3
2024-09-26 11:20:18,-82.4362,27.7439, 866.7, 1290, 18.4, 17.4, 17.4, 94, 94,14.56,156,27.2
2024-09-26 11:20:19,-82.4363,27.7442, 866.1, 1297, 18.4, 17.3, 17.3, 94, 94,14.52,156,27.1
2024-09-26 11:20:20,-82.4364,27.7443, 865.4, 1303, 18.3, 17.3, 17.3, 94, 94,14.48,156,27.1
2024-09-26 11:20:21,-82.4365,27.7446, 865.1, 1307, 18.3, 17.3, 17.3, 94, 94,14.46,157,27.0
2024-09-26 11:20:22,-82.4366,27.7448, 864.2, 1316, 18.3, 17.2, 17.2, 94, 94,14.44,157,26.9
2024-09-26 11:20:23,-82.4367,27.7451, 863.5, 1322, 18.3, 17.2, 17.2, 94, 94,14.43,157,26.8
2024-09-26 11:20:24,-82.4368,27.7453, 862.9, 1329, 18.2, 17.2, 17.2, 94, 94,14.42,157,26.7
2024-09-26 11:20:25,-82.4370,27.7455, 862.3, 1335, 18.2, 17.1, 17.1, 94, 94,14.41,157,26.6
2024-09-26 11:20:26,-82.4371,27.7457, 861.7, 1341, 18.2, 17.1, 17.1, 94, 94,14.40,157,26.6
2024-09-26 11:20:27,-82.4372,27.7459, 861.1, 1347, 18.2, 17.1, 17.1, 94, 94,14.38,157,26.5
2024-09-26 11:20:28,-82.4373,27.7462, 860.5, 1353, 18.1, 17.1, 17.1, 94, 94,14.37,157,26.4
2024-09-26 11:20:29,-82.4374,27.7464, 859.9, 1359, 18.1, 17.1, 17.1, 94, 94,14.36,157,26.3
2024-09-26 11:20:30,-82.4374,27.7466, 859.3, 1365, 18.1, 17.0, 17.0, 94, 94,14.35,157,26.2
2024-09-26 11:20:31,-82.4375,27.7468, 858.7, 1370, 18.1, 17.0, 17.0, 94, 94,14.34,157,26.1
2024-09-26 11:20:32,-82.4376,27.7470, 858.1, 1376, 18.0, 17.0, 17.0, 94, 94,14.33,158,26.0
2024-09-26 11:20:33,-82.4377,27.7472, 857.5, 1382, 18.0, 17.0, 17.0, 94, 94,14.31,158,26.0
2024-09-26 11:20:34,-82.4378,27.7474, 857.0, 1388, 18.0, 16.9, 16.9, 94, 94,14.29,158,25.9
2024-09-26 11:20:35,-82.4379,27.7477, 856.4, 1394, 17.9, 16.9, 16.9, 94, 94,14.28,158,25.8
2024-09-26 11:20:36,-82.4380,27.7479, 855.8, 1399, 17.9, 16.9, 16.9, 94, 94,14.26,158,25.7
2024-09-26 11:20:37,-82.4381,27.7481, 855.2, 1405, 17.9, 16.8, 16.8, 94, 94,14.24,158,25.6
2024-09-26 11:20:38,-82.4382,27.7483, 854.6, 1411, 17.8, 16.8, 16.8, 94, 94,14.22,158,25.6
2024-09-26 11:20:39,-82.4383,27.7485, 854.1, 1417, 17.8, 16.8, 16.8, 94, 94,14.20,158,25.6
2024-09-26 11:20:40,-82.4384,27.7487, 853.5, 1423, 17.8, 16.7, 16.7, 94, 94,14.19,158,25.6
2024-09-26 11:20:41,-82.4385,27.7489, 852.9, 1429, 17.8, 16.7, 16.7, 94, 94,14.17,158,25.6
2024-09-26 11:20:42,-82.4386,27.7492, 852.3, 1434, 17.7, 16.7, 16.7, 94, 94,14.15,158,25.6
2024-09-26 11:20:43,-82.4387,27.7494, 851.7, 1441, 17.7, 16.7, 16.7, 94, 94,14.13,158,25.6
2024-09-26 11:20:44,-82.4388,27.7496, 851.1, 1447, 17.7, 16.6, 16.6, 94, 94,14.12,158,25.6
2024-09-26 11:20:45,-82.4388,27.7498, 850.5, 1453, 17.6, 16.6, 16.6, 94, 94,14.10,158,25.7
2024-09-26 11:20:46,-82.4389,27.7500, 850.0, 1458, 17.6, 16.6, 16.6, 94, 94,14.08,158,25.7
2024-09-26 11:20:47,-82.4390,27.7502, 849.3, 1465, 17.6, 16.5, 16.5, 94, 94,14.07,158,25.7
2024-09-26 11:20:48,-82.4391,27.7504, 848.7, 1471, 17.5, 16.5, 16.5, 94, 94,14.05,159,25.7
2024-09-26 11:20:49,-82.4392,27.7507, 848.0, 1478, 17.5, 16.5, 16.5, 94, 94,14.03,159,25.7
2024-09-26 11:20:50,-82.4393,27.7509, 847.4, 1484, 17.5, 16.4, 16.4, 94, 94,14.02,159,25.7
2024-09-26 11:20:51,-82.4394,27.7511, 846.8, 1491, 17.4, 16.4, 16.4, 94, 94,14.00,159,25.7
2024-09-26 11:20:52,-82.4395,27.7513, 846.1, 1497, 17.4, 16.4, 16.4, 94, 94,13.98,159,25.7
2024-09-26 11:20:53,-82.4396,27.7515, 845.5, 1503, 17.4, 16.4, 16.4, 94, 94,13.97,159,25.7
2024-09-26 11:20:54,-82.4397,27.7517, 844.9, 1510, 17.3, 16.3, 16.3, 94, 94,13.95,159,25.7
2024-09-26 11:20:55,-82.4398,27.7519, 844.3, 1516, 17.3, 16.3, 16.3, 94, 94,13.93,159,25.7
2024-09-26 11:20:56,-82.4399,27.7522, 843.6, 1522, 17.3, 16.3, 16.3, 94, 94,13.92,159,25.7
2024-09-26 11:20:57,-82.4400,27.7524, 843.0, 1529, 17.2, 16.2, 16.2, 94, 94,13.90,159,25.7
2024-09-26 11:20:58,-82.4401,27.7526, 842.4, 1535, 17.2, 16.2, 16.2, 94, 94,13.88,159,25.6
2024-09-26 11:20:59,-82.4402,27.7528, 841.8, 1541, 17.2, 16.2, 16.2, 94, 94,13.86,159,25.6
2024-09-26 11:21:00,-82.4402,27.7530, 841.2, 1547, 17.2, 16.1, 16.1, 94, 94,13.85,159,25.5
2024-09-26 11:21:01,-82.4403,27.7532, 840.6, 1553, 17.1, 16.1, 16.1, 94, 94,13.82,159,25.4
2024-09-26 11:21:02,-82.4404,27.7534, 840.0, 1559, 17.1, 16.1, 16.1, 94, 94,13.80,159,25.3
2024-09-26 11:21:03,-82.4405,27.7536, 839.4, 1565, 17.0, 16.0, 16.0, 94, 94,13.76,159,25.3
2024-09-26 11:21:04,-82.4406,27.7538, 838.8, 1571, 17.0, 16.0, 16.0, 94, 94,13.74,159,25.2
2024-09-26 11:21:05,-82.4407,27.7540, 838.2, 1577, 17.0, 15.9, 15.9, 94, 94,13.71,159,25.1
2024-09-26 11:21:06,-82.4407,27.7542, 837.7, 1583, 16.9, 15.9, 15.9, 94, 94,13.67,159,25.0
2024-09-26 11:21:07,-82.4408,27.7545, 837.1, 1589, 16.9, 15.8, 15.8, 94, 94,13.65,160,25.0
2024-09-26 11:21:08,-82.4409,27.7547, 836.5, 1595, 16.8, 15.8, 15.8, 94, 94,13.62,160,24.9
2024-09-26 11:21:09,-82.4410,27.7549, 835.9, 1601, 16.8, 15.8, 15.8, 94, 94,13.60,160,24.8
2024-09-26 11:21:10,-82.4411,27.7551, 835.4, 1607, 16.8, 15.7, 15.7, 93, 93,13.56,160,24.7
2024-09-26 11:21:11,-82.4411,27.7553, 834.8, 1613, 16.7, 15.7, 15.7, 93, 93,13.53,160,24.7
2024-09-26 11:21:12,-82.4412,27.7555, 834.2, 1618, 16.7, 15.6, 15.6, 93, 93,13.51,160,24.6
2024-09-26 11:21:13,-82.4413,27.7557, 833.6, 1624, 16.7, 15.6, 15.6, 93, 93,13.47,160,24.5
2024-09-26 11:21:14,-82.4414,27.7559, 833.0, 1630, 16.6, 15.5, 15.5, 93, 93,13.45,160,24.4
2024-09-26 11:21:15,-82.4415,27.7561, 832.4, 1636, 16.6, 15.5, 15.5, 93, 93,13.42,160,24.4
2024-09-26 11:21:16,-82.4416,27.7563, 831.8, 1642, 16.5, 15.5, 15.5, 93, 93,13.39,160,24.3
2024-09-26 11:21:17,-82.4416,27.7565, 831.2, 1648, 16.5, 15.4, 15.4, 93, 93,13.36,160,24.2
2024-09-26 11:21:18,-82.4417,27.7567, 830.6, 1655, 16.5, 15.4, 15.4, 93, 93,13.32,160,24.2
2024-09-26 11:21:19,-82.4418,27.7569, 830.0, 1662, 16.4, 15.3, 15.3, 93, 93,13.30,160,24.3
2024-09-26 11:21:20,-82.4419,27.7571, 829.4, 1669, 16.4, 15.3, 15.3, 93, 93,13.26,160,24.3
2024-09-26 11:21:21,-82.4420,27.7574, 828.8, 1675, 16.4, 15.2, 15.2, 93, 93,13.23,160,24.3
2024-09-26 11:21:22,-82.4421,27.7576, 828.2, 1681, 16.3, 15.2, 15.2, 93, 93,13.20,160,24.4
2024-09-26 11:21:23,-82.4421,27.7578, 827.6, 1687, 16.3, 15.1, 15.1, 93, 93,13.17,160,24.4
2024-09-26 11:21:24,-82.4422,27.7580, 826.9, 1693, 16.2, 15.1, 15.1, 93, 93,13.14,160,24.4
2024-09-26 11:21:25,-82.4423,27.7582, 826.3, 1699, 16.2, 15.0, 15.0, 93, 93,13.11,160,24.5
2024-09-26 11:21:26,-82.4424,27.7584, 825.7, 1705, 16.2, 15.0, 15.0, 93, 93,13.08,160,24.5
2024-09-26 11:21:27,-82.4425,27.7586, 825.1, 1712, 16.1, 14.9, 14.9, 93, 93,13.05,160,24.5
2024-09-26 11:21:28,-82.4426,27.7588, 824.5, 1718, 16.1, 14.9, 14.9, 93, 93,13.02,160,24.5
2024-09-26 11:21:29,-82.4426,27.7590, 823.9, 1724, 16.1, 14.9, 14.9, 93, 93,13.00,160,24.6
2024-09-26 11:21:30,-82.4427,27.7592, 823.3, 1731, 16.0, 14.8, 14.8, 92, 92,12.97,160,24.6
2024-09-26 11:21:31,-82.4428,27.7595, 822.7, 1737, 16.0, 14.8, 14.8, 92, 92,12.94,161,24.6
2024-09-26 11:21:32,-82.4429,27.7597, 822.1, 1743, 16.0, 14.7, 14.7, 92, 92,12.92,161,24.7
2024-09-26 11:21:33,-82.4430,27.7599, 821.5, 1749, 15.9, 14.7, 14.7, 92, 92,12.88,161,24.7
2024-09-26 11:21:34,-82.4431,27.7601, 820.9, 1756, 15.9, 14.6, 14.6, 92, 92,12.86,161,24.7
2024-09-26 11:21:35,-82.4432,27.7604, 820.3, 1762, 15.9, 14.6, 14.6, 92, 92,12.84,161,24.8
2024-09-26 11:21:36,-82.4432,27.7606, 819.7, 1769, 15.8, 14.5, 14.5, 92, 92,12.80,161,24.8
2024-09-26 11:21:37,-82.4433,27.7608, 819.1, 1775, 15.8, 14.5, 14.5, 92, 92,12.78,161,24.8
2024-09-26 11:21:38,-82.4434,27.7610, 818.5, 1781, 15.8, 14.5, 14.5, 92, 92,12.75,161,24.9
2024-09-26 11:21:39,-82.4435,27.7613, 817.9, 1787, 15.7, 14.4, 14.4, 92, 92,12.72,161,25.0
2024-09-26 11:21:40,-82.4436,27.7615, 817.2, 1794, 15.7, 14.4, 14.4, 92, 92,12.69,161,25.1
2024-09-26 11:21:41,-82.4437,27.7617, 816.7, 1799, 15.7, 14.3, 14.3, 92, 92,12.68,161,25.1
2024-09-26 11:21:42,-82.4438,27.7619, 816.1, 1805, 15.6, 14.3, 14.3, 92, 92,12.67,161,25.2
2024-09-26 11:21:43,-82.4438,27.7622, 815.6, 1811, 15.6, 14.3, 14.3, 92, 92,12.65,161,25.3
2024-09-26 11:21:44,-82.4439,27.7624, 815.0, 1817, 15.6, 14.3, 14.3, 92, 92,12.63,161,25.4
2024-09-26 11:21:45,-82.4440,27.7626, 814.4, 1824, 15.5, 14.2, 14.2, 92, 92,12.62,161,25.5
2024-09-26 11:21:46,-82.4441,27.7628, 813.8, 1830, 15.5, 14.2, 14.2, 92, 92,12.61,161,25.6
2024-09-26 11:21:47,-82.4442,27.7630, 813.2, 1836, 15.5, 14.2, 14.2, 92, 92,12.60,161,25.6
2024-09-26 11:21:48,-82.4443,27.7633, 812.6, 1842, 15.4, 14.1, 14.1, 92, 92,12.58,161,25.7
2024-09-26 11:21:49,-82.4444,27.7635, 812.1, 1848, 15.4, 14.1, 14.1, 92, 92,12.56,161,25.8
2024-09-26 11:21:50,-82.4444,27.7637, 811.5, 1854, 15.4, 14.1, 14.1, 92, 92,12.55,161,25.9
2024-09-26 11:21:51,-82.4445,27.7639, 810.9, 1860, 15.4, 14.1, 14.1, 92, 92,12.53,161,26.0
2024-09-26 11:21:52,-82.4446,27.7642, 810.3, 1866, 15.3, 14.0, 14.0, 92, 92,12.53,161,26.1
2024-09-26 11:21:53,-82.4447,27.7644, 809.8, 1872, 15.3, 14.0, 14.0, 92, 92,12.51,161,26.2
2024-09-26 11:21:54,-82.4448,27.7646, 809.2, 1878, 15.3, 14.0, 14.0, 92, 92,12.49,161,26.2
2024-09-26 11:21:55,-82.4449,27.7648, 808.6, 1884, 15.2, 13.9, 13.9, 92, 92,12.47,161,26.3
2024-09-26 11:21:56,-82.4450,27.7651, 808.0, 1891, 15.2, 13.9, 13.9, 92, 92,12.45,161,26.4
2024-09-26 11:21:57,-82.4450,27.7653, 807.4, 1897, 15.2, 13.9, 13.9, 92, 92,12.43,161,26.5
2024-09-26 11:21:58,-82.4451,27.7655, 806.8, 1903, 15.1, 13.8, 13.8, 92, 92,12.41,161,26.5
2024-09-26 11:21:59,-82.4452,27.7657, 806.2, 1910, 15.1, 13.8, 13.8, 92, 92,12.39,161,26.5
2024-09-26 11:22:00,-82.4453,27.7659, 805.6, 1916, 15.1, 13.8, 13.8, 92, 92,12.37,161,26.4
2024-09-26 11:22:01,-82.4454,27.7662, 805.1, 1922, 15.0, 13.7, 13.7, 92, 92,12.35,161,26.4
2024-09-26 11:22:02,-82.4454,27.7664, 804.5, 1928, 15.0, 13.7, 13.7, 92, 92,12.33,161,26.4
2024-09-26 11:22:03,-82.4455,27.7666, 803.9, 1934, 15.0, 13.6, 13.6, 92, 92,12.31,162,26.4
2024-09-26 11:22:04,-82.4456,27.7668, 803.4, 1940, 14.9, 13.6, 13.6, 92, 92,12.29,162,26.4
2024-09-26 11:22:05,-82.4457,27.7671, 802.8, 1946, 14.9, 13.6, 13.6, 92, 92,12.27,162,26.4
2024-09-26 11:22:06,-82.4457,27.7673, 802.2, 1951, 14.8, 13.5, 13.5, 92, 92,12.24,162,26.4
2024-09-26 11:22:07,-82.4458,27.7675, 801.7, 1957, 14.8, 13.5, 13.5, 92, 92,12.23,162,26.4
2024-09-26 11:22:08,-82.4459,27.7677, 801.1, 1963, 14.8, 13.4, 13.4, 92, 92,12.18,162,26.3
2024-09-26 11:22:09,-82.4460,27.7679, 800.6, 1969, 14.7, 13.4, 13.4, 92, 92,12.14,162,26.3
2024-09-26 11:22:10,-82.4460,27.7682, 800.0, 1975, 14.7, 13.3, 13.3, 91, 91,12.09,162,26.3
2024-09-26 11:22:11,-82.4461,27.7684, 799.5, 1981, 14.6, 13.2, 13.2, 91, 91,12.04,162,26.3
2024-09-26 11:22:12,-82.4462,27.7686, 798.9, 1987, 14.6, 13.2, 13.2, 91, 91,12.00,162,26.3
2024-09-26 11:22:13,-82.4463,27.7688, 798.4, 1993, 14.6, 13.1, 13.1, 91, 91,11.95,162,26.3
2024-09-26 11:22:14,-82.4463,27.7691, 797.8, 1999, 14.5, 13.0, 13.0, 91, 91,11.90,163,26.3
2024-09-26 11:22:15,-82.4464,27.7693, 797.2, 2005, 14.5, 13.0, 13.0, 91, 91,11.85,163,26.3
2024-09-26 11:22:16,-82.4465,27.7695, 796.6, 2011, 14.4, 12.9, 12.9, 90, 90,11.81,163,26.2
2024-09-26 11:22:17,-82.4466,27.7697, 796.1, 2017, 14.4, 12.8, 12.8, 90, 90,11.77,163,26.2
2024-09-26 11:22:18,-82.4466,27.7700, 795.5, 2023, 14.3, 12.8, 12.8, 90, 90,11.72,163,26.2
2024-09-26 11:22:19,-82.4467,27.7703, 794.9, 2029, 14.3, 12.7, 12.7, 90, 90,11.68,163,26.1
2024-09-26 11:22:20,-82.4468,27.7704, 794.1, 2038, 14.2, 12.6, 12.6, 90, 90,11.61,163,26.0
2024-09-26 11:22:21,-82.4469,27.7706, 793.8, 2041, 14.2, 12.6, 12.6, 90, 90,11.60,163,26.0
2024-09-26 11:22:22,-82.4469,27.7708, 793.3, 2047, 14.2, 12.6, 12.6, 90, 90,11.60,163,25.9
2024-09-26 11:22:23,-82.4470,27.7711, 792.8, 2053, 14.2, 12.5, 12.5, 90, 90,11.60,163,25.9
2024-09-26 11:22:24,-82.4471,27.7713, 792.2, 2058, 14.2, 12.5, 12.5, 90, 90,11.61,163,25.8
2024-09-26 11:22:25,-82.4471,27.7715, 791.7, 2064, 14.2, 12.5, 12.5, 90, 90,11.61,164,25.8
2024-09-26 11:22:26,-82.4472,27.7717, 791.1, 2070, 14.2, 12.5, 12.5, 90, 90,11.62,164,25.7
2024-09-26 11:22:27,-82.4473,27.7720, 790.6, 2075, 14.2, 12.5, 12.5, 90, 90,11.62,164,25.6
2024-09-26 11:22:28,-82.4474,27.7722, 790.0, 2081, 14.2, 12.5, 12.5, 90, 90,11.63,164,25.6
2024-09-26 11:22:29,-82.4474,27.7724, 789.5, 2087, 14.2, 12.5, 12.5, 90, 90,11.63,164,25.5
2024-09-26 11:22:30,-82.4475,27.7726, 788.9, 2093, 14.2, 12.5, 12.5, 90, 90,11.63,164,25.5
2024-09-26 11:22:31,-82.4476,27.7728, 788.3, 2100, 14.2, 12.5, 12.5, 90, 90,11.64,164,25.4
2024-09-26 11:22:32,-82.4476,27.7731, 787.8, 2106, 14.2, 12.5, 12.5, 90, 90,11.64,164,25.4
2024-09-26 11:22:33,-82.4477,27.7733, 787.3, 2112, 14.2, 12.5, 12.5, 90, 90,11.65,164,25.3
2024-09-26 11:22:34,-82.4478,27.7735, 786.7, 2118, 14.1, 12.5, 12.5, 90, 90,11.66,164,25.2
2024-09-26 11:22:35,-82.4478,27.7737, 786.1, 2124, 14.1, 12.5, 12.5, 90, 90,11.67,164,25.2
2024-09-26 11:22:36,-82.4479,27.7739, 785.6, 2129, 14.1, 12.5, 12.5, 90, 90,11.67,165,25.1
2024-09-26 11:22:37,-82.4479,27.7742, 785.0, 2135, 14.1, 12.5, 12.5, 90, 90,11.67,165,25.1
2024-09-26 11:22:38,-82.4480,27.7744, 784.5, 2141, 14.1, 12.5, 12.5, 90, 90,11.68,165,25.1
2024-09-26 11:22:39,-82.4481,27.7746, 784.0, 2147, 14.1, 12.5, 12.5, 90, 90,11.68,165,25.1
2024-09-26 11:22:40,-82.4481,27.7748, 783.4, 2153, 14.0, 12.5, 12.5, 90, 90,11.68,165,25.1
2024-09-26 11:22:41,-82.4482,27.7750, 782.9, 2159, 14.0, 12.5, 12.5, 90, 90,11.69,165,25.1
2024-09-26 11:22:42,-82.4483,27.7753, 782.3, 2164, 14.0, 12.5, 12.5, 90, 90,11.69,165,25.2
2024-09-26 11:22:43,-82.4483,27.7755, 781.8, 2170, 14.0, 12.4, 12.4, 90, 90,11.69,165,25.2
2024-09-26 11:22:44,-82.4484,27.7757, 781.3, 2176, 14.0, 12.4, 12.4, 91, 91,11.70,165,25.2
2024-09-26 11:22:45,-82.4484,27.7759, 780.8, 2182, 13.9, 12.4, 12.4, 91, 91,11.70,165,25.2
2024-09-26 11:22:46,-82.4485,27.7762, 780.3, 2187, 13.9, 12.4, 12.4, 91, 91,11.69,165,25.2
2024-09-26 11:22:47,-82.4486,27.7764, 779.6, 2194, 13.9, 12.4, 12.4, 91, 91,11.70,165,25.3
2024-09-26 11:22:48,-82.4486,27.7766, 779.3, 2198, 13.9, 12.4, 12.4, 91, 91,11.69,165,25.3
2024-09-26 11:22:49,-82.4487,27.7768, 778.8, 2203, 13.9, 12.3, 12.3, 91, 91,11.66,166,25.3
2024-09-26 11:22:50,-82.4488,27.7770, 778.3, 2209, 13.8, 12.3, 12.3, 90, 90,11.62,166,25.3
2024-09-26 11:22:51,-82.4488,27.7773, 777.8, 2214, 13.8, 12.2, 12.2, 90, 90,11.59,166,25.3
2024-09-26 11:22:52,-82.4489,27.7775, 777.3, 2219, 13.8, 12.2, 12.2, 90, 90,11.56,166,25.3
2024-09-26 11:22:53,-82.4489,27.7777, 776.8, 2224, 13.7, 12.1, 12.1, 90, 90,11.52,166,25.4
2024-09-26 11:22:54,-82.4490,27.7779, 776.3, 2230, 13.7, 12.1, 12.1, 90, 90,11.49,166,25.4
2024-09-26 11:22:55,-82.4491,27.7781, 775.9, 2235, 13.7, 12.0, 12.0, 90, 90,11.46,166,25.4
2024-09-26 11:22:56,-82.4491,27.7784, 775.4, 2240, 13.6, 12.0, 12.0, 90, 90,11.43,166,25.4
2024-09-26 11:22:57,-82.4492,27.7786, 774.9, 2245, 13.6, 11.9, 11.9, 90, 90,11.40,166,25.4
2024-09-26 11:22:58,-82.4493,27.7788, 774.4, 2250, 13.6, 11.9, 11.9, 90, 90,11.37,166,25.4
2024-09-26 11:22:59,-82.4493,27.7790, 773.9, 2256, 13.5, 11.8, 11.8, 89, 89,11.34,166,25.4
2024-09-26 11:23:00,-82.4494,27.7792, 773.5, 2261, 13.5, 11.8, 11.8, 89, 89,11.30,166,25.3
2024-09-26 11:23:01,-82.4494,27.7795, 772.9, 2266, 13.5, 11.7, 11.7, 89, 89,11.28,166,25.3
2024-09-26 11:23:02,-82.4495,27.7797, 772.4, 2271, 13.5, 11.7, 11.7, 89, 89,11.24,166,25.3
2024-09-26 11:23:03,-82.4495,27.7799, 771.9, 2277, 13.4, 11.6, 11.6, 89, 89,11.22,166,25.3
2024-09-26 11:23:04,-82.4496,27.7801, 771.4, 2283, 13.4, 11.6, 11.6, 89, 89,11.20,166,25.2
2024-09-26 11:23:05,-82.4497,27.7803, 770.9, 2289, 13.4, 11.6, 11.6, 89, 89,11.18,166,25.2
2024-09-26 11:23:06,-82.4497,27.7805, 770.4, 2294, 13.4, 11.5, 11.5, 89, 89,11.15,167,25.2
2024-09-26 11:23:07,-82.4498,27.7808, 769.9, 2300, 13.4, 11.5, 11.5, 88, 88,11.13,167,25.1
2024-09-26 11:23:08,-82.4498,27.7810, 769.4, 2306, 13.3, 11.4, 11.4, 88, 88,11.10,167,25.1
2024-09-26 11:23:09,-82.4499,27.7812, 768.9, 2311, 13.3, 11.4, 11.4, 88, 88,11.08,167,25.1
2024-09-26 11:23:10,-82.4499,27.7814, 768.4, 2317, 13.3, 11.4, 11.4, 88, 88,11.06,167,25.0
2024-09-26 11:23:11,-82.4500,27.7816, 767.8, 2322, 13.3, 11.3, 11.3, 88, 88,11.03,167,25.0
2024-09-26 11:23:12,-82.4500,27.7818, 767.3, 2328, 13.3, 11.3, 11.3, 88, 88,11.01,167,25.0
2024-09-26 11:23:13,-82.4501,27.7821, 766.8, 2334, 13.2, 11.2, 11.2, 88, 88,10.99,167,24.9
2024-09-26 11:23:14,-82.4501,27.7823, 766.3, 2339, 13.2, 11.2, 11.2, 87, 87,10.97,167,24.9
2024-09-26 11:23:15,-82.4502,27.7825, 765.9, 2344, 13.2, 11.2, 11.2, 87, 87,10.94,167,24.9
2024-09-26 11:23:16,-82.4503,27.7827, 765.3, 2350, 13.2, 11.1, 11.1, 87, 87,10.92,167,24.8
2024-09-26 11:23:17,-82.4503,27.7829, 764.8, 2355, 13.2, 11.1, 11.1, 87, 87,10.90,167,24.8
2024-09-26 11:23:18,-82.4504,27.7831, 764.3, 2361, 13.2, 11.0, 11.0, 87, 87,10.89,167,24.8
2024-09-26 11:23:19,-82.4504,27.7834, 763.8, 2367, 13.2, 11.0, 11.0, 87, 87,10.87,167,24.8
2024-09-26 11:23:20,-82.4505,27.7836, 763.2, 2373, 13.2, 11.0, 11.0, 86, 86,10.85,167,24.8
2024-09-26 11:23:21,-82.4505,27.7838, 762.7, 2379, 13.2, 10.9, 10.9, 86, 86,10.84,167,24.7
2024-09-26 11:23:22,-82.4506,27.7840, 762.1, 2385, 13.2, 10.9, 10.9, 86, 86,10.82,167,24.7
2024-09-26 11:23:23,-82.4507,27.7842, 761.6, 2391, 13.2, 10.9, 10.9, 86, 86,10.80,167,24.7
2024-09-26 11:23:24,-82.4507,27.7844, 761.0, 2397, 13.2, 10.8, 10.8, 86, 86,10.79,167,24.7
2024-09-26 11:23:25,-82.4508,27.7847, 760.5, 2403, 13.2, 10.8, 10.8, 85, 85,10.77,167,24.7
2024-09-26 11:23:26,-82.4508,27.7849, 760.0, 2409, 13.2, 10.8, 10.8, 85, 85,10.75,167,24.6
2024-09-26 11:23:27,-82.4509,27.7851, 759.5, 2415, 13.2, 10.7, 10.7, 85, 85,10.73,167,24.6
2024-09-26 11:23:28,-82.4509,27.7853, 759.0, 2420, 13.2, 10.7, 10.7, 85, 85,10.71,167,24.6
2024-09-26 11:23:29,-82.4510,27.7855, 758.5, 2426, 13.2, 10.7, 10.7, 85, 85,10.69,167,24.6
2024-09-26 11:23:30,-82.4510,27.7857, 758.0, 2431, 13.2, 10.6, 10.6, 85, 85,10.66,167,24.6
2024-09-26 11:23:31,-82.4511,27.7859, 757.5, 2437, 13.1, 10.6, 10.6, 84, 84,10.63,167,24.5
2024-09-26 11:23:32,-82.4512,27.7862, 757.0, 2442, 13.1, 10.5, 10.5, 84, 84,10.60,167,24.5
2024-09-26 11:23:33,-82.4512,27.7864, 756.5, 2448, 13.1, 10.5, 10.5, 84, 84,10.58,167,24.5
2024-09-26 11:23:34,-82.4513,27.7866, 756.0, 2453, 13.1, 10.4, 10.4, 84, 84,10.55,167,24.5
2024-09-26 11:23:35,-82.4513,27.7868, 755.5, 2458, 13.1, 10.4, 10.4, 84, 84,10.52,167,24.5
2024-09-26 11:23:36,-82.4514,27.7870, 755.0, 2464, 13.1, 10.3, 10.3, 83, 83,10.49,167,24.4
2024-09-26 11:23:37,-82.4514,27.7872, 754.5, 2470, 13.1, 10.3, 10.3, 83, 83,10.46,167,24.4
2024-09-26 11:23:38,-82.4515,27.7874, 754.0, 2476, 13.1, 10.2, 10.2, 83, 83,10.43,167,24.4
2024-09-26 11:23:39,-82.4516,27.7876, 753.5, 2482, 13.0, 10.2, 10.2, 83, 83,10.41,167,24.3
2024-09-26 11:23:40,-82.4516,27.7878, 752.9, 2488, 13.0, 10.1, 10.1, 82, 82,10.38,167,24.3
2024-09-26 11:23:41,-82.4517,27.7880, 752.4, 2494, 13.0, 10.1, 10.1, 82, 82,10.35,167,24.3
2024-09-26 11:23:42,-82.4517,27.7882, 751.9, 2500, 13.0, 10.1, 10.1, 82, 82,10.36,167,24.2
2024-09-26 11:23:43,-82.4518,27.7884, 751.4, 2505, 13.0, 10.1, 10.1, 83, 83,10.39,167,24.2
2024-09-26 11:23:44,-82.4518,27.7886, 750.9, 2510, 13.0, 10.1, 10.1, 83, 83,10.40,167,24.1
2024-09-26 11:23:45,-82.4519,27.7889, 750.4, 2516, 13.0, 10.1, 10.1, 83, 83,10.42,167,24.1
2024-09-26 11:23:46,-82.4520,27.7891, 750.0, 2521, 13.0, 10.1, 10.1, 83, 83,10.44,167,24.0
2024-09-26 11:23:47,-82.4520,27.7893, 749.5, 2526, 13.0, 10.2, 10.2, 83, 83,10.45,167,24.0
2024-09-26 11:23:48,-82.4521,27.7895, 749.0, 2532, 12.9, 10.2, 10.2, 83, 83,10.48,167,24.0
2024-09-26 11:23:49,-82.4521,27.7897, 748.5, 2537, 12.9, 10.2, 10.2, 83, 83,10.50,166,23.9
2024-09-26 11:23:50,-82.4522,27.7899, 748.1, 2542, 12.9, 10.2, 10.2, 84, 84,10.51,166,23.9
2024-09-26 11:23:51,-82.4522,27.7901, 747.6, 2548, 12.9, 10.2, 10.2, 84, 84,10.53,166,23.8
2024-09-26 11:23:52,-82.4523,27.7903, 747.1, 2553, 12.9, 10.2, 10.2, 84, 84,10.55,166,23.8
2024-09-26 11:23:53,-82.4524,27.7905, 746.7, 2558, 12.9, 10.3, 10.3, 84, 84,10.57,166,23.8
2024-09-26 11:23:54,-82.4524,27.7907, 746.2, 2564, 12.9, 10.3, 10.3, 84, 84,10.59,166,23.7
2024-09-26 11:23:55,-82.4525,27.7909, 745.6, 2570, 12.9, 10.3, 10.3, 84, 84,10.62,166,23.7
2024-09-26 11:23:56,-82.4525,27.7911, 745.1, 2576, 12.9, 10.3, 10.3, 85, 85,10.63,166,23.6
2024-09-26 11:23:57,-82.4526,27.7913, 744.5, 2582, 12.8, 10.3, 10.3, 85, 85,10.65,166,23.6
2024-09-26 11:23:58,-82.4527,27.7916, 744.0, 2589, 12.8, 10.3, 10.3, 85, 85,10.66,166,23.6
2024-09-26 11:23:59,-82.4527,27.7918, 743.4, 2595, 12.8, 10.3, 10.3, 85, 85,10.68,166,23.6
2024-09-26 11:24:00,-82.4528,27.7920, 742.9, 2601, 12.7, 10.4, 10.4, 85, 85,10.69,166,23.6
2024-09-26 11:24:01,-82.4528,27.7922, 742.4, 2607, 12.7, 10.4, 10.4, 86, 86,10.71,166,23.5
2024-09-26 11:24:02,-82.4529,27.7924, 741.8, 2613, 12.7, 10.4, 10.4, 86, 86,10.72,166,23.5
2024-09-26 11:24:03,-82.4529,27.7926, 741.3, 2619, 12.6, 10.4, 10.4, 86, 86,10.73,166,23.5
2024-09-26 11:24:04,-82.4530,27.7928, 740.8, 2624, 12.6, 10.4, 10.4, 86, 86,10.75,166,23.5
2024-09-26 11:24:05,-82.4531,27.7930, 740.3, 2630, 12.6, 10.4, 10.4, 87, 87,10.76,166,23.5
2024-09-26 11:24:06,-82.4531,27.7932, 739.8, 2636, 12.5, 10.4, 10.4, 87, 87,10.78,166,23.5
2024-09-26 11:24:07,-82.4532,27.7934, 739.3, 2641, 12.5, 10.4, 10.4, 87, 87,10.79,166,23.5
2024-09-26 11:24:08,-82.4533,27.7936, 738.9, 2646, 12.5, 10.4, 10.4, 87, 87,10.80,166,23.5
2024-09-26 11:24:09,-82.4533,27.7938, 738.3, 2652, 12.4, 10.4, 10.4, 87, 87,10.76,166,23.5
2024-09-26 11:24:10,-82.4534,27.7940, 737.8, 2658, 12.4, 10.3, 10.3, 87, 87,10.72,166,23.4
2024-09-26 11:24:11,-82.4534,27.7942, 737.4, 2664, 12.4, 10.2, 10.2, 87, 87,10.69,166,23.4
2024-09-26 11:24:12,-82.4535,27.7944, 736.9, 2670, 12.4, 10.2, 10.2, 87, 87,10.65,166,23.4
2024-09-26 11:24:13,-82.4536,27.7946, 736.3, 2675, 12.3, 10.1, 10.1, 86, 86,10.61,166,23.4
2024-09-26 11:24:14,-82.4536,27.7948, 735.8, 2681, 12.3, 10.0, 10.0, 86, 86,10.57,166,23.4
2024-09-26 11:24:15,-82.4537,27.7950, 735.3, 2687, 12.3, 10.0, 10.0, 86, 86,10.54,166,23.4
2024-09-26 11:24:16,-82.4537,27.7952, 734.8, 2693, 12.2,  9.9,  9.9, 86, 86,10.50,166,23.4
2024-09-26 11:24:17,-82.4538,27.7954, 734.3, 2699, 12.2,  9.9,  9.9, 86, 86,10.47,166,23.4
2024-09-26 11:24:18,-82.4539,27.7957, 733.8, 2705, 12.2,  9.8,  9.8, 85, 85,10.43,166,23.4
2024-09-26 11:24:19,-82.4539,27.7959, 733.3, 2711, 12.2,  9.7,  9.7, 85, 85,10.40,165,23.4
2024-09-26 11:24:20,-82.4540,27.7961, 732.8, 2717, 12.1,  9.7,  9.7, 85, 85,10.36,165,23.4
2024-09-26 11:24:21,-82.4541,27.7963, 732.2, 2722, 12.1,  9.6,  9.6, 85, 85,10.33,165,23.4
2024-09-26 11:24:22,-82.4541,27.7965, 731.7, 2728, 12.1,  9.6,  9.6, 85, 85,10.29,165,23.5
2024-09-26 11:24:23,-82.4542,27.7967, 731.2, 2734, 12.0,  9.5,  9.5, 84, 84,10.25,165,23.5
2024-09-26 11:24:24,-82.4542,27.7969, 730.7, 2740, 12.0,  9.4,  9.4, 84, 84,10.21,165,23.5
2024-09-26 11:24:25,-82.4543,27.7971, 730.2, 2746, 11.9,  9.3,  9.3, 84, 84,10.16,165,23.5
2024-09-26 11:24:26,-82.4544,27.7973, 729.7, 2752, 11.9,  9.3,  9.3, 84, 84,10.12,165,23.5
2024-09-26 11:24:27,-82.4544,27.7975, 729.2, 2757, 11.9,  9.2,  9.2, 84, 84,10.08,165,23.5
2024-09-26 11:24:28,-82.4545,27.7977, 728.7, 2763, 11.8,  9.1,  9.1, 84, 84,10.03,165,23.6
2024-09-26 11:24:29,-82.4546,27.7979, 728.1, 2769, 11.8,  9.1,  9.1, 83, 83, 9.99,165,23.6
2024-09-26 11:24:30,-82.4546,27.7981, 727.6, 2776, 11.7,  9.0,  9.0, 83, 83, 9.95,165,23.6
2024-09-26 11:24:31,-82.4547,27.7983, 727.1, 2782, 11.7,  8.9,  8.9, 83, 83, 9.91,165,23.6
2024-09-26 11:24:32,-82.4547,27.7985, 726.5, 2788, 11.6,  8.8,  8.8, 83, 83, 9.87,165,23.6
2024-09-26 11:24:33,-82.4548,27.7987, 726.0, 2794, 11.6,  8.8,  8.8, 83, 83, 9.82,165,23.6
2024-09-26 11:24:34,-82.4549,27.7989, 725.4, 2800, 11.5,  8.7,  8.7, 83, 83, 9.78,165,23.7
2024-09-26 11:24:35,-82.4549,27.7991, 725.0, 2806, 11.5,  8.6,  8.6, 83, 83, 9.75,165,23.7
2024-09-26 11:24:36,-82.4550,27.7993, 724.3, 2814, 11.5,  8.6,  8.6, 83, 83, 9.74,164,23.7
2024-09-26 11:24:37,-82.4551,27.7995, 723.8, 2820, 11.4,  8.6,  8.6, 83, 83, 9.74,164,23.7
2024-09-26 11:24:38,-82.4551,27.7997, 723.2, 2827, 11.4,  8.6,  8.6, 83, 83, 9.73,164,23.7
2024-09-26 11:24:39,-82.4552,27.7999, 722.7, 2833, 11.3,  8.6,  8.6, 83, 83, 9.72,164,23.7
2024-09-26 11:24:40,-82.4553,27.8001, 722.1, 2839, 11.3,  8.5,  8.5, 83, 83, 9.72,164,23.7
2024-09-26 11:24:41,-82.4553,27.8003, 721.6, 2846, 11.3,  8.5,  8.5, 83, 83, 9.71,164,23.7
2024-09-26 11:24:42,-82.4554,27.8005, 721.0, 2852, 11.2,  8.5,  8.5, 83, 83, 9.71,164,23.7
2024-09-26 11:24:43,-82.4555,27.8007, 720.5, 2858, 11.2,  8.5,  8.5, 83, 83, 9.71,164,23.7
2024-09-26 11:24:44,-82.4555,27.8009, 719.9, 2865, 11.1,  8.5,  8.5, 84, 84, 9.70,164,23.7
2024-09-26 11:24:45,-82.4556,27.8012, 719.4, 2871, 11.1,  8.4,  8.4, 84, 84, 9.70,164,23.7
2024-09-26 11:24:46,-82.4556,27.8014, 718.8, 2877, 11.1,  8.4,  8.4, 84, 84, 9.69,164,23.7
2024-09-26 11:24:47,-82.4557,27.8016, 718.3, 2884, 11.0,  8.4,  8.4, 84, 84, 9.68,164,23.7
2024-09-26 11:24:48,-82.4558,27.8018, 717.8, 2890, 11.0,  8.4,  8.4, 84, 84, 9.68,164,23.7
2024-09-26 11:24:49,-82.4558,27.8020, 717.2, 2896, 10.9,  8.4,  8.4, 84, 84, 9.71,164,23.7
2024-09-26 11:24:50,-82.4559,27.8022, 716.7, 2902, 10.9,  8.5,  8.5, 85, 85, 9.75,164,23.7
2024-09-26 11:24:51,-82.4560,27.8024, 716.1, 2909, 10.9,  8.5,  8.5, 85, 85, 9.80,164,23.7
2024-09-26 11:24:52,-82.4560,27.8026, 715.6, 2915, 10.9,  8.6,  8.6, 86, 86, 9.84,164,23.7
2024-09-26 11:24:53,-82.4561,27.8028, 715.1, 2921, 10.8,  8.6,  8.6, 86, 86, 9.89,164,23.6
2024-09-26 11:24:54,-82.4562,27.8030, 714.5, 2928, 10.8,  8.7,  8.7, 87, 87, 9.93,164,23.6
2024-09-26 11:24:55,-82.4562,27.8032, 714.0, 2934, 10.8,  8.8,  8.8, 87, 87, 9.98,164,23.6
2024-09-26 11:24:56,-82.4563,27.8034, 713.4, 2940, 10.8,  8.8,  8.8, 88, 88,10.02,164,23.6
2024-09-26 11:24:57,-82.4564,27.8036, 712.9, 2947, 10.8,  8.9,  8.9, 88, 88,10.07,164,23.6
2024-09-26 11:24:58,-82.4564,27.8038, 712.4, 2953, 10.7,  8.9,  8.9, 89, 89,10.11,164,23.5
2024-09-26 11:24:59,-82.4565,27.8040, 711.8, 2959, 10.7,  9.0,  9.0, 89, 89,10.16,164,23.4
2024-09-26 11:25:00,-82.4565,27.8042, 711.3, 2965, 10.7,  9.0,  9.0, 89, 89,10.20,164,23.3
2024-09-26 11:25:01,-82.4566,27.8044, 710.8, 2972, 10.7,  9.1,  9.1, 90, 90,10.24,164,23.2
2024-09-26 11:25:02,-82.4567,27.8046, 710.2, 2978, 10.6,  9.1,  9.1, 90, 90,10.28,164,23.1
2024-09-26 11:25:03,-82.4567,27.8048, 709.7, 2984, 10.6,  9.1,  9.1, 90, 90,10.29,164,23.0
2024-09-26 11:25:04,-82.4568,27.8049, 709.1, 2990, 10.6,  9.1,  9.1, 91, 91,10.30,164,22.9
2024-09-26 11:25:05,-82.4568,27.8051, 708.6, 2997, 10.5,  9.1,  9.1, 91, 91,10.30,164,22.8
2024-09-26 11:25:06,-82.4569,27.8053, 708.1, 3004, 10.5,  9.1,  9.1, 91, 91,10.30,164,22.7
2024-09-26 11:25:07,-82.4569,27.8055, 707.5, 3010, 10.5,  9.1,  9.1, 91, 91,10.30,164,22.6
2024-09-26 11:25:08,-82.4570,27.8057, 707.0, 3017, 10.4,  9.1,  9.1, 91, 91,10.31,164,22.5
2024-09-26 11:25:09,-82.4571,27.8059, 706.4, 3023, 10.4,  9.1,  9.1, 92, 92,10.31,164,22.4
2024-09-26 11:25:10,-82.4571,27.8060, 705.9, 3029, 10.3,  9.1,  9.1, 92, 92,10.31,164,22.3
2024-09-26 11:25:11,-82.4572,27.8062, 705.3, 3036, 10.3,  9.1,  9.1, 92, 92,10.32,164,22.2
2024-09-26 11:25:12,-82.4572,27.8064, 704.8, 3042, 10.3,  9.1,  9.1, 92, 92,10.32,164,22.1
2024-09-26 11:25:13,-82.4573,27.8066, 704.3, 3049, 10.2,  9.0,  9.0, 92, 92,10.32,164,22.0
2024-09-26 11:25:14,-82.4573,27.8068, 703.7, 3055, 10.2,  9.0,  9.0, 92, 92,10.33,164,21.9
2024-09-26 11:25:15,-82.4574,27.8069, 703.2, 3061, 10.2,  9.0,  9.0, 93, 93,10.33,164,21.8
2024-09-26 11:25:16,-82.4575,27.8071, 702.7, 3068, 10.1,  9.0,  9.0, 93, 93,10.32,164,21.7
2024-09-26 11:25:17,-82.4575,27.8073, 702.1, 3074, 10.1,  9.0,  9.0, 93, 93,10.31,165,21.6
2024-09-26 11:25:18,-82.4576,27.8075, 701.6, 3080, 10.1,  9.0,  9.0, 93, 93,10.31,165,21.5
2024-09-26 11:25:19,-82.4576,27.8077, 701.1, 3086, 10.1,  8.9,  8.9, 93, 93,10.30,165,21.5
2024-09-26 11:25:20,-82.4577,27.8079, 700.6, 3093, 10.0,  8.9,  8.9, 93, 93,10.29,165,21.4
2024-09-26 11:25:21,-82.4577,27.8080, 700.0, 3099, 10.0,  8.9,  8.9, 93, 93,10.29,165,21.3
2024-09-26 11:25:22,-82.4578,27.8082, 699.5, 3105, 10.0,  8.9,  8.9, 93, 93,10.28,165,21.3
2024-09-26 11:25:23,-82.4578,27.8084, 699.0, 3111, 10.0,  8.9,  8.9, 93, 93,10.28,165,21.2
2024-09-26 11:25:24,-82.4579,27.8086, 698.5, 3117, 10.0,  8.8,  8.8, 93, 93,10.27,165,21.2
2024-09-26 11:25:25,-82.4580,27.8088, 698.0, 3123,  9.9,  8.8,  8.8, 93, 93,10.26,165,21.1
2024-09-26 11:25:26,-82.4580,27.8090, 697.5, 3129,  9.9,  8.8,  8.8, 93, 93,10.26,165,21.1
2024-09-26 11:25:27,-82.4581,27.8091, 697.0, 3135,  9.9,  8.8,  8.8, 93, 93,10.25,165,21.0
2024-09-26 11:25:28,-82.4581,27.8093, 696.5, 3141,  9.9,  8.8,  8.8, 93, 93,10.24,165,20.9
2024-09-26 11:25:29,-82.4582,27.8095, 696.0, 3147,  9.8,  8.8,  8.8, 93, 93,10.24,165,20.9
2024-09-26 11:25:30,-82.4582,27.8097, 695.5, 3153,  9.8,  8.8,  8.8, 93, 93,10.26,165,20.8
2024-09-26 11:25:31,-82.4583,27.8099, 695.0, 3159,  9.8,  8.8,  8.8, 93, 93,10.27,165,20.8
2024-09-26 11:25:32,-82.4583,27.8100, 694.5, 3165,  9.8,  8.8,  8.8, 93, 93,10.27,165,20.7
2024-09-26 11:25:33,-82.4584,27.8102, 694.0, 3171,  9.8,  8.8,  8.8, 94, 94,10.29,165,20.7
2024-09-26 11:25:34,-82.4584,27.8104, 693.5, 3177,  9.7,  8.8,  8.8, 94, 94,10.29,165,20.6
2024-09-26 11:25:35,-82.4585,27.8105, 693.0, 3183,  9.7,  8.8,  8.8, 94, 94,10.30,165,20.6
2024-09-26 11:25:36,-82.4585,27.8107, 692.5, 3189,  9.7,  8.8,  8.8, 94, 94,10.32,165,20.5
2024-09-26 11:25:37,-82.4586,27.8109, 691.9, 3196,  9.7,  8.8,  8.8, 94, 94,10.33,165,20.4
2024-09-26 11:25:38,-82.4586,27.8111, 691.4, 3202,  9.7,  8.8,  8.8, 94, 94,10.34,165,20.4
2024-09-26 11:25:39,-82.4587,27.8112, 690.9, 3208,  9.7,  8.8,  8.8, 94, 94,10.35,165,20.3
2024-09-26 11:25:40,-82.4587,27.8114, 690.4, 3214,  9.6,  8.8,  8.8, 94, 94,10.36,165,20.3
2024-09-26 11:25:41,-82.4588,27.8116, 689.9, 3220,  9.6,  8.8,  8.8, 95, 95,10.37,165,20.2
2024-09-26 11:25:42,-82.4588,27.8117, 689.4, 3227,  9.6,  8.8,  8.8, 95, 95,10.38,165,20.2
2024-09-26 11:25:43,-82.4589,27.8119, 688.9, 3232,  9.6,  8.8,  8.8, 95, 95,10.36,165,20.1
2024-09-26 11:25:44,-82.4589,27.8121, 688.4, 3238,  9.5,  8.7,  8.7, 95, 95,10.34,165,20.1
2024-09-26 11:25:45,-82.4590,27.8122, 687.9, 3244,  9.5,  8.7,  8.7, 95, 95,10.30,165,20.0
2024-09-26 11:25:46,-82.4590,27.8124, 687.4, 3250,  9.4,  8.6,  8.6, 95, 95,10.27,165,19.9
2024-09-26 11:25:47,-82.4591,27.8126, 686.9, 3256,  9.4,  8.6,  8.6, 95, 95,10.25,165,19.9
2024-09-26 11:25:48,-82.4591,27.8128, 686.4, 3262,  9.3,  8.5,  8.5, 95, 95,10.21,165,19.8
2024-09-26 11:25:49,-82.4592,27.8129, 685.9, 3268,  9.3,  8.5,  8.5, 95, 95,10.18,165,19.8
2024-09-26 11:25:50,-82.4592,27.8131, 685.4, 3275,  9.2,  8.4,  8.4, 95, 95,10.16,165,19.7
2024-09-26 11:25:51,-82.4593,27.8133, 684.9, 3281,  9.2,  8.4,  8.4, 95, 95,10.13,165,19.7
2024-09-26 11:25:52,-82.4593,27.8134, 684.4, 3287,  9.1,  8.3,  8.3, 95, 95,10.09,165,19.6
2024-09-26 11:25:53,-82.4594,27.8136, 683.9, 3293,  9.1,  8.2,  8.2, 95, 95,10.07,165,19.6
2024-09-26 11:25:54,-82.4594,27.8138, 683.4, 3300,  9.0,  8.2,  8.2, 95, 95,10.04,165,19.5
2024-09-26 11:25:55,-82.4595,27.8139, 682.8, 3306,  9.0,  8.1,  8.1, 94, 94,10.01,165,19.5
2024-09-26 11:25:56,-82.4595,27.8141, 682.3, 3312,  8.9,  8.0,  8.0, 94, 94, 9.95,165,19.4
2024-09-26 11:25:57,-82.4596,27.8143, 681.8, 3318,  8.8,  7.9,  7.9, 94, 94, 9.86,166,19.3
2024-09-26 11:25:58,-82.4596,27.8145, 681.3, 3325,  8.7,  7.8,  7.8, 93, 93, 9.77,166,19.3
2024-09-26 11:25:59,-82.4597,27.8146, 680.8, 3331,  8.7,  7.6,  7.6, 93, 93, 9.68,166,19.3
2024-09-26 11:26:00,-82.4597,27.8148, 680.3, 3337,  8.6,  7.5,  7.5, 93, 93, 9.60,166,19.3
2024-09-26 11:26:01,-82.4598,27.8150, 679.8, 3343,  8.5,  7.3,  7.3, 92, 92, 9.51,166,19.3
2024-09-26 11:26:02,-82.4598,27.8151, 679.3, 3349,  8.4,  7.2,  7.2, 92, 92, 9.43,166,19.3
2024-09-26 11:26:03,-82.4598,27.8153, 678.8, 3355,  8.3,  7.1,  7.1, 92, 92, 9.34,166,19.3
2024-09-26 11:26:04,-82.4599,27.8155, 678.3, 3361,  8.2,  6.9,  6.9, 92, 92, 9.26,166,19.3
2024-09-26 11:26:05,-82.4599,27.8156, 677.8, 3367,  8.1,  6.8,  6.8, 91, 91, 9.17,166,19.3
2024-09-26 11:26:06,-82.4600,27.8158, 677.3, 3373,  8.0,  6.6,  6.6, 91, 91, 9.09,166,19.2
2024-09-26 11:26:07,-82.4600,27.8160, 676.8, 3379,  8.0,  6.5,  6.5, 90, 90, 9.00,166,19.2
2024-09-26 11:26:08,-82.4600,27.8161, 676.3, 3385,  7.9,  6.3,  6.3, 90, 90, 8.92,166,19.2
2024-09-26 11:26:09,-82.4601,27.8163, 675.8, 3391,  7.8,  6.2,  6.2, 90, 90, 8.83,166,19.2
2024-09-26 11:26:10,-82.4601,27.8165, 675.4, 3397,  7.7,  6.0,  6.0, 89, 89, 8.73,166,19.2
2024-09-26 11:26:11,-82.4602,27.8166, 674.9, 3403,  7.6,  5.8,  5.8, 89, 89, 8.62,166,19.2
2024-09-26 11:26:12,-82.4602,27.8168, 674.4, 3409,  7.5,  5.6,  5.6, 88, 88, 8.51,166,19.2
2024-09-26 11:26:13,-82.4602,27.8170, 673.9, 3415,  7.4,  5.5,  5.5, 88, 88, 8.41,167,19.2
2024-09-26 11:26:14,-82.4603,27.8172, 673.4, 3421,  7.3,  5.3,  5.3, 87, 87, 8.31,167,19.2
2024-09-26 11:26:15,-82.4603,27.8173, 672.9, 3427,  7.2,  5.1,  5.1, 87, 87, 8.21,167,19.2
2024-09-26 11:26:16,-82.4604,27.8175, 672.5, 3433,  7.1,  4.9,  4.9, 86, 86, 8.10,167,19.1
2024-09-26 11:26:17,-82.4604,27.8177, 672.0, 3439,  7.0,  4.7,  4.7, 86, 86, 8.01,167,19.1
2024-09-26 11:26:18,-82.4604,27.8178, 671.5, 3444,  6.9,  4.5,  4.5, 85, 85, 7.91,167,19.1
2024-09-26 11:26:19,-82.4605,27.8180, 671.0, 3450,  6.8,  4.3,  4.3, 85, 85, 7.81,167,19.1
2024-09-26 11:26:20,-82.4605,27.8182, 670.5, 3456,  6.7,  4.2,  4.2, 84, 84, 7.71,167,19.1
2024-09-26 11:26:21,-82.4606,27.8184, 670.0, 3462,  6.6,  4.0,  4.0, 84, 84, 7.62,167,19.1
2024-09-26 11:26:22,-82.4606,27.8185, 669.5, 3469,  6.4,  3.9,  3.9, 84, 84, 7.57,167,19.1
2024-09-26 11:26:23,-82.4606,27.8187, 669.1, 3474,  6.5,  4.0,  4.0, 84, 84, 7.62,168,19.1
2024-09-26 11:26:24,-82.4607,27.8188, 668.6, 3480,  6.5,  4.0,  4.0, 84, 84, 7.67,168,19.1
2024-09-26 11:26:25,-82.4607,27.8190, 668.1, 3487,  6.5,  4.1,  4.1, 85, 85, 7.72,168,19.1
2024-09-26 11:26:26,-82.4608,27.8192, 667.6, 3493,  6.5,  4.2,  4.2, 85, 85, 7.78,168,19.1
2024-09-26 11:26:27,-82.4608,27.8193, 667.0, 3499,  6.5,  4.3,  4.3, 86, 86, 7.83,168,19.1
2024-09-26 11:26:28,-82.4608,27.8195, 666.5, 3505,  6.6,  4.4,  4.4, 86, 86, 7.88,168,19.1
2024-09-26 11:26:29,-82.4609,27.8197, 666.0, 3512,  6.6,  4.4,  4.4, 86, 86, 7.93,168,19.1
2024-09-26 11:26:30,-82.4609,27.8198, 665.5, 3518,  6.6,  4.5,  4.5, 87, 87, 7.98,169,19.1
2024-09-26 11:26:31,-82.4610,27.8200, 665.0, 3524,  6.6,  4.6,  4.6, 87, 87, 8.03,169,19.1
2024-09-26 11:26:32,-82.4610,27.8202, 664.5, 3530,  6.6,  4.7,  4.7, 87, 87, 8.09,169,19.1
2024-09-26 11:26:33,-82.4610,27.8204, 664.0, 3536,  6.7,  4.8,  4.8, 88, 88, 8.14,169,19.1
2024-09-26 11:26:34,-82.4610,27.8205, 663.5, 3543,  6.7,  4.9,  4.9, 88, 88, 8.19,169,19.1
2024-09-26 11:26:35,-82.4611,27.8206, 663.0, 3549,  6.7,  4.9,  4.9, 88, 88, 8.24,169,19.0
2024-09-26 11:26:36,-82.4611,27.8209, 662.7, 3553,  6.7,  5.0,  5.0, 89, 89, 8.26,169,19.0
2024-09-26 11:26:37,-82.4611,27.8210, 661.9, 3563,  6.7,  5.0,  5.0, 89, 89, 8.28,170,19.0
2024-09-26 11:26:38,-82.4612,27.8212, 661.4, 3570,  6.7,  5.0,  5.0, 89, 89, 8.30,170,19.0
2024-09-26 11:26:39,-82.4612,27.8214, 660.8, 3577,  6.7,  5.0,  5.0, 89, 89, 8.31,170,19.0
2024-09-26 11:26:40,-82.4612,27.8215, 660.3, 3584,  6.7,  5.0,  5.0, 89, 89, 8.33,170,19.0
2024-09-26 11:26:41,-82.4612,27.8217, 659.7, 3591,  6.7,  5.0,  5.0, 89, 89, 8.35,170,19.0
2024-09-26 11:26:42,-82.4613,27.8219, 659.2, 3597,  6.7,  5.1,  5.1, 89, 89, 8.36,170,19.0
2024-09-26 11:26:43,-82.4613,27.8220, 658.7, 3603,  6.7,  5.1,  5.1, 90, 90, 8.38,170,19.0
2024-09-26 11:26:44,-82.4613,27.8222, 658.2, 3610,  6.7,  5.1,  5.1, 90, 90, 8.40,170,19.0
2024-09-26 11:26:45,-82.4614,27.8224, 657.7, 3616,  6.7,  5.1,  5.1, 90, 90, 8.41,170,19.0
2024-09-26 11:26:46,-82.4614,27.8226, 657.2, 3622,  6.7,  5.1,  5.1, 90, 90, 8.43,170,19.0
2024-09-26 11:26:47,-82.4614,27.8228, 656.7, 3628,  6.7,  5.1,  5.1, 90, 90, 8.45,170,19.0
2024-09-26 11:26:48,-82.4614,27.8229, 656.0, 3636,  6.7,  5.2,  5.2, 90, 90, 8.47,171,19.0
2024-09-26 11:26:49,-82.4615,27.8231, 655.7, 3640,  6.7,  5.1,  5.1, 90, 90, 8.46,171,19.0
2024-09-26 11:26:50,-82.4615,27.8232, 655.3, 3646,  6.6,  5.1,  5.1, 90, 90, 8.41,171,19.0
2024-09-26 11:26:51,-82.4615,27.8234, 654.8, 3651,  6.6,  5.0,  5.0, 89, 89, 8.37,171,19.0
2024-09-26 11:26:52,-82.4616,27.8236, 654.3, 3657,  6.5,  4.9,  4.9, 89, 89, 8.33,171,19.0
2024-09-26 11:26:53,-82.4616,27.8237, 653.9, 3663,  6.5,  4.8,  4.8, 89, 89, 8.29,171,19.0
2024-09-26 11:26:54,-82.4616,27.8239, 653.4, 3669,  6.5,  4.7,  4.7, 89, 89, 8.24,171,19.0
2024-09-26 11:26:55,-82.4616,27.8241, 652.9, 3675,  6.4,  4.6,  4.6, 88, 88, 8.20,171,19.0
2024-09-26 11:26:56,-82.4617,27.8242, 652.5, 3681,  6.4,  4.5,  4.5, 88, 88, 8.15,171,19.0
2024-09-26 11:26:57,-82.4617,27.8244, 652.0, 3687,  6.4,  4.5,  4.5, 88, 88, 8.11,171,19.0
2024-09-26 11:26:58,-82.4617,27.8246, 651.5, 3693,  6.3,  4.4,  4.4, 87, 87, 8.07,171,19.0
2024-09-26 11:26:59,-82.4618,27.8248, 651.0, 3699,  6.3,  4.3,  4.3, 87, 87, 8.03,172,19.0
2024-09-26 11:27:00,-82.4618,27.8249, 650.5, 3705,  6.3,  4.2,  4.2, 87, 87, 7.99,172,19.0
2024-09-26 11:27:01,-82.4618,27.8251, 650.1, 3711,  6.2,  4.1,  4.1, 86, 86, 7.94,172,19.1
2024-09-26 11:27:02,-82.4618,27.8253, 649.6, 3717,  6.2,  4.0,  4.0, 86, 86, 7.90,172,19.1
2024-09-26 11:27:03,-82.4619,27.8254, 649.1, 3723,  6.2,  4.0,  4.0, 86, 86, 7.86,172,19.1
2024-09-26 11:27:04,-82.4619,27.8256, 648.6, 3729,  6.1,  3.9,  3.9, 86, 86, 7.84,172,19.1
2024-09-26 11:27:05,-82.4619,27.8258, 648.2, 3735,  6.1,  3.8,  3.8, 85, 85, 7.81,172,19.1
2024-09-26 11:27:06,-82.4619,27.8260, 647.7, 3741,  6.1,  3.8,  3.8, 85, 85, 7.78,172,19.1
2024-09-26 11:27:07,-82.4620,27.8262, 647.2, 3747,  6.1,  3.7,  3.7, 85, 85, 7.75,172,19.1
2024-09-26 11:27:08,-82.4620,27.8263, 646.8, 3753,  6.1,  3.7,  3.7, 84, 84, 7.73,172,19.2
2024-09-26 11:27:09,-82.4620,27.8265, 646.3, 3759,  6.1,  3.6,  3.6, 84, 84, 7.70,172,19.2
2024-09-26 11:27:10,-82.4621,27.8267, 645.8, 3765,  6.1,  3.5,  3.5, 84, 84, 7.67,172,19.2
2024-09-26 11:27:11,-82.4621,27.8269, 645.4, 3771,  6.1,  3.5,  3.5, 83, 83, 7.64,172,19.2
2024-09-26 11:27:12,-82.4621,27.8270, 644.9, 3777,  6.1,  3.4,  3.4, 83, 83, 7.61,172,19.2
2024-09-26 11:27:13,-82.4621,27.8272, 644.4, 3783,  6.1,  3.4,  3.4, 83, 83, 7.59,172,19.2
2024-09-26 11:27:14,-82.4622,27.8274, 644.0, 3789,  6.0,  3.3,  3.3, 83, 83, 7.56,172,19.3
2024-09-26 11:27:15,-82.4622,27.8276, 643.4, 3796,  6.0,  3.2,  3.2, 82, 82, 7.52,172,19.3
2024-09-26 11:27:16,-82.4622,27.8277, 643.1, 3800,  6.0,  3.2,  3.2, 82, 82, 7.52,172,19.3
2024-09-26 11:27:17,-82.4622,27.8279, 642.6, 3806,  6.0,  3.2,  3.2, 82, 82, 7.53,172,19.3
2024-09-26 11:27:18,-82.4623,27.8281, 642.1, 3812,  6.0,  3.2,  3.2, 82, 82, 7.53,173,19.3
2024-09-26 11:27:19,-82.4623,27.8283, 641.7, 3818,  6.0,  3.2,  3.2, 82, 82, 7.53,173,19.4
2024-09-26 11:27:20,-82.4623,27.8284, 641.2, 3824,  6.0,  3.2,  3.2, 82, 82, 7.53,173,19.4
2024-09-26 11:27:21,-82.4623,27.8286, 640.7, 3830,  6.0,  3.2,  3.2, 82, 82, 7.54,173,19.4
2024-09-26 11:27:22,-82.4624,27.8288, 640.3, 3836,  6.0,  3.2,  3.2, 82, 82, 7.54,173,19.5
2024-09-26 11:27:23,-82.4624,27.8290, 639.8, 3842,  6.0,  3.2,  3.2, 82, 82, 7.54,173,19.5
2024-09-26 11:27:24,-82.4624,27.8291, 639.3, 3848,  5.9,  3.2,  3.2, 82, 82, 7.54,173,19.5
2024-09-26 11:27:25,-82.4624,27.8293, 638.8, 3854,  5.9,  3.2,  3.2, 82, 82, 7.54,173,19.6
2024-09-26 11:27:26,-82.4625,27.8295, 638.3, 3860,  5.9,  3.1,  3.1, 82, 82, 7.54,173,19.6
2024-09-26 11:27:27,-82.4625,27.8297, 637.9, 3867,  5.9,  3.1,  3.1, 82, 82, 7.55,173,19.6
2024-09-26 11:27:28,-82.4625,27.8298, 637.4, 3873,  5.9,  3.1,  3.1, 82, 82, 7.55,173,19.7
2024-09-26 11:27:29,-82.4625,27.8300, 636.9, 3880,  5.9,  3.1,  3.1, 82, 82, 7.55,173,19.7
2024-09-26 11:27:30,-82.4626,27.8302, 636.4, 3886,  5.9,  3.1,  3.1, 82, 82, 7.53,173,19.7
2024-09-26 11:27:31,-82.4626,27.8304, 635.9, 3892,  5.9,  3.1,  3.1, 82, 82, 7.52,173,19.8
2024-09-26 11:27:32,-82.4626,27.8306, 635.4, 3899,  5.8,  3.0,  3.0, 82, 82, 7.51,173,19.8
2024-09-26 11:27:33,-82.4626,27.8307, 634.9, 3905,  5.8,  3.0,  3.0, 82, 82, 7.49,173,19.8
2024-09-26 11:27:34,-82.4627,27.8309, 634.4, 3911,  5.8,  2.9,  2.9, 82, 82, 7.48,173,19.9
2024-09-26 11:27:35,-82.4627,27.8311, 633.9, 3918,  5.8,  2.9,  2.9, 82, 82, 7.47,173,19.9
2024-09-26 11:27:36,-82.4627,27.8313, 633.4, 3924,  5.8,  2.9,  2.9, 82, 82, 7.45,173,19.9
2024-09-26 11:27:37,-82.4627,27.8315, 632.9, 3930,  5.8,  2.8,  2.8, 81, 81, 7.44,173,20.0
2024-09-26 11:27:38,-82.4627,27.8316, 632.5, 3936,  5.7,  2.8,  2.8, 81, 81, 7.42,173,20.0
2024-09-26 11:27:39,-82.4628,27.8318, 632.0, 3942,  5.7,  2.8,  2.8, 81, 81, 7.41,173,20.0
2024-09-26 11:27:40,-82.4628,27.8320, 631.5, 3949,  5.7,  2.7,  2.7, 81, 81, 7.39,173,20.0
2024-09-26 11:27:41,-82.4628,27.8322, 631.1, 3955,  5.7,  2.7,  2.7, 81, 81, 7.38,173,20.0
2024-09-26 11:27:42,-82.4629,27.8324, 630.6, 3961,  5.7,  2.6,  2.6, 81, 81, 7.37,173,20.0
2024-09-26 11:27:43,-82.4629,27.8326, 630.1, 3967,  5.6,  2.6,  2.6, 81, 81, 7.36,173,20.0
2024-09-26 11:27:44,-82.4629,27.8327, 629.6, 3973,  5.6,  2.6,  2.6, 81, 81, 7.34,173,20.0
2024-09-26 11:27:45,-82.4629,27.8329, 629.2, 3979,  5.6,  2.5,  2.5, 81, 81, 7.33,173,20.1
2024-09-26 11:27:46,-82.4630,27.8331, 628.7, 3985,  5.6,  2.5,  2.5, 81, 81, 7.32,173,20.1
2024-09-26 11:27:47,-82.4630,27.8333, 628.2, 3992,  5.5,  2.5,  2.5, 81, 81, 7.31,173,20.1
2024-09-26 11:27:48,-82.4630,27.8335, 627.7, 3998,  5.5,  2.4,  2.4, 81, 81, 7.30,173,20.1
2024-09-26 11:27:49,-82.4630,27.8336, 627.3, 4004,  5.5,  2.4,  2.4, 81, 81, 7.28,173,20.1
2024-09-26 11:27:50,-82.4631,27.8338, 626.8, 4010,  5.4,  2.4,  2.4, 81, 81, 7.27,173,20.1
2024-09-26 11:27:51,-82.4631,27.8340, 626.3, 4017,  5.4,  2.3,  2.3, 81, 81, 7.26,173,20.1
2024-09-26 11:27:52,-82.4631,27.8342, 625.8, 4023,  5.4,  2.3,  2.3, 81, 81, 7.25,173,20.2
2024-09-26 11:27:53,-82.4631,27.8344, 625.4, 4029,  5.4,  2.3,  2.3, 80, 80, 7.23,173,20.2
2024-09-26 11:27:54,-82.4632,27.8346, 624.9, 4035,  5.3,  2.2,  2.2, 80, 80, 7.22,173,20.2
2024-09-26 11:27:55,-82.4632,27.8347, 624.2, 4044,  5.3,  2.2,  2.2, 80, 80, 7.20,173,20.2
2024-09-26 11:27:56,-82.4632,27.8349, 624.0, 4048,  5.3,  2.2,  2.2, 80, 80, 7.20,173,20.2
2024-09-26 11:27:57,-82.4632,27.8351, 623.5, 4054,  5.2,  2.2,  2.2, 80, 80, 7.19,173,20.2
2024-09-26 11:27:58,-82.4633,27.8353, 623.0, 4060,  5.2,  2.1,  2.1, 81, 81, 7.18,173,20.3
2024-09-26 11:27:59,-82.4633,27.8355, 622.5, 4066,  5.1,  2.1,  2.1, 81, 81, 7.18,173,20.3
2024-09-26 11:28:00,-82.4633,27.8356, 622.1, 4072,  5.1,  2.1,  2.1, 81, 81, 7.16,173,20.4
2024-09-26 11:28:01,-82.4633,27.8358, 621.6, 4079,  5.1,  2.0,  2.0, 81, 81, 7.15,173,20.4
2024-09-26 11:28:02,-82.4633,27.8360, 621.1, 4085,  5.0,  2.0,  2.0, 81, 81, 7.15,173,20.5
2024-09-26 11:28:03,-82.4634,27.8362, 620.6, 4091,  5.0,  2.0,  2.0, 81, 81, 7.14,173,20.6
2024-09-26 11:28:04,-82.4634,27.8364, 620.2, 4097,  4.9,  2.0,  2.0, 81, 81, 7.13,174,20.6
2024-09-26 11:28:05,-82.4634,27.8366, 619.7, 4103,  4.9,  1.9,  1.9, 81, 81, 7.12,174,20.7
2024-09-26 11:28:06,-82.4634,27.8368, 619.2, 4110,  4.8,  1.9,  1.9, 81, 81, 7.11,174,20.7
2024-09-26 11:28:07,-82.4634,27.8370, 618.8, 4116,  4.8,  1.9,  1.9, 81, 81, 7.10,174,20.8
2024-09-26 11:28:08,-82.4634,27.8372, 618.3, 4122,  4.8,  1.8,  1.8, 81, 81, 7.10,174,20.8
2024-09-26 11:28:09,-82.4635,27.8374, 617.8, 4128,  4.7,  1.8,  1.8, 81, 81, 7.09,174,20.9
2024-09-26 11:28:10,-82.4635,27.8376, 617.4, 4134,  4.7,  1.8,  1.8, 81, 81, 7.07,174,20.9
2024-09-26 11:28:11,-82.4635,27.8378, 616.9, 4140,  4.6,  1.7,  1.7, 82, 82, 7.06,174,21.0
2024-09-26 11:28:12,-82.4635,27.8380, 616.5, 4146,  4.6,  1.7,  1.7, 82, 82, 7.04,174,21.1
2024-09-26 11:28:13,-82.4635,27.8382, 616.0, 4153,  4.5,  1.7,  1.7, 82, 82, 7.03,174,21.1
2024-09-26 11:28:14,-82.4635,27.8384, 615.5, 4159,  4.5,  1.6,  1.6, 82, 82, 7.02,174,21.2
2024-09-26 11:28:15,-82.4636,27.8386, 615.0, 4165,  4.5,  1.6,  1.6, 82, 82, 7.01,174,21.2
2024-09-26 11:28:16,-82.4636,27.8388, 614.6, 4171,  4.4,  1.6,  1.6, 82, 82, 6.99,175,21.3
2024-09-26 11:28:17,-82.4636,27.8390, 614.1, 4177,  4.4,  1.5,  1.5, 82, 82, 6.99,175,21.3
2024-09-26 11:28:18,-82.4636,27.8392, 613.6, 4184,  4.3,  1.5,  1.5, 82, 82, 6.97,175,21.4
2024-09-26 11:28:19,-82.4636,27.8394, 613.2, 4190,  4.3,  1.5,  1.5, 82, 82, 6.96,175,21.5
2024-09-26 11:28:20,-82.4636,27.8395, 612.7, 4196,  4.2,  1.4,  1.4, 82, 82, 6.95,175,21.6
2024-09-26 11:28:21,-82.4637,27.8399, 612.4, 4200,  4.2,  1.4,  1.4, 82, 82, 6.94,175,21.6
2024-09-26 11:28:22,-82.4637,27.8400, 611.6, 4211,  4.1,  1.3,  1.3, 82, 82, 6.92,175,21.8
2024-09-26 11:28:23,-82.4637,27.8402, 611.3, 4215,  4.1,  1.3,  1.3, 82, 82, 6.91,175,21.8
2024-09-26 11:28:24,-82.4637,27.8404, 610.8, 4221,  4.1,  1.3,  1.3, 82, 82, 6.89,175,21.9
2024-09-26 11:28:25,-82.4637,27.8406, 610.4, 4227,  4.0,  1.2,  1.2, 82, 82, 6.87,176,21.9
2024-09-26 11:28:26,-82.4637,27.8408, 609.9, 4234,  4.0,  1.2,  1.2, 82, 82, 6.85,176,22.0
2024-09-26 11:28:27,-82.4638,27.8410, 609.4, 4240,  3.9,  1.1,  1.1, 82, 82, 6.83,176,22.1
2024-09-26 11:28:28,-82.4638,27.8412, 608.9, 4247,  3.9,  1.1,  1.1, 82, 82, 6.81,176,22.2
2024-09-26 11:28:29,-82.4638,27.8414, 608.4, 4253,  3.8,  1.0,  1.0, 82, 82, 6.80,176,22.3
2024-09-26 11:28:30,-82.4638,27.8416, 608.0, 4259,  3.8,  1.0,  1.0, 82, 82, 6.77,176,22.3
2024-09-26 11:28:31,-82.4638,27.8418, 607.5, 4266,  3.7,  0.9,  0.9, 82, 82, 6.76,176,22.4
2024-09-26 11:28:32,-82.4638,27.8420, 607.0, 4272,  3.7,  0.9,  0.9, 82, 82, 6.74,176,22.5
2024-09-26 11:28:33,-82.4638,27.8422, 606.5, 4279,  3.6,  0.8,  0.8, 82, 82, 6.72,177,22.6
2024-09-26 11:28:34,-82.4639,27.8424, 606.1, 4285,  3.6,  0.8,  0.8, 82, 82, 6.70,177,22.6
2024-09-26 11:28:35,-82.4639,27.8426, 605.6, 4291,  3.5,  0.7,  0.7, 82, 82, 6.68,177,22.7
2024-09-26 11:28:36,-82.4639,27.8428, 605.1, 4298,  3.5,  0.7,  0.7, 82, 82, 6.66,177,22.8
2024-09-26 11:28:37,-82.4639,27.8430, 604.6, 4304,  3.4,  0.6,  0.6, 82, 82, 6.65,177,22.9
2024-09-26 11:28:38,-82.4639,27.8432, 604.2, 4310,  3.4,  0.6,  0.6, 82, 82, 6.64,177,22.8
2024-09-26 11:28:39,-82.4639,27.8434, 603.7, 4317,  3.3,  0.6,  0.6, 82, 82, 6.63,177,22.8
2024-09-26 11:28:40,-82.4640,27.8436, 603.2, 4323,  3.3,  0.5,  0.5, 82, 82, 6.62,177,22.7
2024-09-26 11:28:41,-82.4640,27.8438, 602.7, 4330,  3.2,  0.5,  0.5, 82, 82, 6.61,177,22.6
2024-09-26 11:28:42,-82.4640,27.8440, 602.3, 4336,  3.2,  0.5,  0.5, 82, 82, 6.60,177,22.6
2024-09-26 11:28:43,-82.4640,27.8442, 601.8, 4343,  3.1,  0.4,  0.4, 82, 82, 6.59,177,22.5
2024-09-26 11:28:44,-82.4640,27.8443, 601.3, 4349,  3.1,  0.4,  0.4, 83, 83, 6.58,177,22.5
2024-09-26 11:28:45,-82.4640,27.8445, 600.8, 4355,  3.0,  0.4,  0.4, 83, 83, 6.57,177,22.4
2024-09-26 11:28:46,-82.4640,27.8447, 600.3, 4362,  3.0,  0.4,  0.4, 83, 83, 6.56,177,22.4
2024-09-26 11:28:47,-82.4641,27.8449, 599.9, 4368,  2.9,  0.3,  0.3, 83, 83, 6.54,177,22.3
2024-09-26 11:28:48,-82.4641,27.8451, 599.4, 4375,  2.9,  0.3,  0.3, 83, 83, 6.54,177,22.3
2024-09-26 11:28:49,-82.4641,27.8453, 598.9, 4381,  2.8,  0.3,  0.3, 83, 83, 6.53,177,22.2
2024-09-26 11:28:50,-82.4641,27.8455, 598.4, 4388,  2.8,  0.2,  0.2, 83, 83, 6.52,177,22.1
2024-09-26 11:28:51,-82.4641,27.8457, 598.0, 4394,  2.7,  0.2,  0.2, 83, 83, 6.51,176,22.1
2024-09-26 11:28:52,-82.4641,27.8459, 597.5, 4401,  2.7,  0.2,  0.2, 83, 83, 6.50,176,22.0
2024-09-26 11:28:53,-82.4642,27.8461, 597.0, 4407,  2.7,  0.2,  0.2, 84, 84, 6.50,176,22.0
2024-09-26 11:28:54,-82.4642,27.8463, 596.5, 4413,  2.6,  0.1,  0.1, 84, 84, 6.50,176,21.9
2024-09-26 11:28:55,-82.4642,27.8465, 596.1, 4420,  2.6,  0.1,  0.1, 84, 84, 6.49,176,21.9
2024-09-26 11:28:56,-82.4642,27.8467, 595.6, 4426,  2.5,  0.1,  0.1, 84, 84, 6.49,176,21.8
2024-09-26 11:28:57,-82.4642,27.8469, 595.2, 4432,  2.5,  0.1,  0.1, 84, 84, 6.48,176,21.8
2024-09-26 11:28:58,-82.4642,27.8471, 594.7, 4438,  2.5,  0.0,  0.0, 84, 84, 6.47,176,21.7
2024-09-26 11:28:59,-82.4642,27.8473, 594.3, 4444,  2.4,  0.0,  0.0, 84, 84, 6.47,176,21.7
2024-09-26 11:29:00,-82.4643,27.8475, 593.8, 4451,  2.4,  0.0,  0.0, 84, 84, 6.46,176,21.7
2024-09-26 11:29:01,-82.4643,27.8477, 593.3, 4457,  2.3, -0.0, -0.0, 84, 84, 6.46,176,21.7
2024-09-26 11:29:02,-82.4643,27.8479, 592.9, 4464,  2.3, -0.0, -0.0, 85, 85, 6.45,176,21.6
2024-09-26 11:29:03,-82.4643,27.8481, 592.4, 4470,  2.3, -0.1, -0.1, 85, 85, 6.45,176,21.6
2024-09-26 11:29:04,-82.4643,27.8483, 591.9, 4476,  2.2, -0.1, -0.1, 85, 85, 6.45,175,21.6
2024-09-26 11:29:05,-82.4644,27.8485, 591.5, 4482,  2.2, -0.1, -0.1, 85, 85, 6.45,175,21.6
2024-09-26 11:29:06,-82.4644,27.8487, 591.0, 4489,  2.2, -0.1, -0.1, 85, 85, 6.45,175,21.6
2024-09-26 11:29:07,-82.4644,27.8489, 590.6, 4495,  2.1, -0.1, -0.1, 85, 85, 6.45,175,21.5
2024-09-26 11:29:08,-82.4644,27.8491, 590.1, 4501,  2.1, -0.1, -0.1, 85, 85, 6.45,175,21.5
2024-09-26 11:29:09,-82.4645,27.8493, 589.6, 4507,  2.1, -0.1, -0.1, 85, 85, 6.45,175,21.5
2024-09-26 11:29:10,-82.4645,27.8495, 589.2, 4513,  2.1, -0.1, -0.1, 85, 85, 6.45,175,21.5
2024-09-26 11:29:11,-82.4645,27.8496, 588.7, 4520,  2.0, -0.1, -0.1, 86, 86, 6.46,175,21.4
2024-09-26 11:29:12,-82.4645,27.8498, 588.3, 4527,  2.0, -0.1, -0.1, 86, 86, 6.46,174,21.4
2024-09-26 11:29:13,-82.4646,27.8500, 587.8, 4533,  2.0, -0.1, -0.1, 86, 86, 6.46,174,21.4
2024-09-26 11:29:14,-82.4646,27.8502, 587.3, 4540,  1.9, -0.2, -0.1, 86, 86, 6.46,174,21.4
2024-09-26 11:29:15,-82.4646,27.8505, 586.9, 4546,  1.9, -0.2, -0.2, 86, 86, 6.46,174,21.4
2024-09-26 11:29:16,-82.4646,27.8506, 586.3, 4555,  1.9, -0.2, -0.2, 86, 86, 6.46,174,21.3
2024-09-26 11:29:17,-82.4647,27.8508, 585.9, 4559,  1.8, -0.2, -0.2, 86, 86, 6.45,174,21.3
2024-09-26 11:29:18,-82.4647,27.8510, 585.5, 4565,  1.8, -0.2, -0.2, 86, 86, 6.44,174,21.4
2024-09-26 11:29:19,-82.4647,27.8512, 585.0, 4571,  1.8, -0.3, -0.3, 86, 86, 6.42,174,21.4
2024-09-26 11:29:20,-82.4648,27.8514, 584.6, 4577,  1.8, -0.3, -0.3, 86, 86, 6.41,174,21.4
2024-09-26 11:29:21,-82.4648,27.8516, 584.1, 4583,  1.7, -0.4, -0.3, 86, 86, 6.39,174,21.5
2024-09-26 11:29:22,-82.4648,27.8518, 583.7, 4589,  1.7, -0.4, -0.4, 86, 86, 6.38,174,21.5
2024-09-26 11:29:23,-82.4648,27.8520, 583.3, 4596,  1.7, -0.5, -0.4, 86, 86, 6.36,174,21.6
2024-09-26 11:29:24,-82.4649,27.8522, 582.8, 4602,  1.6, -0.5, -0.5, 86, 86, 6.34,174,21.6
2024-09-26 11:29:25,-82.4649,27.8524, 582.4, 4608,  1.6, -0.5, -0.5, 86, 86, 6.33,174,21.7
2024-09-26 11:29:26,-82.4649,27.8526, 581.9, 4614,  1.6, -0.6, -0.5, 86, 86, 6.32,173,21.7
2024-09-26 11:29:27,-82.4649,27.8528, 581.5, 4621,  1.5, -0.6, -0.6, 85, 85, 6.30,173,21.8
2024-09-26 11:29:28,-82.4650,27.8530, 581.0, 4627,  1.5, -0.7, -0.6, 85, 85, 6.29,173,21.8
2024-09-26 11:29:29,-82.4650,27.8532, 580.6, 4633,  1.5, -0.7, -0.6, 85, 85, 6.27,173,21.8
2024-09-26 11:29:30,-82.4650,27.8534, 580.1, 4639,  1.5, -0.8, -0.7, 85, 85, 6.26,173,21.9
2024-09-26 11:29:31,-82.4650,27.8535, 579.6, 4646,  1.4, -0.8, -0.7, 85, 85, 6.25,173,21.9
2024-09-26 11:29:32,-82.4651,27.8537, 579.2, 4652,  1.4, -0.8, -0.7, 85, 85, 6.24,173,22.0
2024-09-26 11:29:33,-82.4651,27.8539, 578.7, 4658,  1.3, -0.8, -0.8, 85, 85, 6.23,173,22.0
2024-09-26 11:29:34,-82.4651,27.8541, 578.3, 4665,  1.3, -0.9, -0.8, 85, 85, 6.22,173,22.1
2024-09-26 11:29:35,-82.4652,27.8543, 577.8, 4671,  1.3, -0.9, -0.8, 85, 85, 6.21,173,22.1
2024-09-26 11:29:36,-82.4652,27.8546, 577.4, 4677,  1.2, -0.9, -0.8, 85, 85, 6.20,173,22.1
2024-09-26 11:29:37,-82.4652,27.8548, 576.9, 4684,  1.2, -1.0, -0.9, 85, 85, 6.19,173,22.2
2024-09-26 11:29:38,-82.4652,27.8550, 576.5, 4690,  1.2, -1.0, -0.9, 85, 85, 6.18,173,22.2
2024-09-26 11:29:39,-82.4653,27.8552, 576.0, 4697,  1.1, -1.0, -0.9, 85, 85, 6.17,173,22.3
2024-09-26 11:29:40,-82.4653,27.8554, 575.6, 4703,  1.1, -1.1, -1.0, 85, 85, 6.16,173,22.3
2024-09-26 11:29:41,-82.4653,27.8556, 575.1, 4709,  1.1, -1.1, -1.0, 85, 85, 6.16,173,22.4
2024-09-26 11:29:42,-82.4654,27.8558, 574.6, 4716,  1.0, -1.1, -1.0, 85, 85, 6.15,173,22.4
2024-09-26 11:29:43,-82.4654,27.8560, 574.2, 4722,  1.0, -1.2, -1.0, 85, 85, 6.14,173,22.5
2024-09-26 11:29:44,-82.4654,27.8562, 573.8, 4728,  1.0, -1.2, -1.1, 85, 85, 6.12,173,22.5
2024-09-26 11:29:45,-82.4655,27.8564, 573.3, 4734,  0.9, -1.2, -1.1, 85, 85, 6.11,173,22.5
2024-09-26 11:29:46,-82.4655,27.8566, 572.9, 4741,  0.9, -1.3, -1.1, 85, 85, 6.09,173,22.6
2024-09-26 11:29:47,-82.4655,27.8568, 572.4, 4747,  0.9, -1.3, -1.2, 85, 85, 6.08,173,22.6
2024-09-26 11:29:48,-82.4655,27.8570, 572.0, 4753,  0.9, -1.4, -1.2, 85, 85, 6.07,173,22.7
2024-09-26 11:29:49,-82.4656,27.8572, 571.5, 4759,  0.8, -1.4, -1.3, 85, 85, 6.05,173,22.7
2024-09-26 11:29:50,-82.4656,27.8574, 571.1, 4766,  0.8, -1.4, -1.3, 85, 85, 6.04,173,22.8
2024-09-26 11:29:51,-82.4656,27.8576, 570.6, 4772,  0.8, -1.5, -1.3, 85, 85, 6.03,173,22.8
2024-09-26 11:29:52,-82.4657,27.8579, 570.2, 4778,  0.7, -1.5, -1.4, 85, 85, 6.01,173,22.9
2024-09-26 11:29:53,-82.4657,27.8581, 569.7, 4785,  0.7, -1.6, -1.4, 85, 85, 6.00,173,22.9
2024-09-26 11:29:54,-82.4657,27.8583, 569.3, 4791,  0.7, -1.6, -1.4, 85, 85, 5.99,173,23.0
2024-09-26 11:29:55,-82.4657,27.8585, 568.8, 4797,  0.6, -1.7, -1.5, 85, 85, 5.97,173,23.0
2024-09-26 11:29:56,-82.4658,27.8587, 568.4, 4804,  0.6, -1.7, -1.5, 84, 84, 5.96,173,23.0
2024-09-26 11:29:57,-82.4658,27.8589, 567.9, 4810,  0.6, -1.7, -1.5, 85, 85, 5.95,173,23.1
2024-09-26 11:29:58,-82.4658,27.8591, 567.5, 4816,  0.6, -1.7, -1.5, 85, 85, 5.96,173,23.1
2024-09-26 11:29:59,-82.4659,27.8593, 567.1, 4822,  0.5, -1.7, -1.5, 85, 85, 5.96,173,23.1
2024-09-26 11:30:00,-82.4659,27.8595, 566.6, 4829,  0.5, -1.7, -1.5, 85, 85, 5.97,173,23.1
2024-09-26 11:30:01,-82.4659,27.8597, 566.2, 4835,  0.5, -1.7, -1.5, 85, 85, 5.98,173,23.1
2024-09-26 11:30:02,-82.4660,27.8599, 565.7, 4841,  0.4, -1.7, -1.5, 85, 85, 5.98,173,23.1
2024-09-26 11:30:03,-82.4660,27.8601, 565.3, 4848,  0.4, -1.7, -1.5, 86, 86, 5.99,173,23.1
2024-09-26 11:30:04,-82.4660,27.8603, 564.8, 4854,  0.4, -1.7, -1.5, 86, 86, 5.99,173,23.1
2024-09-26 11:30:05,-82.4660,27.8605, 564.4, 4860,  0.4, -1.7, -1.5, 86, 86, 6.00,173,23.1
2024-09-26 11:30:06,-82.4661,27.8607, 564.0, 4866,  0.3, -1.7, -1.5, 86, 86, 6.01,173,23.1
2024-09-26 11:30:07,-82.4661,27.8610, 563.5, 4872,  0.3, -1.7, -1.5, 86, 86, 6.01,173,23.1
2024-09-26 11:30:08,-82.4661,27.8612, 563.1, 4879,  0.3, -1.7, -1.5, 87, 87, 6.01,173,23.1
2024-09-26 11:30:09,-82.4661,27.8614, 562.7, 4885,  0.2, -1.7, -1.5, 87, 87, 6.02,173,23.1
2024-09-26 11:30:10,-82.4661,27.8616, 562.2, 4892,  0.2, -1.7, -1.5, 87, 87, 6.03,173,23.1
2024-09-26 11:30:11,-82.4662,27.8618, 561.8, 4897,  0.2, -1.8, -1.6, 87, 87, 6.00,173,23.1
2024-09-26 11:30:12,-82.4662,27.8620, 561.4, 4903,  0.2, -1.8, -1.6, 86, 86, 5.98,173,23.1
2024-09-26 11:30:13,-82.4662,27.8622, 561.0, 4909,  0.2, -1.9, -1.7, 86, 86, 5.95,173,23.1
2024-09-26 11:30:14,-82.4662,27.8624, 560.6, 4915,  0.1, -2.0, -1.7, 86, 86, 5.92,173,23.1
2024-09-26 11:30:15,-82.4662,27.8626, 560.2, 4921,  0.1, -2.0, -1.8, 85, 85, 5.90,174,23.1
2024-09-26 11:30:16,-82.4663,27.8628, 559.7, 4927,  0.1, -2.1, -1.9, 85, 85, 5.87,174,23.1
2024-09-26 11:30:17,-82.4663,27.8630, 559.3, 4933,  0.1, -2.2, -1.9, 85, 85, 5.84,174,23.1
2024-09-26 11:30:18,-82.4663,27.8632, 558.9, 4939,  0.1, -2.3, -2.0, 84, 84, 5.81,174,23.1
2024-09-26 11:30:19,-82.4663,27.8635, 558.5, 4945,  0.1, -2.3, -2.1, 84, 84, 5.79,174,23.2
2024-09-26 11:30:20,-82.4663,27.8637, 558.0, 4951,  0.0, -2.4, -2.1, 84, 84, 5.76,174,23.2
2024-09-26 11:30:21,-82.4664,27.8639, 557.6, 4957,  0.0, -2.5, -2.2, 83, 83, 5.74,174,23.2
2024-09-26 11:30:22,-82.4664,27.8641, 557.2, 4963,  0.0, -2.5, -2.3, 83, 83, 5.71,174,23.2
2024-09-26 11:30:23,-82.4664,27.8643, 556.8, 4970, -0.0, -2.6, -2.3, 83, 83, 5.68,174,23.2
2024-09-26 11:30:24,-82.4664,27.8645, 556.3, 4976, -0.0, -2.8, -2.4, 82, 82, 5.63,174,23.2
2024-09-26 11:30:25,-82.4664,27.8647, 555.9, 4982, -0.0, -2.9, -2.6, 81, 81, 5.56,175,23.2
2024-09-26 11:30:26,-82.4665,27.8649, 555.5, 4988, -0.1, -3.1, -2.7, 80, 80, 5.49,175,23.2
2024-09-26 11:30:27,-82.4665,27.8651, 555.1, 4995, -0.1, -3.3, -2.9, 79, 79, 5.42,175,23.2
2024-09-26 11:30:28,-82.4665,27.8653, 554.6, 5001, -0.1, -3.4, -3.1, 78, 78, 5.36,175,23.3
2024-09-26 11:30:29,-82.4665,27.8655, 554.2, 5007, -0.1, -3.6, -3.2, 77, 77, 5.29,175,23.3
2024-09-26 11:30:30,-82.4665,27.8658, 553.8, 5013, -0.1, -3.8, -3.4, 76, 76, 5.22,175,23.3
2024-09-26 11:30:31,-82.4666,27.8660, 553.4, 5018, -0.1, -4.0, -3.5, 75, 75, 5.15,175,23.3
2024-09-26 11:30:32,-82.4666,27.8662, 553.0, 5024, -0.1, -4.2, -3.7, 74, 74, 5.08,175,23.3
2024-09-26 11:30:33,-82.4666,27.8664, 552.6, 5030, -0.1, -4.4, -3.9, 73, 73, 5.02,175,23.3
2024-09-26 11:30:34,-82.4666,27.8666, 552.2, 5036, -0.2, -4.6, -4.0, 72, 72, 4.95,176,23.3
2024-09-26 11:30:35,-82.4666,27.8668, 551.8, 5041, -0.2, -4.8, -4.2, 71, 71, 4.88,176,23.3
2024-09-26 11:30:36,-82.4666,27.8670, 551.4, 5047, -0.2, -4.9, -4.4, 70, 70, 4.81,176,23.4
2024-09-26 11:30:37,-82.4667,27.8672, 551.0, 5053, -0.2, -5.1, -4.5, 69, 69, 4.75,176,23.4
2024-09-26 11:30:38,-82.4667,27.8674, 550.6, 5059, -0.2, -5.2, -4.6, 69, 69, 4.74,176,23.3
2024-09-26 11:30:39,-82.4667,27.8676, 550.2, 5065, -0.3, -5.2, -4.6, 69, 69, 4.72,176,23.3
2024-09-26 11:30:40,-82.4667,27.8678, 549.8, 5071, -0.3, -5.3, -4.7, 69, 69, 4.70,176,23.3
2024-09-26 11:30:41,-82.4667,27.8680, 549.4, 5077, -0.3, -5.3, -4.7, 69, 69, 4.68,176,23.3
2024-09-26 11:30:42,-82.4667,27.8683, 549.0, 5083, -0.4, -5.4, -4.8, 69, 69, 4.67,176,23.3
2024-09-26 11:30:43,-82.4668,27.8685, 548.5, 5089, -0.4, -5.5, -4.8, 69, 69, 4.65,176,23.3
2024-09-26 11:30:44,-82.4668,27.8687, 548.1, 5095, -0.4, -5.5, -4.9, 68, 69, 4.63,176,23.3
2024-09-26 11:30:45,-82.4668,27.8689, 547.7, 5102, -0.5, -5.6, -5.0, 68, 69, 4.61,176,23.3
2024-09-26 11:30:46,-82.4668,27.8691, 547.3, 5108, -0.5, -5.6, -5.0, 68, 68, 4.60,176,23.2
2024-09-26 11:30:47,-82.4668,27.8693, 546.8, 5114, -0.5, -5.7, -5.1, 68, 68, 4.58,176,23.2
2024-09-26 11:30:48,-82.4668,27.8695, 546.4, 5120, -0.6, -5.8, -5.1, 68, 68, 4.56,176,23.2
2024-09-26 11:30:49,-82.4669,27.8698, 546.0, 5126, -0.6, -5.8, -5.2, 68, 68, 4.55,176,23.2
2024-09-26 11:30:50,-82.4669,27.8699, 545.5, 5133, -0.6, -5.9, -5.2, 68, 68, 4.52,176,23.2
2024-09-26 11:30:51,-82.4669,27.8701, 545.2, 5138, -0.7, -5.8, -5.1, 68, 69, 4.57,176,23.2
2024-09-26 11:30:52,-82.4669,27.8703, 544.8, 5144, -0.7, -5.6, -5.0, 69, 70, 4.63,176,23.2
2024-09-26 11:30:53,-82.4669,27.8705, 544.4, 5150, -0.7, -5.4, -4.8, 70, 71, 4.69,176,23.2
2024-09-26 11:30:54,-82.4669,27.8707, 544.0, 5156, -0.8, -5.3, -4.7, 71, 72, 4.75,176,23.1
2024-09-26 11:30:55,-82.4670,27.8710, 543.5, 5162, -0.8, -5.1, -4.6, 72, 73, 4.81,176,23.1
2024-09-26 11:30:56,-82.4670,27.8712, 543.1, 5168, -0.8, -5.0, -4.4, 74, 74, 4.88,176,23.1
2024-09-26 11:30:57,-82.4670,27.8714, 542.7, 5175, -0.9, -4.8, -4.3, 75, 75, 4.94,176,23.1
2024-09-26 11:30:58,-82.4670,27.8716, 542.3, 5181, -0.9, -4.7, -4.2, 76, 76, 4.99,176,23.1
2024-09-26 11:30:59,-82.4670,27.8718, 541.9, 5187, -1.0, -4.5, -4.0, 77, 77, 5.05,176,23.1
2024-09-26 11:31:00,-82.4670,27.8720, 541.5, 5193, -1.0, -4.4, -3.9, 78, 78, 5.11,176,23.1
2024-09-26 11:31:01,-82.4670,27.8722, 541.1, 5199, -1.0, -4.2, -3.8, 79, 79, 5.17,176,23.1
2024-09-26 11:31:02,-82.4671,27.8724, 540.7, 5205, -1.1, -4.1, -3.6, 80, 81, 5.23,176,23.1
2024-09-26 11:31:03,-82.4671,27.8726, 540.3, 5210, -1.1, -4.0, -3.5, 81, 82, 5.29,176,23.1
2024-09-26 11:31:04,-82.4671,27.8728, 539.9, 5216, -1.1, -3.8, -3.4, 82, 83, 5.34,176,23.1
2024-09-26 11:31:05,-82.4671,27.8730, 539.5, 5222, -1.2, -3.8, -3.4, 82, 83, 5.35,176,23.1
2024-09-26 11:31:06,-82.4671,27.8732, 539.0, 5228, -1.2, -3.8, -3.4, 82, 83, 5.36,176,23.1
2024-09-26 11:31:07,-82.4671,27.8735, 538.6, 5234, -1.2, -3.8, -3.4, 83, 84, 5.37,176,23.1
2024-09-26 11:31:08,-82.4671,27.8737, 538.2, 5240, -1.2, -3.8, -3.4, 83, 84, 5.39,176,23.1
2024-09-26 11:31:09,-82.4671,27.8739, 537.8, 5247, -1.3, -3.8, -3.3, 83, 84, 5.40,176,23.2
2024-09-26 11:31:10,-82.4671,27.8741, 537.4, 5253, -1.3, -3.7, -3.3, 83, 84, 5.41,177,23.2
2024-09-26 11:31:11,-82.4672,27.8743, 537.0, 5259, -1.3, -3.7, -3.3, 84, 85, 5.42,177,23.2
2024-09-26 11:31:12,-82.4672,27.8745, 536.6, 5265, -1.3, -3.7, -3.3, 84, 85, 5.43,177,23.2
2024-09-26 11:31:13,-82.4672,27.8747, 536.2, 5271, -1.3, -3.7, -3.3, 84, 85, 5.44,177,23.2
2024-09-26 11:31:14,-82.4672,27.8749, 535.7, 5277, -1.4, -3.7, -3.3, 84, 85, 5.46,177,23.2
2024-09-26 11:31:15,-82.4672,27.8751, 535.3, 5284, -1.4, -3.7, -3.2, 85, 86, 5.47,177,23.2
2024-09-26 11:31:16,-82.4672,27.8754, 534.9, 5290, -1.4, -3.6, -3.2, 85, 86, 5.48,177,23.2
2024-09-26 11:31:17,-82.4672,27.8756, 534.4, 5297, -1.4, -3.6, -3.2, 85, 86, 5.49,177,23.2
2024-09-26 11:31:18,-82.4672,27.8758, 534.0, 5303, -1.5, -3.7, -3.3, 85, 86, 5.47,177,23.2
2024-09-26 11:31:19,-82.4672,27.8760, 533.6, 5309, -1.5, -3.7, -3.3, 85, 86, 5.45,177,23.2
2024-09-26 11:31:20,-82.4672,27.8762, 533.2, 5316, -1.5, -3.8, -3.4, 84, 85, 5.43,177,23.3
2024-09-26 11:31:21,-82.4672,27.8764, 532.8, 5322, -1.5, -3.8, -3.4, 84, 85, 5.41,177,23.3
2024-09-26 11:31:22,-82.4672,27.8766, 532.3, 5328, -1.5, -3.9, -3.5, 84, 85, 5.40,177,23.3
2024-09-26 11:31:23,-82.4673,27.8768, 531.9, 5335, -1.5, -4.0, -3.5, 83, 85, 5.38,177,23.3
2024-09-26 11:31:24,-82.4673,27.8770, 531.5, 5341, -1.5, -4.0, -3.6, 83, 84, 5.36,177,23.4
2024-09-26 11:31:25,-82.4673,27.8773, 531.1, 5347, -1.5, -4.1, -3.6, 83, 84, 5.34,178,23.4
2024-09-26 11:31:26,-82.4673,27.8775, 530.7, 5354, -1.5, -4.1, -3.7, 83, 84, 5.32,178,23.4
2024-09-26 11:31:27,-82.4673,27.8777, 530.2, 5360, -1.6, -4.2, -3.7, 82, 84, 5.30,178,23.4
2024-09-26 11:31:28,-82.4673,27.8779, 529.8, 5366, -1.6, -4.2, -3.8, 82, 83, 5.28,178,23.5
2024-09-26 11:31:29,-82.4673,27.8781, 529.4, 5373, -1.6, -4.3, -3.8, 82, 83, 5.26,178,23.5
2024-09-26 11:31:30,-82.4673,27.8783, 529.0, 5379, -1.6, -4.4, -3.9, 81, 83, 5.24,178,23.5
2024-09-26 11:31:31,-82.4673,27.8785, 528.6, 5385, -1.6, -4.4, -3.9, 81, 82, 5.22,178,23.5
2024-09-26 11:31:32,-82.4673,27.8787, 528.2, 5391, -1.6, -4.5, -4.0, 81, 82, 5.20,178,23.5
2024-09-26 11:31:33,-82.4673,27.8789, 527.7, 5398, -1.7, -4.6, -4.1, 81, 82, 5.17,178,23.6
2024-09-26 11:31:34,-82.4673,27.8792, 527.3, 5404, -1.7, -4.7, -4.1, 80, 82, 5.14,178,23.6
2024-09-26 11:31:35,-82.4674,27.8794, 526.9, 5410, -1.7, -4.7, -4.2, 80, 81, 5.12,178,23.6
2024-09-26 11:31:36,-82.4674,27.8796, 526.5, 5416, -1.8, -4.8, -4.3, 80, 81, 5.09,178,23.6
2024-09-26 11:31:37,-82.4674,27.8798, 526.1, 5422, -1.8, -4.9, -4.3, 79, 81, 5.06,179,23.7
2024-09-26 11:31:38,-82.4674,27.8800, 525.7, 5429, -1.8, -5.0, -4.4, 79, 80, 5.04,178,23.7
2024-09-26 11:31:39,-82.4674,27.8802, 525.3, 5435, -1.9, -5.1, -4.5, 79, 80, 5.00,178,23.7
2024-09-26 11:31:40,-82.4674,27.8804, 524.9, 5441, -1.9, -5.1, -4.6, 78, 80, 4.98,178,23.7
2024-09-26 11:31:41,-82.4674,27.8807, 524.5, 5447, -1.9, -5.2, -4.6, 78, 80, 4.95,178,23.7
2024-09-26 11:31:42,-82.4675,27.8809, 524.0, 5453, -2.0, -5.3, -4.7, 78, 79, 4.93,178,23.7
2024-09-26 11:31:43,-82.4675,27.8811, 523.6, 5460, -2.0, -5.4, -4.8, 78, 79, 4.90,178,23.8
2024-09-26 11:31:44,-82.4675,27.8813, 523.2, 5466, -2.0, -5.5, -4.9, 77, 79, 4.87,178,23.8
2024-09-26 11:31:45,-82.4675,27.8815, 522.8, 5472, -2.1, -5.6, -4.9, 77, 78, 4.84,178,23.8
2024-09-26 11:31:46,-82.4675,27.8817, 522.4, 5479, -2.1, -5.6, -5.0, 77, 78, 4.82,178,23.8
2024-09-26 11:31:47,-82.4676,27.8820, 522.0, 5485, -2.1, -5.7, -5.1, 76, 78, 4.79,178,23.8
2024-09-26 11:31:48,-82.4676,27.8822, 521.5, 5492, -2.2, -5.8, -5.2, 76, 78, 4.76,178,23.8
2024-09-26 11:31:49,-82.4676,27.8824, 521.1, 5498, -2.2, -5.9, -5.2, 76, 77, 4.74,177,23.8
2024-09-26 11:31:50,-82.4676,27.8826, 520.8, 5505, -2.2, -6.0, -5.3, 75, 77, 4.71,177,23.9
2024-09-26 11:31:51,-82.4676,27.8828, 520.4, 5511, -2.3, -6.1, -5.4, 75, 77, 4.68,177,23.9
2024-09-26 11:31:52,-82.4676,27.8830, 520.0, 5516, -2.3, -6.1, -5.5, 75, 76, 4.65,177,23.9
2024-09-26 11:31:53,-82.4677,27.8833, 519.6, 5522, -2.3, -6.2, -5.5, 75, 76, 4.63,177,23.9
2024-09-26 11:31:54,-82.4677,27.8835, 519.2, 5528, -2.4, -6.3, -5.6, 74, 76, 4.60,177,23.9
2024-09-26 11:31:55,-82.4677,27.8837, 518.8, 5534, -2.4, -6.4, -5.7, 74, 76, 4.58,177,23.9
2024-09-26 11:31:56,-82.4677,27.8839, 518.4, 5539, -2.4, -6.5, -5.8, 74, 75, 4.55,177,23.9
2024-09-26 11:31:57,-82.4677,27.8841, 518.0, 5546, -2.5, -6.6, -5.8, 73, 75, 4.52,177,24.0
2024-09-26 11:31:58,-82.4677,27.8843, 517.5, 5552, -2.5, -6.7, -5.9, 73, 75, 4.49,177,24.0
2024-09-26 11:31:59,-82.4678,27.8846, 517.1, 5559, -2.5, -6.8, -6.0, 72, 74, 4.46,177,24.0
2024-09-26 11:32:00,-82.4678,27.8848, 516.7, 5565, -2.5, -6.9, -6.1, 72, 74, 4.43,176,24.0
2024-09-26 11:32:01,-82.4678,27.8850, 516.3, 5572, -2.5, -6.9, -6.2, 72, 73, 4.41,176,24.0
2024-09-26 11:32:02,-82.4678,27.8852, 515.9, 5579, -2.5, -7.0, -6.3, 71, 73, 4.38,176,24.0
2024-09-26 11:32:03,-82.4678,27.8854, 515.4, 5585, -2.5, -7.1, -6.3, 71, 72, 4.35,176,24.0
2024-09-26 11:32:04,-82.4678,27.8856, 515.0, 5592, -2.5, -7.2, -6.4, 70, 72, 4.32,176,24.0
2024-09-26 11:32:05,-82.4679,27.8859, 514.6, 5598, -2.5, -7.3, -6.5, 70, 71, 4.29,176,24.0
2024-09-26 11:32:06,-82.4679,27.8861, 514.2, 5605, -2.6, -7.4, -6.6, 69, 71, 4.27,176,24.0
2024-09-26 11:32:07,-82.4679,27.8863, 513.7, 5612, -2.6, -7.5, -6.7, 69, 70, 4.24,176,24.0
2024-09-26 11:32:08,-82.4679,27.8865, 513.3, 5618, -2.6, -7.6, -6.8, 68, 70, 4.21,175,24.0
2024-09-26 11:32:09,-82.4679,27.8867, 512.9, 5625, -2.6, -7.7, -6.9, 68, 70, 4.18,175,24.0
2024-09-26 11:32:10,-82.4680,27.8869, 512.4, 5632, -2.6, -7.8, -6.9, 67, 69, 4.16,175,24.0
2024-09-26 11:32:11,-82.4680,27.8871, 512.0, 5638, -2.6, -7.9, -7.0, 67, 69, 4.13,175,24.0
2024-09-26 11:32:12,-82.4680,27.8874, 511.6, 5645, -2.6, -8.0, -7.1, 67, 68, 4.10,175,24.1
2024-09-26 11:32:13,-82.4680,27.8876, 511.1, 5651, -2.6, -8.1, -7.2, 66, 68, 4.07,175,24.1
2024-09-26 11:32:14,-82.4681,27.8878, 510.7, 5658, -2.7, -8.2, -7.3, 66, 67, 4.04,175,24.1
2024-09-26 11:32:15,-82.4681,27.8880, 510.3, 5665, -2.7, -8.3, -7.4, 65, 67, 4.01,175,24.1
2024-09-26 11:32:16,-82.4681,27.8882, 509.8, 5672, -2.7, -8.4, -7.5, 65, 66, 3.99,174,24.1
2024-09-26 11:32:17,-82.4681,27.8884, 509.4, 5679, -2.7, -8.5, -7.6, 64, 66, 3.96,174,24.1
2024-09-26 11:32:18,-82.4682,27.8886, 508.9, 5686, -2.7, -8.6, -7.6, 64, 66, 3.93,174,24.1
2024-09-26 11:32:19,-82.4682,27.8888, 508.5, 5693, -2.8, -8.7, -7.7, 64, 65, 3.90,174,24.1
2024-09-26 11:32:20,-82.4682,27.8891, 508.1, 5699, -2.8, -8.8, -7.8, 63, 65, 3.87,174,24.0
2024-09-26 11:32:21,-82.4682,27.8893, 507.7, 5706, -2.8, -8.9, -7.9, 63, 64, 3.85,174,24.0
2024-09-26 11:32:22,-82.4682,27.8895, 507.2, 5713, -2.8, -9.0, -8.0, 62, 64, 3.82,174,24.0
2024-09-26 11:32:23,-82.4683,27.8897, 506.8, 5719, -2.8, -9.1, -8.1, 62, 64, 3.79,174,24.0
2024-09-26 11:32:24,-82.4683,27.8899, 506.5, 5724, -2.8, -9.2, -8.2, 62, 63, 3.77,174,24.0
2024-09-26 11:32:25,-82.4683,27.8901, 506.0, 5733, -2.9, -9.1, -8.1, 62, 64, 3.79,174,24.0
2024-09-26 11:32:26,-82.4683,27.8903, 505.5, 5739, -2.9, -9.1, -8.1, 62, 64, 3.81,174,24.0
2024-09-26 11:32:27,-82.4684,27.8906, 505.1, 5746, -2.9, -9.0, -8.0, 63, 64, 3.83,174,24.0
2024-09-26 11:32:28,-82.4684,27.8908, 504.7, 5753, -2.9, -9.0, -8.0, 63, 65, 3.85,174,23.9
2024-09-26 11:32:29,-82.4684,27.8910, 504.3, 5759, -2.9, -8.9, -7.9, 63, 65, 3.87,174,23.9
2024-09-26 11:32:30,-82.4684,27.8912, 503.8, 5766, -3.0, -8.9, -7.9, 64, 66, 3.89,174,23.9
2024-09-26 11:32:31,-82.4685,27.8914, 503.4, 5773, -3.0, -8.8, -7.8, 64, 66, 3.91,174,23.9
2024-09-26 11:32:32,-82.4685,27.8916, 503.0, 5779, -3.0, -8.8, -7.8, 64, 66, 3.92,175,23.9
2024-09-26 11:32:33,-82.4685,27.8918, 502.6, 5785, -3.0, -8.7, -7.8, 65, 67, 3.94,175,23.9
2024-09-26 11:32:34,-82.4685,27.8921, 502.2, 5792, -3.1, -8.7, -7.7, 65, 67, 3.96,175,23.9
2024-09-26 11:32:35,-82.4686,27.8923, 501.8, 5798, -3.1, -8.6, -7.7, 66, 68, 3.98,175,23.9
2024-09-26 11:32:36,-82.4686,27.8925, 501.4, 5804, -3.1, -8.6, -7.6, 66, 68, 4.00,175,23.8
2024-09-26 11:32:37,-82.4686,27.8927, 501.0, 5811, -3.1, -8.5, -7.6, 66, 68, 4.02,175,23.8
2024-09-26 11:32:38,-82.4686,27.8930, 500.6, 5817, -3.2, -8.5, -7.5, 67, 69, 4.03,175,23.8
2024-09-26 11:32:39,-82.4687,27.8931, 500.0, 5826, -3.2, -8.4, -7.5, 67, 70, 4.07,175,23.8
2024-09-26 11:32:40,-82.4687,27.8933, 499.7, 5831, -3.2, -8.3, -7.4, 68, 70, 4.09,175,23.8
2024-09-26 11:32:41,-82.4687,27.8936, 499.3, 5838, -3.3, -8.3, -7.4, 68, 71, 4.11,175,23.8
2024-09-26 11:32:42,-82.4687,27.8938, 498.9, 5844, -3.3, -8.2, -7.3, 69, 71, 4.14,175,23.8
2024-09-26 11:32:43,-82.4688,27.8940, 498.4, 5851, -3.4, -8.1, -7.2, 70, 72, 4.17,175,23.8
2024-09-26 11:32:44,-82.4688,27.8942, 498.0, 5858, -3.4, -8.0, -7.2, 70, 72, 4.19,175,23.8
2024-09-26 11:32:45,-82.4688,27.8944, 497.5, 5866, -3.4, -8.0, -7.1, 71, 73, 4.22,175,23.8
2024-09-26 11:32:46,-82.4688,27.8946, 497.0, 5873, -3.5, -7.9, -7.0, 71, 74, 4.25,175,23.8
2024-09-26 11:32:47,-82.4689,27.8948, 496.6, 5880, -3.5, -7.8, -7.0, 72, 74, 4.28,175,23.8
2024-09-26 11:32:48,-82.4689,27.8950, 496.1, 5888, -3.5, -7.8, -6.9, 73, 75, 4.30,175,23.8
2024-09-26 11:32:49,-82.4689,27.8953, 495.7, 5895, -3.6, -7.7, -6.8, 73, 76, 4.33,175,23.8
2024-09-26 11:32:50,-82.4689,27.8955, 495.3, 5902, -3.6, -7.6, -6.8, 74, 76, 4.35,175,23.8
2024-09-26 11:32:51,-82.4690,27.8957, 494.9, 5909, -3.7, -7.6, -6.7, 74, 77, 4.38,175,23.8
2024-09-26 11:32:52,-82.4690,27.8959, 494.4, 5915, -3.7, -7.5, -6.7, 75, 77, 4.40,175,23.8
2024-09-26 11:32:53,-82.4690,27.8961, 494.0, 5922, -3.8, -7.5, -6.7, 75, 78, 4.41,175,23.8
2024-09-26 11:32:54,-82.4690,27.8963, 493.6, 5929, -3.8, -7.5, -6.7, 76, 78, 4.42,175,23.8
2024-09-26 11:32:55,-82.4691,27.8965, 493.2, 5935, -3.8, -7.5, -6.6, 76, 79, 4.44,175,23.8
2024-09-26 11:32:56,-82.4691,27.8967, 492.7, 5942, -3.9, -7.4, -6.6, 76, 79, 4.45,175,23.8
2024-09-26 11:32:57,-82.4691,27.8970, 492.3, 5949, -3.9, -7.4, -6.6, 77, 80, 4.46,175,23.8
2024-09-26 11:32:58,-82.4691,27.8972, 491.9, 5955, -4.0, -7.4, -6.6, 77, 80, 4.47,174,23.8
2024-09-26 11:32:59,-82.4692,27.8974, 491.5, 5962, -4.0, -7.4, -6.5, 78, 81, 4.48,174,23.7
2024-09-26 11:33:00,-82.4692,27.8976, 491.1, 5968, -4.1, -7.3, -6.5, 78, 81, 4.50,174,23.7
2024-09-26 11:33:01,-82.4692,27.8978, 490.7, 5975, -4.1, -7.3, -6.5, 78, 82, 4.51,174,23.7
2024-09-26 11:33:02,-82.4692,27.8980, 490.3, 5982, -4.2, -7.3, -6.5, 79, 82, 4.52,174,23.7
2024-09-26 11:33:03,-82.4693,27.8982, 489.8, 5989, -4.2, -7.3, -6.5, 79, 82, 4.53,174,23.7
2024-09-26 11:33:04,-82.4693,27.8984, 489.4, 5996, -4.2, -7.2, -6.4, 80, 83, 4.54,174,23.7
2024-09-26 11:33:05,-82.4693,27.8986, 489.0, 6003, -4.3, -7.2, -6.4, 80, 83, 4.55,174,23.7
2024-09-26 11:33:06,-82.4693,27.8989, 488.6, 6009, -4.3, -7.2, -6.4, 80, 83, 4.56,174,23.7
2024-09-26 11:33:07,-82.4694,27.8991, 488.2, 6016, -4.3, -7.2, -6.4, 80, 84, 4.57,174,23.7
2024-09-26 11:33:08,-82.4694,27.8993, 487.8, 6022, -4.4, -7.2, -6.4, 81, 84, 4.58,174,23.6
2024-09-26 11:33:09,-82.4694,27.8995, 487.4, 6028, -4.4, -7.2, -6.4, 81, 84, 4.58,174,23.6
2024-09-26 11:33:10,-82.4695,27.8997, 487.1, 6034, -4.4, -7.2, -6.4, 81, 85, 4.59,173,23.6
2024-09-26 11:33:11,-82.4695,27.8999, 486.7, 6040, -4.5, -7.2, -6.4, 81, 85, 4.59,173,23.6
2024-09-26 11:33:12,-82.4695,27.9001, 486.3, 6046, -4.5, -7.2, -6.4, 82, 85, 4.60,173,23.6
2024-09-26 11:33:13,-82.4695,27.9003, 486.0, 6051, -4.5, -7.2, -6.4, 82, 85, 4.61,173,23.6
2024-09-26 11:33:14,-82.4696,27.9005, 485.6, 6057, -4.5, -7.1, -6.4, 82, 86, 4.62,173,23.6
2024-09-26 11:33:15,-82.4696,27.9007, 485.3, 6063, -4.6, -7.1, -6.4, 82, 86, 4.62,173,23.6
2024-09-26 11:33:16,-82.4696,27.9010, 484.9, 6069, -4.6, -7.1, -6.3, 83, 86, 4.63,173,23.6
2024-09-26 11:33:17,-82.4696,27.9012, 484.6, 6074, -4.6, -7.1, -6.3, 83, 87, 4.63,173,23.5
2024-09-26 11:33:18,-82.4697,27.9014, 484.2, 6080, -4.7, -7.1, -6.3, 83, 87, 4.64,173,23.5
2024-09-26 11:33:19,-82.4697,27.9016, 483.8, 6086, -4.7, -7.2, -6.4, 83, 87, 4.61,173,23.5
2024-09-26 11:33:20,-82.4697,27.9018, 483.4, 6092, -4.8, -7.3, -6.5, 82, 86, 4.59,173,23.5
2024-09-26 11:33:21,-82.4698,27.9020, 483.1, 6098, -4.8, -7.4, -6.6, 82, 86, 4.56,173,23.5
2024-09-26 11:33:22,-82.4698,27.9022, 482.7, 6104, -4.8, -7.5, -6.6, 82, 86, 4.53,173,23.5
2024-09-26 11:33:23,-82.4698,27.9024, 482.3, 6111, -4.9, -7.5, -6.7, 82, 86, 4.51,173,23.5
2024-09-26 11:33:24,-82.4698,27.9026, 481.9, 6117, -4.9, -7.6, -6.8, 81, 85, 4.48,173,23.4
2024-09-26 11:33:25,-82.4699,27.9028, 481.5, 6124, -5.0, -7.7, -6.8, 81, 85, 4.46,173,23.4
2024-09-26 11:33:26,-82.4699,27.9030, 481.1, 6130, -5.0, -7.8, -6.9, 81, 85, 4.44,173,23.4
2024-09-26 11:33:27,-82.4699,27.9032, 480.7, 6137, -5.0, -7.9, -7.0, 81, 85, 4.41,173,23.4
2024-09-26 11:33:28,-82.4700,27.9035, 480.3, 6144, -5.1, -7.9, -7.1, 80, 84, 4.38,173,23.4
2024-09-26 11:33:29,-82.4700,27.9037, 479.9, 6150, -5.1, -8.0, -7.1, 80, 84, 4.36,173,23.4
2024-09-26 11:33:30,-82.4700,27.9039, 479.5, 6157, -5.2, -8.1, -7.2, 80, 84, 4.34,173,23.4
2024-09-26 11:33:31,-82.4700,27.9041, 479.1, 6164, -5.2, -8.2, -7.3, 80, 84, 4.31,173,23.3
2024-09-26 11:33:32,-82.4701,27.9043, 478.7, 6170, -5.2, -8.2, -7.3, 79, 83, 4.30,173,23.3
2024-09-26 11:33:33,-82.4701,27.9045, 478.3, 6176, -5.3, -8.3, -7.4, 79, 83, 4.28,173,23.3
2024-09-26 11:33:34,-82.4701,27.9047, 478.0, 6182, -5.3, -8.3, -7.4, 79, 83, 4.27,173,23.3
2024-09-26 11:33:35,-82.4701,27.9049, 477.6, 6189, -5.3, -8.4, -7.5, 79, 83, 4.26,173,23.3
2024-09-26 11:33:36,-82.4702,27.9051, 477.2, 6195, -5.4, -8.4, -7.5, 79, 83, 4.25,173,23.3
2024-09-26 11:33:37,-82.4702,27.9053, 476.8, 6201, -5.4, -8.5, -7.5, 79, 83, 4.23,173,23.3
2024-09-26 11:33:38,-82.4702,27.9055, 476.4, 6208, -5.4, -8.5, -7.6, 79, 83, 4.22,173,23.3
2024-09-26 11:33:39,-82.4703,27.9057, 476.0, 6214, -5.5, -8.6, -7.6, 79, 83, 4.21,173,23.3
2024-09-26 11:33:40,-82.4703,27.9060, 475.6, 6221, -5.5, -8.6, -7.7, 78, 83, 4.19,173,23.3
2024-09-26 11:33:41,-82.4703,27.9062, 475.2, 6227, -5.5, -8.7, -7.7, 78, 83, 4.18,173,23.3
2024-09-26 11:33:42,-82.4703,27.9064, 474.8, 6234, -5.5, -8.7, -7.8, 78, 82, 4.17,173,23.3
2024-09-26 11:33:43,-82.4704,27.9066, 474.5, 6240, -5.6, -8.8, -7.8, 78, 82, 4.16,173,23.3
2024-09-26 11:33:44,-82.4704,27.9068, 474.1, 6247, -5.6, -8.8, -7.9, 78, 82, 4.14,173,23.3
2024-09-26 11:33:45,-82.4704,27.9070, 473.7, 6253, -5.6, -8.9, -7.9, 78, 82, 4.13,173,23.3
2024-09-26 11:33:46,-82.4704,27.9072, 473.3, 6260, -5.7, -8.9, -7.9, 78, 82, 4.12,173,23.3
2024-09-26 11:33:47,-82.4705,27.9074, 472.9, 6266, -5.7, -9.0, -8.0, 78, 82, 4.11,173,23.3
2024-09-26 11:33:48,-82.4705,27.9076, 472.5, 6273, -5.8, -9.0, -8.0, 78, 82, 4.10,173,23.3
2024-09-26 11:33:49,-82.4705,27.9078, 472.1, 6280, -5.8, -9.1, -8.1, 78, 82, 4.09,173,23.3
2024-09-26 11:33:50,-82.4706,27.9081, 471.7, 6286, -5.8, -9.1, -8.1, 78, 82, 4.08,173,23.3
2024-09-26 11:33:51,-82.4706,27.9083, 471.2, 6293, -5.9, -9.1, -8.1, 78, 82, 4.07,173,23.3
2024-09-26 11:33:52,-82.4706,27.9085, 470.8, 6300, -5.9, -9.2, -8.2, 78, 82, 4.06,173,23.3
2024-09-26 11:33:53,-82.4707,27.9087, 470.4, 6307, -5.9, -9.2, -8.2, 77, 82, 4.05,173,23.4
2024-09-26 11:33:54,-82.4707,27.9089, 470.0, 6314, -6.0, -9.3, -8.2, 77, 82, 4.04,173,23.4
2024-09-26 11:33:55,-82.4707,27.9091, 469.6, 6321, -6.0, -9.3, -8.3, 77, 82, 4.03,173,23.4
2024-09-26 11:33:56,-82.4707,27.9093, 469.2, 6328, -6.0, -9.3, -8.3, 77, 82, 4.02,173,23.4
2024-09-26 11:33:57,-82.4708,27.9095, 468.8, 6335, -6.1, -9.4, -8.4, 77, 82, 4.01,173,23.4
2024-09-26 11:33:58,-82.4708,27.9097, 468.3, 6342, -6.1, -9.4, -8.4, 77, 82, 4.01,173,23.4
2024-09-26 11:33:59,-82.4708,27.9099, 467.9, 6349, -6.1, -9.5, -8.4, 77, 82, 3.99,173,23.4
2024-09-26 11:34:00,-82.4709,27.9102, 467.5, 6356, -6.1, -9.5, -8.5, 77, 81, 3.97,173,23.5
2024-09-26 11:34:01,-82.4709,27.9104, 467.1, 6362, -6.2, -9.6, -8.6, 76, 81, 3.95,173,23.5
2024-09-26 11:34:02,-82.4709,27.9106, 466.7, 6369, -6.2, -9.7, -8.6, 76, 81, 3.94,173,23.5
2024-09-26 11:34:03,-82.4709,27.9108, 466.3, 6376, -6.2, -9.8, -8.7, 76, 81, 3.92,173,23.5
2024-09-26 11:34:04,-82.4710,27.9110, 465.9, 6382, -6.2, -9.8, -8.7, 76, 80, 3.90,173,23.6
2024-09-26 11:34:05,-82.4710,27.9112, 465.5, 6389, -6.2, -9.9, -8.8, 75, 80, 3.88,173,23.6
2024-09-26 11:34:06,-82.4710,27.9114, 465.1, 6396, -6.3,-10.0, -8.9, 75, 80, 3.86,173,23.6
2024-09-26 11:34:07,-82.4711,27.9116, 464.7, 6402, -6.3,-10.0, -8.9, 75, 79, 3.84,173,23.6
2024-09-26 11:34:08,-82.4711,27.9118, 464.3, 6409, -6.3,-10.1, -9.0, 74, 79, 3.83,173,23.7
2024-09-26 11:34:09,-82.4711,27.9121, 464.0, 6415, -6.3,-10.2, -9.1, 74, 79, 3.81,173,23.7
2024-09-26 11:34:10,-82.4711,27.9123, 463.6, 6422, -6.4,-10.2, -9.1, 74, 79, 3.79,174,23.7
2024-09-26 11:34:11,-82.4712,27.9125, 463.2, 6429, -6.4,-10.3, -9.2, 74, 78, 3.77,174,23.7
2024-09-26 11:34:12,-82.4712,27.9128, 462.8, 6435, -6.4,-10.4, -9.3, 73, 78, 3.75,174,23.8
2024-09-26 11:34:13,-82.4712,27.9130, 462.4, 6441, -6.4,-10.5, -9.3, 73, 78, 3.74,174,23.8
2024-09-26 11:34:14,-82.4712,27.9132, 462.0, 6448, -6.5,-10.5, -9.4, 73, 78, 3.72,174,23.8
2024-09-26 11:34:15,-82.4713,27.9134, 461.7, 6454, -6.5,-10.6, -9.4, 73, 78, 3.71,174,23.9
2024-09-26 11:34:16,-82.4713,27.9137, 461.3, 6460, -6.5,-10.6, -9.5, 73, 77, 3.70,174,23.9
2024-09-26 11:34:17,-82.4713,27.9139, 460.9, 6466, -6.5,-10.7, -9.5, 72, 77, 3.68,174,23.9
2024-09-26 11:34:18,-82.4714,27.9141, 460.6, 6473, -6.6,-10.7, -9.6, 72, 77, 3.67,174,24.0
2024-09-26 11:34:19,-82.4714,27.9143, 460.2, 6479, -6.6,-10.8, -9.6, 72, 77, 3.65,174,24.1
2024-09-26 11:34:20,-82.4714,27.9146, 459.8, 6485, -6.6,-10.8, -9.7, 72, 77, 3.64,174,24.2
2024-09-26 11:34:21,-82.4714,27.9148, 459.5, 6491, -6.7,-10.9, -9.7, 72, 76, 3.63,174,24.3
2024-09-26 11:34:22,-82.4715,27.9150, 459.1, 6497, -6.7,-11.0, -9.8, 72, 76, 3.61,174,24.4
2024-09-26 11:34:23,-82.4715,27.9153, 458.7, 6504, -6.7,-11.0, -9.8, 71, 76, 3.60,174,24.5
2024-09-26 11:34:24,-82.4715,27.9156, 458.4, 6510, -6.8,-11.1, -9.9, 71, 76, 3.58,174,24.5
2024-09-26 11:34:25,-82.4715,27.9157, 457.9, 6518, -6.8,-11.2,-10.0, 71, 76, 3.56,174,24.7
2024-09-26 11:34:26,-82.4716,27.9159, 457.7, 6522, -6.8,-11.2,-10.0, 71, 76, 3.57,174,24.7
2024-09-26 11:34:27,-82.4716,27.9162, 457.3, 6528, -6.9,-11.1, -9.9, 71, 76, 3.58,174,24.8
2024-09-26 11:34:28,-82.4716,27.9164, 457.0, 6535, -6.9,-11.1, -9.9, 72, 77, 3.58,174,24.9
2024-09-26 11:34:29,-82.4716,27.9166, 456.6, 6541, -6.9,-11.1, -9.9, 72, 77, 3.59,174,25.0
2024-09-26 11:34:30,-82.4717,27.9169, 456.3, 6546, -7.0,-11.1, -9.9, 72, 77, 3.59,174,25.1
2024-09-26 11:34:31,-82.4717,27.9171, 456.0, 6550, -7.0,-11.1, -9.9, 73, 78, 3.60,174,25.2
2024-09-26 11:34:32,-82.4717,27.9173, 455.7, 6555, -7.0,-11.1, -9.9, 73, 78, 3.61,174,25.3
2024-09-26 11:34:33,-82.4718,27.9175, 455.4, 6560, -7.1,-11.1, -9.9, 73, 78, 3.61,174,25.4
2024-09-26 11:34:34,-82.4718,27.9178, 455.1, 6565, -7.1,-11.1, -9.9, 73, 79, 3.62,174,25.5
2024-09-26 11:34:35,-82.4718,27.9180, 454.8, 6570, -7.2,-11.0, -9.8, 74, 79, 3.62,174,25.5
2024-09-26 11:34:36,-82.4718,27.9182, 454.5, 6576, -7.2,-11.0, -9.8, 74, 79, 3.63,174,25.6
2024-09-26 11:34:37,-82.4719,27.9184, 454.2, 6582, -7.2,-11.0, -9.8, 74, 80, 3.64,174,25.7
2024-09-26 11:34:38,-82.4719,27.9187, 453.8, 6588, -7.3,-11.0, -9.8, 75, 80, 3.64,174,25.8
2024-09-26 11:34:39,-82.4719,27.9189, 453.5, 6594, -7.3,-11.0, -9.8, 75, 80, 3.65,174,25.8
2024-09-26 11:34:40,-82.4719,27.9192, 453.1, 6600, -7.3,-11.0, -9.8, 75, 81, 3.65,174,25.9
2024-09-26 11:34:41,-82.4720,27.9194, 452.8, 6606, -7.4,-11.0, -9.8, 75, 81, 3.65,174,25.9
2024-09-26 11:34:42,-82.4720,27.9196, 452.5, 6611, -7.4,-11.0, -9.8, 75, 81, 3.65,174,26.0
2024-09-26 11:34:43,-82.4720,27.9199, 452.1, 6617, -7.5,-11.0, -9.8, 75, 81, 3.65,174,26.0
2024-09-26 11:34:44,-82.4721,27.9201, 451.8, 6622, -7.5,-11.1, -9.9, 76, 81, 3.65,174,26.1
2024-09-26 11:34:45,-82.4721,27.9204, 451.5, 6628, -7.5,-11.1, -9.9, 76, 82, 3.64,174,26.1
2024-09-26 11:34:46,-82.4721,27.9206, 451.2, 6633, -7.6,-11.1, -9.9, 76, 82, 3.65,174,26.2
2024-09-26 11:34:47,-82.4721,27.9208, 450.8, 6639, -7.6,-11.1, -9.9, 76, 82, 3.65,174,26.3
2024-09-26 11:34:48,-82.4722,27.9211, 450.5, 6645, -7.7,-11.1, -9.9, 76, 82, 3.65,174,26.3
2024-09-26 11:34:49,-82.4722,27.9213, 450.2, 6651, -7.7,-11.1, -9.9, 77, 82, 3.65,174,26.4
2024-09-26 11:34:50,-82.4722,27.9216, 449.9, 6656, -7.7,-11.1, -9.9, 77, 83, 3.65,174,26.4
2024-09-26 11:34:51,-82.4723,27.9218, 449.5, 6662, -7.8,-11.1, -9.9, 77, 83, 3.65,174,26.5
2024-09-26 11:34:52,-82.4723,27.9220, 449.2, 6668, -7.8,-11.1, -9.9, 77, 83, 3.65,174,26.5
2024-09-26 11:34:53,-82.4723,27.9223, 448.8, 6674, -7.8,-11.1, -9.9, 77, 83, 3.65,174,26.6
2024-09-26 11:34:54,-82.4723,27.9225, 448.5, 6680, -7.9,-11.2,-10.0, 77, 83, 3.64,174,26.6
2024-09-26 11:34:55,-82.4724,27.9228, 448.2, 6686, -7.9,-11.2,-10.0, 77, 83, 3.63,174,26.7
2024-09-26 11:34:56,-82.4724,27.9230, 447.8, 6691, -7.9,-11.2,-10.0, 77, 83, 3.63,174,26.7
2024-09-26 11:34:57,-82.4724,27.9232, 447.5, 6697, -7.9,-11.3,-10.0, 77, 83, 3.62,174,26.8
2024-09-26 11:34:58,-82.4724,27.9235, 447.2, 6703, -8.0,-11.3,-10.1, 77, 83, 3.62,174,26.8
2024-09-26 11:34:59,-82.4725,27.9237, 446.8, 6709, -8.0,-11.3,-10.1, 77, 83, 3.61,174,26.8
2024-09-26 11:35:00,-82.4725,27.9240, 446.5, 6714, -8.0,-11.3,-10.1, 77, 83, 3.60,174,26.8
2024-09-26 11:35:01,-82.4725,27.9242, 446.2, 6720, -8.1,-11.4,-10.1, 77, 83, 3.60,174,26.8
2024-09-26 11:35:02,-82.4726,27.9244, 445.8, 6726, -8.1,-11.4,-10.2, 77, 83, 3.59,174,26.9
2024-09-26 11:35:03,-82.4726,27.9247, 445.5, 6732, -8.1,-11.4,-10.2, 77, 83, 3.59,174,26.9
2024-09-26 11:35:04,-82.4726,27.9249, 445.1, 6738, -8.2,-11.5,-10.2, 77, 83, 3.58,174,26.9
2024-09-26 11:35:05,-82.4726,27.9252, 444.8, 6744, -8.2,-11.5,-10.3, 77, 83, 3.57,174,26.9
2024-09-26 11:35:06,-82.4727,27.9254, 444.4, 6750, -8.2,-11.5,-10.3, 77, 84, 3.57,174,26.9
2024-09-26 11:35:07,-82.4727,27.9256, 444.1, 6757, -8.3,-11.6,-10.3, 77, 84, 3.56,174,26.9
2024-09-26 11:35:08,-82.4727,27.9259, 443.8, 6763, -8.3,-11.6,-10.3, 77, 84, 3.56,174,26.9
2024-09-26 11:35:09,-82.4727,27.9261, 443.4, 6769, -8.4,-11.6,-10.4, 77, 84, 3.55,174,27.0
2024-09-26 11:35:10,-82.4727,27.9263, 443.1, 6775, -8.4,-11.6,-10.4, 77, 84, 3.55,174,27.0
2024-09-26 11:35:11,-82.4728,27.9266, 442.8, 6780, -8.5,-11.7,-10.4, 78, 84, 3.54,174,27.0
2024-09-26 11:35:12,-82.4728,27.9268, 442.4, 6786, -8.5,-11.7,-10.4, 78, 84, 3.54,174,27.0
2024-09-26 11:35:13,-82.4728,27.9271, 442.1, 6791, -8.5,-11.7,-10.4, 78, 85, 3.54,174,27.0
2024-09-26 11:35:14,-82.4728,27.9273, 441.8, 6797, -8.6,-11.7,-10.5, 78, 85, 3.53,174,27.0
2024-09-26 11:35:15,-82.4728,27.9275, 441.4, 6802, -8.6,-11.8,-10.5, 78, 85, 3.53,174,27.1
2024-09-26 11:35:16,-82.4728,27.9278, 441.1, 6808, -8.7,-11.8,-10.5, 78, 85, 3.52,174,27.1
2024-09-26 11:35:17,-82.4728,27.9280, 440.8, 6814, -8.7,-11.8,-10.5, 78, 85, 3.52,174,27.1
2024-09-26 11:35:18,-82.4729,27.9282, 440.4, 6821, -8.8,-11.8,-10.6, 78, 85, 3.51,175,27.0
2024-09-26 11:35:19,-82.4729,27.9285, 440.1, 6827, -8.8,-11.9,-10.6, 78, 85, 3.50,175,27.0
2024-09-26 11:35:20,-82.4729,27.9287, 439.8, 6833, -8.8,-11.9,-10.6, 79, 86, 3.50,175,26.9
2024-09-26 11:35:21,-82.4729,27.9289, 439.5, 6839, -8.9,-11.9,-10.6, 79, 86, 3.50,175,26.9
2024-09-26 11:35:22,-82.4729,27.9292, 439.1, 6845, -8.9,-11.9,-10.7, 79, 86, 3.49,175,26.8
2024-09-26 11:35:23,-82.4729,27.9294, 438.8, 6850, -9.0,-12.0,-10.7, 79, 86, 3.49,175,26.8
2024-09-26 11:35:24,-82.4729,27.9297, 438.5, 6856, -9.0,-12.0,-10.7, 79, 86, 3.49,176,26.7
2024-09-26 11:35:25,-82.4729,27.9299, 438.1, 6861, -9.1,-12.0,-10.7, 79, 87, 3.48,176,26.7
2024-09-26 11:35:26,-82.4730,27.9301, 437.8, 6867, -9.1,-12.0,-10.7, 79, 87, 3.48,176,26.6
2024-09-26 11:35:27,-82.4730,27.9304, 437.4, 6873, -9.2,-12.1,-10.8, 80, 87, 3.47,176,26.6
2024-09-26 11:35:28,-82.4730,27.9306, 437.1, 6879, -9.2,-12.1,-10.8, 80, 87, 3.47,176,26.5
2024-09-26 11:35:29,-82.4730,27.9308, 436.8, 6885, -9.3,-12.1,-10.8, 80, 88, 3.47,176,26.5
2024-09-26 11:35:30,-82.4730,27.9311, 436.4, 6892, -9.3,-12.1,-10.8, 80, 88, 3.46,176,26.4
2024-09-26 11:35:31,-82.4730,27.9313, 436.1, 6898, -9.4,-12.1,-10.8, 80, 88, 3.46,177,26.4
2024-09-26 11:35:32,-82.4730,27.9315, 435.7, 6904, -9.4,-12.1,-10.8, 80, 88, 3.46,177,26.3
2024-09-26 11:35:33,-82.4731,27.9318, 435.3, 6911, -9.5,-12.2,-10.9, 81, 88, 3.46,177,26.3
2024-09-26 11:35:34,-82.4731,27.9320, 435.0, 6917, -9.5,-12.2,-10.9, 81, 88, 3.45,177,26.2
2024-09-26 11:35:35,-82.4731,27.9323, 434.6, 6924, -9.5,-12.2,-10.9, 81, 88, 3.45,177,26.2
2024-09-26 11:35:36,-82.4731,27.9325, 434.3, 6930, -9.6,-12.3,-10.9, 81, 88, 3.44,177,26.2
2024-09-26 11:35:37,-82.4731,27.9327, 433.9, 6937, -9.6,-12.3,-11.0, 81, 89, 3.44,178,26.1
2024-09-26 11:35:38,-82.4731,27.9330, 433.6, 6943, -9.6,-12.3,-11.0, 81, 89, 3.43,178,26.0
2024-09-26 11:35:39,-82.4731,27.9332, 433.2, 6949, -9.7,-12.3,-11.0, 81, 89, 3.43,178,25.9
2024-09-26 11:35:40,-82.4731,27.9334, 432.9, 6955, -9.7,-12.4,-11.0, 81, 89, 3.42,178,25.9
2024-09-26 11:35:41,-82.4731,27.9336, 432.6, 6961, -9.7,-12.4,-11.1, 81, 89, 3.42,179,25.8
2024-09-26 11:35:42,-82.4731,27.9338, 432.2, 6966, -9.8,-12.4,-11.1, 81, 89, 3.41,179,25.7
2024-09-26 11:35:43,-82.4730,27.9341, 431.9, 6972, -9.8,-12.5,-11.1, 81, 89, 3.41,179,25.6
2024-09-26 11:35:44,-82.4730,27.9343, 431.6, 6978, -9.8,-12.5,-11.1, 81, 89, 3.40,180,25.5
2024-09-26 11:35:45,-82.4730,27.9345, 431.2, 6984, -9.8,-12.5,-11.2, 81, 89, 3.40,180,25.4
2024-09-26 11:35:46,-82.4730,27.9347, 430.9, 6990, -9.9,-12.5,-11.2, 81, 89, 3.40,180,25.4
2024-09-26 11:35:47,-82.4730,27.9350, 430.6, 6996, -9.9,-12.5,-11.2, 81, 89, 3.40,180,25.3
2024-09-26 11:35:48,-82.4730,27.9352, 430.3, 7001, -9.9,-12.5,-11.2, 81, 89, 3.40,181,25.2
2024-09-26 11:35:49,-82.4729,27.9354, 430.0, 7007, -9.9,-12.6,-11.2, 81, 89, 3.39,181,25.1
2024-09-26 11:35:50,-82.4729,27.9356, 429.7, 7013, -9.9,-12.6,-11.2, 81, 89, 3.39,181,25.1
2024-09-26 11:35:51,-82.4729,27.9359, 429.3, 7018, -9.9,-12.6,-11.2, 81, 89, 3.39,181,25.0
2024-09-26 11:35:52,-82.4729,27.9361, 429.0, 7024,-10.0,-12.6,-11.2, 81, 89, 3.39,182,24.9
2024-09-26 11:35:53,-82.4729,27.9363, 428.7, 7029,-10.0,-12.6,-11.3, 81, 89, 3.39,182,24.8
2024-09-26 11:35:54,-82.4729,27.9365, 428.4, 7035,-10.0,-12.6,-11.3, 81, 89, 3.39,182,24.7
2024-09-26 11:35:55,-82.4728,27.9367, 428.1, 7040,-10.0,-12.4,-11.0, 83, 91, 3.46,183,24.7
2024-09-26 11:35:56,-82.4728,27.9370, 427.8, 7045,-10.0,-12.4,-11.1, 83, 91, 3.46,183,24.6
2024-09-26 11:35:57,-82.4728,27.9372, 427.6, 7050,-10.0,-12.4,-11.1, 83, 91, 3.46,183,24.5
2024-09-26 11:35:58,-82.4728,27.9375, 427.3, 7056,-10.1,-12.4,-11.1, 83, 91, 3.45,183,24.6
2024-09-26 11:35:59,-82.4728,27.9376, 426.9, 7063,-10.1,-12.4,-11.1, 83, 91, 3.45,183,24.6
2024-09-26 11:36:00,-82.4728,27.9379, 426.7, 7066,-10.1,-12.5,-11.1, 83, 91, 3.45,183,24.7
2024-09-26 11:36:01,-82.4728,27.9381, 426.4, 7071,-10.1,-12.5,-11.1, 83, 91, 3.45,183,24.7
2024-09-26 11:36:02,-82.4727,27.9383, 426.1, 7076,-10.1,-12.5,-11.2, 83, 91, 3.44,183,24.8
2024-09-26 11:36:03,-82.4727,27.9385, 425.8, 7082,-10.1,-12.5,-11.2, 83, 91, 3.44,184,24.8
2024-09-26 11:36:04,-82.4727,27.9388, 425.5, 7087,-10.2,-12.5,-11.2, 83, 91, 3.44,184,24.9
2024-09-26 11:36:05,-82.4727,27.9390, 425.2, 7092,-10.2,-12.6,-11.2, 83, 91, 3.43,184,24.9
2024-09-26 11:36:06,-82.4727,27.9392, 424.9, 7098,-10.2,-12.6,-11.2, 83, 91, 3.43,184,25.0
2024-09-26 11:36:07,-82.4727,27.9394, 424.6, 7103,-10.2,-12.6,-11.2, 83, 91, 3.43,184,25.0
2024-09-26 11:36:08,-82.4726,27.9397, 424.3, 7108,-10.2,-12.6,-11.3, 83, 91, 3.42,184,25.1
2024-09-26 11:36:09,-82.4726,27.9399, 424.0, 7114,-10.2,-12.6,-11.3, 83, 91, 3.42,184,25.1
2024-09-26 11:36:10,-82.4726,27.9401, 423.7, 7119,-10.3,-12.7,-11.3, 83, 91, 3.42,184,25.1
2024-09-26 11:36:11,-82.4726,27.9404, 423.4, 7125,-10.3,-12.7,-11.3, 83, 91, 3.41,184,25.2
2024-09-26 11:36:12,-82.4726,27.9406, 423.1, 7131,-10.3,-12.7,-11.3, 83, 91, 3.41,184,25.2
2024-09-26 11:36:13,-82.4725,27.9408, 422.8, 7137,-10.3,-12.8,-11.4, 83, 91, 3.40,184,25.3
2024-09-26 11:36:14,-82.4725,27.9411, 422.4, 7143,-10.4,-12.8,-11.4, 82, 91, 3.39,184,25.3
2024-09-26 11:36:15,-82.4725,27.9413, 422.1, 7150,-10.4,-12.8,-11.4, 82, 91, 3.39,184,25.4
2024-09-26 11:36:16,-82.4725,27.9415, 421.7, 7156,-10.4,-12.9,-11.5, 82, 91, 3.38,184,25.4
2024-09-26 11:36:17,-82.4725,27.9418, 421.4, 7163,-10.5,-12.9,-11.5, 82, 91, 3.37,184,25.5
2024-09-26 11:36:18,-82.4724,27.9420, 421.0, 7169,-10.5,-12.9,-11.5, 82, 91, 3.36,184,25.5
2024-09-26 11:36:19,-82.4724,27.9422, 420.7, 7175,-10.5,-13.0,-11.6, 82, 91, 3.36,184,25.5
2024-09-26 11:36:20,-82.4724,27.9425, 420.4, 7181,-10.6,-13.0,-11.6, 82, 91, 3.35,184,25.6
2024-09-26 11:36:21,-82.4724,27.9427, 420.1, 7187,-10.6,-13.0,-11.6, 82, 91, 3.34,184,25.6
2024-09-26 11:36:22,-82.4723,27.9429, 419.8, 7193,-10.6,-13.1,-11.7, 82, 91, 3.34,184,25.6
2024-09-26 11:36:23,-82.4723,27.9431, 419.5, 7198,-10.7,-13.1,-11.7, 82, 91, 3.33,184,25.6
2024-09-26 11:36:24,-82.4723,27.9434, 419.2, 7203,-10.7,-13.1,-11.7, 82, 91, 3.32,184,25.7
2024-09-26 11:36:25,-82.4723,27.9436, 418.9, 7208,-10.7,-13.2,-11.8, 82, 91, 3.31,185,25.7
2024-09-26 11:36:26,-82.4723,27.9438, 418.6, 7214,-10.8,-13.2,-11.8, 82, 91, 3.31,185,25.7
2024-09-26 11:36:27,-82.4722,27.9441, 418.3, 7219,-10.8,-13.2,-11.8, 82, 91, 3.30,185,25.7
2024-09-26 11:36:28,-82.4722,27.9443, 418.0, 7224,-10.8,-13.3,-11.9, 82, 91, 3.29,185,25.8
2024-09-26 11:36:29,-82.4722,27.9445, 417.7, 7229,-10.8,-13.3,-11.9, 82, 91, 3.29,185,25.8
2024-09-26 11:36:30,-82.4722,27.9448, 417.4, 7235,-10.9,-13.4,-11.9, 82, 91, 3.28,185,25.8
2024-09-26 11:36:31,-82.4722,27.9450, 417.1, 7241,-10.9,-13.4,-12.0, 82, 91, 3.27,185,25.8
2024-09-26 11:36:32,-82.4721,27.9452, 416.8, 7246,-10.9,-13.4,-12.0, 82, 91, 3.26,185,25.9
2024-09-26 11:36:33,-82.4721,27.9455, 416.6, 7252,-10.9,-13.5,-12.0, 82, 91, 3.26,185,25.9
2024-09-26 11:36:34,-82.4721,27.9457, 416.3, 7257,-11.0,-13.5,-12.1, 82, 91, 3.25,185,25.9
2024-09-26 11:36:35,-82.4721,27.9459, 416.0, 7262,-11.0,-13.5,-12.1, 81, 91, 3.24,185,25.9
2024-09-26 11:36:36,-82.4721,27.9462, 415.7, 7267,-11.0,-13.6,-12.1, 81, 91, 3.23,185,26.0
2024-09-26 11:36:37,-82.4720,27.9464, 415.4, 7272,-11.1,-13.6,-12.2, 81, 91, 3.23,185,26.0
2024-09-26 11:36:38,-82.4720,27.9466, 415.1, 7277,-11.1,-13.6,-12.2, 81, 91, 3.22,185,26.0
2024-09-26 11:36:39,-82.4720,27.9469, 414.8, 7282,-11.1,-13.7,-12.2, 81, 91, 3.21,185,26.0
2024-09-26 11:36:40,-82.4720,27.9471, 414.6, 7288,-11.1,-13.7,-12.3, 81, 91, 3.20,185,26.0
2024-09-26 11:36:41,-82.4720,27.9474, 414.3, 7293,-11.2,-13.8,-12.3, 81, 90, 3.19,185,26.0
2024-09-26 11:36:42,-82.4719,27.9476, 414.0, 7298,-11.2,-13.8,-12.3, 81, 90, 3.18,185,26.0
2024-09-26 11:36:43,-82.4719,27.9478, 413.7, 7304,-11.2,-13.9,-12.4, 81, 90, 3.17,185,26.0
2024-09-26 11:36:44,-82.4719,27.9481, 413.4, 7309,-11.3,-13.9,-12.4, 81, 90, 3.16,185,26.0
2024-09-26 11:36:45,-82.4719,27.9483, 413.1, 7315,-11.3,-14.0,-12.5, 81, 90, 3.15,185,26.0
2024-09-26 11:36:46,-82.4719,27.9486, 412.8, 7321,-11.3,-14.0,-12.5, 81, 90, 3.14,185,26.1
2024-09-26 11:36:47,-82.4718,27.9488, 412.4, 7327,-11.3,-14.0,-12.5, 80, 90, 3.13,185,26.1
2024-09-26 11:36:48,-82.4718,27.9490, 412.1, 7333,-11.4,-14.1,-12.6, 80, 90, 3.13,185,26.1
2024-09-26 11:36:49,-82.4718,27.9493, 411.8, 7339,-11.4,-14.1,-12.6, 80, 90, 3.12,185,26.1
2024-09-26 11:36:50,-82.4718,27.9495, 411.5, 7345,-11.4,-14.2,-12.7, 80, 89, 3.11,184,26.1
2024-09-26 11:36:51,-82.4717,27.9498, 411.2, 7351,-11.5,-14.2,-12.7, 80, 89, 3.10,184,26.1
2024-09-26 11:36:52,-82.4717,27.9500, 410.9, 7357,-11.5,-14.3,-12.8, 80, 89, 3.09,184,26.1
2024-09-26 11:36:53,-82.4717,27.9502, 410.6, 7362,-11.5,-14.3,-12.8, 80, 89, 3.08,184,26.1
2024-09-26 11:36:54,-82.4717,27.9505, 410.3, 7368,-11.5,-14.4,-12.8, 80, 89, 3.07,184,26.1
2024-09-26 11:36:55,-82.4717,27.9507, 410.0, 7374,-11.6,-14.4,-12.9, 80, 89, 3.06,184,26.1
2024-09-26 11:36:56,-82.4716,27.9509, 409.7, 7380,-11.6,-14.4,-12.9, 80, 89, 3.06,184,26.1
2024-09-26 11:36:57,-82.4716,27.9512, 409.4, 7385,-11.6,-14.5,-12.9, 79, 89, 3.05,184,26.2
2024-09-26 11:36:58,-82.4716,27.9514, 409.1, 7390,-11.7,-14.5,-13.0, 79, 89, 3.04,184,26.2
2024-09-26 11:36:59,-82.4716,27.9517, 408.8, 7395,-11.7,-14.5,-13.0, 79, 89, 3.04,184,26.3
2024-09-26 11:37:00,-82.4716,27.9519, 408.5, 7400,-11.7,-14.6,-13.0, 79, 89, 3.03,184,26.3
2024-09-26 11:37:01,-82.4715,27.9521, 408.2, 7406,-11.8,-14.6,-13.1, 79, 89, 3.02,184,26.4
2024-09-26 11:37:02,-82.4715,27.9524, 407.9, 7411,-11.8,-14.6,-13.1, 79, 89, 3.02,184,26.5
2024-09-26 11:37:03,-82.4715,27.9526, 407.6, 7416,-11.8,-14.7,-13.1, 79, 89, 3.01,184,26.5
2024-09-26 11:37:04,-82.4715,27.9529, 407.4, 7422,-11.8,-14.7,-13.2, 79, 89, 3.00,184,26.6
2024-09-26 11:37:05,-82.4714,27.9531, 407.1, 7428,-11.9,-14.8,-13.2, 79, 89, 2.99,185,26.7
2024-09-26 11:37:06,-82.4714,27.9532, 406.8, 7434,-11.9,-14.8,-13.2, 79, 89, 2.98,185,26.7
2024-09-26 11:37:07,-82.4714,27.9536, 406.6, 7437,-11.9,-14.8,-13.3, 79, 89, 2.98,185,26.8
2024-09-26 11:37:08,-82.4714,27.9538, 406.1, 7445,-12.0,-14.8,-13.3, 79, 89, 2.98,185,26.9
2024-09-26 11:37:09,-82.4714,27.9541, 405.8, 7452,-12.0,-14.8,-13.3, 80, 89, 2.98,185,26.9
2024-09-26 11:37:10,-82.4713,27.9543, 405.5, 7458,-12.1,-14.9,-13.3, 80, 90, 2.98,185,27.0
2024-09-26 11:37:11,-82.4713,27.9545, 405.1, 7464,-12.1,-14.9,-13.3, 80, 90, 2.98,185,27.0
2024-09-26 11:37:12,-82.4713,27.9548, 404.8, 7470,-12.2,-14.9,-13.3, 80, 90, 2.98,185,27.1
2024-09-26 11:37:13,-82.4713,27.9550, 404.5, 7477,-12.2,-14.9,-13.3, 80, 91, 2.98,185,27.2
2024-09-26 11:37:14,-82.4712,27.9553, 404.2, 7482,-12.2,-14.9,-13.3, 81, 91, 2.98,185,27.2
2024-09-26 11:37:15,-82.4712,27.9555, 403.9, 7488,-12.3,-14.9,-13.3, 81, 91, 2.98,185,27.3
2024-09-26 11:37:16,-82.4712,27.9558, 403.6, 7494,-12.3,-14.9,-13.3, 81, 91, 2.99,185,27.4
2024-09-26 11:37:17,-82.4712,27.9560, 403.3, 7500,-12.4,-14.9,-13.3, 81, 92, 2.99,185,27.4
2024-09-26 11:37:18,-82.4711,27.9562, 403.0, 7505,-12.4,-14.9,-13.3, 81, 92, 2.99,185,27.4
2024-09-26 11:37:19,-82.4711,27.9565, 402.6, 7511,-12.4,-14.9,-13.3, 82, 92, 2.99,185,27.4
2024-09-26 11:37:20,-82.4711,27.9567, 402.3, 7518,-12.5,-14.9,-13.4, 82, 92, 2.98,185,27.4
2024-09-26 11:37:21,-82.4711,27.9570, 402.0, 7524,-12.5,-15.0,-13.4, 82, 93, 2.98,185,27.4
2024-09-26 11:37:22,-82.4710,27.9572, 401.7, 7530,-12.6,-15.0,-13.4, 82, 93, 2.97,185,27.3
2024-09-26 11:37:23,-82.4710,27.9575, 401.3, 7536,-12.6,-15.1,-13.5, 82, 93, 2.96,185,27.3
2024-09-26 11:37:24,-82.4710,27.9577, 401.0, 7543,-12.7,-15.1,-13.5, 82, 93, 2.96,185,27.3
2024-09-26 11:37:25,-82.4710,27.9579, 400.7, 7549,-12.7,-15.1,-13.5, 82, 93, 2.95,185,27.3
2024-09-26 11:37:26,-82.4709,27.9583, 400.4, 7554,-12.8,-15.2,-13.6, 82, 93, 2.94,185,27.3
2024-09-26 11:37:27,-82.4709,27.9584, 400.0, 7562,-12.9,-15.2,-13.6, 82, 93, 2.93,185,27.2
2024-09-26 11:37:28,-82.4709,27.9587, 399.8, 7565,-12.9,-15.3,-13.6, 82, 93, 2.93,185,27.2
2024-09-26 11:37:29,-82.4709,27.9589, 399.5, 7571,-12.9,-15.3,-13.7, 82, 93, 2.92,185,27.2
2024-09-26 11:37:30,-82.4708,27.9591, 399.2, 7576,-13.0,-15.3,-13.7, 83, 94, 2.91,185,27.2
2024-09-26 11:37:31,-82.4708,27.9594, 398.9, 7583,-13.0,-15.4,-13.7, 83, 94, 2.91,185,27.2
2024-09-26 11:37:32,-82.4708,27.9597, 398.6, 7589,-13.1,-15.4,-13.8, 83, 94, 2.90,185,27.2
2024-09-26 11:37:33,-82.4708,27.9599, 398.1, 7597,-13.1,-15.4,-13.8, 83, 94, 2.89,185,27.1
2024-09-26 11:37:34,-82.4707,27.9601, 398.0, 7601,-13.2,-15.5,-13.8, 83, 94, 2.89,185,27.1
2024-09-26 11:37:35,-82.4707,27.9604, 397.7, 7607,-13.2,-15.5,-13.9, 82, 94, 2.87,185,27.1
2024-09-26 11:37:36,-82.4707,27.9606, 397.3, 7613,-13.2,-15.6,-14.0, 82, 93, 2.86,185,27.1
2024-09-26 11:37:37,-82.4707,27.9608, 397.0, 7619,-13.3,-15.7,-14.0, 82, 93, 2.85,185,27.1
2024-09-26 11:37:38,-82.4707,27.9611, 396.7, 7625,-13.3,-15.8,-14.1, 82, 93, 2.83,185,27.0
2024-09-26 11:37:39,-82.4706,27.9613, 396.4, 7630,-13.3,-15.8,-14.1, 82, 93, 2.82,185,26.9
2024-09-26 11:37:40,-82.4706,27.9615, 396.1, 7636,-13.4,-15.9,-14.2, 81, 93, 2.80,185,26.8
2024-09-26 11:37:41,-82.4706,27.9618, 395.8, 7642,-13.4,-15.9,-14.3, 81, 93, 2.79,185,26.7
2024-09-26 11:37:42,-82.4705,27.9620, 395.5, 7648,-13.5,-16.0,-14.3, 81, 92, 2.78,185,26.7
2024-09-26 11:37:43,-82.4705,27.9622, 395.2, 7653,-13.5,-16.1,-14.4, 81, 92, 2.76,185,26.6
2024-09-26 11:37:44,-82.4705,27.9624, 394.9, 7659,-13.5,-16.1,-14.4, 81, 92, 2.75,185,26.5
2024-09-26 11:37:45,-82.4704,27.9626, 394.6, 7665,-13.6,-16.2,-14.5, 81, 92, 2.74,185,26.4
2024-09-26 11:37:46,-82.4704,27.9628, 394.3, 7670,-13.6,-16.3,-14.6, 80, 92, 2.73,185,26.3
2024-09-26 11:37:47,-82.4704,27.9631, 394.1, 7676,-13.6,-16.3,-14.6, 80, 92, 2.72,185,26.3
2024-09-26 11:37:48,-82.4703,27.9633, 393.7, 7682,-13.7,-16.3,-14.6, 80, 92, 2.72,185,26.2
2024-09-26 11:37:49,-82.4703,27.9635, 393.4, 7688,-13.7,-16.4,-14.6, 80, 92, 2.71,185,26.1
2024-09-26 11:37:50,-82.4703,27.9638, 393.1, 7693,-13.7,-16.4,-14.7, 80, 92, 2.71,185,26.0
2024-09-26 11:37:51,-82.4703,27.9640, 392.8, 7699,-13.8,-16.4,-14.7, 80, 92, 2.71,185,25.9
2024-09-26 11:37:52,-82.4702,27.9642, 392.5, 7705,-13.8,-16.4,-14.7, 80, 92, 2.71,185,25.8
2024-09-26 11:37:53,-82.4702,27.9644, 392.2, 7711,-13.8,-16.4,-14.7, 80, 92, 2.70,185,25.7
2024-09-26 11:37:54,-82.4702,27.9646, 391.9, 7717,-13.8,-16.5,-14.7, 81, 92, 2.70,185,25.7
2024-09-26 11:37:55,-82.4701,27.9649, 391.6, 7723,-13.9,-16.5,-14.7, 81, 92, 2.70,185,25.6
2024-09-26 11:37:56,-82.4701,27.9651, 391.3, 7729,-13.9,-16.5,-14.8, 81, 92, 2.70,185,25.5
2024-09-26 11:37:57,-82.4701,27.9653, 391.0, 7734,-13.9,-16.5,-14.8, 81, 92, 2.69,185,25.4
2024-09-26 11:37:58,-82.4700,27.9655, 390.7, 7740,-14.0,-16.5,-14.8, 81, 93, 2.69,186,25.3
2024-09-26 11:37:59,-82.4700,27.9658, 390.4, 7747,-14.0,-16.6,-14.8, 81, 93, 2.69,186,25.2
2024-09-26 11:38:00,-82.4700,27.9660, 390.1, 7753,-14.0,-16.6,-14.8, 81, 93, 2.68,186,25.1
2024-09-26 11:38:01,-82.4700,27.9662, 389.8, 7759,-14.1,-16.6,-14.9, 81, 93, 2.68,186,25.0
2024-09-26 11:38:02,-82.4699,27.9664, 389.4, 7765,-14.1,-16.6,-14.9, 81, 93, 2.68,186,24.9
2024-09-26 11:38:03,-82.4699,27.9667, 389.1, 7772,-14.1,-16.6,-14.9, 81, 93, 2.68,187,24.8
2024-09-26 11:38:04,-82.4699,27.9669, 388.8, 7778,-14.2,-16.7,-14.9, 81, 93, 2.68,187,24.7
2024-09-26 11:38:05,-82.4698,27.9671, 388.5, 7784,-14.2,-16.7,-14.9, 81, 93, 2.67,187,24.6
2024-09-26 11:38:06,-82.4698,27.9673, 388.2, 7790,-14.2,-16.7,-14.9, 81, 94, 2.67,187,24.5
2024-09-26 11:38:07,-82.4698,27.9675, 387.9, 7796,-14.3,-16.7,-15.0, 82, 94, 2.67,188,24.4
2024-09-26 11:38:08,-82.4697,27.9678, 387.6, 7803,-14.3,-16.7,-15.0, 82, 94, 2.67,188,24.4
2024-09-26 11:38:09,-82.4697,27.9680, 387.3, 7809,-14.3,-16.8,-15.0, 82, 94, 2.67,188,24.3
2024-09-26 11:38:10,-82.4697,27.9682, 387.0, 7814,-14.4,-16.8,-15.0, 82, 94, 2.66,188,24.2
2024-09-26 11:38:11,-82.4696,27.9684, 386.7, 7820,-14.4,-16.8,-15.0, 82, 94, 2.66,189,24.1
2024-09-26 11:38:12,-82.4696,27.9685, 386.4, 7825,-14.4,-16.8,-15.0, 82, 94, 2.66,189,24.0
2024-09-26 11:38:13,-82.4695,27.9687, 386.1, 7831,-14.5,-16.8,-15.1, 82, 95, 2.66,189,23.9
2024-09-26 11:38:14,-82.4695,27.9689, 385.8, 7835,-14.5,-16.8,-15.1, 82, 95, 2.66,189,23.8
2024-09-26 11:38:15,-82.4695,27.9691, 385.5, 7842,-14.5,-16.9,-15.1, 82, 95, 2.64,190,23.7
2024-09-26 11:38:16,-82.4694,27.9693, 385.2, 7848,-14.6,-16.9,-15.2, 82, 95, 2.64,190,23.6
2024-09-26 11:38:17,-82.4694,27.9695, 384.9, 7854,-14.6,-17.0,-15.2, 82, 95, 2.63,190,23.5
2024-09-26 11:38:18,-82.4693,27.9697, 384.6, 7860,-14.7,-17.0,-15.3, 82, 95, 2.62,190,23.4
2024-09-26 11:38:19,-82.4693,27.9699, 384.3, 7866,-14.7,-17.1,-15.3, 82, 95, 2.61,190,23.3
2024-09-26 11:38:20,-82.4692,27.9701, 384.0, 7872,-14.7,-17.1,-15.3, 82, 95, 2.61,190,23.2
2024-09-26 11:38:21,-82.4692,27.9703, 383.7, 7878,-14.8,-17.2,-15.4, 82, 95, 2.60,190,23.1
2024-09-26 11:38:22,-82.4692,27.9704, 383.4, 7884,-14.8,-17.2,-15.4, 82, 95, 2.59,190,22.9
2024-09-26 11:38:23,-82.4691,27.9706, 383.1, 7890,-14.9,-17.3,-15.5, 82, 95, 2.58,190,22.8
2024-09-26 11:38:24,-82.4691,27.9708, 382.8, 7895,-14.9,-17.3,-15.5, 82, 95, 2.57,190,22.7
2024-09-26 11:38:25,-82.4690,27.9710, 382.5, 7901,-14.9,-17.4,-15.5, 82, 95, 2.57,190,22.6
2024-09-26 11:38:26,-82.4690,27.9712, 382.2, 7907,-15.0,-17.4,-15.6, 82, 95, 2.56,190,22.5
2024-09-26 11:38:27,-82.4690,27.9714, 381.9, 7913,-15.0,-17.4,-15.6, 82, 95, 2.55,190,22.4
2024-09-26 11:38:28,-82.4689,27.9716, 381.6, 7919,-15.0,-17.5,-15.6, 82, 95, 2.55,191,22.3
2024-09-26 11:38:29,-82.4689,27.9718, 381.3, 7926,-15.1,-17.5,-15.7, 82, 95, 2.54,191,22.1
2024-09-26 11:38:30,-82.4688,27.9720, 381.0, 7932,-15.1,-17.5,-15.7, 82, 95, 2.54,191,22.0
2024-09-26 11:38:31,-82.4688,27.9722, 380.7, 7938,-15.1,-17.6,-15.7, 82, 95, 2.53,191,21.9
2024-09-26 11:38:32,-82.4688,27.9724, 380.4, 7944,-15.2,-17.6,-15.8, 82, 95, 2.53,191,21.8
2024-09-26 11:38:33,-82.4687,27.9725, 380.1, 7950,-15.2,-17.6,-15.8, 82, 95, 2.52,191,21.7
2024-09-26 11:38:34,-82.4687,27.9727, 379.8, 7956,-15.2,-17.7,-15.8, 82, 95, 2.52,191,21.6
2024-09-26 11:38:35,-82.4686,27.9729, 379.5, 7962,-15.2,-17.7,-15.9, 81, 95, 2.51,191,21.4
2024-09-26 11:38:36,-82.4686,27.9731, 379.2, 7967,-15.3,-17.7,-15.9, 81, 95, 2.51,191,21.3
2024-09-26 11:38:37,-82.4685,27.9733, 378.9, 7973,-15.3,-17.8,-15.9, 81, 95, 2.50,191,21.2
2024-09-26 11:38:38,-82.4685,27.9735, 378.6, 7979,-15.3,-17.8,-15.9, 81, 95, 2.50,191,21.2
2024-09-26 11:38:39,-82.4685,27.9737, 378.3, 7985,-15.4,-17.8,-16.0, 81, 95, 2.49,191,21.2
2024-09-26 11:38:40,-82.4684,27.9739, 378.0, 7991,-15.4,-17.9,-16.0, 81, 95, 2.49,191,21.2
2024-09-26 11:38:41,-82.4684,27.9741, 377.7, 7996,-15.4,-17.9,-16.0, 81, 95, 2.48,190,21.2
2024-09-26 11:38:42,-82.4683,27.9742, 377.5, 8002,-15.5,-17.9,-16.1, 81, 95, 2.47,190,21.2
2024-09-26 11:38:43,-82.4683,27.9744, 377.2, 8008,-15.5,-18.0,-16.1, 81, 94, 2.47,190,21.1
2024-09-26 11:38:44,-82.4683,27.9746, 376.9, 8014,-15.5,-18.0,-16.2, 81, 94, 2.46,190,21.1
2024-09-26 11:38:45,-82.4682,27.9748, 376.6, 8019,-15.6,-18.1,-16.2, 81, 94, 2.45,190,21.1
2024-09-26 11:38:46,-82.4682,27.9750, 376.3, 8025,-15.6,-18.1,-16.2, 81, 94, 2.45,190,21.1
2024-09-26 11:38:47,-82.4682,27.9752, 376.0, 8031,-15.6,-18.1,-16.3, 81, 94, 2.44,190,21.1
2024-09-26 11:38:48,-82.4681,27.9753, 375.8, 8036,-15.7,-18.2,-16.3, 81, 94, 2.43,190,21.1
2024-09-26 11:38:49,-82.4681,27.9755, 375.4, 8042,-15.7,-18.2,-16.3, 81, 94, 2.43,190,21.1
2024-09-26 11:38:50,-82.4680,27.9757, 375.1, 8049,-15.7,-18.3,-16.4, 81, 94, 2.42,190,21.1
2024-09-26 11:38:51,-82.4680,27.9759, 374.8, 8055,-15.8,-18.3,-16.4, 81, 94, 2.41,189,21.0
2024-09-26 11:38:52,-82.4680,27.9761, 374.5, 8062,-15.8,-18.4,-16.5, 81, 94, 2.41,189,21.0
2024-09-26 11:38:53,-82.4679,27.9763, 374.2, 8068,-15.8,-18.4,-16.5, 81, 94, 2.40,189,21.0
2024-09-26 11:38:54,-82.4679,27.9765, 373.8, 8075,-15.9,-18.5,-16.6, 81, 94, 2.39,189,21.0
2024-09-26 11:38:55,-82.4678,27.9766, 373.5, 8081,-15.9,-18.5,-16.6, 80, 94, 2.38,189,21.0
2024-09-26 11:38:56,-82.4678,27.9768, 373.2, 8088,-16.0,-18.6,-16.6, 80, 94, 2.37,189,21.0
2024-09-26 11:38:57,-82.4678,27.9770, 372.9, 8094,-16.0,-18.6,-16.7, 80, 94, 2.36,189,21.0
2024-09-26 11:38:58,-82.4677,27.9772, 372.6, 8101,-16.1,-18.7,-16.7, 80, 94, 2.35,189,21.0
2024-09-26 11:38:59,-82.4677,27.9774, 372.2, 8107,-16.1,-18.7,-16.8, 80, 94, 2.35,189,21.0
2024-09-26 11:39:00,-82.4676,27.9776, 371.9, 8113,-16.2,-18.8,-16.8, 80, 94, 2.34,189,21.0
2024-09-26 11:39:01,-82.4676,27.9778, 371.6, 8120,-16.2,-18.8,-16.9, 80, 94, 2.33,190,21.0
2024-09-26 11:39:02,-82.4676,27.9779, 371.3, 8126,-16.3,-18.9,-16.9, 80, 94, 2.32,190,21.0
2024-09-26 11:39:03,-82.4675,27.9781, 371.0, 8132,-16.3,-18.9,-17.0, 80, 94, 2.31,190,21.0
2024-09-26 11:39:04,-82.4675,27.9783, 370.7, 8139,-16.3,-19.0,-17.0, 80, 94, 2.30,190,21.0
2024-09-26 11:39:05,-82.4674,27.9785, 370.4, 8145,-16.4,-19.0,-17.1, 80, 94, 2.29,190,21.0
2024-09-26 11:39:06,-82.4674,27.9787, 370.1, 8151,-16.4,-19.1,-17.1, 80, 94, 2.29,191,21.0
2024-09-26 11:39:07,-82.4674,27.9789, 369.7, 8158,-16.5,-19.2,-17.2, 80, 94, 2.28,191,21.0
2024-09-26 11:39:08,-82.4673,27.9791, 369.4, 8164,-16.5,-19.2,-17.2, 80, 94, 2.27,191,20.9
2024-09-26 11:39:09,-82.4673,27.9792, 369.1, 8170,-16.6,-19.2,-17.3, 80, 94, 2.26,191,20.9
2024-09-26 11:39:10,-82.4673,27.9794, 368.8, 8176,-16.6,-19.3,-17.3, 80, 94, 2.26,191,20.9
2024-09-26 11:39:11,-82.4672,27.9796, 368.5, 8182,-16.7,-19.3,-17.3, 80, 94, 2.25,192,20.9
2024-09-26 11:39:12,-82.4672,27.9798, 368.2, 8189,-16.7,-19.4,-17.4, 80, 94, 2.24,192,20.9
2024-09-26 11:39:13,-82.4671,27.9800, 367.9, 8196,-16.8,-19.4,-17.4, 80, 94, 2.24,192,20.9
2024-09-26 11:39:14,-82.4671,27.9802, 367.6, 8202,-16.8,-19.5,-17.5, 80, 94, 2.23,192,20.9
2024-09-26 11:39:15,-82.4671,27.9804, 367.2, 8209,-16.9,-19.5,-17.5, 80, 94, 2.22,192,21.0
2024-09-26 11:39:16,-82.4670,27.9806, 366.9, 8216,-16.9,-19.6,-17.5, 80, 94, 2.22,193,21.0
2024-09-26 11:39:17,-82.4670,27.9808, 366.6, 8222,-17.0,-19.6,-17.6, 80, 94, 2.21,193,21.0
2024-09-26 11:39:18,-82.4669,27.9809, 366.3, 8228,-17.0,-19.6,-17.6, 80, 94, 2.20,193,21.0
2024-09-26 11:39:19,-82.4669,27.9811, 366.0, 8235,-17.0,-19.7,-17.7, 80, 94, 2.20,193,21.0
2024-09-26 11:39:20,-82.4669,27.9813, 365.7, 8241,-17.1,-19.7,-17.7, 80, 94, 2.19,193,21.0
2024-09-26 11:39:21,-82.4668,27.9815, 365.3, 8247,-17.1,-19.8,-17.7, 80, 95, 2.19,192,21.0
2024-09-26 11:39:22,-82.4668,27.9817, 365.0, 8253,-17.2,-19.8,-17.8, 80, 94, 2.18,192,21.1
2024-09-26 11:39:23,-82.4667,27.9819, 364.7, 8260,-17.2,-19.9,-17.8, 80, 94, 2.17,192,21.1
2024-09-26 11:39:24,-82.4667,27.9821, 364.4, 8267,-17.3,-19.9,-17.9, 80, 94, 2.16,192,21.1
2024-09-26 11:39:25,-82.4667,27.9823, 364.1, 8274,-17.3,-20.0,-17.9, 80, 94, 2.16,192,21.1
2024-09-26 11:39:26,-82.4666,27.9825, 363.8, 8281,-17.4,-20.0,-18.0, 80, 95, 2.15,192,21.2
2024-09-26 11:39:27,-82.4666,27.9826, 363.4, 8287,-17.4,-20.1,-18.0, 80, 94, 2.14,192,21.2
2024-09-26 11:39:28,-82.4665,27.9828, 363.1, 8294,-17.4,-20.1,-18.1, 80, 94, 2.14,192,21.2
2024-09-26 11:39:29,-82.4665,27.9830, 362.8, 8301,-17.5,-20.1,-18.1, 80, 95, 2.13,191,21.2
2024-09-26 11:39:30,-82.4665,27.9832, 362.5, 8307,-17.5,-20.2,-18.1, 80, 94, 2.12,191,21.2
2024-09-26 11:39:31,-82.4664,27.9834, 362.2, 8313,-17.6,-20.2,-18.2, 80, 95, 2.12,191,21.3
2024-09-26 11:39:32,-82.4664,27.9836, 361.9, 8320,-17.6,-20.3,-18.2, 80, 94, 2.11,191,21.3
2024-09-26 11:39:33,-82.4663,27.9838, 361.6, 8326,-17.7,-20.3,-18.3, 80, 94, 2.10,191,21.3
2024-09-26 11:39:34,-82.4663,27.9840, 361.2, 8332,-17.7,-20.4,-18.3, 80, 95, 2.09,191,21.3
2024-09-26 11:39:35,-82.4663,27.9842, 360.9, 8339,-17.8,-20.4,-18.4, 79, 94, 2.09,191,21.4
2024-09-26 11:39:36,-82.4662,27.9843, 360.6, 8345,-17.8,-20.5,-18.4, 80, 95, 2.08,191,21.4
2024-09-26 11:39:37,-82.4662,27.9845, 360.3, 8351,-17.9,-20.5,-18.4, 80, 95, 2.08,191,21.4
2024-09-26 11:39:38,-82.4661,27.9847, 360.0, 8357,-17.9,-20.6,-18.5, 80, 95, 2.07,191,21.4
2024-09-26 11:39:39,-82.4661,27.9849, 359.7, 8363,-18.0,-20.6,-18.5, 80, 95, 2.06,191,21.5
2024-09-26 11:39:40,-82.4660,27.9851, 359.4, 8370,-18.0,-20.7,-18.6, 80, 95, 2.06,191,21.5
2024-09-26 11:39:41,-82.4660,27.9853, 359.1, 8377,-18.0,-20.7,-18.6, 80, 95, 2.05,191,21.6
2024-09-26 11:39:42,-82.4659,27.9855, 358.8, 8383,-18.1,-20.7,-18.6, 80, 95, 2.05,191,21.6
2024-09-26 11:39:43,-82.4659,27.9857, 358.5, 8390,-18.1,-20.8,-18.7, 80, 95, 2.04,191,21.6
2024-09-26 11:39:44,-82.4658,27.9859, 358.2, 8397,-18.2,-20.8,-18.7, 80, 95, 2.03,191,21.7
2024-09-26 11:39:45,-82.4658,27.9861, 357.9, 8403,-18.2,-20.9,-18.7, 80, 95, 2.03,191,21.7
2024-09-26 11:39:46,-82.4657,27.9863, 357.6, 8409,-18.3,-20.9,-18.8, 80, 95, 2.02,191,21.7
2024-09-26 11:39:47,-82.4657,27.9865, 357.3, 8415,-18.3,-21.0,-18.8, 80, 95, 2.02,191,21.8
2024-09-26 11:39:48,-82.4656,27.9867, 357.0, 8420,-18.4,-21.0,-18.9, 80, 96, 2.01,191,21.8
2024-09-26 11:39:49,-82.4656,27.9869, 356.7, 8426,-18.4,-21.1,-18.9, 80, 96, 2.00,191,21.8
2024-09-26 11:39:50,-82.4656,27.9871, 356.4, 8432,-18.5,-21.1,-19.0, 80, 96, 1.99,191,21.9
2024-09-26 11:39:51,-82.4655,27.9873, 356.1, 8438,-18.5,-21.2,-19.0, 80, 96, 1.99,191,21.9
2024-09-26 11:39:52,-82.4655,27.9874, 355.9, 8444,-18.6,-21.2,-19.1, 80, 96, 1.98,191,22.0
2024-09-26 11:39:53,-82.4654,27.9876, 355.6, 8450,-18.6,-21.3,-19.1, 80, 96, 1.97,191,22.0
2024-09-26 11:39:54,-82.4654,27.9878, 355.3, 8456,-18.7,-21.3,-19.2, 80, 96, 1.96,191,22.0
2024-09-26 11:39:55,-82.4653,27.9880, 355.0, 8463,-18.8,-21.4,-19.2, 80, 96, 1.96,191,22.1
2024-09-26 11:39:56,-82.4653,27.9882, 354.7, 8469,-18.8,-21.4,-19.3, 80, 96, 1.95,191,22.1
2024-09-26 11:39:57,-82.4652,27.9884, 354.4, 8475,-18.9,-21.5,-19.3, 80, 96, 1.94,191,22.1
2024-09-26 11:39:58,-82.4652,27.9886, 354.0, 8482,-18.9,-21.6,-19.4, 80, 96, 1.93,191,22.1
2024-09-26 11:39:59,-82.4651,27.9888, 353.7, 8489,-19.0,-21.6,-19.4, 80, 96, 1.92,191,22.1
2024-09-26 11:40:00,-82.4651,27.9890, 353.4, 8495,-19.0,-21.7,-19.5, 80, 96, 1.92,191,22.1
2024-09-26 11:40:01,-82.4650,27.9892, 353.1, 8502,-19.1,-21.7,-19.5, 80, 96, 1.91,191,22.1
2024-09-26 11:40:02,-82.4650,27.9894, 352.8, 8508,-19.1,-21.8,-19.6, 80, 96, 1.90,192,22.1
2024-09-26 11:40:03,-82.4649,27.9896, 352.5, 8515,-19.2,-21.8,-19.6, 80, 96, 1.90,192,22.1
2024-09-26 11:40:04,-82.4649,27.9898, 352.2, 8521,-19.2,-21.9,-19.7, 79, 96, 1.89,192,22.2
2024-09-26 11:40:05,-82.4648,27.9900, 351.9, 8527,-19.3,-21.9,-19.7, 79, 96, 1.88,192,22.2
2024-09-26 11:40:06,-82.4648,27.9902, 351.6, 8534,-19.3,-22.0,-19.8, 79, 96, 1.87,192,22.2
2024-09-26 11:40:07,-82.4647,27.9904, 351.3, 8540,-19.4,-22.0,-19.8, 79, 96, 1.87,192,22.2
2024-09-26 11:40:08,-82.4647,27.9906, 350.9, 8548,-19.4,-22.1,-19.9, 79, 96, 1.86,193,22.2
2024-09-26 11:40:09,-82.4646,27.9908, 350.6, 8555,-19.5,-22.1,-19.9, 79, 96, 1.86,193,22.2
2024-09-26 11:40:10,-82.4646,27.9910, 350.3, 8562,-19.5,-22.2,-20.0, 79, 96, 1.85,193,22.2
2024-09-26 11:40:11,-82.4645,27.9911, 349.9, 8569,-19.6,-22.2,-20.0, 79, 96, 1.84,193,22.2
2024-09-26 11:40:12,-82.4645,27.9913, 349.6, 8576,-19.6,-22.3,-20.0, 79, 96, 1.83,193,22.2
2024-09-26 11:40:13,-82.4644,27.9915, 349.3, 8583,-19.7,-22.3,-20.1, 79, 96, 1.83,194,22.2
2024-09-26 11:40:14,-82.4644,27.9917, 348.9, 8590,-19.7,-22.4,-20.1, 79, 96, 1.82,194,22.2
2024-09-26 11:40:15,-82.4643,27.9919, 348.7, 8596,-19.7,-22.4,-20.2, 79, 96, 1.82,194,22.2
2024-09-26 11:40:16,-82.4643,27.9921, 348.3, 8604,-19.8,-22.5,-20.2, 79, 96, 1.81,194,22.2
2024-09-26 11:40:17,-82.4642,27.9923, 348.0, 8611,-19.9,-22.5,-20.3, 79, 96, 1.81,194,22.2
2024-09-26 11:40:18,-82.4641,27.9925, 347.6, 8618,-19.9,-22.6,-20.3, 79, 96, 1.80,194,22.2
2024-09-26 11:40:19,-82.4641,27.9927, 347.3, 8625,-19.9,-22.6,-20.3, 79, 96, 1.80,194,22.2
2024-09-26 11:40:20,-82.4640,27.9929, 347.0, 8631,-20.0,-22.6,-20.4, 79, 96, 1.79,194,22.2
2024-09-26 11:40:21,-82.4640,27.9931, 346.7, 8637,-20.0,-22.7,-20.4, 79, 97, 1.79,194,22.2
2024-09-26 11:40:22,-82.4639,27.9933, 346.4, 8644,-20.1,-22.7,-20.4, 79, 97, 1.78,194,22.2
2024-09-26 11:40:23,-82.4639,27.9935, 346.1, 8650,-20.1,-22.8,-20.5, 79, 97, 1.77,194,22.2
2024-09-26 11:40:24,-82.4638,27.9937, 345.8, 8657,-20.2,-22.8,-20.5, 79, 97, 1.77,194,22.2
2024-09-26 11:40:25,-82.4638,27.9939, 345.5, 8663,-20.2,-22.9,-20.6, 80, 97, 1.77,194,22.2
2024-09-26 11:40:26,-82.4637,27.9940, 345.2, 8670,-20.3,-22.9,-20.6, 80, 97, 1.76,194,22.2
2024-09-26 11:40:27,-82.4637,27.9942, 344.9, 8677,-20.3,-22.9,-20.6, 80, 97, 1.76,194,22.1
2024-09-26 11:40:28,-82.4636,27.9944, 344.6, 8683,-20.3,-23.0,-20.7, 80, 97, 1.75,194,22.1
2024-09-26 11:40:29,-82.4636,27.9946, 344.3, 8690,-20.4,-23.0,-20.7, 80, 97, 1.75,194,22.1
2024-09-26 11:40:30,-82.4635,27.9948, 344.0, 8696,-20.4,-23.0,-20.7, 80, 97, 1.75,194,22.1
2024-09-26 11:40:31,-82.4635,27.9950, 343.7, 8703,-20.5,-23.0,-20.7, 80, 97, 1.74,194,22.1
2024-09-26 11:40:32,-82.4634,27.9952, 343.4, 8709,-20.5,-23.1,-20.8, 80, 97, 1.74,194,22.1
2024-09-26 11:40:33,-82.4634,27.9954, 343.1, 8716,-20.5,-23.1,-20.8, 80, 97, 1.74,194,22.1
2024-09-26 11:40:34,-82.4633,27.9956, 342.7, 8722,-20.6,-23.1,-20.8, 80, 98, 1.74,194,22.1
2024-09-26 11:40:35,-82.4632,27.9958, 342.4, 8730,-20.6,-23.2,-20.8, 80, 98, 1.73,194,22.1
2024-09-26 11:40:36,-82.4632,27.9960, 342.1, 8737,-20.6,-23.2,-20.9, 80, 98, 1.73,193,22.1
2024-09-26 11:40:37,-82.4631,27.9962, 341.8, 8744,-20.7,-23.2,-20.9, 80, 98, 1.73,193,22.1
2024-09-26 11:40:38,-82.4631,27.9964, 341.5, 8751,-20.7,-23.2,-20.9, 80, 98, 1.73,193,22.1
2024-09-26 11:40:39,-82.4630,27.9966, 341.1, 8759,-20.7,-23.3,-20.9, 80, 98, 1.72,193,22.1
2024-09-26 11:40:40,-82.4630,27.9967, 340.8, 8766,-20.8,-23.3,-21.0, 80, 98, 1.72,193,22.1
2024-09-26 11:40:41,-82.4629,27.9969, 340.5, 8772,-20.8,-23.3,-21.0, 80, 98, 1.72,193,22.1
2024-09-26 11:40:42,-82.4629,27.9971, 340.2, 8779,-20.8,-23.3,-21.0, 80, 98, 1.72,193,22.1
2024-09-26 11:40:43,-82.4628,27.9973, 339.9, 8786,-20.9,-23.3,-21.0, 80, 98, 1.72,193,22.1
2024-09-26 11:40:44,-82.4628,27.9975, 339.6, 8793,-20.9,-23.4,-21.0, 80, 99, 1.72,193,22.1
2024-09-26 11:40:45,-82.4627,27.9977, 339.3, 8799,-20.9,-23.4,-21.1, 81, 99, 1.71,193,22.1
2024-09-26 11:40:46,-82.4627,27.9979, 339.0, 8806,-20.9,-23.4,-21.1, 81, 99, 1.71,193,22.1
2024-09-26 11:40:47,-82.4626,27.9981, 338.7, 8812,-21.0,-23.4,-21.1, 81, 99, 1.71,193,22.1
2024-09-26 11:40:48,-82.4626,27.9983, 338.4, 8818,-21.0,-23.4,-21.1, 81, 99, 1.71,193,22.0
2024-09-26 11:40:49,-82.4625,27.9984, 338.1, 8825,-21.0,-23.4,-21.1, 81, 99, 1.71,193,22.0
2024-09-26 11:40:50,-82.4625,27.9986, 337.8, 8831,-21.1,-23.5,-21.1, 81, 99, 1.71,193,22.0
2024-09-26 11:40:51,-82.4624,27.9988, 337.5, 8837,-21.1,-23.5,-21.1, 81,100, 1.71,193,22.0
2024-09-26 11:40:52,-82.4624,27.9990, 337.2, 8844,-21.1,-23.5,-21.2, 81,100, 1.71,193,22.0
2024-09-26 11:40:53,-82.4624,27.9992, 336.8, 8851,-21.2,-23.5,-21.2, 81,100, 1.71,193,22.0
2024-09-26 11:40:54,-82.4623,27.9994, 336.5, 8858,-21.2,-23.5,-21.2, 81,100, 1.71,193,22.0
2024-09-26 11:40:55,-82.4623,27.9996, 336.2, 8865,-21.2,-23.6,-21.2, 81,100, 1.70,193,22.0
2024-09-26 11:40:56,-82.4622,27.9998, 335.9, 8872,-21.3,-23.6,-21.2, 81,100, 1.70,193,22.0
2024-09-26 11:40:57,-82.4622,28.0000, 335.6, 8879,-21.3,-23.6,-21.3, 81,100, 1.70,193,22.0
2024-09-26 11:40:58,-82.4621,28.0001, 335.3, 8886,-21.3,-23.7,-21.3, 82,100, 1.69,193,21.9
2024-09-26 11:40:59,-82.4621,28.0003, 335.0, 8893,-21.4,-23.7,-21.3, 81,100, 1.69,193,21.9
2024-09-26 11:41:00,-82.4620,28.0005, 334.7, 8899,-21.4,-23.7,-21.4, 82,100, 1.69,193,21.8
2024-09-26 11:41:01,-82.4620,28.0007, 334.4, 8906,-21.5,-23.8,-21.4, 81,100, 1.68,193,21.8
2024-09-26 11:41:02,-82.4619,28.0009, 334.1, 8913,-21.5,-23.8,-21.4, 82,101, 1.68,193,21.7
2024-09-26 11:41:03,-82.4619,28.0011, 333.8, 8919,-21.5,-23.8,-21.5, 82,101, 1.67,193,21.6
2024-09-26 11:41:04,-82.4618,28.0013, 333.5, 8926,-21.6,-23.9,-21.5, 81,101, 1.67,193,21.6
2024-09-26 11:41:05,-82.4618,28.0015, 333.2, 8932,-21.6,-23.9,-21.5, 82,101, 1.67,193,21.5
2024-09-26 11:41:06,-82.4617,28.0017, 332.9, 8939,-21.6,-24.0,-21.6, 82,101, 1.66,193,21.4
2024-09-26 11:41:07,-82.4617,28.0018, 332.6, 8946,-21.7,-24.0,-21.6, 82,101, 1.66,193,21.4
2024-09-26 11:41:08,-82.4616,28.0019, 332.3, 8952,-21.7,-24.0,-21.7, 82,101, 1.65,193,21.3
2024-09-26 11:41:09,-82.4616,28.0022, 332.1, 8956,-21.8,-24.1,-21.7, 82,101, 1.65,193,21.3
2024-09-26 11:41:10,-82.4615,28.0024, 331.6, 8966,-21.8,-24.1,-21.7, 82,101, 1.64,192,21.2
2024-09-26 11:41:11,-82.4615,28.0026, 331.3, 8973,-21.9,-24.2,-21.8, 82,101, 1.64,192,21.1
2024-09-26 11:41:12,-82.4615,28.0027, 331.0, 8980,-21.9,-24.2,-21.8, 81,101, 1.63,192,21.1
2024-09-26 11:41:13,-82.4614,28.0029, 330.7, 8987,-22.0,-24.3,-21.9, 81,101, 1.63,192,21.0
2024-09-26 11:41:14,-82.4614,28.0031, 330.4, 8994,-22.0,-24.3,-21.9, 81,101, 1.62,192,20.9
2024-09-26 11:41:15,-82.4614,28.0032, 330.1, 9000,-22.0,-24.4,-22.0, 81,101, 1.61,192,20.9
2024-09-26 11:41:16,-82.4613,28.0034, 329.8, 9007,-22.1,-24.4,-22.0, 81,101, 1.61,192,20.8
2024-09-26 11:41:17,-82.4613,28.0036, 329.5, 9014,-22.1,-24.5,-22.0, 81,101, 1.60,192,20.8
2024-09-26 11:41:18,-82.4613,28.0037, 329.2, 9020,-22.2,-24.5,-22.1, 81,101, 1.60,192,20.7
2024-09-26 11:41:19,-82.4612,28.0039, 328.9, 9027,-22.2,-24.6,-22.1, 81,101, 1.59,192,20.5
2024-09-26 11:41:20,-82.4612,28.0041, 328.6, 9034,-22.3,-24.6,-22.2, 81,101, 1.59,192,20.4
2024-09-26 11:41:21,-82.4612,28.0042, 328.3, 9041,-22.3,-24.7,-22.2, 81,101, 1.58,191,20.3
2024-09-26 11:41:22,-82.4611,28.0044, 328.0, 9048,-22.3,-24.7,-22.3, 81,101, 1.58,191,20.2
2024-09-26 11:41:23,-82.4611,28.0046, 327.7, 9055,-22.4,-24.7,-22.3, 81,101, 1.57,191,20.1
2024-09-26 11:41:24,-82.4611,28.0047, 327.4, 9062,-22.4,-24.8,-22.3, 81,101, 1.57,191,20.0
2024-09-26 11:41:25,-82.4610,28.0049, 327.1, 9068,-22.5,-24.8,-22.4, 81,101, 1.56,191,19.9
2024-09-26 11:41:26,-82.4610,28.0051, 326.8, 9075,-22.5,-24.9,-22.4, 81,101, 1.56,191,19.8
2024-09-26 11:41:27,-82.4610,28.0052, 326.5, 9082,-22.5,-24.9,-22.5, 81,101, 1.55,191,19.7
2024-09-26 11:41:28,-82.4609,28.0054, 326.2, 9089,-22.6,-25.0,-22.5, 81,101, 1.55,191,19.6
2024-09-26 11:41:29,-82.4609,28.0056, 325.9, 9096,-22.6,-25.0,-22.6, 81,101, 1.54,191,19.4
2024-09-26 11:41:30,-82.4609,28.0057, 325.5, 9103,-22.7,-25.1,-22.6, 81,101, 1.54,190,19.3
2024-09-26 11:41:31,-82.4608,28.0059, 325.3, 9109,-22.7,-25.1,-22.7, 81,100, 1.53,190,19.2
2024-09-26 11:41:32,-82.4608,28.0061, 325.0, 9116,-22.7,-25.2,-22.7, 81,101, 1.53,190,19.1
2024-09-26 11:41:33,-82.4607,28.0062, 324.7, 9122,-22.8,-25.2,-22.7, 80,100, 1.52,190,19.0
2024-09-26 11:41:34,-82.4607,28.0064, 324.4, 9129,-22.8,-25.3,-22.8, 80,100, 1.52,190,18.9
2024-09-26 11:41:35,-82.4607,28.0066, 324.1, 9136,-22.8,-25.3,-22.8, 80,100, 1.51,190,18.8
2024-09-26 11:41:36,-82.4606,28.0067, 323.8, 9142,-22.9,-25.3,-22.9, 80,100, 1.51,190,18.7
2024-09-26 11:41:37,-82.4606,28.0069, 323.5, 9149,-22.9,-25.4,-22.9, 80,100, 1.50,190,18.6
2024-09-26 11:41:38,-82.4606,28.0071, 323.2, 9155,-23.0,-25.4,-22.9, 80,100, 1.50,190,18.5
2024-09-26 11:41:39,-82.4605,28.0072, 322.9, 9162,-23.0,-25.5,-23.0, 80,100, 1.50,190,18.4
2024-09-26 11:41:40,-82.4605,28.0074, 322.6, 9169,-23.0,-25.5,-23.0, 80,100, 1.49,190,18.3
2024-09-26 11:41:41,-82.4605,28.0075, 322.3, 9175,-23.1,-25.5,-23.0, 80,100, 1.49,190,18.3
2024-09-26 11:41:42,-82.4604,28.0077, 322.0, 9182,-23.1,-25.6,-23.1, 80,100, 1.48,190,18.2
2024-09-26 11:41:43,-82.4604,28.0078, 321.7, 9189,-23.1,-25.6,-23.1, 80,100, 1.48,190,18.1
2024-09-26 11:41:44,-82.4604,28.0080, 321.4, 9195,-23.2,-25.7,-23.1, 80,100, 1.47,191,18.0
2024-09-26 11:41:45,-82.4603,28.0081, 321.2, 9202,-23.2,-25.7,-23.2, 80,100, 1.47,191,17.9
2024-09-26 11:41:46,-82.4603,28.0083, 320.9, 9209,-23.2,-25.8,-23.2, 80,100, 1.47,191,17.9
2024-09-26 11:41:47,-82.4603,28.0084, 320.6, 9215,-23.3,-25.8,-23.3, 80,100, 1.46,191,17.8
2024-09-26 11:41:48,-82.4602,28.0086, 320.3, 9222,-23.3,-25.8,-23.3, 80,100, 1.46,191,17.7
2024-09-26 11:41:49,-82.4602,28.0087, 319.9, 9230,-23.4,-25.9,-23.4, 80,100, 1.45,191,17.6
2024-09-26 11:41:50,-82.4601,28.0089, 319.6, 9237,-23.4,-25.9,-23.4, 80,100, 1.45,191,17.6
2024-09-26 11:41:51,-82.4601,28.0090, 319.3, 9245,-23.5,-26.0,-23.4, 80,100, 1.44,191,17.5
2024-09-26 11:41:52,-82.4601,28.0092, 319.0, 9252,-23.5,-26.0,-23.5, 80,100, 1.44,192,17.4
2024-09-26 11:41:53,-82.4600,28.0093, 318.7, 9259,-23.5,-26.1,-23.5, 80,100, 1.43,192,17.3
2024-09-26 11:41:54,-82.4600,28.0095, 318.4, 9266,-23.6,-26.1,-23.6, 80,100, 1.43,192,17.2
2024-09-26 11:41:55,-82.4600,28.0096, 318.1, 9273,-23.6,-26.2,-23.6, 80,100, 1.43,192,17.2
2024-09-26 11:41:56,-82.4599,28.0097, 317.8, 9280,-23.7,-26.2,-23.6, 80,100, 1.42,192,17.1
2024-09-26 11:41:57,-82.4599,28.0099, 317.5, 9286,-23.7,-26.2,-23.7, 80,100, 1.42,192,17.0
2024-09-26 11:41:58,-82.4598,28.0100, 317.2, 9293,-23.8,-26.3,-23.7, 80,100, 1.41,192,17.0
2024-09-26 11:41:59,-82.4598,28.0102, 316.9, 9299,-23.8,-26.3,-23.8, 80,100, 1.41,192,17.0
2024-09-26 11:42:00,-82.4598,28.0103, 316.6, 9306,-23.9,-26.4,-23.8, 80,101, 1.40,192,17.0
2024-09-26 11:42:01,-82.4597,28.0105, 316.3, 9313,-23.9,-26.4,-23.8, 80,100, 1.40,192,16.9
2024-09-26 11:42:02,-82.4597,28.0106, 316.0, 9319,-23.9,-26.5,-23.9, 80,101, 1.39,193,16.9
2024-09-26 11:42:03,-82.4597,28.0108, 315.8, 9326,-24.0,-26.5,-23.9, 80,101, 1.39,193,16.9
2024-09-26 11:42:04,-82.4596,28.0109, 315.5, 9332,-24.0,-26.6,-24.0, 80,101, 1.38,193,16.9
2024-09-26 11:42:05,-82.4596,28.0111, 315.2, 9339,-24.1,-26.6,-24.0, 80,101, 1.38,193,16.9
2024-09-26 11:42:06,-82.4595,28.0112, 314.9, 9346,-24.1,-26.7,-24.1, 79,101, 1.37,193,16.9
2024-09-26 11:42:07,-82.4595,28.0114, 314.6, 9353,-24.2,-26.7,-24.1, 79,101, 1.37,193,16.8
2024-09-26 11:42:08,-82.4595,28.0115, 314.3, 9359,-24.2,-26.8,-24.2, 79,101, 1.36,193,16.8
2024-09-26 11:42:09,-82.4594,28.0117, 314.0, 9366,-24.3,-26.8,-24.2, 79,101, 1.36,193,16.8
2024-09-26 11:42:10,-82.4594,28.0118, 313.7, 9373,-24.3,-26.9,-24.3, 79,101, 1.35,193,16.8
2024-09-26 11:42:11,-82.4594,28.0120, 313.4, 9380,-24.4,-26.9,-24.3, 79,101, 1.35,193,16.8
2024-09-26 11:42:12,-82.4593,28.0121, 313.2, 9386,-24.4,-27.0,-24.3, 79,101, 1.34,193,16.8
2024-09-26 11:42:13,-82.4593,28.0123, 312.9, 9393,-24.5,-27.0,-24.4, 79,101, 1.34,193,16.7
2024-09-26 11:42:14,-82.4592,28.0124, 312.6, 9400,-24.5,-27.1,-24.4, 79,101, 1.34,193,16.7
2024-09-26 11:42:15,-82.4592,28.0125, 312.3, 9407,-24.5,-27.1,-24.5, 79,101, 1.33,193,16.7
2024-09-26 11:42:16,-82.4592,28.0127, 312.0, 9414,-24.6,-27.2,-24.5, 79,101, 1.32,193,16.7
2024-09-26 11:42:17,-82.4591,28.0128, 311.7, 9421,-24.6,-27.2,-24.6, 79,101, 1.32,193,16.7
2024-09-26 11:42:18,-82.4591,28.0130, 311.4, 9427,-24.7,-27.3,-24.6, 79,101, 1.31,193,16.7
2024-09-26 11:42:19,-82.4590,28.0131, 311.1, 9434,-24.7,-27.3,-24.7, 79,101, 1.31,193,16.7
2024-09-26 11:42:20,-82.4590,28.0133, 310.8, 9440,-24.8,-27.4,-24.8, 79,100, 1.30,193,16.7
2024-09-26 11:42:21,-82.4590,28.0134, 310.6, 9447,-24.8,-27.5,-24.8, 79,100, 1.29,193,16.7
2024-09-26 11:42:22,-82.4589,28.0136, 310.3, 9454,-24.9,-27.5,-24.9, 79,100, 1.29,193,16.7
2024-09-26 11:42:23,-82.4589,28.0137, 310.0, 9460,-24.9,-27.6,-24.9, 79,100, 1.28,193,16.7
2024-09-26 11:42:24,-82.4588,28.0138, 309.7, 9467,-25.0,-27.6,-25.0, 78,100, 1.28,193,16.7
2024-09-26 11:42:25,-82.4588,28.0140, 309.4, 9473,-25.0,-27.7,-25.0, 78,100, 1.27,194,16.7
2024-09-26 11:42:26,-82.4588,28.0141, 309.2, 9480,-25.1,-27.8,-25.1, 78,100, 1.26,194,16.7
2024-09-26 11:42:27,-82.4587,28.0143, 308.9, 9486,-25.1,-27.8,-25.2, 78,100, 1.26,194,16.7
2024-09-26 11:42:28,-82.4587,28.0144, 308.6, 9493,-25.2,-27.9,-25.2, 78,100, 1.25,194,16.7
2024-09-26 11:42:29,-82.4586,28.0146, 308.3, 9500,-25.2,-27.9,-25.2, 78,100, 1.25,194,16.7
2024-09-26 11:42:30,-82.4586,28.0147, 308.0, 9507,-25.3,-28.0,-25.3, 78,100, 1.24,194,16.7
2024-09-26 11:42:31,-82.4586,28.0149, 307.7, 9514,-25.3,-28.0,-25.3, 78,100, 1.24,194,16.7
2024-09-26 11:42:32,-82.4585,28.0150, 307.4, 9521,-25.3,-28.1,-25.4, 78, 99, 1.23,194,16.7
2024-09-26 11:42:33,-82.4585,28.0152, 307.1, 9528,-25.4,-28.2,-25.4, 78, 99, 1.23,194,16.7
2024-09-26 11:42:34,-82.4584,28.0153, 306.9, 9535,-25.4,-28.2,-25.5, 78, 99, 1.22,194,16.7
2024-09-26 11:42:35,-82.4584,28.0154, 306.6, 9542,-25.5,-28.3,-25.5, 77, 99, 1.22,194,16.7
2024-09-26 11:42:36,-82.4584,28.0156, 306.3, 9548,-25.5,-28.3,-25.6, 77, 99, 1.21,195,16.7
2024-09-26 11:42:37,-82.4583,28.0157, 306.0, 9554,-25.5,-28.4,-25.6, 77, 99, 1.21,195,16.7
2024-09-26 11:42:38,-82.4583,28.0159, 305.7, 9561,-25.6,-28.4,-25.7, 77, 99, 1.20,194,16.7
2024-09-26 11:42:39,-82.4582,28.0160, 305.5, 9567,-25.6,-28.5,-25.7, 77, 99, 1.20,194,16.7
2024-09-26 11:42:40,-82.4582,28.0162, 305.2, 9573,-25.7,-28.5,-25.8, 77, 99, 1.19,194,16.6
2024-09-26 11:42:41,-82.4582,28.0163, 304.9, 9580,-25.7,-28.6,-25.8, 77, 99, 1.19,194,16.6
2024-09-26 11:42:42,-82.4581,28.0165, 304.7, 9586,-25.7,-28.6,-25.9, 77, 99, 1.19,194,16.6
2024-09-26 11:42:43,-82.4581,28.0166, 304.4, 9592,-25.8,-28.7,-25.9, 77, 99, 1.18,193,16.5
2024-09-26 11:42:44,-82.4581,28.0168, 304.1, 9599,-25.8,-28.7,-26.0, 77, 99, 1.18,193,16.5
2024-09-26 11:42:45,-82.4581,28.0169, 303.9, 9605,-25.8,-28.7,-26.0, 77, 98, 1.17,193,16.5
2024-09-26 11:42:46,-82.4580,28.0171, 303.6, 9611,-25.9,-28.8,-26.0, 76, 98, 1.17,193,16.4
2024-09-26 11:42:47,-82.4580,28.0172, 303.3, 9618,-25.9,-28.8,-26.1, 76, 98, 1.17,193,16.4
2024-09-26 11:42:48,-82.4580,28.0174, 303.1, 9624,-25.9,-28.9,-26.1, 76, 98, 1.16,192,16.4
2024-09-26 11:42:49,-82.4580,28.0175, 302.8, 9630,-26.0,-28.9,-26.2, 76, 98, 1.16,192,16.3
2024-09-26 11:42:50,-82.4579,28.0177, 302.6, 9636,-26.0,-29.0,-26.2, 76, 98, 1.16,192,16.3
2024-09-26 11:42:51,-82.4579,28.0178, 302.3, 9643,-26.0,-29.0,-26.2, 76, 98, 1.15,192,16.3
2024-09-26 11:42:52,-82.4579,28.0180, 302.1, 9648,-26.1,-29.0,-26.3, 76, 98, 1.15,192,16.2
2024-09-26 11:42:53,-82.4579,28.0181, 301.9, 9654,-26.1,-29.1,-26.3, 76, 98, 1.15,192,16.2
2024-09-26 11:42:54,-82.4579,28.0182, 301.6, 9659,-26.1,-29.1,-26.3, 76, 98, 1.14,191,16.2
2024-09-26 11:42:55,-82.4578,28.0184, 301.4, 9665,-26.2,-29.2,-26.4, 76, 98, 1.14,191,16.1
2024-09-26 11:42:56,-82.4578,28.0185, 301.1, 9670,-26.2,-29.2,-26.4, 76, 98, 1.13,191,16.1
2024-09-26 11:42:57,-82.4578,28.0187, 300.9, 9676,-26.2,-29.3,-26.5, 76, 98, 1.13,191,16.1
2024-09-26 11:42:58,-82.4578,28.0188, 300.6, 9682,-26.3,-29.3,-26.5, 76, 98, 1.13,190,16.1
2024-09-26 11:42:59,-82.4577,28.0191, 300.4, 9689,-26.3,-29.3,-26.5, 76, 98, 1.12,190,16.2
2024-09-26 11:43:00,-82.4577,28.0191, 300.0, 9698,-26.3,-29.4,-26.6, 76, 98, 1.12,190,16.2
2024-09-26 11:43:01,-82.4577,28.0193, 299.8, 9702,-26.4,-29.4,-26.6, 75, 98, 1.12,190,16.3
2024-09-26 11:43:02,-82.4577,28.0194, 299.6, 9708,-26.4,-29.4,-26.6, 75, 98, 1.12,189,16.3
2024-09-26 11:43:03,-82.4576,28.0196, 299.3, 9714,-26.4,-29.5,-26.7, 75, 98, 1.11,189,16.4
2024-09-26 11:43:04,-82.4576,28.0197, 299.1, 9721,-26.5,-29.5,-26.7, 75, 98, 1.11,189,16.4
2024-09-26 11:43:05,-82.4576,28.0199, 298.8, 9727,-26.5,-29.6,-26.8, 75, 98, 1.11,189,16.5
2024-09-26 11:43:06,-82.4576,28.0200, 298.5, 9733,-26.5,-29.6,-26.8, 75, 98, 1.10,188,16.5
2024-09-26 11:43:07,-82.4575,28.0202, 298.3, 9739,-26.6,-29.6,-26.8, 75, 98, 1.10,188,16.6
2024-09-26 11:43:08,-82.4575,28.0203, 298.0, 9746,-26.6,-29.7,-26.9, 75, 97, 1.10,188,16.7
2024-09-26 11:43:09,-82.4575,28.0205, 297.7, 9752,-26.7,-29.7,-26.9, 75, 97, 1.09,188,16.7
2024-09-26 11:43:10,-82.4575,28.0206, 297.5, 9759,-26.7,-29.8,-27.0, 75, 98, 1.09,187,16.8
2024-09-26 11:43:11,-82.4574,28.0208, 297.2, 9765,-26.7,-29.8,-27.0, 75, 97, 1.08,187,16.8
2024-09-26 11:43:12,-82.4574,28.0209, 297.0, 9771,-26.8,-29.9,-27.0, 75, 97, 1.08,187,16.9
2024-09-26 11:43:13,-82.4574,28.0211, 296.7, 9778,-26.8,-29.9,-27.1, 75, 97, 1.08,186,16.9
2024-09-26 11:43:14,-82.4574,28.0213, 296.4, 9784,-26.9,-30.0,-27.2, 75, 97, 1.07,186,17.0
2024-09-26 11:43:15,-82.4574,28.0214, 296.2, 9791,-26.9,-30.0,-27.2, 75, 97, 1.07,186,17.0
2024-09-26 11:43:16,-82.4574,28.0216, 295.9, 9797,-27.0,-30.1,-27.2, 75, 97, 1.06,186,17.1
2024-09-26 11:43:17,-82.4573,28.0217, 295.6, 9803,-27.0,-30.1,-27.3, 75, 97, 1.06,186,17.2
2024-09-26 11:43:18,-82.4573,28.0219, 295.4, 9810,-27.0,-30.2,-27.3, 75, 97, 1.05,186,17.2
2024-09-26 11:43:19,-82.4573,28.0220, 295.1, 9816,-27.1,-30.2,-27.4, 75, 97, 1.05,186,17.2
2024-09-26 11:43:20,-82.4573,28.0222, 294.9, 9822,-27.1,-30.3,-27.4, 74, 97, 1.05,186,17.3
2024-09-26 11:43:21,-82.4573,28.0224, 294.6, 9828,-27.2,-30.3,-27.5, 74, 97, 1.04,186,17.3
2024-09-26 11:43:22,-82.4573,28.0225, 294.4, 9834,-27.2,-30.4,-27.5, 74, 97, 1.04,186,17.4
2024-09-26 11:43:23,-82.4572,28.0227, 294.1, 9840,-27.3,-30.5,-27.6, 74, 97, 1.03,186,17.4
2024-09-26 11:43:24,-82.4572,28.0228, 293.9, 9846,-27.3,-30.5,-27.6, 74, 97, 1.03,186,17.5
2024-09-26 11:43:25,-82.4572,28.0230, 293.7, 9852,-27.4,-30.5,-27.7, 74, 97, 1.03,186,17.5
2024-09-26 11:43:26,-82.4572,28.0231, 293.4, 9858,-27.4,-30.6,-27.7, 74, 97, 1.02,186,17.5
2024-09-26 11:43:27,-82.4572,28.0233, 293.2, 9864,-27.4,-30.6,-27.7, 74, 97, 1.02,186,17.6
2024-09-26 11:43:28,-82.4572,28.0235, 293.0, 9869,-27.5,-30.7,-27.8, 74, 97, 1.02,186,17.6
2024-09-26 11:43:29,-82.4571,28.0236, 292.7, 9875,-27.5,-30.7,-27.8, 74, 97, 1.01,186,17.7
2024-09-26 11:43:30,-82.4571,28.0238, 292.5, 9880,-27.6,-30.8,-27.9, 74, 97, 1.01,186,17.7
2024-09-26 11:43:31,-82.4571,28.0239, 292.3, 9886,-27.6,-30.8,-27.9, 74, 97, 1.01,186,17.8
2024-09-26 11:43:32,-82.4571,28.0241, 292.1, 9891,-27.7,-30.9,-27.9, 74, 97, 1.00,186,17.8
2024-09-26 11:43:33,-82.4571,28.0242, 291.9, 9896,-27.7,-30.9,-28.0, 74, 97, 1.00,186,17.8
2024-09-26 11:43:34,-82.4571,28.0244, 291.7, 9901,-27.8,-30.9,-28.0, 74, 97, 0.99,186,17.9
2024-09-26 11:43:35,-82.4570,28.0246, 291.5, 9906,-27.8,-31.0,-28.1, 74, 97, 0.99,186,17.9
2024-09-26 11:43:36,-82.4570,28.0247, 291.2, 9913,-27.9,-31.0,-28.1, 74, 97, 0.99,186,18.0
2024-09-26 11:43:37,-82.4570,28.0249, 291.0, 9916,-27.9,-31.1,-28.2, 74, 97, 0.98,186,18.0
2024-09-26 11:43:38,-82.4570,28.0250, 290.8, 9921,-27.9,-31.1,-28.2, 74, 97, 0.98,186,17.9
2024-09-26 11:43:39,-82.4570,28.0252, 290.6, 9927,-28.0,-31.2,-28.2, 74, 97, 0.98,186,17.9
2024-09-26 11:43:40,-82.4570,28.0253, 290.4, 9932,-28.0,-31.2,-28.3, 74, 98, 0.97,186,17.8
2024-09-26 11:43:41,-82.4570,28.0255, 290.2, 9938,-28.1,-31.2,-28.3, 74, 98, 0.97,185,17.7
2024-09-26 11:43:42,-82.4569,28.0257, 290.0, 9943,-28.1,-31.3,-28.4, 74, 98, 0.97,185,17.7
2024-09-26 11:43:43,-82.4569,28.0258, 289.7, 9948,-28.2,-31.3,-28.4, 74, 98, 0.97,185,17.6
2024-09-26 11:43:44,-82.4569,28.0260, 289.5, 9954,-28.2,-31.4,-28.4, 74, 98, 0.96,185,17.5
2024-09-26 11:43:45,-82.4569,28.0261, 289.3, 9959,-28.2,-31.4,-28.5, 74, 98, 0.96,184,17.5
2024-09-26 11:43:46,-82.4569,28.0263, 289.1, 9965,-28.3,-31.5,-28.5, 74, 98, 0.96,184,17.4
2024-09-26 11:43:47,-82.4569,28.0264, 288.9, 9970,-28.3,-31.5,-28.6, 74, 98, 0.95,184,17.4
2024-09-26 11:43:48,-82.4569,28.0266, 288.6, 9976,-28.4,-31.5,-28.6, 74, 98, 0.95,184,17.3
2024-09-26 11:43:49,-82.4569,28.0267, 288.4, 9981,-28.4,-31.6,-28.6, 74, 98, 0.95,183,17.2
2024-09-26 11:43:50,-82.4569,28.0269, 288.3, 9985,-28.4,-31.6,-28.7, 74, 98, 0.94,183,17.2
2024-09-26 11:43:51,-82.4569,28.0270, 288.0, 9992,-28.5,-31.7,-28.7, 74, 98, 0.94,183,17.1
2024-09-26 11:43:52,-82.4569,28.0272, 287.8, 9997,-28.5,-31.7,-28.7, 74, 98, 0.94,183,17.0
2024-09-26 11:43:53,-82.4569,28.0273, 287.6,10003,-28.6,-31.7,-28.8, 74, 98, 0.94,182,17.0
2024-09-26 11:43:54,-82.4569,28.0275, 287.3,10008,-28.6,-31.8,-28.8, 74, 98, 0.93,182,16.9
2024-09-26 11:43:55,-82.4569,28.0276, 287.1,10013,-28.7,-31.8,-28.8, 74, 98, 0.93,182,16.8
2024-09-26 11:43:56,-82.4569,28.0278, 286.9,10019,-28.7,-31.8,-28.9, 74, 98, 0.93,182,16.8
2024-09-26 11:43:57,-82.4569,28.0279, 286.7,10024,-28.7,-31.9,-28.9, 74, 98, 0.93,181,16.7
2024-09-26 11:43:58,-82.4569,28.0281, 286.5,10030,-28.8,-31.9,-28.9, 74, 99, 0.92,181,16.7
2024-09-26 11:43:59,-82.4568,28.0282, 286.3,10035,-28.8,-31.9,-28.9, 75, 99, 0.92,181,16.7
2024-09-26 11:44:00,-82.4568,28.0284, 286.0,10040,-28.9,-32.0,-29.0, 75, 99, 0.92,182,16.7
2024-09-26 11:44:01,-82.4568,28.0285, 285.8,10045,-28.9,-32.0,-29.0, 75, 99, 0.92,182,16.7
2024-09-26 11:44:02,-82.4568,28.0287, 285.7,10050,-28.9,-32.0,-29.0, 75, 99, 0.92,182,16.8
2024-09-26 11:44:03,-82.4568,28.0288, 285.5,10054,-29.0,-32.1,-29.1, 75, 99, 0.91,182,16.8
2024-09-26 11:44:04,-82.4568,28.0290, 285.3,10059,-29.0,-32.1,-29.1, 75, 99, 0.91,182,16.8
2024-09-26 11:44:05,-82.4568,28.0291, 285.1,10064,-29.1,-32.1,-29.1, 75, 99, 0.91,182,16.8
2024-09-26 11:44:06,-82.4568,28.0293, 284.9,10070,-29.1,-32.2,-29.2, 75, 99, 0.91,182,16.8
2024-09-26 11:44:07,-82.4568,28.0294, 284.6,10076,-29.1,-32.2,-29.2, 75, 99, 0.90,182,16.8
2024-09-26 11:44:08,-82.4568,28.0296, 284.4,10082,-29.2,-32.2,-29.2, 75, 99, 0.90,182,16.8
2024-09-26 11:44:09,-82.4568,28.0297, 284.1,10087,-29.2,-32.3,-29.3, 75,100, 0.90,182,16.8
2024-09-26 11:44:10,-82.4568,28.0299, 283.9,10093,-29.2,-32.3,-29.3, 75,100, 0.90,182,16.8
2024-09-26 11:44:11,-82.4568,28.0300, 283.7,10100,-29.3,-32.3,-29.3, 75,100, 0.90,182,16.8
2024-09-26 11:44:12,-82.4568,28.0302, 283.4,10106,-29.3,-32.4,-29.3, 75,100, 0.89,182,16.8
2024-09-26 11:44:13,-82.4568,28.0303, 283.2,10113,-29.4,-32.4,-29.4, 75,100, 0.89,182,16.8
2024-09-26 11:44:14,-82.4567,28.0305, 282.9,10119,-29.4,-32.4,-29.4, 75,100, 0.89,182,16.8
2024-09-26 11:44:15,-82.4567,28.0306, 282.7,10126,-29.4,-32.5,-29.4, 75,100, 0.89,182,16.8
2024-09-26 11:44:16,-82.4567,28.0308, 282.4,10132,-29.5,-32.5,-29.5, 75,100, 0.89,182,16.8
2024-09-26 11:44:17,-82.4567,28.0310, 282.1,10139,-29.5,-32.5,-29.5, 75,100, 0.88,182,16.8
2024-09-26 11:44:18,-82.4567,28.0311, 281.9,10145,-29.6,-32.6,-29.5, 75,100, 0.88,182,16.9
2024-09-26 11:44:19,-82.4567,28.0313, 281.6,10151,-29.6,-32.6,-29.6, 75,101, 0.88,182,16.9
2024-09-26 11:44:20,-82.4567,28.0314, 281.4,10157,-29.6,-32.6,-29.6, 75,101, 0.88,182,17.0
2024-09-26 11:44:21,-82.4567,28.0316, 281.2,10164,-29.7,-32.6,-29.6, 75,101, 0.88,182,17.0
2024-09-26 11:44:22,-82.4567,28.0317, 280.9,10170,-29.7,-32.7,-29.6, 76,101, 0.88,182,17.1
2024-09-26 11:44:23,-82.4567,28.0319, 280.7,10176,-29.8,-32.7,-29.7, 76,101, 0.87,182,17.1
2024-09-26 11:44:24,-82.4567,28.0321, 280.4,10182,-29.8,-32.7,-29.7, 76,101, 0.87,182,17.1
2024-09-26 11:44:25,-82.4567,28.0322, 280.2,10188,-29.9,-32.8,-29.7, 76,101, 0.87,183,17.2
2024-09-26 11:44:26,-82.4567,28.0324, 280.0,10194,-29.9,-32.8,-29.8, 76,101, 0.87,183,17.2
2024-09-26 11:44:27,-82.4567,28.0325, 279.7,10200,-29.9,-32.8,-29.8, 76,102, 0.87,183,17.3
2024-09-26 11:44:28,-82.4566,28.0327, 279.5,10206,-30.0,-32.9,-29.8, 76,102, 0.86,183,17.3
2024-09-26 11:44:29,-82.4566,28.0328, 279.3,10212,-30.0,-32.9,-29.8, 76,102, 0.86,183,17.4
2024-09-26 11:44:30,-82.4566,28.0330, 279.0,10217,-30.1,-32.9,-29.9, 76,102, 0.86,183,17.4
2024-09-26 11:44:31,-82.4566,28.0332, 278.8,10223,-30.1,-33.0,-29.9, 76,102, 0.86,183,17.5
2024-09-26 11:44:32,-82.4566,28.0333, 278.6,10228,-30.2,-33.0,-29.9, 76,102, 0.85,183,17.5
2024-09-26 11:44:33,-82.4566,28.0335, 278.4,10233,-30.2,-33.0,-30.0, 76,102, 0.85,183,17.5
2024-09-26 11:44:34,-82.4566,28.0336, 278.2,10238,-30.2,-33.1,-30.0, 76,102, 0.85,183,17.6
2024-09-26 11:44:35,-82.4566,28.0338, 278.0,10243,-30.3,-33.1,-30.1, 76,102, 0.85,183,17.6
2024-09-26 11:44:36,-82.4566,28.0339, 277.8,10248,-30.3,-33.2,-30.1, 76,102, 0.84,183,17.7
2024-09-26 11:44:37,-82.4566,28.0341, 277.6,10253,-30.4,-33.2,-30.1, 76,102, 0.84,183,17.7
2024-09-26 11:44:38,-82.4566,28.0343, 277.4,10258,-30.4,-33.2,-30.2, 76,102, 0.84,183,17.7
2024-09-26 11:44:39,-82.4566,28.0344, 277.2,10263,-30.4,-33.3,-30.2, 76,103, 0.84,183,17.7
2024-09-26 11:44:40,-82.4566,28.0346, 277.0,10269,-30.5,-33.3,-30.2, 76,103, 0.83,183,17.6
2024-09-26 11:44:41,-82.4565,28.0347, 276.8,10275,-30.5,-33.4,-30.3, 76,103, 0.83,183,17.6
2024-09-26 11:44:42,-82.4565,28.0349, 276.6,10280,-30.6,-33.4,-30.3, 76,103, 0.83,183,17.6
2024-09-26 11:44:43,-82.4565,28.0350, 276.4,10286,-30.6,-33.5,-30.4, 76,103, 0.82,183,17.5
2024-09-26 11:44:44,-82.4565,28.0352, 276.2,10290,-30.6,-33.5,-30.4, 76,103, 0.82,183,17.5
2024-09-26 11:44:45,-82.4565,28.0353, 275.9,10298,-30.7,-33.6,-30.5, 76,103, 0.82,183,17.5
2024-09-26 11:44:46,-82.4565,28.0355, 275.7,10303,-30.8,-33.6,-30.5, 76,103, 0.81,182,17.4
2024-09-26 11:44:47,-82.4565,28.0357, 275.5,10308,-30.8,-33.7,-30.6, 76,103, 0.81,182,17.4
2024-09-26 11:44:48,-82.4565,28.0358, 275.3,10313,-30.9,-33.7,-30.6, 76,102, 0.81,182,17.4
2024-09-26 11:44:49,-82.4565,28.0360, 275.1,10318,-30.9,-33.8,-30.7, 76,102, 0.80,182,17.3
2024-09-26 11:44:50,-82.4565,28.0361, 274.9,10323,-31.0,-33.8,-30.7, 76,102, 0.80,182,17.3
2024-09-26 11:44:51,-82.4565,28.0363, 274.6,10329,-31.0,-33.9,-30.8, 76,102, 0.79,182,17.3
2024-09-26 11:44:52,-82.4565,28.0364, 274.4,10335,-31.0,-34.0,-30.8, 76,102, 0.79,182,17.2
2024-09-26 11:44:53,-82.4565,28.0366, 274.2,10341,-31.1,-34.0,-30.9, 76,102, 0.79,182,17.2
2024-09-26 11:44:54,-82.4565,28.0367, 274.0,10347,-31.1,-34.1,-30.9, 75,102, 0.78,182,17.2
2024-09-26 11:44:55,-82.4565,28.0369, 273.7,10353,-31.2,-34.1,-31.0, 75,102, 0.78,182,17.2
2024-09-26 11:44:56,-82.4564,28.0370, 273.5,10359,-31.2,-34.2,-31.0, 75,102, 0.78,182,17.1
2024-09-26 11:44:57,-82.4564,28.0372, 273.2,10366,-31.3,-34.2,-31.1, 75,102, 0.77,182,17.1
2024-09-26 11:44:58,-82.4564,28.0373, 273.0,10373,-31.3,-34.3,-31.1, 75,102, 0.77,182,17.1
2024-09-26 11:44:59,-82.4564,28.0375, 272.7,10379,-31.4,-34.3,-31.2, 75,102, 0.77,182,17.1
2024-09-26 11:45:00,-82.4564,28.0376, 272.5,10386,-31.4,-34.4,-31.2, 75,102, 0.76,182,17.0
2024-09-26 11:45:01,-82.4564,28.0378, 272.2,10392,-31.5,-34.4,-31.3, 75,102, 0.76,182,17.0
2024-09-26 11:45:02,-82.4564,28.0380, 272.0,10399,-31.5,-34.5,-31.3, 75,102, 0.76,182,17.0
2024-09-26 11:45:03,-82.4564,28.0381, 271.7,10405,-31.6,-34.6,-31.4, 75,102, 0.75,182,17.0
2024-09-26 11:45:04,-82.4564,28.0383, 271.5,10412,-31.6,-34.6,-31.4, 75,102, 0.75,182,17.0
2024-09-26 11:45:05,-82.4564,28.0384, 271.2,10418,-31.7,-34.7,-31.5, 75,102, 0.75,182,17.0
2024-09-26 11:45:06,-82.4564,28.0386, 271.0,10425,-31.7,-34.7,-31.5, 75,102, 0.74,182,17.0
2024-09-26 11:45:07,-82.4564,28.0387, 270.7,10431,-31.8,-34.8,-31.6, 75,102, 0.74,182,16.9
2024-09-26 11:45:08,-82.4564,28.0389, 270.5,10438,-31.8,-34.8,-31.6, 75,102, 0.74,182,16.9
2024-09-26 11:45:09,-82.4564,28.0391, 270.2,10445,-31.9,-34.9,-31.7, 75,102, 0.73,182,16.9
2024-09-26 11:45:10,-82.4564,28.0392, 269.9,10454,-32.0,-34.9,-31.8, 75,102, 0.73,182,16.9
2024-09-26 11:45:11,-82.4563,28.0393, 269.7,10459,-32.0,-35.0,-31.8, 75,102, 0.73,182,16.9
2024-09-26 11:45:12,-82.4563,28.0395, 269.4,10466,-32.0,-35.0,-31.8, 75,102, 0.73,182,16.9
2024-09-26 11:45:13,-82.4563,28.0396, 269.2,10473,-32.1,-35.1,-31.9, 75,102, 0.72,182,16.8
2024-09-26 11:45:14,-82.4564,28.0398, 268.9,10479,-32.2,-35.1,-31.9, 75,103, 0.72,182,16.8
2024-09-26 11:45:15,-82.4564,28.0399, 268.7,10485,-32.2,-35.2,-32.0, 75,103, 0.72,182,16.8
2024-09-26 11:45:16,-82.4564,28.0401, 268.5,10491,-32.3,-35.2,-32.0, 75,103, 0.71,182,16.8
2024-09-26 11:45:17,-82.4564,28.0402, 268.2,10498,-32.3,-35.2,-32.0, 75,103, 0.71,182,16.8
2024-09-26 11:45:18,-82.4564,28.0404, 268.0,10504,-32.4,-35.3,-32.1, 75,103, 0.71,182,16.8
2024-09-26 11:45:19,-82.4564,28.0406, 267.7,10510,-32.4,-35.3,-32.1, 75,103, 0.71,181,16.8
2024-09-26 11:45:20,-82.4565,28.0407, 267.5,10517,-32.5,-35.4,-32.2, 75,103, 0.70,181,16.9
2024-09-26 11:45:21,-82.4565,28.0409, 267.2,10523,-32.5,-35.4,-32.2, 75,103, 0.70,181,16.9
2024-09-26 11:45:22,-82.4565,28.0410, 267.0,10529,-32.6,-35.5,-32.3, 75,103, 0.70,180,16.9
2024-09-26 11:45:23,-82.4565,28.0412, 266.8,10536,-32.6,-35.5,-32.3, 75,104, 0.70,180,17.0
2024-09-26 11:45:24,-82.4565,28.0413, 266.5,10542,-32.7,-35.6,-32.3, 75,104, 0.70,180,17.0
2024-09-26 11:45:25,-82.4565,28.0415, 266.3,10548,-32.7,-35.6,-32.4, 75,104, 0.69,179,17.0
2024-09-26 11:45:26,-82.4565,28.0416, 266.1,10553,-32.8,-35.7,-32.4, 75,104, 0.69,179,17.1
2024-09-26 11:45:27,-82.4566,28.0418, 265.9,10559,-32.8,-35.7,-32.5, 75,104, 0.69,178,17.1
2024-09-26 11:45:28,-82.4566,28.0419, 265.7,10565,-32.9,-35.8,-32.5, 75,104, 0.68,178,17.1
2024-09-26 11:45:29,-82.4566,28.0421, 265.5,10570,-32.9,-35.8,-32.6, 75,104, 0.68,178,17.2
2024-09-26 11:45:30,-82.4566,28.0422, 265.2,10576,-32.9,-35.9,-32.6, 75,104, 0.68,177,17.2
2024-09-26 11:45:31,-82.4566,28.0424, 265.0,10582,-33.0,-35.9,-32.7, 75,104, 0.67,177,17.3
2024-09-26 11:45:32,-82.4566,28.0425, 264.8,10588,-33.0,-36.0,-32.7, 75,104, 0.67,176,17.3
2024-09-26 11:45:33,-82.4567,28.0427, 264.5,10595,-33.1,-36.0,-32.8, 75,104, 0.67,176,17.3
2024-09-26 11:45:34,-82.4567,28.0428, 264.3,10601,-33.1,-36.1,-32.8, 75,104, 0.67,176,17.4
2024-09-26 11:45:35,-82.4567,28.0430, 264.1,10607,-33.2,-36.1,-32.9, 75,104, 0.66,175,17.4
2024-09-26 11:45:36,-82.4567,28.0431, 263.9,10613,-33.2,-36.2,-32.9, 75,104, 0.66,175,17.5
2024-09-26 11:45:37,-82.4567,28.0433, 263.7,10618,-33.3,-36.2,-32.9, 75,104, 0.66,175,17.5
2024-09-26 11:45:38,-82.4567,28.0434, 263.4,10624,-33.3,-36.3,-33.0, 75,103, 0.65,174,17.5
2024-09-26 11:45:39,-82.4567,28.0436, 263.2,10629,-33.4,-36.3,-33.1, 75,103, 0.65,174,17.4
2024-09-26 11:45:40,-82.4568,28.0437, 263.0,10635,-33.4,-36.4,-33.1, 75,103, 0.65,174,17.3
2024-09-26 11:45:41,-82.4568,28.0439, 262.8,10640,-33.4,-36.4,-33.2, 74,103, 0.65,174,17.3
2024-09-26 11:45:42,-82.4568,28.0440, 262.6,10646,-33.5,-36.5,-33.2, 74,103, 0.64,174,17.2
2024-09-26 11:45:43,-82.4568,28.0442, 262.4,10651,-33.5,-36.6,-33.3, 74,103, 0.64,174,17.2
2024-09-26 11:45:44,-82.4568,28.0443, 262.2,10657,-33.6,-36.6,-33.3, 74,103, 0.64,174,17.1
2024-09-26 11:45:45,-82.4569,28.0445, 262.0,10662,-33.6,-36.7,-33.4, 74,103, 0.63,173,17.0
2024-09-26 11:45:46,-82.4569,28.0447, 261.8,10668,-33.7,-36.7,-33.4, 74,102, 0.63,173,17.0
2024-09-26 11:45:47,-82.4569,28.0448, 261.6,10674,-33.7,-36.8,-33.5, 74,102, 0.63,173,16.9
2024-09-26 11:45:48,-82.4569,28.0450, 261.4,10679,-33.8,-36.9,-33.5, 74,102, 0.62,173,16.9
2024-09-26 11:45:49,-82.4570,28.0451, 261.2,10684,-33.8,-36.9,-33.6, 73,102, 0.62,173,16.8
2024-09-26 11:45:50,-82.4570,28.0452, 261.0,10690,-33.9,-37.0,-33.7, 73,102, 0.62,173,16.7
2024-09-26 11:45:51,-82.4570,28.0454, 260.8,10694,-33.9,-37.0,-33.7, 73,102, 0.61,173,16.7
2024-09-26 11:45:52,-82.4570,28.0456, 260.6,10701,-34.0,-37.1,-33.8, 73,102, 0.61,172,16.6
2024-09-26 11:45:53,-82.4571,28.0457, 260.4,10706,-34.0,-37.1,-33.8, 73,102, 0.61,172,16.6
2024-09-26 11:45:54,-82.4571,28.0459, 260.1,10712,-34.0,-37.2,-33.8, 73,102, 0.61,172,16.5
2024-09-26 11:45:55,-82.4571,28.0460, 259.9,10718,-34.1,-37.2,-33.9, 74,103, 0.61,172,16.4
2024-09-26 11:45:56,-82.4571,28.0462, 259.7,10723,-34.1,-37.2,-33.9, 74,103, 0.60,172,16.4
2024-09-26 11:45:57,-82.4571,28.0463, 259.5,10729,-34.2,-37.3,-33.9, 74,103, 0.60,172,16.3
2024-09-26 11:45:58,-82.4572,28.0465, 259.3,10735,-34.2,-37.3,-34.0, 74,103, 0.60,172,16.4
2024-09-26 11:45:59,-82.4572,28.0466, 259.0,10742,-34.3,-37.3,-34.0, 74,103, 0.60,172,16.5
2024-09-26 11:46:00,-82.4572,28.0468, 258.8,10748,-34.3,-37.4,-34.0, 74,103, 0.60,172,16.5
2024-09-26 11:46:01,-82.4572,28.0470, 258.6,10755,-34.4,-37.4,-34.1, 74,104, 0.60,172,16.6
2024-09-26 11:46:02,-82.4573,28.0471, 258.3,10761,-34.4,-37.4,-34.1, 74,104, 0.59,172,16.7
2024-09-26 11:46:03,-82.4573,28.0473, 258.1,10768,-34.5,-37.5,-34.1, 74,104, 0.59,172,16.8
2024-09-26 11:46:04,-82.4573,28.0474, 257.8,10775,-34.5,-37.5,-34.2, 74,104, 0.59,172,16.9
2024-09-26 11:46:05,-82.4573,28.0476, 257.6,10780,-34.6,-37.6,-34.2, 74,104, 0.59,172,16.9
2024-09-26 11:46:06,-82.4574,28.0477, 257.4,10786,-34.6,-37.6,-34.3, 74,104, 0.58,172,17.0
2024-09-26 11:46:07,-82.4574,28.0479, 257.2,10792,-34.7,-37.7,-34.3, 74,104, 0.58,172,17.1
2024-09-26 11:46:08,-82.4574,28.0480, 257.0,10799,-34.7,-37.7,-34.4, 74,104, 0.58,172,17.1
2024-09-26 11:46:09,-82.4574,28.0482, 256.7,10805,-34.8,-37.8,-34.4, 74,104, 0.58,172,17.2
2024-09-26 11:46:10,-82.4574,28.0483, 256.5,10811,-34.8,-37.9,-34.5, 74,104, 0.57,172,17.3
2024-09-26 11:46:11,-82.4575,28.0485, 256.3,10816,-34.9,-37.9,-34.5, 74,104, 0.57,172,17.4
2024-09-26 11:46:12,-82.4575,28.0486, 256.1,10822,-34.9,-38.0,-34.6, 74,104, 0.57,172,17.4
2024-09-26 11:46:13,-82.4575,28.0488, 255.9,10828,-35.0,-38.0,-34.6, 74,104, 0.57,172,17.5
2024-09-26 11:46:14,-82.4575,28.0490, 255.7,10833,-35.0,-38.1,-34.7, 74,104, 0.56,172,17.6
2024-09-26 11:46:15,-82.4575,28.0491, 255.5,10839,-35.1,-38.1,-34.7, 74,104, 0.56,172,17.7
2024-09-26 11:46:16,-82.4575,28.0493, 255.2,10845,-35.1,-38.2,-34.8, 74,104, 0.56,172,17.7
2024-09-26 11:46:17,-82.4575,28.0494, 255.0,10851,-35.2,-38.2,-34.8, 73,103, 0.56,172,17.8
2024-09-26 11:46:18,-82.4575,28.0496, 254.8,10856,-35.2,-38.3,-34.9, 73,104, 0.55,173,17.8
2024-09-26 11:46:19,-82.4575,28.0498, 254.6,10862,-35.2,-38.3,-34.9, 73,103, 0.55,173,17.8
2024-09-26 11:46:20,-82.4575,28.0499, 254.4,10868,-35.3,-38.4,-35.0, 73,103, 0.55,173,17.8
2024-09-26 11:46:21,-82.4575,28.0501, 254.2,10874,-35.3,-38.5,-35.1, 73,103, 0.54,173,17.9
2024-09-26 11:46:22,-82.4575,28.0502, 254.0,10880,-35.4,-38.5,-35.1, 73,103, 0.54,174,17.9
2024-09-26 11:46:23,-82.4575,28.0504, 253.7,10886,-35.4,-38.6,-35.2, 73,103, 0.54,174,17.9
2024-09-26 11:46:24,-82.4575,28.0506, 253.5,10892,-35.5,-38.6,-35.2, 73,103, 0.54,174,17.9
2024-09-26 11:46:25,-82.4575,28.0507, 253.3,10898,-35.5,-38.7,-35.3, 73,103, 0.53,174,17.9
2024-09-26 11:46:26,-82.4576,28.0509, 253.1,10904,-35.6,-38.8,-35.3, 72,103, 0.53,175,17.9
2024-09-26 11:46:27,-82.4576,28.0511, 252.9,10909,-35.6,-38.8,-35.4, 72,102, 0.53,175,17.9
2024-09-26 11:46:28,-82.4576,28.0512, 252.7,10915,-35.6,-38.9,-35.4, 72,102, 0.53,175,18.0
2024-09-26 11:46:29,-82.4576,28.0514, 252.5,10920,-35.7,-38.9,-35.5, 72,102, 0.52,175,18.0
2024-09-26 11:46:30,-82.4576,28.0515, 252.3,10926,-35.7,-39.0,-35.5, 72,102, 0.52,176,18.0
2024-09-26 11:46:31,-82.4576,28.0517, 252.1,10932,-35.8,-39.0,-35.6, 72,102, 0.52,176,18.0
2024-09-26 11:46:32,-82.4576,28.0519, 251.9,10937,-35.8,-39.1,-35.7, 72,102, 0.51,176,18.0
2024-09-26 11:46:33,-82.4576,28.0520, 251.7,10943,-35.9,-39.2,-35.7, 72,102, 0.51,176,18.1
2024-09-26 11:46:34,-82.4576,28.0522, 251.5,10949,-35.9,-39.2,-35.8, 71,102, 0.51,177,18.1
2024-09-26 11:46:35,-82.4576,28.0523, 251.3,10954,-36.0,-39.3,-35.9, 71,101, 0.50,177,18.1
2024-09-26 11:46:36,-82.4576,28.0525, 251.1,10960,-36.0,-39.4,-35.9, 71,101, 0.50,177,18.1
2024-09-26 11:46:37,-82.4576,28.0527, 250.8,10966,-36.1,-39.4,-36.0, 71,101, 0.50,177,18.1
2024-09-26 11:46:38,-82.4576,28.0528, 250.6,10972,-36.1,-39.5,-36.0, 71,101, 0.50,178,18.1
2024-09-26 11:46:39,-82.4576,28.0530, 250.4,10977,-36.2,-39.6,-36.1, 71,101, 0.49,179,18.0
2024-09-26 11:46:40,-82.4576,28.0532, 250.2,10983,-36.2,-39.6,-36.2, 71,100, 0.49,179,18.0
2024-09-26 11:46:41,-82.4576,28.0533, 250.0,10989,-36.3,-39.7,-36.2, 70,100, 0.49,180,17.9
2024-09-26 11:46:42,-82.4576,28.0535, 249.8,10995,-36.3,-39.8,-36.3, 70,100, 0.48,181,17.9
2024-09-26 11:46:43,-82.4576,28.0536, 249.6,11001,-36.4,-39.8,-36.4, 70,100, 0.48,181,17.8
2024-09-26 11:46:44,-82.4576,28.0537, 249.4,11007,-36.4,-39.9,-36.4, 70,100, 0.48,182,17.8
2024-09-26 11:46:45,-82.4575,28.0539, 249.2,11011,-36.4,-40.0,-36.5, 70,100, 0.48,183,17.8
2024-09-26 11:46:46,-82.4575,28.0541, 248.9,11020,-36.5,-40.0,-36.5, 70,100, 0.47,183,17.7
2024-09-26 11:46:47,-82.4574,28.0542, 248.7,11026,-36.6,-40.1,-36.6, 70,100, 0.47,184,17.7
2024-09-26 11:46:48,-82.4574,28.0544, 248.4,11033,-36.6,-40.1,-36.6, 70,100, 0.47,185,17.7
2024-09-26 11:46:49,-82.4573,28.0545, 248.2,11039,-36.7,-40.2,-36.7, 70,100, 0.47,186,17.6
2024-09-26 11:46:50,-82.4573,28.0546, 248.0,11045,-36.7,-40.2,-36.7, 70,100, 0.46,186,17.6
2024-09-26 11:46:51,-82.4572,28.0548, 247.8,11051,-36.8,-40.3,-36.8, 70,100, 0.46,187,17.6
2024-09-26 11:46:52,-82.4572,28.0549, 247.6,11057,-36.8,-40.4,-36.8, 70,100, 0.46,188,17.6
2024-09-26 11:46:53,-82.4571,28.0551, 247.4,11063,-36.9,-40.4,-36.9, 70,100, 0.46,188,17.6
2024-09-26 11:46:54,-82.4571,28.0552, 247.1,11069,-37.0,-40.5,-36.9, 70,100, 0.46,189,17.5
2024-09-26 11:46:55,-82.4570,28.0554, 246.9,11076,-37.0,-40.5,-37.0, 70,100, 0.45,190,17.5
2024-09-26 11:46:56,-82.4570,28.0555, 246.6,11083,-37.1,-40.6,-37.0, 70,100, 0.45,190,17.5
2024-09-26 11:46:57,-82.4569,28.0557, 246.4,11090,-37.1,-40.6,-37.1, 70,100, 0.45,191,17.5
2024-09-26 11:46:58,-82.4569,28.0558, 246.1,11097,-37.2,-40.7,-37.1, 70,101, 0.45,192,17.4
2024-09-26 11:46:59,-82.4568,28.0559, 245.9,11104,-37.2,-40.7,-37.2, 70,101, 0.45,192,17.4
2024-09-26 11:47:00,-82.4568,28.0561, 245.7,11111,-37.3,-40.8,-37.2, 70,101, 0.44,192,17.3
2024-09-26 11:47:01,-82.4567,28.0562, 245.4,11117,-37.4,-40.8,-37.3, 70,101, 0.44,193,17.2
2024-09-26 11:47:02,-82.4567,28.0564, 245.2,11124,-37.4,-40.8,-37.3, 70,101, 0.44,193,17.2
2024-09-26 11:47:03,-82.4566,28.0565, 245.0,11130,-37.5,-40.9,-37.3, 71,102, 0.44,194,17.1
2024-09-26 11:47:04,-82.4566,28.0567, 244.7,11137,-37.5,-40.9,-37.4, 71,102, 0.44,194,17.0
2024-09-26 11:47:05,-82.4565,28.0568, 244.5,11143,-37.6,-41.0,-37.4, 71,102, 0.44,194,17.0
2024-09-26 11:47:06,-82.4565,28.0569, 244.3,11149,-37.7,-41.0,-37.5, 71,102, 0.44,195,16.9
2024-09-26 11:47:07,-82.4564,28.0571, 244.1,11155,-37.7,-41.1,-37.5, 71,102, 0.43,195,16.8
2024-09-26 11:47:08,-82.4564,28.0572, 243.9,11161,-37.8,-41.1,-37.5, 71,103, 0.43,196,16.8
2024-09-26 11:47:09,-82.4563,28.0574, 243.7,11166,-37.8,-41.1,-37.6, 71,103, 0.43,196,16.7
2024-09-26 11:47:10,-82.4563,28.0575, 243.5,11172,-37.9,-41.2,-37.6, 71,103, 0.43,196,16.7
2024-09-26 11:47:11,-82.4562,28.0577, 243.3,11178,-38.0,-41.2,-37.7, 71,104, 0.43,197,16.6
2024-09-26 11:47:12,-82.4562,28.0578, 243.0,11184,-38.0,-41.3,-37.7, 72,104, 0.43,197,16.5
2024-09-26 11:47:13,-82.4561,28.0580, 242.8,11191,-38.1,-41.3,-37.8, 72,104, 0.42,198,16.5
2024-09-26 11:47:14,-82.4561,28.0581, 242.6,11197,-38.1,-41.4,-37.8, 72,104, 0.42,198,16.4
2024-09-26 11:47:15,-82.4560,28.0582, 242.4,11203,-38.2,-41.4,-37.9, 72,104, 0.42,199,16.4
2024-09-26 11:47:16,-82.4560,28.0583, 242.2,11209,-38.3,-41.5,-37.9, 72,104, 0.42,199,16.3
2024-09-26 11:47:17,-82.4559,28.0584, 242.0,11215,-38.3,-41.5,-38.0, 72,104, 0.42,200,16.3
2024-09-26 11:47:18,-82.4558,28.0586, 241.7,11221,-38.4,-41.6,-38.0, 72,104, 0.41,200,16.2
2024-09-26 11:47:19,-82.4558,28.0587, 241.5,11228,-38.5,-41.7,-38.1, 72,105, 0.41,200,16.1
2024-09-26 11:47:20,-82.4557,28.0588, 241.3,11234,-38.5,-41.7,-38.1, 72,105, 0.41,200,16.1
2024-09-26 11:47:21,-82.4556,28.0589, 241.1,11240,-38.6,-41.8,-38.2, 72,105, 0.41,201,16.0
2024-09-26 11:47:22,-82.4556,28.0590, 240.8,11247,-38.6,-41.8,-38.2, 72,105, 0.41,201,16.0
2024-09-26 11:47:23,-82.4555,28.0592, 240.6,11253,-38.7,-41.9,-38.3, 72,105, 0.40,201,15.9
2024-09-26 11:47:24,-82.4554,28.0593, 240.4,11260,-38.8,-41.9,-38.3, 72,105, 0.40,201,15.8
2024-09-26 11:47:25,-82.4554,28.0594, 240.2,11266,-38.8,-42.0,-38.4, 72,105, 0.40,202,15.8
2024-09-26 11:47:26,-82.4553,28.0595, 239.9,11274,-38.9,-42.0,-38.4, 72,105, 0.40,202,15.7
2024-09-26 11:47:27,-82.4552,28.0596, 239.6,11281,-38.9,-42.1,-38.5, 72,105, 0.39,202,15.7
2024-09-26 11:47:28,-82.4552,28.0598, 239.4,11288,-39.0,-42.2,-38.6, 72,105, 0.39,202,15.6
2024-09-26 11:47:29,-82.4551,28.0599, 239.1,11295,-39.1,-42.3,-38.6, 72,105, 0.39,203,15.6
2024-09-26 11:47:30,-82.4550,28.0600, 238.9,11303,-39.1,-42.3,-38.7, 72,105, 0.39,203,15.5
2024-09-26 11:47:31,-82.4550,28.0601, 238.6,11310,-39.2,-42.4,-38.8, 71,105, 0.38,203,15.4
2024-09-26 11:47:32,-82.4549,28.0603, 238.4,11318,-39.2,-42.5,-38.8, 71,105, 0.38,204,15.4
2024-09-26 11:47:33,-82.4549,28.0604, 238.1,11326,-39.3,-42.5,-38.9, 71,105, 0.38,204,15.3
2024-09-26 11:47:34,-82.4548,28.0605, 237.8,11334,-39.4,-42.6,-39.0, 71,104, 0.38,204,15.3
2024-09-26 11:47:35,-82.4547,28.0606, 237.5,11342,-39.4,-42.7,-39.0, 71,104, 0.37,204,15.2
2024-09-26 11:47:36,-82.4547,28.0607, 237.3,11349,-39.5,-42.8,-39.1, 71,104, 0.37,205,15.2
2024-09-26 11:47:37,-82.4546,28.0609, 237.0,11357,-39.5,-42.8,-39.2, 71,104, 0.37,205,15.1
2024-09-26 11:47:38,-82.4545,28.0610, 236.8,11364,-39.6,-42.9,-39.2, 71,104, 0.37,205,15.0
2024-09-26 11:47:39,-82.4545,28.0611, 236.5,11372,-39.7,-43.0,-39.3, 71,104, 0.37,206,15.0
2024-09-26 11:47:40,-82.4544,28.0612, 236.3,11379,-39.7,-43.0,-39.4, 71,104, 0.36,206,14.9
2024-09-26 11:47:41,-82.4543,28.0613, 236.0,11386,-39.8,-43.1,-39.4, 71,104, 0.36,206,14.8
2024-09-26 11:47:42,-82.4543,28.0615, 235.8,11393,-39.8,-43.2,-39.5, 70,104, 0.36,207,14.7
2024-09-26 11:47:43,-82.4542,28.0616, 235.5,11400,-39.9,-43.2,-39.6, 70,104, 0.36,207,14.7
2024-09-26 11:47:44,-82.4541,28.0617, 235.3,11407,-40.0,-43.3,-39.6, 70,104, 0.35,207,14.6
2024-09-26 11:47:45,-82.4540,28.0618, 235.1,11413,-40.0,-43.4,-39.7, 70,104, 0.35,208,14.5
2024-09-26 11:47:46,-82.4540,28.0619, 234.8,11420,-40.1,-43.5,-39.8, 70,103, 0.35,208,14.5
2024-09-26 11:47:47,-82.4539,28.0620, 234.6,11426,-40.1,-43.5,-39.8, 70,103, 0.35,208,14.4
2024-09-26 11:47:48,-82.4538,28.0621, 234.4,11433,-40.2,-43.6,-39.9, 70,103, 0.35,209,14.3
2024-09-26 11:47:49,-82.4537,28.0622, 234.2,11439,-40.2,-43.7,-40.0, 70,103, 0.34,209,14.3
2024-09-26 11:47:50,-82.4536,28.0623, 233.9,11445,-40.3,-43.7,-40.0, 70,103, 0.34,209,14.2
2024-09-26 11:47:51,-82.4535,28.0624, 233.7,11452,-40.4,-43.8,-40.1, 70,103, 0.34,210,14.1
2024-09-26 11:47:52,-82.4535,28.0625, 233.5,11459,-40.4,-43.9,-40.2, 69,103, 0.34,210,14.1
2024-09-26 11:47:53,-82.4534,28.0626, 233.2,11466,-40.5,-43.9,-40.2, 69,103, 0.33,211,14.0
2024-09-26 11:47:54,-82.4533,28.0627, 233.0,11474,-40.5,-44.0,-40.3, 69,103, 0.33,211,14.0
2024-09-26 11:47:55,-82.4532,28.0628, 232.7,11481,-40.6,-44.1,-40.4, 69,103, 0.33,211,13.9
2024-09-26 11:47:56,-82.4531,28.0629, 232.5,11488,-40.7,-44.2,-40.4, 69,103, 0.33,212,13.8
2024-09-26 11:47:57,-82.4531,28.0630, 232.3,11496,-40.7,-44.2,-40.5, 69,103, 0.33,212,13.8
2024-09-26 11:47:58,-82.4530,28.0631, 232.0,11503,-40.8,-44.3,-40.6, 69,103, 0.32,212,13.8
2024-09-26 11:47:59,-82.4529,28.0632, 231.8,11510,-40.9,-44.4,-40.6, 69,103, 0.32,213,13.8
2024-09-26 11:48:00,-82.4528,28.0633, 231.5,11516,-40.9,-44.4,-40.7, 69,103, 0.32,213,13.8
2024-09-26 11:48:01,-82.4527,28.0634, 231.3,11523,-41.0,-44.5,-40.8, 69,103, 0.32,213,13.8
2024-09-26 11:48:02,-82.4526,28.0635, 231.1,11530,-41.0,-44.6,-40.8, 69,102, 0.31,214,13.8
2024-09-26 11:48:03,-82.4526,28.0636, 230.8,11537,-41.1,-44.6,-40.9, 69,102, 0.31,214,13.8
2024-09-26 11:48:04,-82.4525,28.0637, 230.6,11544,-41.2,-44.7,-41.0, 68,102, 0.31,214,13.8
2024-09-26 11:48:05,-82.4524,28.0638, 230.4,11551,-41.2,-44.8,-41.0, 68,102, 0.31,215,13.8
2024-09-26 11:48:06,-82.4523,28.0639, 230.1,11558,-41.3,-44.9,-41.1, 68,102, 0.31,215,13.8
2024-09-26 11:48:07,-82.4522,28.0640, 229.9,11565,-41.4,-45.0,-41.2, 68,102, 0.30,215,13.8
2024-09-26 11:48:08,-82.4521,28.0641, 229.6,11572,-41.4,-45.1,-41.3, 68,102, 0.30,216,13.8
2024-09-26 11:48:09,-82.4520,28.0642, 229.3,11580,-41.5,-45.2,-41.4, 68,101, 0.30,216,13.8
2024-09-26 11:48:10,-82.4520,28.0643, 229.1,11588,-41.6,-45.3,-41.5, 67,101, 0.30,216,13.8
2024-09-26 11:48:11,-82.4519,28.0644, 228.8,11596,-41.6,-45.3,-41.6, 67,101, 0.29,217,13.8
2024-09-26 11:48:12,-82.4518,28.0645, 228.6,11604,-41.7,-45.4,-41.7, 67,100, 0.29,217,13.8
2024-09-26 11:48:13,-82.4517,28.0646, 228.3,11612,-41.7,-45.5,-41.7, 67,100, 0.29,217,13.8
2024-09-26 11:48:14,-82.4516,28.0647, 228.1,11620,-41.8,-45.6,-41.8, 66,100, 0.28,218,13.8
2024-09-26 11:48:15,-82.4515,28.0648, 227.9,11626,-41.9,-45.7,-41.9, 66, 99, 0.28,218,13.8
2024-09-26 11:48:16,-82.4514,28.0649, 227.6,11632,-41.9,-45.8,-42.0, 66, 99, 0.28,218,13.8
2024-09-26 11:48:17,-82.4513,28.0649, 227.4,11639,-42.0,-45.9,-42.1, 66, 99, 0.28,219,13.8
2024-09-26 11:48:18,-82.4512,28.0650, 227.2,11645,-42.1,-46.0,-42.2, 65, 98, 0.27,219,13.8
2024-09-26 11:48:19,-82.4511,28.0651, 226.9,11652,-42.1,-46.1,-42.3, 65, 98, 0.27,219,13.9
2024-09-26 11:48:20,-82.4510,28.0652, 226.7,11659,-42.2,-46.2,-42.4, 65, 98, 0.27,220,13.9
2024-09-26 11:48:21,-82.4509,28.0653, 226.4,11666,-42.3,-46.3,-42.5, 65, 98, 0.27,220,13.9
2024-09-26 11:48:22,-82.4508,28.0654, 226.2,11674,-42.3,-46.4,-42.5, 65, 98, 0.26,221,13.9
2024-09-26 11:48:23,-82.4507,28.0655, 225.9,11682,-42.4,-46.4,-42.6, 65, 98, 0.26,221,13.9
2024-09-26 11:48:24,-82.4506,28.0656, 225.7,11690,-42.4,-46.5,-42.7, 65, 98, 0.26,221,13.9
2024-09-26 11:48:25,-82.4505,28.0657, 225.4,11697,-42.5,-46.6,-42.7, 64, 97, 0.26,222,13.9
2024-09-26 11:48:26,-82.4504,28.0657, 225.2,11705,-42.6,-46.7,-42.8, 64, 97, 0.26,222,13.9
2024-09-26 11:48:27,-82.4503,28.0658, 225.0,11712,-42.6,-46.7,-42.9, 64, 97, 0.26,223,14.0
2024-09-26 11:48:28,-82.4502,28.0659, 224.7,11719,-42.7,-46.8,-42.9, 64, 97, 0.25,223,14.0
2024-09-26 11:48:29,-82.4500,28.0660, 224.5,11726,-42.8,-46.9,-43.0, 64, 97, 0.25,223,14.0
2024-09-26 11:48:30,-82.4499,28.0661, 224.2,11733,-42.8,-46.9,-43.1, 64, 97, 0.25,224,14.0
2024-09-26 11:48:31,-82.4498,28.0662, 224.0,11740,-42.9,-47.0,-43.1, 64, 97, 0.25,224,14.0
2024-09-26 11:48:32,-82.4497,28.0663, 223.8,11746,-42.9,-47.1,-43.2, 64, 97, 0.25,225,14.1
2024-09-26 11:48:33,-82.4496,28.0664, 223.6,11753,-43.0,-47.2,-43.3, 64, 97, 0.25,225,14.1
2024-09-26 11:48:34,-82.4495,28.0665, 223.4,11759,-43.1,-47.2,-43.4, 63, 97, 0.24,225,14.1
2024-09-26 11:48:35,-82.4494,28.0666, 223.1,11766,-43.1,-47.3,-43.4, 63, 96, 0.24,226,14.1
2024-09-26 11:48:36,-82.4493,28.0666, 222.9,11772,-43.2,-47.4,-43.5, 63, 96, 0.24,226,14.1
2024-09-26 11:48:37,-82.4492,28.0667, 222.7,11779,-43.2,-47.5,-43.6, 63, 96, 0.24,227,14.2
2024-09-26 11:48:38,-82.4491,28.0668, 222.5,11786,-43.3,-47.6,-43.7, 63, 96, 0.24,227,14.2
2024-09-26 11:48:39,-82.4490,28.0669, 222.3,11793,-43.3,-47.6,-43.7, 63, 95, 0.23,226,14.2
2024-09-26 11:48:40,-82.4489,28.0670, 222.0,11799,-43.4,-47.7,-43.8, 62, 95, 0.23,226,14.3
2024-09-26 11:48:41,-82.4488,28.0671, 221.8,11806,-43.5,-47.8,-43.9, 62, 95, 0.23,226,14.3
2024-09-26 11:48:42,-82.4487,28.0672, 221.6,11813,-43.5,-47.9,-44.0, 62, 95, 0.23,226,14.4
2024-09-26 11:48:43,-82.4486,28.0673, 221.4,11818,-43.6,-48.0,-44.1, 62, 95, 0.23,226,14.4
2024-09-26 11:48:44,-82.4485,28.0674, 221.2,11824,-43.6,-48.1,-44.1, 62, 94, 0.22,226,14.5
2024-09-26 11:48:45,-82.4484,28.0675, 221.1,11829,-43.7,-48.1,-44.2, 61, 94, 0.22,226,14.5
2024-09-26 11:48:46,-82.4483,28.0676, 220.9,11835,-43.7,-48.2,-44.3, 61, 94, 0.22,226,14.6
2024-09-26 11:48:47,-82.4482,28.0677, 220.7,11840,-43.8,-48.3,-44.4, 61, 94, 0.22,226,14.6
2024-09-26 11:48:48,-82.4481,28.0678, 220.5,11846,-43.9,-48.4,-44.4, 61, 94, 0.22,226,14.7
2024-09-26 11:48:49,-82.4480,28.0679, 220.3,11851,-43.9,-48.4,-44.5, 61, 93, 0.22,226,14.7
2024-09-26 11:48:50,-82.4479,28.0680, 220.1,11857,-44.0,-48.5,-44.6, 61, 93, 0.21,226,14.8
2024-09-26 11:48:51,-82.4478,28.0681, 219.9,11863,-44.0,-48.6,-44.6, 61, 93, 0.21,226,14.8
2024-09-26 11:48:52,-82.4477,28.0682, 219.8,11868,-44.1,-48.6,-44.7, 60, 93, 0.21,226,14.9
2024-09-26 11:48:53,-82.4476,28.0683, 219.6,11874,-44.1,-48.7,-44.7, 60, 93, 0.21,226,14.9
2024-09-26 11:48:54,-82.4475,28.0684, 219.4,11880,-44.2,-48.7,-44.8, 60, 93, 0.21,226,15.0
2024-09-26 11:48:55,-82.4474,28.0685, 219.2,11886,-44.2,-48.8,-44.8, 60, 93, 0.21,226,15.0
2024-09-26 11:48:56,-82.4473,28.0686, 219.0,11893,-44.3,-48.9,-44.9, 60, 93, 0.21,225,15.0
2024-09-26 11:48:57,-82.4472,28.0687, 218.8,11899,-44.3,-48.9,-45.0, 60, 93, 0.21,225,15.1
2024-09-26 11:48:58,-82.4471,28.0688, 218.6,11905,-44.4,-49.0,-45.0, 60, 93, 0.21,225,15.1
2024-09-26 11:48:59,-82.4470,28.0689, 218.4,11911,-44.4,-49.0,-45.1, 60, 93, 0.20,225,15.1
2024-09-26 11:49:00,-82.4469,28.0690, 218.2,11917,-44.5,-49.1,-45.1, 60, 93, 0.20,224,15.1
2024-09-26 11:49:01,-82.4468,28.0691, 218.0,11922,-44.6,-49.1,-45.2, 60, 93, 0.20,224,15.1
2024-09-26 11:49:02,-82.4466,28.0693, 217.8,11927,-44.6,-49.2,-45.2, 60, 93, 0.20,223,15.1
2024-09-26 11:49:03,-82.4466,28.0693, 217.6,11934,-44.7,-49.3,-45.3, 60, 93, 0.20,223,15.1
2024-09-26 11:49:04,-82.4465,28.0694, 217.5,11938,-44.7,-49.3,-45.3, 60, 93, 0.20,223,15.1
2024-09-26 11:49:05,-82.4464,28.0695, 217.3,11943,-44.8,-49.4,-45.4, 60, 93, 0.20,222,15.1
2024-09-26 11:49:06,-82.4463,28.0697, 217.2,11948,-44.8,-49.4,-45.4, 60, 93, 0.20,222,15.2
2024-09-26 11:49:07,-82.4462,28.0698, 217.0,11953,-44.9,-49.5,-45.5, 60, 93, 0.20,221,15.2
2024-09-26 11:49:08,-82.4461,28.0699, 216.8,11959,-44.9,-49.5,-45.5, 60, 93, 0.19,221,15.2
2024-09-26 11:49:09,-82.4460,28.0700, 216.6,11964,-45.0,-49.6,-45.6, 60, 93, 0.19,221,15.2
2024-09-26 11:49:10,-82.4459,28.0701, 216.5,11969,-45.0,-49.6,-45.6, 60, 93, 0.19,220,15.2
2024-09-26 11:49:11,-82.4458,28.0702, 216.3,11974,-45.1,-49.7,-45.7, 60, 93, 0.19,220,15.2
2024-09-26 11:49:12,-82.4457,28.0703, 216.1,11980,-45.1,-49.7,-45.7, 60, 93, 0.19,219,15.2
2024-09-26 11:49:13,-82.4456,28.0704, 216.0,11985,-45.2,-49.7,-45.7, 60, 94, 0.19,219,15.2
2024-09-26 11:49:14,-82.4455,28.0705, 215.8,11991,-45.2,-49.8,-45.8, 60, 94, 0.19,219,15.3
2024-09-26 11:49:15,-82.4454,28.0706, 215.6,11996,-45.3,-49.8,-45.8, 60, 94, 0.19,218,15.3
2024-09-26 11:49:16,-82.4453,28.0707, 215.4,12002,-45.3,-49.9,-45.9, 60, 94, 0.19,218,15.3
2024-09-26 11:49:17,-82.4452,28.0708, 215.2,12008,-45.4,-50.0,-46.0, 60, 93, 0.19,217,15.3
2024-09-26 11:49:18,-82.4451,28.0709, 215.1,12013,-45.4,-50.1,-46.1, 59, 93, 0.18,218,15.3
2024-09-26 11:49:19,-82.4450,28.0710, 214.9,12019,-45.5,-50.2,-46.2, 59, 92, 0.18,218,15.2
2024-09-26 11:49:20,-82.4449,28.0711, 214.7,12025,-45.5,-50.3,-46.3, 59, 92, 0.18,218,15.2
2024-09-26 11:49:21,-82.4448,28.0712, 214.5,12031,-45.6,-50.4,-46.4, 58, 91, 0.18,218,15.2
2024-09-26 11:49:22,-82.4447,28.0713, 214.3,12037,-45.6,-50.5,-46.5, 58, 90, 0.18,218,15.2
2024-09-26 11:49:23,-82.4446,28.0714, 214.1,12043,-45.7,-50.6,-46.6, 57, 90, 0.17,218,15.1
2024-09-26 11:49:24,-82.4445,28.0715, 214.0,12048,-45.7,-50.7,-46.7, 57, 89, 0.17,218,15.1
2024-09-26 11:49:25,-82.4444,28.0716, 213.8,12052,-45.8,-50.8,-46.8, 57, 89, 0.17,218,15.1
2024-09-26 11:49:26,-82.4444,28.0717, 213.6,12057,-45.8,-50.9,-46.9, 56, 88, 0.17,218,15.1
2024-09-26 11:49:27,-82.4443,28.0718, 213.5,12062,-45.8,-51.0,-47.0, 56, 87, 0.17,218,15.0
2024-09-26 11:49:28,-82.4442,28.0719, 213.3,12067,-45.9,-51.1,-47.1, 55, 87, 0.16,218,15.0
2024-09-26 11:49:29,-82.4441,28.0720, 213.2,12072,-45.9,-51.2,-47.2, 55, 86, 0.16,218,15.0
2024-09-26 11:49:30,-82.4440,28.0721, 213.0,12076,-46.0,-51.3,-47.3, 55, 86, 0.16,218,15.0
2024-09-26 11:49:31,-82.4439,28.0722, 212.9,12080,-46.0,-51.4,-47.4, 54, 85, 0.16,218,14.9
2024-09-26 11:49:32,-82.4438,28.0723, 212.8,12084,-46.1,-51.5,-47.4, 54, 85, 0.16,218,14.9
2024-09-26 11:49:33,-82.4437,28.0724, 212.7,12088,-46.1,-51.6,-47.5, 54, 85, 0.16,218,14.9
2024-09-26 11:49:34,-82.4436,28.0725, 212.5,12093,-46.1,-51.6,-47.5, 54, 85, 0.16,218,14.9
2024-09-26 11:49:35,-82.4435,28.0726, 212.4,12096,-46.2,-51.6,-47.6, 54, 85, 0.16,218,14.8
2024-09-26 11:49:36,-82.4434,28.0727, 212.3,12100,-46.2,-51.7,-47.6, 54, 85, 0.15,218,14.8
2024-09-26 11:49:37,-82.4433,28.0728, 212.2,12103,-46.3,-51.7,-47.7, 54, 85, 0.15,219,14.8
2024-09-26 11:49:38,-82.4432,28.0729, 212.1,12107,-46.3,-51.8,-47.7, 54, 85, 0.15,219,14.8
2024-09-26 11:49:39,-82.4432,28.0730, 211.9,12110,-46.4,-51.8,-47.7, 54, 85, 0.15,219,14.7
2024-09-26 11:49:40,-82.4430,28.0731, 211.8,12114,-46.4,-51.9,-47.8, 54, 85, 0.15,219,14.7
2024-09-26 11:49:41,-82.4430,28.0732, 211.7,12117,-46.4,-51.9,-47.8, 54, 85, 0.15,219,14.7
2024-09-26 11:49:42,-82.4429,28.0733, 211.6,12121,-46.5,-51.9,-47.9, 54, 85, 0.15,220,14.6
2024-09-26 11:49:43,-82.4428,28.0734, 211.5,12124,-46.5,-52.0,-47.9, 54, 85, 0.15,220,14.6
2024-09-26 11:49:44,-82.4427,28.0735, 211.4,12128,-46.5,-52.0,-47.9, 54, 85, 0.15,220,14.6
2024-09-26 11:49:45,-82.4426,28.0736, 211.2,12131,-46.6,-52.1,-48.0, 54, 85, 0.15,220,14.5
2024-09-26 11:49:46,-82.4425,28.0737, 211.1,12135,-46.6,-52.1,-48.0, 54, 85, 0.15,220,14.5
2024-09-26 11:49:47,-82.4424,28.0738, 211.0,12140,-46.7,-52.1,-48.0, 54, 85, 0.15,221,14.5
2024-09-26 11:49:48,-82.4423,28.0739, 210.9,12144,-46.7,-52.0,-48.0, 55, 86, 0.15,221,14.4
2024-09-26 11:49:49,-82.4422,28.0740, 210.7,12149,-46.7,-52.0,-47.9, 55, 87, 0.15,221,14.4
2024-09-26 11:49:50,-82.4421,28.0741, 210.6,12153,-46.8,-52.0,-47.9, 55, 87, 0.15,221,14.4
2024-09-26 11:49:51,-82.4420,28.0742, 210.4,12157,-46.8,-52.0,-47.9, 55, 87, 0.15,221,14.3
2024-09-26 11:49:52,-82.4419,28.0743, 210.3,12162,-46.8,-52.0,-47.9, 56, 88, 0.15,222,14.3
2024-09-26 11:49:53,-82.4418,28.0744, 210.2,12166,-46.9,-52.0,-47.9, 56, 88, 0.15,222,14.3
2024-09-26 11:49:54,-82.4417,28.0745, 210.0,12170,-46.9,-52.0,-47.9, 56, 89, 0.15,222,14.3
2024-09-26 11:49:55,-82.4416,28.0746, 209.9,12175,-46.9,-52.0,-47.9, 56, 89, 0.15,222,14.2
2024-09-26 11:49:56,-82.4415,28.0747, 209.8,12179,-47.0,-52.0,-47.9, 57, 90, 0.15,223,14.2
2024-09-26 11:49:57,-82.4414,28.0748, 209.6,12183,-47.0,-52.0,-47.9, 57, 90, 0.15,223,14.2
2024-09-26 11:49:58,-82.4413,28.0749, 209.5,12187,-47.1,-52.0,-47.9, 57, 91, 0.15,223,14.2
2024-09-26 11:49:59,-82.4412,28.0750, 209.4,12191,-47.1,-52.0,-47.9, 57, 91, 0.15,223,14.2
2024-09-26 11:50:00,-82.4411,28.0750, 209.2,12195,-47.1,-52.1,-48.0, 57, 90, 0.15,223,14.2
2024-09-26 11:50:01,-82.4410,28.0751, 209.1,12199,-47.2,-52.1,-48.0, 57, 90, 0.15,223,14.3
2024-09-26 11:50:02,-82.4409,28.0752, 209.0,12203,-47.2,-52.2,-48.1, 57, 90, 0.15,223,14.3
2024-09-26 11:50:03,-82.4408,28.0753, 208.9,12207,-47.2,-52.3,-48.2, 56, 89, 0.15,223,14.3
2024-09-26 11:50:04,-82.4407,28.0754, 208.8,12210,-47.3,-52.3,-48.2, 56, 89, 0.15,223,14.3
2024-09-26 11:50:05,-82.4406,28.0755, 208.7,12213,-47.3,-52.4,-48.3, 56, 89, 0.14,223,14.4
2024-09-26 11:50:06,-82.4405,28.0756, 208.6,12217,-47.3,-52.5,-48.4, 56, 88, 0.14,223,14.4
2024-09-26 11:50:07,-82.4404,28.0757, 208.4,12220,-47.4,-52.5,-48.4, 56, 88, 0.14,223,14.4
2024-09-26 11:50:08,-82.4403,28.0758, 208.3,12224,-47.4,-52.6,-48.5, 55, 88, 0.14,223,14.4
2024-09-26 11:50:09,-82.4402,28.0759, 208.2,12227,-47.4,-52.7,-48.5, 55, 88, 0.14,222,14.5
2024-09-26 11:50:10,-82.4401,28.0760, 208.1,12231,-47.5,-52.7,-48.6, 55, 87, 0.14,222,14.5
2024-09-26 11:50:11,-82.4400,28.0761, 208.0,12234,-47.5,-52.8,-48.7, 55, 87, 0.14,222,14.5
2024-09-26 11:50:12,-82.4399,28.0762, 207.9,12238,-47.5,-52.9,-48.7, 55, 87, 0.14,222,14.5
2024-09-26 11:50:13,-82.4398,28.0763, 207.8,12242,-47.6,-52.9,-48.8, 54, 86, 0.14,222,14.6
2024-09-26 11:50:14,-82.4397,28.0764, 207.6,12245,-47.6,-53.0,-48.8, 54, 86, 0.14,222,14.6
2024-09-26 11:50:15,-82.4396,28.0765, 207.5,12249,-47.6,-53.0,-48.9, 54, 86, 0.14,222,14.6
2024-09-26 11:50:16,-82.4395,28.0766, 207.4,12253,-47.7,-53.1,-48.9, 54, 86, 0.13,222,14.7
2024-09-26 11:50:17,-82.4394,28.0767, 207.3,12257,-47.7,-53.1,-49.0, 54, 86, 0.13,222,14.7
2024-09-26 11:50:18,-82.4393,28.0768, 207.2,12261,-47.8,-53.2,-49.1, 54, 85, 0.13,222,14.7
2024-09-26 11:50:19,-82.4392,28.0769, 207.1,12265,-47.8,-53.3,-49.1, 53, 85, 0.13,222,14.7
2024-09-26 11:50:20,-82.4391,28.0770, 207.0,12268,-47.8,-53.3,-49.2, 53, 85, 0.13,222,14.7
2024-09-26 11:50:21,-82.4390,28.0771, 206.9,12271,-47.9,-53.4,-49.2, 53, 85, 0.13,222,14.7
2024-09-26 11:50:22,-82.4389,28.0772, 206.8,12273,-47.9,-53.4,-49.3, 53, 84, 0.13,222,14.7
2024-09-26 11:50:23,-82.4388,28.0773, 206.7,12276,-47.9,-53.5,-49.3, 53, 84, 0.13,222,14.7
2024-09-26 11:50:24,-82.4387,28.0774, 206.6,12279,-48.0,-53.6,-49.4, 53, 84, 0.13,222,14.6
2024-09-26 11:50:25,-82.4386,28.0775, 206.4,12284,-48.0,-53.6,-49.5, 52, 84, 0.13,222,14.6
2024-09-26 11:50:26,-82.4385,28.0775, 206.3,12287,-48.0,-53.6,-49.5, 52, 84, 0.13,221,14.6
2024-09-26 11:50:27,-82.4384,28.0776, 206.2,12292,-48.1,-53.7,-49.5, 53, 84, 0.13,221,14.6
2024-09-26 11:50:28,-82.4383,28.0777, 206.1,12296,-48.1,-53.7,-49.5, 53, 84, 0.13,221,14.6
2024-09-26 11:50:29,-82.4382,28.0778, 205.9,12301,-48.1,-53.7,-49.5, 53, 84, 0.13,221,14.6
2024-09-26 11:50:30,-82.4381,28.0779, 205.8,12305,-48.2,-53.7,-49.5, 53, 85, 0.13,221,14.6
2024-09-26 11:50:31,-82.4380,28.0780, 205.7,12309,-48.2,-53.7,-49.6, 53, 85, 0.13,221,14.6
2024-09-26 11:50:32,-82.4379,28.0781, 205.5,12314,-48.3,-53.7,-49.6, 53, 85, 0.13,221,14.6
2024-09-26 11:50:33,-82.4378,28.0782, 205.4,12318,-48.3,-53.8,-49.6, 53, 85, 0.13,221,14.6
2024-09-26 11:50:34,-82.4377,28.0783, 205.3,12322,-48.3,-53.8,-49.6, 53, 85, 0.13,221,14.6
2024-09-26 11:50:35,-82.4376,28.0784, 205.1,12327,-48.4,-53.8,-49.6, 53, 86, 0.12,221,14.6
2024-09-26 11:50:36,-82.4375,28.0785, 205.0,12331,-48.4,-53.8,-49.7, 54, 86, 0.12,221,14.6
2024-09-26 11:50:37,-82.4374,28.0786, 204.9,12335,-48.5,-53.8,-49.7, 54, 86, 0.12,220,14.6
2024-09-26 11:50:38,-82.4373,28.0787, 204.7,12339,-48.5,-53.9,-49.7, 54, 86, 0.12,221,14.6
2024-09-26 11:50:39,-82.4372,28.0788, 204.6,12343,-48.5,-53.9,-49.7, 54, 87, 0.12,221,14.6
2024-09-26 11:50:40,-82.4371,28.0789, 204.5,12347,-48.6,-53.9,-49.7, 54, 87, 0.12,221,14.5
2024-09-26 11:50:41,-82.4370,28.0790, 204.4,12350,-48.6,-53.9,-49.7, 54, 87, 0.12,222,14.5
2024-09-26 11:50:42,-82.4369,28.0791, 204.3,12354,-48.7,-53.9,-49.7, 54, 88, 0.12,222,14.5
2024-09-26 11:50:43,-82.4368,28.0792, 204.1,12358,-48.7,-53.9,-49.8, 55, 88, 0.12,222,14.5
2024-09-26 11:50:44,-82.4367,28.0793, 204.0,12362,-48.7,-53.9,-49.8, 55, 88, 0.12,222,14.5
2024-09-26 11:50:45,-82.4366,28.0794, 203.9,12366,-48.8,-54.0,-49.8, 55, 88, 0.12,223,14.5
2024-09-26 11:50:46,-82.4365,28.0795, 203.8,12370,-48.8,-54.0,-49.8, 55, 89, 0.12,223,14.5
2024-09-26 11:50:47,-82.4364,28.0795, 203.6,12374,-48.9,-54.0,-49.8, 55, 89, 0.12,223,14.4
2024-09-26 11:50:48,-82.4363,28.0796, 203.5,12378,-48.9,-54.0,-49.8, 56, 89, 0.12,224,14.4
2024-09-26 11:50:49,-82.4362,28.0797, 203.4,12382,-48.9,-54.0,-49.8, 56, 90, 0.12,224,14.4
2024-09-26 11:50:50,-82.4361,28.0798, 203.3,12385,-49.0,-54.0,-49.9, 56, 90, 0.12,224,14.4
2024-09-26 11:50:51,-82.4360,28.0799, 203.2,12389,-49.0,-54.0,-49.9, 56, 90, 0.12,224,14.4
2024-09-26 11:50:52,-82.4359,28.0800, 203.0,12393,-49.1,-54.1,-49.9, 56, 91, 0.12,225,14.4
2024-09-26 11:50:53,-82.4358,28.0801, 202.9,12397,-49.1,-54.1,-49.9, 56, 91, 0.12,225,14.4
2024-09-26 11:50:54,-82.4357,28.0802, 202.8,12402,-49.2,-54.1,-49.9, 57, 91, 0.12,225,14.4
2024-09-26 11:50:55,-82.4356,28.0803, 202.7,12406,-49.2,-54.1,-49.9, 57, 92, 0.12,226,14.4
2024-09-26 11:50:56,-82.4355,28.0803, 202.5,12411,-49.2,-54.1,-49.9, 57, 92, 0.12,226,14.3
2024-09-26 11:50:57,-82.4354,28.0804, 202.4,12416,-49.3,-54.1,-49.9, 57, 93, 0.12,226,14.3
2024-09-26 11:50:58,-82.4353,28.0805, 202.2,12420,-49.3,-54.1,-49.9, 58, 93, 0.12,226,14.3
2024-09-26 11:50:59,-82.4352,28.0806, 202.1,12424,-49.4,-54.1,-49.9, 58, 94, 0.12,226,14.3
2024-09-26 11:51:00,-82.4351,28.0807, 202.0,12428,-49.4,-54.1,-49.9, 58, 94, 0.12,226,14.3
2024-09-26 11:51:01,-82.4349,28.0808, 201.8,12432,-49.5,-54.1,-49.9, 58, 95, 0.12,226,14.3
2024-09-26 11:51:02,-82.4348,28.0809, 201.7,12436,-49.5,-54.1,-49.9, 59, 95, 0.12,226,14.3
2024-09-26 11:51:03,-82.4347,28.0810, 201.6,12440,-49.5,-54.1,-49.9, 59, 95, 0.12,226,14.3
2024-09-26 11:51:04,-82.4346,28.0811, 201.5,12444,-49.6,-54.1,-49.9, 59, 96, 0.12,226,14.3
2024-09-26 11:51:05,-82.4345,28.0811, 201.3,12448,-49.6,-54.1,-49.9, 59, 96, 0.12,226,14.3
2024-09-26 11:51:06,-82.4344,28.0812, 201.2,12453,-49.7,-54.1,-50.0, 59, 96, 0.12,226,14.3
2024-09-26 11:51:07,-82.4343,28.0813, 201.1,12457,-49.7,-54.2,-50.0, 59, 97, 0.12,226,14.3
2024-09-26 11:51:08,-82.4342,28.0814, 200.9,12461,-49.8,-54.2,-50.0, 60, 97, 0.12,226,14.3
2024-09-26 11:51:09,-82.4341,28.0815, 200.8,12465,-49.8,-54.2,-50.1, 60, 97, 0.12,226,14.3
2024-09-26 11:51:10,-82.4340,28.0816, 200.7,12470,-49.8,-54.3,-50.1, 60, 97, 0.12,226,14.3
2024-09-26 11:51:11,-82.4339,28.0817, 200.5,12474,-49.9,-54.3,-50.1, 60, 97, 0.12,226,14.3
2024-09-26 11:51:12,-82.4338,28.0818, 200.4,12479,-49.9,-54.3,-50.1, 60, 97, 0.12,226,14.3
2024-09-26 11:51:13,-82.4337,28.0819, 200.3,12483,-50.0,-54.4,-50.2, 60, 98, 0.12,226,14.3
2024-09-26 11:51:14,-82.4336,28.0819, 200.1,12488,-50.0,-54.4,-50.2, 60, 98, 0.12,226,14.3
2024-09-26 11:51:15,-82.4335,28.0820, 200.0,12492,-50.0,-54.4,-50.2, 60, 98, 0.12,226,14.3
2024-09-26 11:51:16,-82.4334,28.0821, 199.8,12497,-50.1,-54.4,-50.2, 60, 98, 0.12,226,14.3
2024-09-26 11:51:17,-82.4333,28.0822, 199.7,12502,-50.1,-54.5,-50.3, 60, 98, 0.12,226,14.3
2024-09-26 11:51:18,-82.4332,28.0823, 199.5,12507,-50.2,-54.5,-50.3, 60, 98, 0.12,226,14.3
2024-09-26 11:51:19,-82.4331,28.0824, 199.4,12510,-50.2,-54.5,-50.3, 60, 98, 0.12,226,14.3
2024-09-26 11:51:20,-82.4330,28.0825, 199.3,12517,-50.3,-54.6,-50.4, 60, 98, 0.12,226,14.3
2024-09-26 11:51:21,-82.4329,28.0826, 199.1,12522,-50.3,-54.7,-50.5, 60, 98, 0.12,226,14.2
2024-09-26 11:51:22,-82.4328,28.0827, 199.0,12526,-50.3,-54.7,-50.5, 60, 98, 0.12,225,14.2
2024-09-26 11:51:23,-82.4327,28.0828, 198.8,12530,-50.4,-54.8,-50.6, 60, 97, 0.11,225,14.2
2024-09-26 11:51:24,-82.4326,28.0828, 198.7,12534,-50.4,-54.9,-50.7, 59, 97, 0.11,225,14.2
2024-09-26 11:51:25,-82.4325,28.0829, 198.6,12539,-50.5,-54.9,-50.7, 59, 97, 0.11,225,14.2
2024-09-26 11:51:26,-82.4323,28.0830, 198.5,12543,-50.5,-55.0,-50.8, 59, 96, 0.11,225,14.2
2024-09-26 11:51:27,-82.4323,28.0831, 198.3,12547,-50.6,-55.1,-50.9, 59, 96, 0.11,224,14.2
2024-09-26 11:51:28,-82.4322,28.0832, 198.2,12551,-50.6,-55.2,-50.9, 59, 96, 0.11,224,14.2
2024-09-26 11:51:29,-82.4321,28.0833, 198.1,12556,-50.6,-55.2,-51.0, 58, 96, 0.11,224,14.1
2024-09-26 11:51:30,-82.4320,28.0834, 197.9,12560,-50.7,-55.3,-51.1, 58, 95, 0.11,224,14.1
2024-09-26 11:51:31,-82.4319,28.0835, 197.8,12564,-50.7,-55.4,-51.2, 58, 95, 0.11,224,14.1
2024-09-26 11:51:32,-82.4318,28.0836, 197.6,12569,-50.8,-55.4,-51.2, 58, 95, 0.11,224,14.1
2024-09-26 11:51:33,-82.4317,28.0837, 197.5,12574,-50.8,-55.5,-51.3, 57, 94, 0.11,223,14.1
2024-09-26 11:51:34,-82.4315,28.0837, 197.4,12579,-50.9,-55.6,-51.4, 57, 93, 0.10,223,14.1
2024-09-26 11:51:35,-82.4314,28.0838, 197.2,12583,-50.9,-55.7,-51.5, 57, 93, 0.10,223,14.1
2024-09-26 11:51:36,-82.4313,28.0839, 197.1,12588,-51.0,-55.9,-51.6, 56, 92, 0.10,223,14.1
2024-09-26 11:51:37,-82.4312,28.0840, 196.9,12593,-51.0,-56.0,-51.7, 56, 92, 0.10,223,14.1
2024-09-26 11:51:38,-82.4311,28.0841, 196.8,12598,-51.0,-56.1,-51.8, 55, 91, 0.10,223,14.1
2024-09-26 11:51:39,-82.4310,28.0842, 196.6,12603,-51.1,-56.2,-51.9, 55, 90, 0.10,223,14.1
2024-09-26 11:51:40,-82.4309,28.0843, 196.5,12608,-51.1,-56.3,-52.0, 55, 90, 0.10,223,14.1
2024-09-26 11:51:41,-82.4308,28.0844, 196.3,12613,-51.2,-56.4,-52.1, 54, 89, 0.10,224,14.1
2024-09-26 11:51:42,-82.4307,28.0845, 196.2,12618,-51.2,-56.5,-52.2, 54, 88, 0.09,224,14.1
2024-09-26 11:51:43,-82.4306,28.0846, 196.0,12624,-51.3,-56.6,-52.3, 53, 88, 0.09,224,14.1
2024-09-26 11:51:44,-82.4305,28.0846, 195.8,12630,-51.3,-56.7,-52.4, 53, 87, 0.09,225,14.1
2024-09-26 11:51:45,-82.4304,28.0847, 195.6,12636,-51.4,-56.8,-52.5, 52, 87, 0.09,225,14.1
2024-09-26 11:51:46,-82.4303,28.0848, 195.4,12642,-51.4,-56.9,-52.6, 52, 86, 0.09,225,14.1
2024-09-26 11:51:47,-82.4302,28.0849, 195.2,12649,-51.5,-56.9,-52.7, 52, 86, 0.09,226,14.1
2024-09-26 11:51:48,-82.4301,28.0850, 195.1,12655,-51.5,-57.0,-52.7, 52, 86, 0.09,226,14.1
2024-09-26 11:51:49,-82.4300,28.0851, 194.9,12662,-51.6,-57.1,-52.8, 52, 86, 0.09,226,14.1
2024-09-26 11:51:50,-82.4299,28.0852, 194.6,12669,-51.6,-57.1,-52.8, 52, 86, 0.09,226,14.1
2024-09-26 11:51:51,-82.4298,28.0852, 194.4,12676,-51.7,-57.2,-52.9, 52, 86, 0.09,227,14.1
2024-09-26 11:51:52,-82.4297,28.0853, 194.2,12683,-51.7,-57.2,-52.9, 52, 86, 0.09,227,14.1
2024-09-26 11:51:53,-82.4296,28.0854, 194.0,12690,-51.8,-57.3,-53.0, 52, 86, 0.09,227,14.1
2024-09-26 11:51:54,-82.4295,28.0855, 193.8,12697,-51.8,-57.4,-53.1, 52, 86, 0.09,228,14.1
2024-09-26 11:51:55,-82.4294,28.0856, 193.6,12702,-51.9,-57.4,-53.1, 52, 86, 0.09,228,14.2
2024-09-26 11:51:56,-82.4293,28.0857, 193.5,12708,-52.0,-57.5,-53.2, 52, 86, 0.09,228,14.2
2024-09-26 11:51:57,-82.4291,28.0857, 193.3,12713,-52.0,-57.5,-53.2, 52, 86, 0.08,228,14.2
2024-09-26 11:51:58,-82.4290,28.0858, 193.2,12719,-52.1,-57.6,-53.3, 52, 86, 0.08,228,14.2
2024-09-26 11:51:59,-82.4289,28.0859, 193.0,12725,-52.1,-57.7,-53.4, 51, 85, 0.08,228,14.2
2024-09-26 11:52:00,-82.4288,28.0860, 192.8,12730,-52.2,-57.7,-53.4, 52, 86, 0.08,228,14.2
2024-09-26 11:52:01,-82.4287,28.0861, 192.7,12735,-52.2,-57.7,-53.4, 52, 86, 0.08,228,14.2
2024-09-26 11:52:02,-82.4286,28.0862, 192.5,12740,-52.3,-57.7,-53.4, 52, 87, 0.08,228,14.2
2024-09-26 11:52:03,-82.4285,28.0863, 192.4,12745,-52.3,-57.7,-53.4, 52, 87, 0.08,228,14.2
2024-09-26 11:52:04,-82.4284,28.0863, 192.2,12750,-52.4,-57.8,-53.5, 52, 87, 0.08,228,14.3
2024-09-26 11:52:05,-82.4283,28.0864, 192.0,12755,-52.4,-57.8,-53.5, 53, 88, 0.08,228,14.3
2024-09-26 11:52:06,-82.4282,28.0865, 191.9,12761,-52.5,-57.8,-53.5, 53, 88, 0.08,228,14.3
2024-09-26 11:52:07,-82.4281,28.0866, 191.7,12768,-52.5,-57.8,-53.5, 53, 88, 0.08,228,14.3
2024-09-26 11:52:08,-82.4280,28.0867, 191.5,12775,-52.6,-57.8,-53.5, 53, 89, 0.08,228,14.3
2024-09-26 11:52:09,-82.4279,28.0868, 191.3,12782,-52.6,-57.9,-53.6, 53, 89, 0.08,228,14.3
2024-09-26 11:52:10,-82.4278,28.0869, 191.1,12789,-52.7,-57.9,-53.6, 54, 89, 0.08,228,14.3
2024-09-26 11:52:11,-82.4276,28.0869, 190.9,12795,-52.7,-57.9,-53.6, 54, 90, 0.08,228,14.3
2024-09-26 11:52:12,-82.4275,28.0870, 190.7,12801,-52.8,-57.9,-53.6, 54, 90, 0.08,228,14.3
2024-09-26 11:52:13,-82.4274,28.0871, 190.6,12806,-52.8,-58.0,-53.6, 54, 90, 0.08,228,14.3
2024-09-26 11:52:14,-82.4273,28.0872, 190.4,12811,-52.9,-58.0,-53.7, 54, 91, 0.08,228,14.4
2024-09-26 11:52:15,-82.4272,28.0873, 190.3,12816,-53.0,-58.0,-53.7, 54, 91, 0.08,228,14.4
2024-09-26 11:52:16,-82.4271,28.0874, 190.1,12822,-53.0,-58.1,-53.8, 54, 91, 0.08,228,14.4
2024-09-26 11:52:17,-82.4270,28.0874, 190.0,12826,-53.1,-58.1,-53.8, 54, 91, 0.08,228,14.4
2024-09-26 11:52:18,-82.4269,28.0875, 189.8,12831,-53.1,-58.2,-53.8, 54, 91, 0.08,228,14.3
2024-09-26 11:52:19,-82.4268,28.0876, 189.7,12835,-53.2,-58.2,-53.9, 55, 91, 0.08,229,14.3
2024-09-26 11:52:20,-82.4267,28.0877, 189.6,12839,-53.2,-58.2,-53.9, 55, 92, 0.08,229,14.2
2024-09-26 11:52:21,-82.4266,28.0878, 189.4,12844,-53.3,-58.3,-53.9, 55, 92, 0.08,229,14.2
2024-09-26 11:52:22,-82.4265,28.0878, 189.3,12848,-53.3,-58.3,-54.0, 55, 92, 0.08,229,14.1
2024-09-26 11:52:23,-82.4263,28.0879, 189.2,12853,-53.4,-58.4,-54.0, 55, 92, 0.08,230,14.0
2024-09-26 11:52:24,-82.4262,28.0880, 189.0,12858,-53.4,-58.4,-54.1, 55, 92, 0.08,230,14.0
2024-09-26 11:52:25,-82.4261,28.0881, 188.9,12863,-53.5,-58.4,-54.1, 55, 92, 0.08,230,13.9
2024-09-26 11:52:26,-82.4260,28.0881, 188.7,12868,-53.5,-58.5,-54.1, 55, 93, 0.08,231,13.9
2024-09-26 11:52:27,-82.4259,28.0882, 188.5,12874,-53.6,-58.5,-54.2, 55, 93, 0.08,231,13.8
2024-09-26 11:52:28,-82.4258,28.0883, 188.4,12880,-53.6,-58.5,-54.2, 55, 93, 0.08,231,13.8
2024-09-26 11:52:29,-82.4257,28.0884, 188.2,12886,-53.7,-58.5,-54.2, 56, 94, 0.08,232,13.7
2024-09-26 11:52:30,-82.4256,28.0884, 188.0,12892,-53.7,-58.5,-54.2, 56, 94, 0.08,232,13.6
2024-09-26 11:52:31,-82.4255,28.0885, 187.9,12898,-53.8,-58.6,-54.2, 56, 95, 0.08,232,13.6
2024-09-26 11:52:32,-82.4253,28.0886, 187.7,12904,-53.8,-58.6,-54.2, 56, 95, 0.08,233,13.5
2024-09-26 11:52:33,-82.4252,28.0887, 187.5,12910,-53.9,-58.6,-54.3, 57, 96, 0.08,233,13.5
2024-09-26 11:52:34,-82.4251,28.0887, 187.4,12915,-53.9,-58.6,-54.3, 57, 96, 0.08,233,13.4
2024-09-26 11:52:35,-82.4250,28.0888, 187.2,12920,-54.0,-58.6,-54.3, 57, 97, 0.08,233,13.4
2024-09-26 11:52:36,-82.4249,28.0889, 187.0,12926,-54.1,-58.6,-54.3, 57, 97, 0.08,234,13.3
2024-09-26 11:52:37,-82.4248,28.0890, 186.9,12931,-54.1,-58.7,-54.3, 57, 97, 0.08,234,13.3
2024-09-26 11:52:38,-82.4247,28.0890, 186.7,12937,-54.2,-58.7,-54.3, 58, 98, 0.08,234,13.3
2024-09-26 11:52:39,-82.4246,28.0891, 186.6,12942,-54.2,-58.7,-54.4, 58, 98, 0.08,234,13.4
2024-09-26 11:52:40,-82.4245,28.0892, 186.4,12947,-54.3,-58.7,-54.4, 58, 99, 0.08,233,13.5
2024-09-26 11:52:41,-82.4243,28.0893, 186.3,12953,-54.3,-58.8,-54.4, 58, 99, 0.08,233,13.6
2024-09-26 11:52:42,-82.4242,28.0893, 186.1,12958,-54.4,-58.8,-54.5, 58, 99, 0.08,233,13.7
2024-09-26 11:52:43,-82.4241,28.0894, 186.0,12963,-54.4,-58.8,-54.5, 58, 99, 0.07,233,13.8
2024-09-26 11:52:44,-82.4240,28.0895, 185.8,12968,-54.5,-58.9,-54.5, 59, 99, 0.07,233,13.8
2024-09-26 11:52:45,-82.4239,28.0896, 185.7,12973,-54.5,-58.9,-54.6, 59,100, 0.07,232,13.9
2024-09-26 11:52:46,-82.4238,28.0897, 185.5,12978,-54.6,-58.9,-54.6, 59,100, 0.07,232,14.0
2024-09-26 11:52:47,-82.4237,28.0897, 185.4,12983,-54.6,-59.0,-54.6, 59,100, 0.07,232,14.1
2024-09-26 11:52:48,-82.4236,28.0898, 185.3,12987,-54.7,-59.0,-54.7, 59,100, 0.07,232,14.2
2024-09-26 11:52:49,-82.4234,28.0899, 185.1,12992,-54.7,-59.0,-54.7, 59,101, 0.07,232,14.3
2024-09-26 11:52:50,-82.4233,28.0900, 185.0,12997,-54.8,-59.1,-54.7, 59,101, 0.07,231,14.3
2024-09-26 11:52:51,-82.4232,28.0901, 184.9,13001,-54.8,-59.1,-54.8, 59,101, 0.07,231,14.4
2024-09-26 11:52:52,-82.4231,28.0901, 184.7,13006,-54.9,-59.1,-54.8, 59,101, 0.07,231,14.5
2024-09-26 11:52:53,-82.4230,28.0902, 184.6,13010,-54.9,-59.2,-54.8, 59,101, 0.07,231,14.6
2024-09-26 11:52:54,-82.4228,28.0903, 184.5,13015,-55.0,-59.2,-54.9, 59,101, 0.07,231,14.7
2024-09-26 11:52:55,-82.4227,28.0904, 184.3,13019,-55.0,-59.3,-54.9, 59,101, 0.07,231,14.8
2024-09-26 11:52:56,-82.4226,28.0905, 184.2,13024,-55.1,-59.3,-55.0, 59,102, 0.07,230,14.9
2024-09-26 11:52:57,-82.4225,28.0905, 184.0,13030,-55.1,-59.4,-55.0, 59,102, 0.07,230,14.9
2024-09-26 11:52:58,-82.4224,28.0906, 183.9,13035,-55.2,-59.4,-55.1, 59,102, 0.07,230,14.9
2024-09-26 11:52:59,-82.4223,28.0907, 183.7,13040,-55.2,-59.5,-55.1, 60,102, 0.07,230,14.9
2024-09-26 11:53:00,-82.4221,28.0908, 183.6,13046,-55.3,-59.5,-55.1, 59,102, 0.07,231,14.9
2024-09-26 11:53:01,-82.4220,28.0909, 183.4,13051,-55.3,-59.5,-55.2, 59,102, 0.07,231,14.8
2024-09-26 11:53:02,-82.4219,28.0910, 183.3,13056,-55.4,-59.6,-55.2, 59,102, 0.07,231,14.8
2024-09-26 11:53:03,-82.4218,28.0910, 183.1,13062,-55.4,-59.6,-55.3, 59,102, 0.07,231,14.8
2024-09-26 11:53:04,-82.4217,28.0911, 183.0,13067,-55.5,-59.7,-55.3, 60,102, 0.07,231,14.8
2024-09-26 11:53:05,-82.4215,28.0912, 182.8,13072,-55.5,-59.7,-55.4, 60,102, 0.07,231,14.7
2024-09-26 11:53:06,-82.4214,28.0913, 182.6,13078,-55.5,-59.8,-55.4, 59,102, 0.07,231,14.7
2024-09-26 11:53:07,-82.4213,28.0914, 182.5,13083,-55.6,-59.8,-55.4, 60,102, 0.07,231,14.7
2024-09-26 11:53:08,-82.4212,28.0914, 182.4,13088,-55.6,-59.8,-55.4, 60,103, 0.07,231,14.7
2024-09-26 11:53:09,-82.4211,28.0915, 182.2,13092,-55.7,-59.8,-55.5, 60,103, 0.07,232,14.6
2024-09-26 11:53:10,-82.4210,28.0916, 182.1,13097,-55.7,-59.9,-55.5, 60,103, 0.07,232,14.6
2024-09-26 11:53:11,-82.4208,28.0917, 182.0,13102,-55.8,-59.9,-55.5, 60,104, 0.07,232,14.6
2024-09-26 11:53:12,-82.4207,28.0918, 181.8,13106,-55.8,-59.9,-55.5, 60,104, 0.07,232,14.6
2024-09-26 11:53:13,-82.4206,28.0919, 181.7,13111,-55.9,-59.9,-55.6, 61,104, 0.07,232,14.6
2024-09-26 11:53:14,-82.4205,28.0919, 181.5,13116,-55.9,-60.0,-55.6, 61,105, 0.07,232,14.5
2024-09-26 11:53:15,-82.4204,28.0920, 181.4,13121,-56.0,-60.0,-55.6, 61,105, 0.07,232,14.5
2024-09-26 11:53:16,-82.4203,28.0921, 181.3,13126,-56.0,-60.0,-55.6, 61,105, 0.07,232,14.5
2024-09-26 11:53:17,-82.4201,28.0922, 181.1,13131,-56.1,-60.0,-55.7, 61,105, 0.07,233,14.5
2024-09-26 11:53:18,-82.4200,28.0923, 181.0,13136,-56.1,-60.1,-55.7, 61,106, 0.07,232,14.5
2024-09-26 11:53:19,-82.4199,28.0923, 180.9,13140,-56.1,-60.1,-55.7, 61,106, 0.07,232,14.5
2024-09-26 11:53:20,-82.4198,28.0924, 180.7,13144,-56.2,-60.1,-55.7, 62,106, 0.07,232,14.5
2024-09-26 11:53:21,-82.4197,28.0925, 180.6,13149,-56.2,-60.2,-55.8, 62,106, 0.07,232,14.5
2024-09-26 11:53:22,-82.4195,28.0926, 180.5,13153,-56.3,-60.2,-55.8, 62,107, 0.07,232,14.5
2024-09-26 11:53:23,-82.4194,28.0927, 180.4,13157,-56.3,-60.2,-55.8, 62,107, 0.06,232,14.5
2024-09-26 11:53:24,-82.4193,28.0928, 180.2,13162,-56.4,-60.3,-55.9, 62,107, 0.06,232,14.5
2024-09-26 11:53:25,-82.4192,28.0929, 180.1,13166,-56.4,-60.3,-55.9, 62,107, 0.06,232,14.6
2024-09-26 11:53:26,-82.4191,28.0929, 180.0,13171,-56.5,-60.3,-55.9, 62,107, 0.06,232,14.6
2024-09-26 11:53:27,-82.4190,28.0930, 179.9,13175,-56.5,-60.4,-56.0, 62,107, 0.06,232,14.6
2024-09-26 11:53:28,-82.4188,28.0931, 179.7,13180,-56.6,-60.4,-56.0, 62,108, 0.06,232,14.6
2024-09-26 11:53:29,-82.4187,28.0932, 179.6,13184,-56.6,-60.4,-56.0, 62,108, 0.06,232,14.6
2024-09-26 11:53:30,-82.4186,28.0933, 179.5,13189,-56.6,-60.5,-56.1, 62,108, 0.06,232,14.6
2024-09-26 11:53:31,-82.4185,28.0934, 179.3,13194,-56.7,-60.5,-56.1, 62,108, 0.06,231,14.6
2024-09-26 11:53:32,-82.4184,28.0935, 179.2,13199,-56.7,-60.5,-56.1, 62,108, 0.06,231,14.6
2024-09-26 11:53:33,-82.4183,28.0935, 179.1,13204,-56.8,-60.6,-56.2, 62,108, 0.06,231,14.7
2024-09-26 11:53:34,-82.4181,28.0936, 178.9,13208,-56.8,-60.6,-56.2, 62,108, 0.06,231,14.7
2024-09-26 11:53:35,-82.4180,28.0937, 178.8,13213,-56.9,-60.7,-56.3, 62,108, 0.06,231,14.7
2024-09-26 11:53:36,-82.4179,28.0938, 178.7,13217,-56.9,-60.7,-56.3, 62,108, 0.06,231,14.7
2024-09-26 11:53:37,-82.4178,28.0939, 178.5,13222,-57.0,-60.8,-56.4, 62,108, 0.06,231,14.7
2024-09-26 11:53:38,-82.4177,28.0939, 178.4,13227,-57.0,-60.8,-56.4, 62,108, 0.06,231,14.7
2024-09-26 11:53:39,-82.4175,28.0940, 178.3,13231,-57.0,-60.8,-56.4, 62,108, 0.06,231,14.8
2024-09-26 11:53:40,-82.4174,28.0941, 178.2,13236,-57.1,-60.9,-56.5, 62,108, 0.06,231,14.8
2024-09-26 11:53:41,-82.4173,28.0942, 178.0,13240,-57.1,-60.9,-56.5, 62,108, 0.06,231,14.8
2024-09-26 11:53:42,-82.4172,28.0943, 177.9,13245,-57.2,-61.0,-56.6, 62,108, 0.06,231,14.8
2024-09-26 11:53:43,-82.4171,28.0944, 177.8,13250,-57.2,-61.0,-56.6, 62,108, 0.06,231,14.9
2024-09-26 11:53:44,-82.4169,28.0945, 177.6,13254,-57.3,-61.1,-56.7, 62,108, 0.06,231,14.9
2024-09-26 11:53:45,-82.4168,28.0945, 177.5,13259,-57.3,-61.1,-56.7, 62,108, 0.06,231,14.9
2024-09-26 11:53:46,-82.4167,28.0946, 177.4,13264,-57.4,-61.2,-56.7, 62,109, 0.06,231,14.9
2024-09-26 11:53:47,-82.4166,28.0947, 177.2,13268,-57.4,-61.2,-56.8, 62,108, 0.06,231,15.0
2024-09-26 11:53:48,-82.4165,28.0948, 177.1,13273,-57.5,-61.3,-56.9, 62,108, 0.06,231,15.0
2024-09-26 11:53:49,-82.4164,28.0949, 177.0,13277,-57.5,-61.3,-56.9, 62,108, 0.06,231,15.0
2024-09-26 11:53:50,-82.4163,28.0950, 176.9,13282,-57.5,-61.4,-57.0, 62,108, 0.06,231,15.0
2024-09-26 11:53:51,-82.4161,28.0950, 176.7,13286,-57.6,-61.5,-57.0, 61,108, 0.06,231,15.1
2024-09-26 11:53:52,-82.4160,28.0951, 176.6,13291,-57.6,-61.5,-57.1, 61,107, 0.06,231,15.1
2024-09-26 11:53:53,-82.4159,28.0952, 176.5,13296,-57.7,-61.6,-57.2, 61,107, 0.06,231,15.1
2024-09-26 11:53:54,-82.4158,28.0953, 176.3,13301,-57.7,-61.7,-57.2, 61,107, 0.06,231,15.1
2024-09-26 11:53:55,-82.4157,28.0954, 176.2,13305,-57.8,-61.7,-57.3, 61,107, 0.05,231,15.2
2024-09-26 11:53:56,-82.4156,28.0955, 176.1,13310,-57.8,-61.8,-57.4, 61,106, 0.05,231,15.2
2024-09-26 11:53:57,-82.4154,28.0956, 175.9,13315,-57.9,-61.8,-57.4, 61,106, 0.05,230,15.2
2024-09-26 11:53:58,-82.4153,28.0956, 175.8,13320,-57.9,-61.9,-57.5, 60,106, 0.05,231,15.2
2024-09-26 11:53:59,-82.4152,28.0957, 175.6,13325,-57.9,-62.0,-57.5, 60,106, 0.05,231,15.2
2024-09-26 11:54:00,-82.4151,28.0958, 175.5,13331,-58.0,-62.0,-57.6, 60,106, 0.05,231,15.1
2024-09-26 11:54:01,-82.4150,28.0959, 175.4,13336,-58.0,-62.1,-57.6, 60,105, 0.05,231,15.1
2024-09-26 11:54:02,-82.4149,28.0960, 175.2,13341,-58.1,-62.1,-57.7, 60,105, 0.05,231,15.1
2024-09-26 11:54:03,-82.4148,28.0961, 175.1,13347,-58.1,-62.2,-57.8, 60,105, 0.05,231,15.1
2024-09-26 11:54:04,-82.4146,28.0961, 175.0,13351,-58.2,-62.3,-57.8, 60,105, 0.05,231,15.1
2024-09-26 11:54:05,-82.4145,28.0962, 174.8,13356,-58.2,-62.3,-57.9, 59,105, 0.05,231,15.0
2024-09-26 11:54:06,-82.4144,28.0963, 174.7,13360,-58.3,-62.4,-57.9, 59,104, 0.05,231,15.0
2024-09-26 11:54:07,-82.4143,28.0964, 174.5,13365,-58.3,-62.5,-58.0, 59,104, 0.05,231,15.0
2024-09-26 11:54:08,-82.4142,28.0965, 174.4,13369,-58.4,-62.5,-58.1, 59,104, 0.05,231,15.0
2024-09-26 11:54:09,-82.4141,28.0966, 174.3,13374,-58.4,-62.6,-58.1, 59,104, 0.05,231,15.0
2024-09-26 11:54:10,-82.4139,28.0967, 174.2,13378,-58.5,-62.6,-58.2, 59,104, 0.05,231,15.0
2024-09-26 11:54:11,-82.4138,28.0967, 174.0,13383,-58.5,-62.7,-58.2, 59,104, 0.05,231,14.9
2024-09-26 11:54:12,-82.4137,28.0969, 173.9,13388,-58.5,-62.8,-58.3, 58,103, 0.05,231,14.9
2024-09-26 11:54:13,-82.4136,28.0969, 173.7,13394,-58.6,-62.9,-58.4, 58,103, 0.05,231,14.9
2024-09-26 11:54:14,-82.4135,28.0970, 173.6,13397,-58.6,-62.9,-58.4, 58,103, 0.05,231,14.9
2024-09-26 11:54:15,-82.4134,28.0971, 173.5,13402,-58.7,-62.9,-58.5, 58,103, 0.05,231,14.9
2024-09-26 11:54:16,-82.4132,28.0972, 173.4,13407,-58.7,-63.0,-58.5, 58,103, 0.05,231,14.8
2024-09-26 11:54:17,-82.4131,28.0973, 173.2,13412,-58.8,-63.0,-58.5, 58,103, 0.05,231,14.8
2024-09-26 11:54:18,-82.4130,28.0973, 173.1,13417,-58.8,-63.1,-58.6, 58,103, 0.05,231,14.8
2024-09-26 11:54:19,-82.4129,28.0974, 173.0,13421,-58.9,-63.1,-58.6, 59,104, 0.05,231,14.7
2024-09-26 11:54:20,-82.4128,28.0975, 172.8,13426,-58.9,-63.1,-58.7, 58,104, 0.05,231,14.6
2024-09-26 11:54:21,-82.4127,28.0976, 172.7,13431,-59.0,-63.2,-58.7, 59,104, 0.05,231,14.6
2024-09-26 11:54:22,-82.4126,28.0976, 172.6,13436,-59.0,-63.2,-58.8, 59,104, 0.05,230,14.5
2024-09-26 11:54:23,-82.4125,28.0977, 172.4,13441,-59.1,-63.3,-58.8, 59,104, 0.05,230,14.5
2024-09-26 11:54:24,-82.4124,28.0978, 172.3,13446,-59.1,-63.3,-58.8, 59,104, 0.05,230,14.4
2024-09-26 11:54:25,-82.4123,28.0979, 172.2,13451,-59.2,-63.4,-58.9, 59,104, 0.05,230,14.4
2024-09-26 11:54:26,-82.4121,28.0980, 172.0,13456,-59.3,-63.4,-58.9, 59,104, 0.05,230,14.3
2024-09-26 11:54:27,-82.4120,28.0980, 171.9,13461,-59.3,-63.5,-59.0, 59,105, 0.04,230,14.3
2024-09-26 11:54:28,-82.4119,28.0981, 171.7,13466,-59.4,-63.5,-59.0, 59,105, 0.04,230,14.2
2024-09-26 11:54:29,-82.4118,28.0982, 171.6,13472,-59.4,-63.5,-59.0, 59,105, 0.04,230,14.1
2024-09-26 11:54:30,-82.4117,28.0983, 171.5,13477,-59.5,-63.5,-59.1, 59,106, 0.04,230,14.1
2024-09-26 11:54:31,-82.4116,28.0984, 171.3,13482,-59.5,-63.6,-59.1, 59,106, 0.04,229,14.0
2024-09-26 11:54:32,-82.4115,28.0984, 171.1,13488,-59.6,-63.6,-59.1, 60,107, 0.04,229,14.0
2024-09-26 11:54:33,-82.4114,28.0985, 171.0,13494,-59.6,-63.6,-59.1, 60,107, 0.04,229,13.9
2024-09-26 11:54:34,-82.4113,28.0986, 170.8,13500,-59.7,-63.6,-59.2, 60,107, 0.04,229,13.9
2024-09-26 11:54:35,-82.4112,28.0987, 170.7,13506,-59.7,-63.7,-59.2, 60,108, 0.04,229,13.8
2024-09-26 11:54:36,-82.4111,28.0987, 170.5,13512,-59.8,-63.7,-59.2, 61,108, 0.04,229,13.8
2024-09-26 11:54:37,-82.4109,28.0988, 170.3,13518,-59.8,-63.7,-59.3, 61,108, 0.04,229,13.7
2024-09-26 11:54:38,-82.4108,28.0989, 170.2,13523,-59.9,-63.8,-59.3, 61,109, 0.04,229,13.7
2024-09-26 11:54:39,-82.4107,28.0990, 170.0,13529,-60.0,-63.8,-59.3, 61,109, 0.04,229,13.7
2024-09-26 11:54:40,-82.4106,28.0991, 169.9,13535,-60.0,-63.8,-59.3, 61,110, 0.04,229,13.8
2024-09-26 11:54:41,-82.4105,28.0991, 169.7,13541,-60.1,-63.9,-59.4, 61,110, 0.04,230,13.8
2024-09-26 11:54:42,-82.4104,28.0992, 169.6,13546,-60.1,-63.9,-59.4, 62,110, 0.04,230,13.8
2024-09-26 11:54:43,-82.4103,28.0993, 169.4,13552,-60.2,-63.9,-59.5, 62,111, 0.04,230,13.8
2024-09-26 11:54:44,-82.4102,28.0994, 169.2,13558,-60.2,-64.0,-59.5, 62,111, 0.04,230,13.8
2024-09-26 11:54:45,-82.4101,28.0994, 169.1,13564,-60.3,-64.0,-59.5, 62,111, 0.04,231,13.8
2024-09-26 11:54:46,-82.4100,28.0995, 168.9,13569,-60.4,-64.1,-59.6, 62,112, 0.04,231,13.8
2024-09-26 11:54:47,-82.4099,28.0996, 168.8,13575,-60.4,-64.1,-59.6, 62,112, 0.04,231,13.9
2024-09-26 11:54:48,-82.4098,28.0997, 168.6,13582,-60.5,-64.1,-59.6, 62,112, 0.04,231,13.9
2024-09-26 11:54:49,-82.4096,28.0998, 168.4,13589,-60.5,-64.2,-59.7, 63,113, 0.04,231,13.9
2024-09-26 11:54:50,-82.4095,28.0998, 168.2,13597,-60.6,-64.2,-59.7, 63,113, 0.04,232,13.9
2024-09-26 11:54:51,-82.4094,28.0999, 168.0,13604,-60.6,-64.2,-59.7, 63,113, 0.04,232,13.9
2024-09-26 11:54:52,-82.4093,28.1000, 167.8,13611,-60.7,-64.3,-59.8, 63,113, 0.04,232,14.0
2024-09-26 11:54:53,-82.4092,28.1001, 167.6,13619,-60.7,-64.3,-59.8, 63,114, 0.04,232,14.0
2024-09-26 11:54:54,-82.4091,28.1001, 167.4,13625,-60.8,-64.3,-59.8, 63,114, 0.04,233,14.0
2024-09-26 11:54:55,-82.4090,28.1002, 167.3,13631,-60.8,-64.4,-59.9, 63,114, 0.04,233,14.0
2024-09-26 11:54:56,-82.4089,28.1003, 167.1,13636,-60.9,-64.4,-59.9, 64,115, 0.04,233,14.0
2024-09-26 11:54:57,-82.4088,28.1004, 167.0,13642,-61.0,-64.4,-59.9, 64,115, 0.04,233,14.0
2024-09-26 11:54:58,-82.4086,28.1005, 166.8,13648,-61.0,-64.5,-60.0, 64,116, 0.04,233,14.0
2024-09-26 11:54:59,-82.4085,28.1005, 166.7,13654,-61.1,-64.5,-60.0, 64,116, 0.04,233,14.0
2024-09-26 11:55:00,-82.4084,28.1006, 166.5,13659,-61.1,-64.5,-60.0, 64,116, 0.04,233,14.0
2024-09-26 11:55:01,-82.4083,28.1007, 166.3,13665,-61.2,-64.6,-60.0, 64,117, 0.04,233,14.0
2024-09-26 11:55:02,-82.4082,28.1008, 166.2,13671,-61.2,-64.6,-60.1, 65,117, 0.04,233,14.0
2024-09-26 11:55:03,-82.4081,28.1008, 166.0,13676,-61.3,-64.6,-60.1, 65,117, 0.04,233,14.0
2024-09-26 11:55:04,-82.4080,28.1009, 165.9,13682,-61.3,-64.6,-60.1, 65,118, 0.04,233,14.0
2024-09-26 11:55:05,-82.4079,28.1010, 165.7,13688,-61.4,-64.7,-60.2, 65,118, 0.04,232,14.0
2024-09-26 11:55:06,-82.4078,28.1011, 165.6,13693,-61.4,-64.7,-60.2, 65,118, 0.04,232,14.0
2024-09-26 11:55:07,-82.4076,28.1012, 165.4,13699,-61.5,-64.7,-60.2, 65,119, 0.04,232,14.0
2024-09-26 11:55:08,-82.4075,28.1012, 165.3,13705,-61.5,-64.8,-60.3, 65,119, 0.04,232,13.9
2024-09-26 11:55:09,-82.4074,28.1013, 165.1,13711,-61.6,-64.8,-60.3, 66,119, 0.04,232,13.9
2024-09-26 11:55:10,-82.4073,28.1014, 165.0,13717,-61.6,-64.9,-60.3, 66,119, 0.04,232,13.9
2024-09-26 11:55:11,-82.4072,28.1015, 164.8,13723,-61.7,-64.9,-60.4, 66,119, 0.04,232,13.9
2024-09-26 11:55:12,-82.4071,28.1015, 164.7,13729,-61.7,-64.9,-60.4, 66,120, 0.04,232,13.9
2024-09-26 11:55:13,-82.4070,28.1016, 164.5,13734,-61.8,-65.0,-60.5, 66,120, 0.04,232,13.9
2024-09-26 11:55:14,-82.4069,28.1017, 164.4,13740,-61.8,-65.0,-60.5, 66,120, 0.04,232,13.9
2024-09-26 11:55:15,-82.4068,28.1018, 164.2,13746,-61.9,-65.1,-60.5, 66,120, 0.04,231,13.9
2024-09-26 11:55:16,-82.4066,28.1019, 164.0,13752,-61.9,-65.1,-60.6, 66,120, 0.04,231,13.9
2024-09-26 11:55:17,-82.4065,28.1019, 163.9,13757,-62.0,-65.2,-60.6, 66,120, 0.04,231,13.9
2024-09-26 11:55:18,-82.4064,28.1020, 163.7,13763,-62.0,-65.2,-60.7, 66,121, 0.04,231,13.9
2024-09-26 11:55:19,-82.4063,28.1021, 163.6,13769,-62.1,-65.2,-60.7, 66,121, 0.04,231,13.9
2024-09-26 11:55:20,-82.4062,28.1022, 163.4,13774,-62.1,-65.3,-60.7, 66,121, 0.04,231,14.0
2024-09-26 11:55:21,-82.4061,28.1023, 163.3,13780,-62.2,-65.3,-60.8, 66,121, 0.04,231,14.0
2024-09-26 11:55:22,-82.4060,28.1023, 163.1,13786,-62.2,-65.4,-60.8, 66,121, 0.04,231,14.0
2024-09-26 11:55:23,-82.4058,28.1024, 163.0,13792,-62.3,-65.4,-60.9, 67,122, 0.04,231,14.1
2024-09-26 11:55:24,-82.4057,28.1025, 162.8,13798,-62.3,-65.5,-60.9, 66,122, 0.04,231,14.1
2024-09-26 11:55:25,-82.4056,28.1026, 162.7,13804,-62.4,-65.5,-61.0, 67,122, 0.04,231,14.1
2024-09-26 11:55:26,-82.4055,28.1027, 162.5,13810,-62.4,-65.5,-61.0, 67,122, 0.04,231,14.1
2024-09-26 11:55:27,-82.4054,28.1028, 162.3,13816,-62.5,-65.6,-61.1, 67,122, 0.04,231,14.2
2024-09-26 11:55:28,-82.4053,28.1028, 162.2,13822,-62.5,-65.6,-61.1, 67,122, 0.04,231,14.2
2024-09-26 11:55:29,-82.4051,28.1029, 162.0,13828,-62.6,-65.7,-61.1, 67,122, 0.04,231,14.2
2024-09-26 11:55:30,-82.4050,28.1030, 161.9,13835,-62.6,-65.7,-61.2, 67,122, 0.04,231,14.3
2024-09-26 11:55:31,-82.4049,28.1031, 161.7,13841,-62.7,-65.8,-61.2, 67,122, 0.04,231,14.3
2024-09-26 11:55:32,-82.4048,28.1032, 161.5,13847,-62.8,-65.8,-61.3, 67,123, 0.03,231,14.3
2024-09-26 11:55:33,-82.4047,28.1032, 161.3,13853,-62.8,-65.9,-61.3, 67,123, 0.03,231,14.4
2024-09-26 11:55:34,-82.4046,28.1033, 161.2,13860,-62.9,-65.9,-61.4, 67,123, 0.03,231,14.4
2024-09-26 11:55:35,-82.4044,28.1034, 161.0,13866,-62.9,-65.9,-61.4, 67,123, 0.03,231,14.4
2024-09-26 11:55:36,-82.4043,28.1035, 160.8,13873,-63.0,-66.0,-61.4, 67,123, 0.03,231,14.5
2024-09-26 11:55:37,-82.4042,28.1036, 160.7,13880,-63.0,-66.0,-61.5, 67,124, 0.03,231,14.5
2024-09-26 11:55:38,-82.4041,28.1036, 160.5,13886,-63.1,-66.1,-61.5, 67,124, 0.03,231,14.5
2024-09-26 11:55:39,-82.4040,28.1037, 160.4,13892,-63.1,-66.1,-61.6, 67,124, 0.03,231,14.5
2024-09-26 11:55:40,-82.4039,28.1038, 160.2,13898,-63.2,-66.1,-61.6, 68,124, 0.03,231,14.6
2024-09-26 11:55:41,-82.4037,28.1039, 160.0,13904,-63.2,-66.2,-61.6, 68,125, 0.03,231,14.6
2024-09-26 11:55:42,-82.4036,28.1040, 159.9,13910,-63.3,-66.2,-61.7, 68,125, 0.03,231,14.6
2024-09-26 11:55:43,-82.4035,28.1041, 159.7,13917,-63.3,-66.3,-61.7, 68,125, 0.03,231,14.6
2024-09-26 11:55:44,-82.4034,28.1041, 159.6,13922,-63.4,-66.3,-61.8, 68,125, 0.03,231,14.7
2024-09-26 11:55:45,-82.4033,28.1042, 159.4,13928,-63.4,-66.3,-61.8, 68,126, 0.03,232,14.7
2024-09-26 11:55:46,-82.4031,28.1043, 159.3,13934,-63.5,-66.4,-61.8, 68,126, 0.03,232,14.7
2024-09-26 11:55:47,-82.4030,28.1044, 159.0,13942,-63.6,-66.5,-61.9, 68,126, 0.03,232,14.7
2024-09-26 11:55:48,-82.4029,28.1045, 159.0,13945,-63.6,-66.5,-61.9, 68,126, 0.03,232,14.7
2024-09-26 11:55:49,-82.4028,28.1045, 158.8,13951,-63.7,-66.6,-62.0, 68,126, 0.03,232,14.8
2024-09-26 11:55:50,-82.4027,28.1046, 158.7,13956,-63.7,-66.6,-62.1, 68,126, 0.03,232,14.8
2024-09-26 11:55:51,-82.4026,28.1047, 158.5,13962,-63.8,-66.7,-62.1, 68,126, 0.03,232,14.8
2024-09-26 11:55:52,-82.4024,28.1048, 158.4,13968,-63.8,-66.8,-62.2, 68,125, 0.03,232,14.8
2024-09-26 11:55:53,-82.4023,28.1049, 158.2,13974,-63.9,-66.8,-62.3, 67,125, 0.03,232,14.9
2024-09-26 11:55:54,-82.4022,28.1049, 158.1,13980,-63.9,-66.9,-62.3, 67,125, 0.03,232,14.9
2024-09-26 11:55:55,-82.4021,28.1050, 157.9,13985,-64.0,-67.0,-62.4, 67,125, 0.03,232,14.9
2024-09-26 11:55:56,-82.4019,28.1051, 157.8,13991,-64.0,-67.0,-62.5, 67,125, 0.03,232,14.9
2024-09-26 11:55:57,-82.4018,28.1052, 157.6,13997,-64.1,-67.1,-62.5, 67,124, 0.03,232,15.0
2024-09-26 11:55:58,-82.4017,28.1053, 157.5,14002,-64.2,-67.2,-62.6, 67,124, 0.03,232,15.0
2024-09-26 11:55:59,-82.4016,28.1054, 157.4,14008,-64.2,-67.2,-62.7, 67,124, 0.03,232,15.0
2024-09-26 11:56:00,-82.4015,28.1054, 157.2,14013,-64.3,-67.3,-62.7, 66,124, 0.03,232,15.0
2024-09-26 11:56:01,-82.4013,28.1055, 157.0,14020,-64.3,-67.4,-62.8, 66,124, 0.03,233,15.0
2024-09-26 11:56:02,-82.4012,28.1056, 156.8,14027,-64.4,-67.5,-62.9, 66,123, 0.03,233,15.0
2024-09-26 11:56:03,-82.4011,28.1057, 156.7,14034,-64.4,-67.5,-62.9, 66,123, 0.03,233,15.0
2024-09-26 11:56:04,-82.4010,28.1058, 156.5,14041,-64.5,-67.6,-63.0, 66,123, 0.03,233,15.0
2024-09-26 11:56:05,-82.4008,28.1058, 156.3,14048,-64.5,-67.6,-63.1, 66,123, 0.03,233,15.0
2024-09-26 11:56:06,-82.4007,28.1059, 156.1,14055,-64.6,-67.7,-63.1, 66,123, 0.03,233,15.0
2024-09-26 11:56:07,-82.4006,28.1060, 155.9,14064,-64.7,-67.8,-63.2, 66,123, 0.03,233,14.9
2024-09-26 11:56:08,-82.4005,28.1061, 155.7,14072,-64.7,-67.9,-63.3, 66,123, 0.03,233,14.9
2024-09-26 11:56:09,-82.4004,28.1062, 155.5,14081,-64.8,-67.9,-63.3, 66,123, 0.03,233,14.9
2024-09-26 11:56:10,-82.4002,28.1062, 155.3,14089,-64.8,-68.0,-63.4, 65,123, 0.03,233,14.9
2024-09-26 11:56:11,-82.4001,28.1063, 155.1,14097,-64.9,-68.1,-63.5, 65,122, 0.03,233,14.9
2024-09-26 11:56:12,-82.4000,28.1064, 154.9,14105,-65.0,-68.1,-63.5, 65,122, 0.03,233,14.9
2024-09-26 11:56:13,-82.3999,28.1065, 154.7,14111,-65.0,-68.2,-63.6, 65,122, 0.03,233,14.9
2024-09-26 11:56:14,-82.3998,28.1066, 154.5,14117,-65.1,-68.3,-63.7, 65,122, 0.03,233,14.9
2024-09-26 11:56:15,-82.3996,28.1066, 154.4,14123,-65.1,-68.3,-63.7, 65,122, 0.03,234,14.9
2024-09-26 11:56:16,-82.3995,28.1067, 154.2,14130,-65.2,-68.4,-63.8, 65,123, 0.03,234,14.9
2024-09-26 11:56:17,-82.3994,28.1068, 154.1,14136,-65.3,-68.4,-63.8, 65,123, 0.03,234,14.9
2024-09-26 11:56:18,-82.3993,28.1069, 153.9,14142,-65.3,-68.4,-63.8, 66,124, 0.03,234,15.0
2024-09-26 11:56:19,-82.3991,28.1070, 153.8,14148,-65.4,-68.5,-63.9, 66,124, 0.03,234,15.0
2024-09-26 11:56:20,-82.3990,28.1070, 153.6,14154,-65.4,-68.5,-63.9, 66,125, 0.03,234,15.0
2024-09-26 11:56:21,-82.3989,28.1071, 153.5,14160,-65.5,-68.5,-63.9, 66,125, 0.03,234,15.0
2024-09-26 11:56:22,-82.3988,28.1072, 153.3,14166,-65.6,-68.6,-64.0, 67,126, 0.03,234,15.1
2024-09-26 11:56:23,-82.3986,28.1073, 153.1,14172,-65.6,-68.6,-64.0, 67,126, 0.03,234,15.1
2024-09-26 11:56:24,-82.3985,28.1073, 153.0,14179,-65.7,-68.6,-64.0, 67,127, 0.03,234,15.1
2024-09-26 11:56:25,-82.3984,28.1074, 152.8,14186,-65.8,-68.6,-64.0, 68,128, 0.03,234,15.2
2024-09-26 11:56:26,-82.3983,28.1075, 152.6,14193,-65.8,-68.7,-64.1, 68,128, 0.03,234,15.2
2024-09-26 11:56:27,-82.3981,28.1076, 152.4,14199,-65.9,-68.7,-64.1, 68,129, 0.02,234,15.2
2024-09-26 11:56:28,-82.3980,28.1076, 152.3,14206,-65.9,-68.7,-64.1, 68,129, 0.02,234,15.2
2024-09-26 11:56:29,-82.3979,28.1077, 152.1,14214,-66.0,-68.8,-64.2, 68,130, 0.02,234,15.3
2024-09-26 11:56:30,-82.3978,28.1078, 151.9,14222,-66.1,-68.8,-64.2, 69,130, 0.02,234,15.3
2024-09-26 11:56:31,-82.3976,28.1079, 151.7,14231,-66.1,-68.9,-64.3, 69,131, 0.02,234,15.3
2024-09-26 11:56:32,-82.3975,28.1079, 151.5,14239,-66.2,-68.9,-64.3, 69,131, 0.02,234,15.4
2024-09-26 11:56:33,-82.3974,28.1080, 151.3,14248,-66.3,-68.9,-64.3, 69,132, 0.02,234,15.4
2024-09-26 11:56:34,-82.3972,28.1081, 151.1,14256,-66.3,-69.0,-64.3, 70,132, 0.02,234,15.4
2024-09-26 11:56:35,-82.3971,28.1082, 151.0,14262,-66.4,-69.0,-64.4, 70,133, 0.02,234,15.4
2024-09-26 11:56:36,-82.3970,28.1082, 150.8,14268,-66.4,-69.0,-64.4, 70,133, 0.02,234,15.5
2024-09-26 11:56:37,-82.3969,28.1083, 150.6,14274,-66.5,-69.1,-64.4, 70,134, 0.02,234,15.5
2024-09-26 11:56:38,-82.3967,28.1084, 150.5,14280,-66.6,-69.1,-64.5, 71,134, 0.02,235,15.4
2024-09-26 11:56:39,-82.3966,28.1085, 150.3,14285,-66.6,-69.1,-64.5, 71,135, 0.02,235,15.4
2024-09-26 11:56:40,-82.3965,28.1086, 150.2,14291,-66.7,-69.2,-64.6, 71,135, 0.02,235,15.3
2024-09-26 11:56:41,-82.3964,28.1086, 150.0,14299,-66.8,-69.2,-64.6, 71,136, 0.02,235,15.2
2024-09-26 11:56:42,-82.3962,28.1087, 149.9,14303,-66.8,-69.2,-64.6, 72,137, 0.02,235,15.2
2024-09-26 11:56:43,-82.3961,28.1088, 149.8,14309,-66.9,-69.3,-64.7, 72,137, 0.02,235,15.1
2024-09-26 11:56:44,-82.3960,28.1088, 149.6,14314,-66.9,-69.3,-64.7, 72,138, 0.02,235,15.0
2024-09-26 11:56:45,-82.3959,28.1089, 149.5,14320,-67.0,-69.3,-64.7, 72,138, 0.02,235,15.0
2024-09-26 11:56:46,-82.3957,28.1090, 149.3,14326,-67.0,-69.4,-64.8, 73,139, 0.02,235,14.9
2024-09-26 11:56:47,-82.3956,28.1091, 149.2,14331,-67.1,-69.4,-64.8, 73,140, 0.02,236,14.9
2024-09-26 11:56:48,-82.3955,28.1091, 149.0,14337,-67.2,-69.4,-64.8, 73,140, 0.02,236,14.8
2024-09-26 11:56:49,-82.3954,28.1092, 148.9,14343,-67.2,-69.5,-64.8, 73,141, 0.02,236,14.7
2024-09-26 11:56:50,-82.3953,28.1093, 148.8,14348,-67.3,-69.5,-64.9, 74,141, 0.02,236,14.7
2024-09-26 11:56:51,-82.3951,28.1094, 148.6,14354,-67.3,-69.5,-64.9, 74,142, 0.02,236,14.6
2024-09-26 11:56:52,-82.3950,28.1094, 148.5,14359,-67.4,-69.6,-64.9, 74,142, 0.02,236,14.5
2024-09-26 11:56:53,-82.3949,28.1095, 148.4,14365,-67.5,-69.6,-65.0, 74,143, 0.02,236,14.5
2024-09-26 11:56:54,-82.3948,28.1096, 148.2,14371,-67.5,-69.6,-65.0, 75,143, 0.02,236,14.4
2024-09-26 11:56:55,-82.3947,28.1097, 148.1,14376,-67.6,-69.7,-65.0, 75,144, 0.02,236,14.4
2024-09-26 11:56:56,-82.3946,28.1097, 147.9,14382,-67.6,-69.7,-65.1, 75,144, 0.02,237,14.3
2024-09-26 11:56:57,-82.3944,28.1098, 147.8,14388,-67.7,-69.7,-65.1, 75,145, 0.02,237,14.2
2024-09-26 11:56:58,-82.3943,28.1099, 147.6,14394,-67.7,-69.8,-65.2, 75,145, 0.02,237,14.2
2024-09-26 11:56:59,-82.3942,28.1100, 147.5,14400,-67.8,-69.8,-65.2, 75,145, 0.02,236,14.2
2024-09-26 11:57:00,-82.3941,28.1100, 147.3,14406,-67.9,-69.9,-65.3, 76,146, 0.02,236,14.2
2024-09-26 11:57:01,-82.3940,28.1101, 147.2,14413,-67.9,-69.9,-65.3, 76,146, 0.02,236,14.2
2024-09-26 11:57:02,-82.3938,28.1102, 147.0,14419,-68.0,-70.0,-65.3, 76,146, 0.02,236,14.2
2024-09-26 11:57:03,-82.3937,28.1102, 146.9,14425,-68.0,-70.0,-65.4, 76,147, 0.02,236,14.2
2024-09-26 11:57:04,-82.3936,28.1103, 146.7,14431,-68.1,-70.0,-65.4, 76,147, 0.02,236,14.2
2024-09-26 11:57:05,-82.3935,28.1104, 146.6,14437,-68.1,-70.1,-65.4, 76,147, 0.02,236,14.2
2024-09-26 11:57:06,-82.3934,28.1105, 146.4,14443,-68.2,-70.1,-65.5, 76,148, 0.02,236,14.2
2024-09-26 11:57:07,-82.3932,28.1105, 146.3,14450,-68.2,-70.2,-65.5, 77,148, 0.02,236,14.2
2024-09-26 11:57:08,-82.3931,28.1106, 146.1,14456,-68.3,-70.2,-65.6, 77,148, 0.02,236,14.2
2024-09-26 11:57:09,-82.3930,28.1107, 146.0,14461,-68.3,-70.3,-65.6, 77,148, 0.02,235,14.2
2024-09-26 11:57:10,-82.3929,28.1108, 145.9,14467,-68.4,-70.3,-65.7, 77,148, 0.02,235,14.2
2024-09-26 11:57:11,-82.3928,28.1108, 145.7,14473,-68.4,-70.4,-65.7, 77,148, 0.02,235,14.2
2024-09-26 11:57:12,-82.3927,28.1109, 145.6,14478,-68.5,-70.4,-65.8, 77,148, 0.02,235,14.2
2024-09-26 11:57:13,-82.3925,28.1110, 145.4,14484,-68.6,-70.5,-65.8, 77,148, 0.02,235,14.1
2024-09-26 11:57:14,-82.3924,28.1110, 145.3,14490,-68.6,-70.5,-65.9, 77,148, 0.02,235,14.1
2024-09-26 11:57:15,-82.3923,28.1111, 145.2,14496,-68.6,-70.6,-65.9, 76,148, 0.02,235,14.1
2024-09-26 11:57:16,-82.3922,28.1112, 145.0,14502,-68.7,-70.6,-66.0, 76,148, 0.02,235,14.1
2024-09-26 11:57:17,-82.3921,28.1113, 144.9,14507,-68.7,-70.7,-66.0, 76,148, 0.02,235,14.1
2024-09-26 11:57:18,-82.3920,28.1113, 144.7,14513,-68.8,-70.7,-66.1, 76,148, 0.02,235,14.1
2024-09-26 11:57:19,-82.3919,28.1114, 144.6,14519,-68.8,-70.8,-66.1, 76,148, 0.02,235,14.1
2024-09-26 11:57:20,-82.3917,28.1115, 144.4,14525,-68.9,-70.8,-66.2, 76,148, 0.02,235,14.1
2024-09-26 11:57:21,-82.3916,28.1115, 144.3,14531,-68.9,-70.9,-66.2, 76,148, 0.02,235,14.1
2024-09-26 11:57:22,-82.3915,28.1116, 144.2,14537,-69.0,-70.9,-66.3, 76,148, 0.02,235,14.1
2024-09-26 11:57:23,-82.3914,28.1117, 144.0,14543,-69.0,-71.0,-66.3, 76,148, 0.02,235,14.1
2024-09-26 11:57:24,-82.3912,28.1117, 143.9,14549,-69.1,-71.0,-66.4, 76,147, 0.02,235,14.1
2024-09-26 11:57:25,-82.3911,28.1118, 143.7,14556,-69.1,-71.1,-66.5, 75,147, 0.02,235,14.2
2024-09-26 11:57:26,-82.3910,28.1118, 143.5,14563,-69.1,-71.2,-66.5, 75,147, 0.02,235,14.2
2024-09-26 11:57:27,-82.3909,28.1119, 143.4,14570,-69.2,-71.2,-66.6, 75,147, 0.02,235,14.2
2024-09-26 11:57:28,-82.3908,28.1120, 143.2,14578,-69.2,-71.3,-66.6, 75,146, 0.02,235,14.2
2024-09-26 11:57:29,-82.3906,28.1120, 143.0,14585,-69.3,-71.3,-66.7, 75,146, 0.02,235,14.2
2024-09-26 11:57:30,-82.3905,28.1121, 142.8,14592,-69.3,-71.4,-66.7, 75,146, 0.02,235,14.2
2024-09-26 11:57:31,-82.3904,28.1122, 142.7,14599,-69.3,-71.4,-66.8, 75,146, 0.02,235,14.2
2024-09-26 11:57:32,-82.3903,28.1122, 142.5,14606,-69.4,-71.5,-66.8, 74,145, 0.02,236,14.2
2024-09-26 11:57:33,-82.3902,28.1123, 142.4,14613,-69.4,-71.5,-66.9, 74,145, 0.02,236,14.2
2024-09-26 11:57:34,-82.3900,28.1123, 142.2,14619,-69.4,-71.6,-66.9, 74,145, 0.02,236,14.2
2024-09-26 11:57:35,-82.3899,28.1124, 142.0,14626,-69.5,-71.6,-67.0, 74,144, 0.02,236,14.2
2024-09-26 11:57:36,-82.3898,28.1125, 141.9,14633,-69.5,-71.6,-67.0, 74,144, 0.02,236,14.2
2024-09-26 11:57:37,-82.3897,28.1125, 141.7,14639,-69.5,-71.7,-67.0, 74,144, 0.02,236,14.2
2024-09-26 11:57:38,-82.3895,28.1126, 141.6,14646,-69.6,-71.7,-67.1, 74,144, 0.02,236,14.1
2024-09-26 11:57:39,-82.3894,28.1127, 141.4,14652,-69.6,-71.7,-67.1, 74,144, 0.02,237,14.1
2024-09-26 11:57:40,-82.3893,28.1127, 141.3,14658,-69.6,-71.8,-67.1, 74,145, 0.02,237,14.0
2024-09-26 11:57:41,-82.3892,28.1128, 141.1,14665,-69.6,-71.8,-67.1, 74,144, 0.02,238,14.0
2024-09-26 11:57:42,-82.3891,28.1128, 141.0,14671,-69.7,-71.8,-67.2, 74,145, 0.02,238,13.9
2024-09-26 11:57:43,-82.3889,28.1129, 140.8,14678,-69.7,-71.9,-67.2, 74,144, 0.02,239,13.9
2024-09-26 11:57:44,-82.3888,28.1130, 140.6,14685,-69.7,-71.9,-67.2, 74,144, 0.02,239,13.8
2024-09-26 11:57:45,-82.3887,28.1130, 140.5,14692,-69.7,-71.9,-67.2, 74,145, 0.02,240,13.8
2024-09-26 11:57:46,-82.3886,28.1131, 140.3,14699,-69.8,-71.9,-67.3, 74,144, 0.02,240,13.7
2024-09-26 11:57:47,-82.3884,28.1132, 140.2,14706,-69.8,-71.9,-67.3, 74,145, 0.02,241,13.7
2024-09-26 11:57:48,-82.3883,28.1132, 139.9,14714,-69.8,-72.0,-67.3, 74,145, 0.02,241,13.6
2024-09-26 11:57:49,-82.3882,28.1133, 139.9,14717,-69.8,-72.0,-67.3, 74,145, 0.02,242,13.6
2024-09-26 11:57:50,-82.3881,28.1133, 139.7,14723,-69.9,-72.0,-67.4, 74,145, 0.02,242,13.5
2024-09-26 11:57:51,-82.3880,28.1133, 139.6,14729,-69.9,-72.0,-67.4, 74,145, 0.02,243,13.5
2024-09-26 11:57:52,-82.3878,28.1134, 139.5,14734,-69.9,-72.1,-67.4, 74,145, 0.02,243,13.4
2024-09-26 11:57:53,-82.3877,28.1134, 139.3,14740,-69.9,-72.1,-67.4, 74,145, 0.02,244,13.4
2024-09-26 11:57:54,-82.3876,28.1134, 139.2,14747,-69.9,-72.1,-67.4, 74,145, 0.02,244,13.4
2024-09-26 11:57:55,-82.3875,28.1135, 139.0,14753,-70.0,-72.1,-67.4, 74,145, 0.02,245,13.3
2024-09-26 11:57:56,-82.3873,28.1135, 138.9,14760,-70.0,-72.1,-67.4, 74,145, 0.02,245,13.3
2024-09-26 11:57:57,-82.3872,28.1135, 138.7,14766,-70.0,-72.1,-67.4, 74,145, 0.02,246,13.2
2024-09-26 11:57:58,-82.3871,28.1136, 138.6,14773,-70.0,-72.1,-67.4, 74,145, 0.02,246,13.2
2024-09-26 11:57:59,-82.3870,28.1136, 138.4,14779,-70.0,-72.1,-67.4, 74,145, 0.02,247,13.2
2024-09-26 11:58:00,-82.3868,28.1136, 138.3,14786,-70.0,-72.1,-67.4, 74,145, 0.02,247,13.1
2024-09-26 11:58:01,-82.3867,28.1137, 138.1,14792,-70.0,-72.1,-67.4, 74,146, 0.02,247,13.1
2024-09-26 11:58:02,-82.3866,28.1137, 138.0,14798,-70.0,-72.1,-67.4, 74,146, 0.02,248,13.1
2024-09-26 11:58:03,-82.3865,28.1137, 137.8,14805,-70.0,-72.1,-67.5, 74,145, 0.02,248,13.1
2024-09-26 11:58:04,-82.3863,28.1138, 137.7,14811,-70.0,-72.1,-67.5, 74,145, 0.02,248,13.0
2024-09-26 11:58:05,-82.3862,28.1138, 137.6,14817,-70.0,-72.1,-67.5, 74,145, 0.02,248,13.0
2024-09-26 11:58:06,-82.3861,28.1138, 137.4,14822,-70.0,-72.2,-67.5, 74,145, 0.02,249,13.0
2024-09-26 11:58:07,-82.3860,28.1139, 137.3,14828,-70.0,-72.2,-67.5, 74,145, 0.02,249,12.9
2024-09-26 11:58:08,-82.3858,28.1139, 137.1,14834,-70.0,-72.2,-67.5, 74,144, 0.02,249,12.9
2024-09-26 11:58:09,-82.3857,28.1139, 137.0,14840,-70.0,-72.2,-67.5, 73,144, 0.02,250,12.9
2024-09-26 11:58:10,-82.3856,28.1140, 136.9,14846,-70.0,-72.2,-67.6, 73,144, 0.02,250,12.9
2024-09-26 11:58:11,-82.3855,28.1140, 136.7,14852,-70.0,-72.2,-67.6, 73,144, 0.02,250,12.8
2024-09-26 11:58:12,-82.3853,28.1140, 136.6,14858,-70.0,-72.3,-67.6, 73,144, 0.02,251,12.8
2024-09-26 11:58:13,-82.3852,28.1141, 136.5,14864,-70.1,-72.3,-67.6, 73,144, 0.02,251,12.8
2024-09-26 11:58:14,-82.3851,28.1141, 136.3,14871,-70.1,-72.3,-67.6, 73,143, 0.02,251,12.7
2024-09-26 11:58:15,-82.3850,28.1141, 136.2,14877,-70.1,-72.3,-67.6, 73,143, 0.02,252,12.7
2024-09-26 11:58:16,-82.3848,28.1142, 136.1,14882,-70.1,-72.3,-67.7, 73,143, 0.02,252,12.7
2024-09-26 11:58:17,-82.3847,28.1142, 135.9,14888,-70.1,-72.4,-67.7, 72,142, 0.02,253,12.7
2024-09-26 11:58:18,-82.3846,28.1142, 135.8,14893,-70.1,-72.4,-67.7, 72,142, 0.02,253,12.7
2024-09-26 11:58:19,-82.3845,28.1143, 135.7,14898,-70.1,-72.4,-67.7, 72,141, 0.02,254,12.8
2024-09-26 11:58:20,-82.3843,28.1143, 135.5,14904,-70.1,-72.4,-67.8, 72,141, 0.02,255,12.8
2024-09-26 11:58:21,-82.3842,28.1143, 135.4,14909,-70.1,-72.5,-67.8, 72,141, 0.02,255,12.9
2024-09-26 11:58:22,-82.3841,28.1143, 135.3,14915,-70.1,-72.5,-67.8, 71,140, 0.02,256,12.9
2024-09-26 11:58:23,-82.3839,28.1143, 135.2,14921,-70.1,-72.5,-67.9, 71,140, 0.02,257,13.0
2024-09-26 11:58:24,-82.3838,28.1143, 135.0,14926,-70.1,-72.6,-67.9, 71,139, 0.02,258,13.0
2024-09-26 11:58:25,-82.3836,28.1143, 134.9,14932,-70.2,-72.6,-67.9, 71,139, 0.02,258,13.1
2024-09-26 11:58:26,-82.3835,28.1143, 134.8,14938,-70.2,-72.6,-68.0, 70,138, 0.02,259,13.1
2024-09-26 11:58:27,-82.3833,28.1143, 134.7,14943,-70.2,-72.7,-68.0, 70,138, 0.02,260,13.2
2024-09-26 11:58:28,-82.3832,28.1143, 134.5,14949,-70.2,-72.7,-68.0, 70,137, 0.02,260,13.3
2024-09-26 11:58:29,-82.3830,28.1143, 134.4,14955,-70.2,-72.7,-68.1, 70,137, 0.02,261,13.3
2024-09-26 11:58:30,-82.3829,28.1143, 134.3,14960,-70.2,-72.8,-68.1, 69,137, 0.02,262,13.4
2024-09-26 11:58:31,-82.3827,28.1143, 134.1,14966,-70.2,-72.8,-68.1, 69,137, 0.02,262,13.5
2024-09-26 11:58:32,-82.3826,28.1143, 134.0,14971,-70.2,-72.8,-68.1, 69,136, 0.02,263,13.5
2024-09-26 11:58:33,-82.3824,28.1143, 133.9,14977,-70.2,-72.8,-68.2, 69,136, 0.02,264,13.6
2024-09-26 11:58:34,-82.3823,28.1143, 133.8,14982,-70.2,-72.8,-68.2, 69,136, 0.02,264,13.7
2024-09-26 11:58:35,-82.3822,28.1143, 133.6,14988,-70.3,-72.9,-68.2, 69,135, 0.02,265,13.8
2024-09-26 11:58:36,-82.3820,28.1143, 133.5,14993,-70.3,-72.9,-68.2, 69,135, 0.02,266,13.8
2024-09-26 11:58:37,-82.3819,28.1143, 133.4,14999,-70.3,-72.9,-68.3, 69,135, 0.02,266,13.9
2024-09-26 11:58:38,-82.3817,28.1142, 133.3,15004,-70.3,-73.0,-68.3, 68,135, 0.02,267,14.0
2024-09-26 11:58:39,-82.3816,28.1142, 133.1,15010,-70.3,-73.0,-68.3, 68,135, 0.02,267,14.0
2024-09-26 11:58:40,-82.3814,28.1142, 133.0,15016,-70.4,-73.0,-68.4, 68,134, 0.02,268,14.1
2024-09-26 11:58:41,-82.3813,28.1142, 132.9,15021,-70.4,-73.1,-68.4, 68,134, 0.02,268,14.1
2024-09-26 11:58:42,-82.3811,28.1142, 132.8,15027,-70.4,-73.1,-68.4, 68,134, 0.02,269,14.2
2024-09-26 11:58:43,-82.3810,28.1142, 132.6,15033,-70.4,-73.1,-68.5, 68,134, 0.02,270,14.2
2024-09-26 11:58:44,-82.3808,28.1142, 132.5,15038,-70.4,-73.2,-68.5, 68,134, 0.02,270,14.3
2024-09-26 11:58:45,-82.3807,28.1142, 132.4,15044,-70.5,-73.2,-68.5, 68,133, 0.02,271,14.3
2024-09-26 11:58:46,-82.3805,28.1142, 132.3,15049,-70.5,-73.2,-68.5, 68,133, 0.02,271,14.4
2024-09-26 11:58:47,-82.3804,28.1142, 132.2,15054,-70.5,-73.3,-68.6, 68,133, 0.02,272,14.4
2024-09-26 11:58:48,-82.3803,28.1142, 132.0,15060,-70.5,-73.3,-68.6, 67,133, 0.02,272,14.5
2024-09-26 11:58:49,-82.3801,28.1142, 131.9,15065,-70.5,-73.3,-68.6, 67,133, 0.02,273,14.6
2024-09-26 11:58:50,-82.3800,28.1142, 131.8,15070,-70.6,-73.3,-68.7, 67,133, 0.02,273,14.6
2024-09-26 11:58:51,-82.3798,28.1142, 131.7,15076,-70.6,-73.4,-68.7, 67,133, 0.01,274,14.7
2024-09-26 11:58:52,-82.3796,28.1141, 131.6,15081,-70.6,-73.4,-68.7, 67,133, 0.01,274,14.7
2024-09-26 11:58:53,-82.3795,28.1141, 131.4,15086,-70.6,-73.4,-68.7, 67,132, 0.01,275,14.8
2024-09-26 11:58:54,-82.3793,28.1141, 131.3,15092,-70.6,-73.4,-68.7, 67,132, 0.01,275,14.9
2024-09-26 11:58:55,-82.3792,28.1140, 131.2,15097,-70.6,-73.4,-68.8, 67,132, 0.01,276,14.9
2024-09-26 11:58:56,-82.3790,28.1140, 131.1,15102,-70.7,-73.5,-68.8, 67,132, 0.01,276,15.0
2024-09-26 11:58:57,-82.3788,28.1140, 131.0,15107,-70.7,-73.5,-68.8, 67,132, 0.01,277,15.1
2024-09-26 11:58:58,-82.3787,28.1139, 130.9,15112,-70.7,-73.5,-68.8, 67,132, 0.01,277,15.1
2024-09-26 11:58:59,-82.3785,28.1139, 130.8,15117,-70.7,-73.5,-68.9, 67,132, 0.01,278,15.2
2024-09-26 11:59:00,-82.3784,28.1139, 130.7,15122,-70.7,-73.6,-68.9, 66,131, 0.01,278,15.2
2024-09-26 11:59:01,-82.3782,28.1138, 130.6,15126,-70.7,-73.6,-68.9, 66,131, 0.01,278,15.3
2024-09-26 11:59:02,-82.3781,28.1138, 130.4,15133,-70.7,-73.6,-68.9, 66,131, 0.01,279,15.3
2024-09-26 11:59:03,-82.3779,28.1138, 130.3,15138,-70.7,-73.6,-68.9, 66,131, 0.01,279,15.4
2024-09-26 11:59:04,-82.3778,28.1137, 130.2,15144,-70.7,-73.6,-68.9, 66,131, 0.01,279,15.5
2024-09-26 11:59:05,-82.3776,28.1137, 130.1,15149,-70.7,-73.6,-69.0, 66,131, 0.01,280,15.5
2024-09-26 11:59:06,-82.3774,28.1137, 129.9,15155,-70.7,-73.6,-69.0, 66,131, 0.01,280,15.6
2024-09-26 11:59:07,-82.3773,28.1136, 129.8,15160,-70.8,-73.6,-69.0, 66,131, 0.01,280,15.6
2024-09-26 11:59:08,-82.3771,28.1136, 129.7,15166,-70.8,-73.6,-69.0, 66,131, 0.01,281,15.7
2024-09-26 11:59:09,-82.3770,28.1136, 129.6,15172,-70.8,-73.7,-69.0, 66,131, 0.01,281,15.8
2024-09-26 11:59:10,-82.3768,28.1135, 129.5,15177,-70.8,-73.7,-69.0, 66,131, 0.01,281,15.8
2024-09-26 11:59:11,-82.3767,28.1135, 129.3,15183,-70.8,-73.7,-69.0, 66,131, 0.01,282,15.9
2024-09-26 11:59:12,-82.3765,28.1135, 129.2,15188,-70.8,-73.7,-69.0, 66,131, 0.01,282,15.9
2024-09-26 11:59:13,-82.3763,28.1134, 129.1,15193,-70.8,-73.7,-69.0, 66,131, 0.01,282,16.0
2024-09-26 11:59:14,-82.3762,28.1134, 129.0,15197,-70.8,-73.7,-69.0, 66,131, 0.01,283,16.1
2024-09-26 11:59:15,-82.3760,28.1134, 128.9,15202,-70.8,-73.7,-69.0, 66,130, 0.01,283,16.1
2024-09-26 11:59:16,-82.3759,28.1133, 128.8,15207,-70.8,-73.7,-69.0, 66,130, 0.01,283,16.2
2024-09-26 11:59:17,-82.3757,28.1133, 128.7,15212,-70.8,-73.7,-69.0, 66,131, 0.01,284,16.2
2024-09-26 11:59:18,-82.3756,28.1133, 128.6,15218,-70.8,-73.7,-69.0, 66,131, 0.01,284,16.1
2024-09-26 11:59:19,-82.3754,28.1132, 128.4,15223,-70.8,-73.7,-69.0, 66,130, 0.01,284,16.0
2024-09-26 11:59:20,-82.3753,28.1132, 128.3,15228,-70.8,-73.7,-69.0, 66,130, 0.01,285,15.9
2024-09-26 11:59:21,-82.3751,28.1132, 128.2,15233,-70.8,-73.7,-69.1, 66,130, 0.01,285,15.8
2024-09-26 11:59:22,-82.3750,28.1131, 128.1,15239,-70.8,-73.7,-69.1, 66,130, 0.01,285,15.7
2024-09-26 11:59:23,-82.3749,28.1131, 127.9,15246,-70.8,-73.7,-69.1, 66,130, 0.01,286,15.6
2024-09-26 11:59:24,-82.3748,28.1130, 127.8,15253,-70.8,-73.8,-69.1, 66,130, 0.01,286,15.4
2024-09-26 11:59:25,-82.3747,28.1130, 127.7,15259,-70.8,-73.8,-69.1, 66,130, 0.01,286,15.3
2024-09-26 11:59:26,-82.3746,28.1129, 127.5,15266,-70.9,-73.8,-69.1, 66,130, 0.01,287,15.2
2024-09-26 11:59:27,-82.3745,28.1129, 127.4,15273,-70.9,-73.8,-69.1, 66,130, 0.01,287,15.1
2024-09-26 11:59:28,-82.3743,28.1128, 127.2,15280,-70.9,-73.8,-69.1, 66,130, 0.01,288,15.0
2024-09-26 11:59:29,-82.3742,28.1128, 127.1,15286,-70.9,-73.8,-69.1, 66,130, 0.01,288,14.9
2024-09-26 11:59:30,-82.3741,28.1128, 127.0,15292,-70.9,-73.8,-69.1, 66,130, 0.01,288,14.8
2024-09-26 11:59:31,-82.3740,28.1127, 126.8,15297,-70.9,-73.8,-69.2, 66,130, 0.01,289,14.7
2024-09-26 11:59:32,-82.3739,28.1127, 126.7,15304,-70.9,-73.9,-69.2, 66,130, 0.01,289,14.6
2024-09-26 11:59:33,-82.3738,28.1126, 126.6,15310,-71.0,-73.9,-69.2, 66,130, 0.01,290,14.4
2024-09-26 11:59:34,-82.3736,28.1126, 126.4,15316,-71.0,-73.9,-69.2, 66,131, 0.01,290,14.3
2024-09-26 11:59:35,-82.3735,28.1125, 126.3,15323,-71.0,-73.9,-69.2, 66,130, 0.01,290,14.2
2024-09-26 11:59:36,-82.3734,28.1125, 126.2,15329,-71.0,-73.9,-69.2, 66,131, 0.01,291,14.1
2024-09-26 11:59:37,-82.3733,28.1124, 126.0,15336,-71.0,-73.9,-69.2, 66,131, 0.01,291,14.0
2024-09-26 11:59:38,-82.3732,28.1124, 125.9,15342,-71.1,-73.9,-69.3, 66,131, 0.01,291,13.8
2024-09-26 11:59:39,-82.3731,28.1124, 125.8,15349,-71.1,-74.0,-69.3, 66,131, 0.01,292,13.7
2024-09-26 11:59:40,-82.3730,28.1123, 125.7,15354,-71.1,-74.0,-69.3, 66,131, 0.01,292,13.5
2024-09-26 11:59:41,-82.3728,28.1123, 125.5,15359,-71.1,-74.0,-69.3, 66,131, 0.01,292,13.3
2024-09-26 11:59:42,-82.3727,28.1122, 125.4,15365,-71.1,-74.0,-69.3, 66,131, 0.01,292,13.1
2024-09-26 11:59:43,-82.3726,28.1122, 125.3,15370,-71.2,-74.0,-69.4, 66,131, 0.01,292,13.0
2024-09-26 11:59:44,-82.3725,28.1121, 125.2,15376,-71.2,-74.1,-69.4, 66,132, 0.01,292,12.8
2024-09-26 11:59:45,-82.3724,28.1121, 125.1,15381,-71.2,-74.1,-69.4, 66,132, 0.01,293,12.6
2024-09-26 11:59:46,-82.3723,28.1120, 124.9,15387,-71.3,-74.1,-69.4, 66,132, 0.01,293,12.4
2024-09-26 11:59:47,-82.3721,28.1120, 124.8,15392,-71.3,-74.2,-69.5, 66,132, 0.01,293,12.3
2024-09-26 11:59:48,-82.3720,28.1120, 124.7,15398,-71.3,-74.2,-69.5, 66,132, 0.01,293,12.1
2024-09-26 11:59:49,-82.3719,28.1119, 124.6,15403,-71.4,-74.2,-69.5, 66,132, 0.01,293,11.9
2024-09-26 11:59:50,-82.3718,28.1119, 124.4,15409,-71.4,-74.3,-69.6, 66,132, 0.01,294,11.7
2024-09-26 11:59:51,-82.3717,28.1118, 124.3,15416,-71.5,-74.3,-69.6, 66,132, 0.01,294,11.6
2024-09-26 11:59:52,-82.3716,28.1118, 124.2,15423,-71.5,-74.3,-69.6, 66,132, 0.01,294,11.4
2024-09-26 11:59:53,-82.3716,28.1118, 124.0,15430,-71.5,-74.4,-69.7, 66,132, 0.01,294,11.2
2024-09-26 11:59:54,-82.3715,28.1118, 123.9,15437,-71.6,-74.4,-69.7, 66,132, 0.01,294,11.0
2024-09-26 11:59:55,-82.3714,28.1117, 123.7,15445,-71.6,-74.4,-69.7, 67,133, 0.01,295,10.9
2024-09-26 11:59:56,-82.3713,28.1117, 123.6,15452,-71.6,-74.5,-69.8, 66,133, 0.01,295,10.7
2024-09-26 11:59:57,-82.3712,28.1117, 123.4,15459,-71.7,-74.5,-69.8, 67,133, 0.01,295,10.5
2024-09-26 11:59:58,-82.3711,28.1116, 123.3,15466,-71.7,-74.5,-69.9, 67,133, 0.01,295,10.4
2024-09-26 11:59:59,-82.3710,28.1116, 123.1,15473,-71.8,-74.6,-69.9, 67,133, 0.01,295,10.4
2024-09-26 12:00:00,-82.3710,28.1116, 123.0,15480,-71.8,-74.6,-69.9, 67,133, 0.01,295,10.3
2024-09-26 12:00:01,-82.3709,28.1116, 122.8,15487,-71.9,-74.7,-70.0, 67,133, 0.01,295,10.2
2024-09-26 12:00:02,-82.3708,28.1115, 122.7,15494,-71.9,-74.7,-70.0, 67,133, 0.01,294,10.1
2024-09-26 12:00:03,-82.3707,28.1115, 122.6,15501,-72.0,-74.7,-70.0, 67,133, 0.01,294,10.0
2024-09-26 12:00:04,-82.3706,28.1115, 122.4,15508,-72.0,-74.8,-70.1, 67,134, 0.01,294, 9.9
2024-09-26 12:00:05,-82.3705,28.1114, 122.3,15514,-72.0,-74.8,-70.1, 67,134, 0.01,294, 9.9
2024-09-26 12:00:06,-82.3704,28.1114, 122.1,15521,-72.1,-74.9,-70.2, 67,134, 0.01,294, 9.8
2024-09-26 12:00:07,-82.3704,28.1114, 122.0,15528,-72.1,-74.9,-70.2, 67,134, 0.01,293, 9.7
2024-09-26 12:00:08,-82.3703,28.1114, 121.9,15534,-72.2,-74.9,-70.2, 67,134, 0.01,293, 9.6
2024-09-26 12:00:09,-82.3702,28.1113, 121.7,15540,-72.2,-75.0,-70.3, 67,134, 0.01,293, 9.5
2024-09-26 12:00:10,-82.3701,28.1113, 121.6,15546,-72.3,-75.0,-70.3, 67,134, 0.01,293, 9.5
2024-09-26 12:00:11,-82.3700,28.1113, 121.5,15552,-72.3,-75.1,-70.4, 67,134, 0.01,293, 9.4
2024-09-26 12:00:12,-82.3699,28.1112, 121.4,15558,-72.4,-75.1,-70.4, 67,135, 0.01,292, 9.3
2024-09-26 12:00:13,-82.3698,28.1112, 121.2,15564,-72.4,-75.2,-70.5, 67,135, 0.01,292, 9.2
2024-09-26 12:00:14,-82.3698,28.1112, 121.1,15570,-72.5,-75.2,-70.5, 67,135, 0.01,292, 9.1
2024-09-26 12:00:15,-82.3697,28.1112, 121.0,15576,-72.5,-75.3,-70.6, 67,135, 0.01,292, 9.1
2024-09-26 12:00:16,-82.3696,28.1111, 120.9,15583,-72.6,-75.3,-70.6, 67,135, 0.01,292, 9.0
2024-09-26 12:00:17,-82.3695,28.1111, 120.7,15589,-72.6,-75.4,-70.7, 67,135, 0.01,291, 8.9
2024-09-26 12:00:18,-82.3694,28.1111, 120.6,15595,-72.7,-75.4,-70.7, 67,135, 0.01,291, 8.8
2024-09-26 12:00:19,-82.3693,28.1110, 120.5,15602,-72.7,-75.4,-70.7, 67,135, 0.01,290, 8.7
2024-09-26 12:00:20,-82.3693,28.1110, 120.3,15608,-72.8,-75.5,-70.8, 67,136, 0.01,289, 8.6
2024-09-26 12:00:21,-82.3692,28.1110, 120.2,15615,-72.8,-75.5,-70.8, 67,136, 0.01,288, 8.5
2024-09-26 12:00:22,-82.3691,28.1111, 120.0,15622,-72.9,-75.6,-70.9, 67,136, 0.01,287, 8.4
2024-09-26 12:00:23,-82.3691,28.1111, 119.9,15629,-72.9,-75.6,-70.9, 67,136, 0.01,287, 8.4
2024-09-26 12:00:24,-82.3690,28.1111, 119.8,15636,-73.0,-75.7,-71.0, 67,136, 0.01,286, 8.4
2024-09-26 12:00:25,-82.3689,28.1111, 119.6,15645,-73.0,-75.7,-71.0, 67,136, 0.01,285, 8.3
2024-09-26 12:00:26,-82.3689,28.1111, 119.4,15654,-73.1,-75.8,-71.1, 67,136, 0.01,284, 8.2
2024-09-26 12:00:27,-82.3688,28.1112, 119.2,15663,-73.1,-75.8,-71.1, 68,137, 0.01,283, 8.1
2024-09-26 12:00:28,-82.3687,28.1112, 119.0,15672,-73.2,-75.9,-71.2, 68,137, 0.01,282, 8.1
2024-09-26 12:00:29,-82.3687,28.1112, 118.8,15681,-73.2,-75.9,-71.2, 68,137, 0.01,281, 8.0
2024-09-26 12:00:30,-82.3686,28.1112, 118.6,15691,-73.3,-76.0,-71.3, 68,137, 0.01,280, 7.9
2024-09-26 12:00:31,-82.3686,28.1112, 118.4,15702,-73.4,-76.0,-71.3, 68,137, 0.01,279, 7.8
2024-09-26 12:00:32,-82.3685,28.1112, 118.2,15712,-73.4,-76.1,-71.3, 68,137, 0.01,278, 7.7
2024-09-26 12:00:33,-82.3684,28.1113, 118.0,15723,-73.5,-76.1,-71.4, 68,137, 0.01,277, 7.6
2024-09-26 12:00:34,-82.3684,28.1113, 117.8,15734,-73.5,-76.2,-71.4, 68,137, 0.01,276, 7.5
2024-09-26 12:00:35,-82.3683,28.1113, 117.6,15745,-73.6,-76.2,-71.5, 68,137, 0.01,275, 7.5
2024-09-26 12:00:36,-82.3682,28.1113, 117.4,15754,-73.6,-76.2,-71.5, 68,137, 0.01,274, 7.4
2024-09-26 12:00:37,-82.3682,28.1113, 117.2,15763,-73.6,-76.3,-71.6, 68,138, 0.01,273, 7.4
2024-09-26 12:00:38,-82.3681,28.1113, 117.0,15772,-73.7,-76.3,-71.6, 68,138, 0.01,270, 7.4
2024-09-26 12:00:39,-82.3680,28.1114, 116.8,15781,-73.7,-76.3,-71.6, 68,138, 0.01,268, 7.4
2024-09-26 12:00:40,-82.3680,28.1114, 116.6,15791,-73.8,-76.4,-71.7, 68,138, 0.01,266, 7.4
2024-09-26 12:00:41,-82.3679,28.1114, 116.4,15800,-73.8,-76.4,-71.7, 68,138, 0.01,263, 7.4
2024-09-26 12:00:42,-82.3679,28.1114, 116.2,15810,-73.9,-76.5,-71.7, 68,138, 0.01,260, 7.4
2024-09-26 12:00:43,-82.3678,28.1114, 116.1,15820,-73.9,-76.5,-71.8, 68,138, 0.01,258, 7.4
2024-09-26 12:00:44,-82.3677,28.1114, 115.9,15830,-73.9,-76.5,-71.8, 68,139, 0.01,255, 7.4
2024-09-26 12:00:45,-82.3677,28.1115, 115.7,15840,-74.0,-76.6,-71.9, 68,139, 0.01,252, 7.4
2024-09-26 12:00:46,-82.3676,28.1115, 115.5,15849,-74.0,-76.6,-71.9, 68,139, 0.01,249, 7.4
2024-09-26 12:00:47,-82.3675,28.1115, 115.3,15858,-74.1,-76.7,-71.9, 68,139, 0.01,247, 7.4
2024-09-26 12:00:48,-82.3675,28.1115, 115.1,15867,-74.1,-76.7,-72.0, 68,139, 0.01,244, 7.4
2024-09-26 12:00:49,-82.3674,28.1115, 115.0,15876,-74.1,-76.7,-72.0, 68,139, 0.01,241, 7.4
2024-09-26 12:00:50,-82.3674,28.1116, 114.8,15885,-74.2,-76.8,-72.0, 68,139, 0.01,238, 7.4
2024-09-26 12:00:51,-82.3673,28.1117, 114.6,15893,-74.2,-76.8,-72.1, 68,139, 0.01,235, 7.4
2024-09-26 12:00:52,-82.3673,28.1117, 114.5,15902,-74.2,-76.8,-72.1, 68,139, 0.01,233, 7.4
2024-09-26 12:00:53,-82.3672,28.1118, 114.3,15910,-74.3,-76.8,-72.1, 68,140, 0.01,230, 7.4
2024-09-26 12:00:54,-82.3672,28.1119, 114.1,15917,-74.3,-76.9,-72.1, 68,140, 0.01,228, 7.4
2024-09-26 12:00:55,-82.3671,28.1119, 114.0,15925,-74.3,-76.9,-72.2, 68,140, 0.01,225, 7.4
2024-09-26 12:00:56,-82.3671,28.1120, 113.8,15933,-74.4,-76.9,-72.2, 68,140, 0.01,223, 7.4
2024-09-26 12:00:57,-82.3670,28.1121, 113.7,15941,-74.4,-76.9,-72.2, 68,140, 0.01,221, 7.4
2024-09-26 12:00:58,-82.3670,28.1122, 113.6,15948,-74.4,-77.0,-72.2, 69,140, 0.01,220, 7.5
2024-09-26 12:00:59,-82.3669,28.1122, 113.4,15954,-74.4,-77.0,-72.3, 68,140, 0.01,219, 7.6
2024-09-26 12:01:00,-82.3669,28.1123, 113.3,15960,-74.5,-77.0,-72.3, 68,140, 0.01,219, 7.7
2024-09-26 12:01:01,-82.3668,28.1124, 113.2,15967,-74.5,-77.0,-72.3, 69,140, 0.01,218, 7.8
2024-09-26 12:01:02,-82.3668,28.1125, 113.1,15973,-74.5,-77.1,-72.3, 69,140, 0.01,218, 7.9
2024-09-26 12:01:03,-82.3667,28.1125, 113.0,15979,-74.6,-77.1,-72.4, 69,141, 0.01,217, 8.0
2024-09-26 12:01:04,-82.3667,28.1126, 112.8,15984,-74.6,-77.1,-72.4, 69,141, 0.01,217, 8.1
2024-09-26 12:01:05,-82.3666,28.1127, 112.7,15989,-74.6,-77.1,-72.4, 69,141, 0.01,216, 8.2
2024-09-26 12:01:06,-82.3666,28.1127, 112.6,15995,-74.6,-77.1,-72.4, 69,141, 0.01,216, 8.4
2024-09-26 12:01:07,-82.3665,28.1128, 112.5,16000,-74.7,-77.2,-72.4, 69,141, 0.01,215, 8.5
2024-09-26 12:01:08,-82.3665,28.1129, 112.4,16005,-74.7,-77.2,-72.5, 69,141, 0.01,215, 8.6
2024-09-26 12:01:09,-82.3664,28.1130, 112.3,16010,-74.7,-77.2,-72.5, 69,142, 0.01,214, 8.7
2024-09-26 12:01:10,-82.3664,28.1130, 112.2,16016,-74.7,-77.2,-72.4, 70,143, 0.01,214, 8.8
2024-09-26 12:01:11,-82.3663,28.1131, 112.1,16021,-74.7,-77.1,-72.4, 70,143, 0.01,213, 8.9
2024-09-26 12:01:12,-82.3663,28.1132, 112.0,16026,-74.8,-77.1,-72.4, 70,144, 0.01,213, 9.0
2024-09-26 12:01:13,-82.3662,28.1133, 111.9,16031,-74.8,-77.1,-72.4, 71,145, 0.01,212, 9.1
2024-09-26 12:01:14,-82.3662,28.1133, 111.8,16036,-74.8,-77.1,-72.4, 71,146, 0.01,212, 9.2
2024-09-26 12:01:15,-82.3661,28.1134, 111.7,16041,-74.8,-77.1,-72.4, 72,147, 0.01,212, 9.3
2024-09-26 12:01:16,-82.3661,28.1135, 111.6,16046,-74.9,-77.1,-72.3, 72,148, 0.01,211, 9.4
2024-09-26 12:01:17,-82.3660,28.1135, 111.5,16052,-74.9,-77.0,-72.3, 72,148, 0.01,211, 9.5
2024-09-26 12:01:18,-82.3660,28.1136, 111.4,16057,-74.9,-77.0,-72.3, 73,149, 0.01,211, 9.6
2024-09-26 12:01:19,-82.3659,28.1137, 111.3,16062,-74.9,-77.0,-72.3, 73,150, 0.01,211, 9.6
2024-09-26 12:01:20,-82.3659,28.1138, 111.2,16067,-74.9,-77.0,-72.3, 73,151, 0.01,211, 9.6
2024-09-26 12:01:21,-82.3658,28.1138, 111.1,16072,-74.9,-77.0,-72.3, 74,152, 0.01,212, 9.6
2024-09-26 12:01:22,-82.3658,28.1139, 111.0,16077,-75.0,-77.0,-72.3, 74,152, 0.01,212, 9.7
2024-09-26 12:01:23,-82.3657,28.1140, 110.9,16082,-75.0,-77.0,-72.3, 74,152, 0.01,212, 9.7
2024-09-26 12:01:24,-82.3656,28.1140, 110.8,16087,-75.0,-77.0,-72.3, 74,153, 0.01,212, 9.7
2024-09-26 12:01:25,-82.3656,28.1141, 110.7,16092,-75.0,-77.0,-72.3, 75,153, 0.01,212, 9.8
2024-09-26 12:01:26,-82.3655,28.1142, 110.6,16098,-75.0,-77.0,-72.3, 75,153, 0.01,212, 9.8
2024-09-26 12:01:27,-82.3654,28.1142, 110.5,16103,-75.0,-77.0,-72.3, 75,154, 0.01,213, 9.8
2024-09-26 12:01:28,-82.3654,28.1143, 110.4,16108,-75.1,-77.0,-72.3, 75,154, 0.01,213, 9.9
2024-09-26 12:01:29,-82.3653,28.1144, 110.3,16113,-75.1,-77.0,-72.3, 75,155, 0.01,213, 9.9
2024-09-26 12:01:30,-82.3653,28.1144, 110.2,16118,-75.1,-77.0,-72.3, 75,155, 0.01,213, 9.9
2024-09-26 12:01:31,-82.3652,28.1145, 110.1,16124,-75.1,-77.0,-72.3, 75,155, 0.01,213,10.0
2024-09-26 12:01:32,-82.3651,28.1146, 110.1,16128,-75.2,-77.0,-72.3, 76,156, 0.01,213,10.0
2024-09-26 12:01:33,-82.3651,28.1147, 110.0,16133,-75.2,-77.0,-72.3, 76,156, 0.01,214,10.0
2024-09-26 12:01:34,-82.3650,28.1147, 109.9,16138,-75.2,-77.0,-72.3, 76,157, 0.01,214,10.1
2024-09-26 12:01:35,-82.3650,28.1148, 109.8,16143,-75.2,-77.0,-72.3, 76,157, 0.01,214,10.1
2024-09-26 12:01:36,-82.3649,28.1149, 109.7,16148,-75.2,-77.1,-72.3, 76,157, 0.01,214,10.1
2024-09-26 12:01:37,-82.3648,28.1149, 109.6,16153,-75.3,-77.1,-72.4, 76,157, 0.01,214,10.1
2024-09-26 12:01:38,-82.3648,28.1150, 109.5,16158,-75.3,-77.1,-72.4, 76,157, 0.01,215,10.1
2024-09-26 12:01:39,-82.3647,28.1151, 109.4,16162,-75.3,-77.1,-72.4, 76,157, 0.01,215,10.1
2024-09-26 12:01:40,-82.3646,28.1151, 109.3,16167,-75.3,-77.1,-72.4, 76,157, 0.01,215,10.0
2024-09-26 12:01:41,-82.3646,28.1152, 109.2,16172,-75.4,-77.2,-72.4, 76,157, 0.01,216, 9.9
2024-09-26 12:01:42,-82.3645,28.1153, 109.1,16176,-75.4,-77.2,-72.4, 76,157, 0.01,216, 9.9
2024-09-26 12:01:43,-82.3645,28.1153, 109.1,16181,-75.4,-77.2,-72.5, 76,157, 0.01,217, 9.9
2024-09-26 12:01:44,-82.3644,28.1154, 109.0,16185,-75.4,-77.2,-72.5, 76,157, 0.01,217, 9.8
2024-09-26 12:01:45,-82.3644,28.1155, 108.9,16190,-75.4,-77.2,-72.5, 76,157, 0.01,217, 9.8
2024-09-26 12:01:46,-82.3643,28.1155, 108.8,16194,-75.4,-77.2,-72.5, 76,157, 0.01,218, 9.7
2024-09-26 12:01:47,-82.3642,28.1156, 108.7,16199,-75.4,-77.2,-72.5, 76,157, 0.01,218, 9.7
2024-09-26 12:01:48,-82.3642,28.1157, 108.7,16202,-75.4,-77.2,-72.5, 76,157, 0.01,218, 9.7
2024-09-26 12:01:49,-82.3641,28.1158, 108.6,16208,-75.4,-77.2,-72.5, 76,157, 0.01,219, 9.6
2024-09-26 12:01:50,-82.3640,28.1158, 108.5,16212,-75.4,-77.2,-72.5, 76,156, 0.01,219, 9.6
2024-09-26 12:01:51,-82.3640,28.1159, 108.4,16217,-75.4,-77.3,-72.6, 75,155, 0.01,220, 9.5
2024-09-26 12:01:52,-82.3639,28.1159, 108.3,16221,-75.4,-77.3,-72.6, 75,155, 0.01,220, 9.5
2024-09-26 12:01:53,-82.3639,28.1160, 108.2,16226,-75.4,-77.3,-72.6, 75,154, 0.01,221, 9.4
2024-09-26 12:01:54,-82.3639,28.1160, 108.1,16231,-75.4,-77.4,-72.6, 74,153, 0.01,221, 9.4
2024-09-26 12:01:55,-82.3638,28.1161, 108.1,16234,-75.4,-77.4,-72.6, 74,153, 0.01,221, 9.4
2024-09-26 12:01:56,-82.3638,28.1162, 107.9,16240,-75.3,-77.4,-72.6, 74,152, 0.01,222, 9.3
2024-09-26 12:01:57,-82.3637,28.1162, 107.9,16245,-75.3,-77.4,-72.6, 73,151, 0.01,223, 9.3
2024-09-26 12:01:58,-82.3637,28.1163, 107.8,16250,-75.3,-77.4,-72.6, 73,150, 0.01,222, 9.2
2024-09-26 12:01:59,-82.3636,28.1163, 107.7,16254,-75.2,-77.4,-72.6, 73,150, 0.01,222, 9.1
2024-09-26 12:02:00,-82.3636,28.1164, 107.6,16259,-75.2,-77.4,-72.6, 72,149, 0.01,222, 9.0
2024-09-26 12:02:01,-82.3635,28.1164, 107.5,16264,-75.2,-77.4,-72.6, 72,149, 0.01,222, 8.9
2024-09-26 12:02:02,-82.3635,28.1165, 107.4,16269,-75.1,-77.3,-72.6, 72,148, 0.01,222, 8.8
2024-09-26 12:02:03,-82.3634,28.1166, 107.3,16274,-75.1,-77.3,-72.6, 72,147, 0.01,221, 8.7
2024-09-26 12:02:04,-82.3634,28.1166, 107.2,16279,-75.1,-77.3,-72.6, 71,147, 0.01,221, 8.7
2024-09-26 12:02:05,-82.3633,28.1167, 107.1,16285,-75.0,-77.3,-72.6, 71,146, 0.01,221, 8.6
2024-09-26 12:02:06,-82.3633,28.1167, 107.0,16291,-75.0,-77.3,-72.6, 71,146, 0.01,221, 8.5
2024-09-26 12:02:07,-82.3632,28.1168, 106.9,16297,-75.0,-77.3,-72.6, 71,145, 0.01,221, 8.4
2024-09-26 12:02:08,-82.3632,28.1168, 106.8,16304,-74.9,-77.3,-72.6, 70,145, 0.01,220, 8.3
2024-09-26 12:02:09,-82.3632,28.1169, 106.7,16310,-74.9,-77.3,-72.6, 70,144, 0.01,220, 8.2
2024-09-26 12:02:10,-82.3631,28.1169, 106.6,16316,-74.9,-77.3,-72.6, 70,143, 0.01,220, 8.1
2024-09-26 12:02:11,-82.3631,28.1170, 106.4,16322,-74.9,-77.3,-72.6, 70,143, 0.01,220, 8.0
2024-09-26 12:02:12,-82.3630,28.1171, 106.3,16328,-74.8,-77.3,-72.6, 69,142, 0.01,219, 8.0
2024-09-26 12:02:13,-82.3630,28.1171, 106.2,16333,-74.8,-77.3,-72.6, 69,142, 0.01,219, 7.9
2024-09-26 12:02:14,-82.3629,28.1172, 106.1,16338,-74.8,-77.3,-72.6, 69,141, 0.01,219, 7.8
2024-09-26 12:02:15,-82.3629,28.1172, 106.1,16343,-74.7,-77.3,-72.5, 69,141, 0.01,219, 7.7
2024-09-26 12:02:16,-82.3628,28.1173, 106.0,16348,-74.7,-77.2,-72.5, 69,141, 0.01,218, 7.6
2024-09-26 12:02:17,-82.3628,28.1173, 105.9,16353,-74.7,-77.2,-72.5, 69,141, 0.01,218, 7.5
2024-09-26 12:02:18,-82.3627,28.1174, 105.8,16358,-74.7,-77.2,-72.5, 69,141, 0.01,217, 7.5
2024-09-26 12:02:19,-82.3627,28.1174, 105.7,16362,-74.6,-77.2,-72.4, 69,141, 0.01,216, 7.5
2024-09-26 12:02:20,-82.3626,28.1175, 105.6,16367,-74.6,-77.1,-72.4, 69,140, 0.01,215, 7.5
2024-09-26 12:02:21,-82.3626,28.1176, 105.5,16372,-74.6,-77.1,-72.4, 69,140, 0.01,214, 7.5
2024-09-26 12:02:22,-82.3626,28.1176, 105.4,16376,-74.6,-77.1,-72.4, 69,140, 0.01,213, 7.6
2024-09-26 12:02:23,-82.3625,28.1177, 105.4,16381,-74.5,-77.1,-72.3, 68,140, 0.01,212, 7.6
2024-09-26 12:02:24,-82.3625,28.1178, 105.3,16386,-74.5,-77.0,-72.3, 68,140, 0.01,211, 7.7
2024-09-26 12:02:25,-82.3625,28.1178, 105.2,16391,-74.5,-77.0,-72.3, 68,140, 0.01,210, 7.7
2024-09-26 12:02:26,-82.3625,28.1179, 105.1,16395,-74.5,-77.0,-72.3, 68,140, 0.01,209, 7.7
2024-09-26 12:02:27,-82.3624,28.1179, 105.0,16400,-74.4,-77.0,-72.3, 68,140, 0.01,208, 7.7
2024-09-26 12:02:28,-82.3624,28.1180, 104.9,16405,-74.4,-77.0,-72.3, 68,140, 0.01,207, 7.7
2024-09-26 12:02:29,-82.3624,28.1181, 104.8,16410,-74.4,-77.0,-72.2, 68,139, 0.01,206, 7.8
2024-09-26 12:02:30,-82.3623,28.1181, 104.8,16414,-74.4,-77.0,-72.2, 68,139, 0.01,205, 7.8
2024-09-26 12:02:31,-82.3623,28.1182, 104.7,16419,-74.3,-76.9,-72.2, 68,139, 0.01,204, 7.8
2024-09-26 12:02:32,-82.3623,28.1183, 104.6,16423,-74.3,-76.9,-72.2, 68,139, 0.01,203, 7.8
2024-09-26 12:02:33,-82.3623,28.1183, 104.5,16427,-74.3,-76.9,-72.2, 68,139, 0.01,202, 7.8
2024-09-26 12:02:34,-82.3622,28.1184, 104.4,16431,-74.3,-76.9,-72.2, 68,138, 0.01,201, 7.8
2024-09-26 12:02:35,-82.3622,28.1185, 104.4,16436,-74.3,-76.9,-72.2, 68,138, 0.01,200, 7.8
2024-09-26 12:02:36,-82.3622,28.1185, 104.3,16440,-74.3,-76.9,-72.2, 68,138, 0.01,199, 7.9
2024-09-26 12:02:37,-82.3621,28.1186, 104.2,16445,-74.3,-76.9,-72.2, 67,138, 0.01,199, 7.9
2024-09-26 12:02:38,-82.3621,28.1187, 104.1,16449,-74.3,-76.9,-72.2, 67,137, 0.01,199, 7.9
2024-09-26 12:02:39,-82.3621,28.1187, 104.1,16454,-74.3,-76.9,-72.2, 67,137, 0.01,199, 7.9
2024-09-26 12:02:40,-82.3621,28.1188, 104.0,16458,-74.3,-77.0,-72.2, 67,137, 0.01,200, 7.8
2024-09-26 12:02:41,-82.3620,28.1188, 103.9,16463,-74.3,-77.0,-72.2, 67,137, 0.01,200, 7.8
2024-09-26 12:02:42,-82.3620,28.1189, 103.8,16467,-74.3,-77.0,-72.3, 67,137, 0.01,200, 7.8
2024-09-26 12:02:43,-82.3620,28.1190, 103.7,16471,-74.3,-77.0,-72.3, 67,137, 0.01,201, 7.7
2024-09-26 12:02:44,-82.3619,28.1190, 103.7,16476,-74.3,-77.0,-72.3, 67,136, 0.01,201, 7.7
2024-09-26 12:02:45,-82.3619,28.1191, 103.6,16480,-74.3,-77.0,-72.3, 67,136, 0.01,201, 7.7
2024-09-26 12:02:46,-82.3619,28.1192, 103.5,16484,-74.3,-77.0,-72.3, 67,136, 0.01,202, 7.6
2024-09-26 12:02:47,-82.3619,28.1192, 103.4,16489,-74.3,-77.1,-72.3, 66,136, 0.01,202, 7.6
2024-09-26 12:02:48,-82.3618,28.1193, 103.4,16493,-74.3,-77.1,-72.4, 66,136, 0.01,202, 7.6
2024-09-26 12:02:49,-82.3618,28.1194, 103.3,16497,-74.3,-77.1,-72.4, 66,135, 0.01,203, 7.5
2024-09-26 12:02:50,-82.3618,28.1194, 103.2,16501,-74.4,-77.1,-72.4, 66,135, 0.01,203, 7.5
2024-09-26 12:02:51,-82.3617,28.1195, 103.1,16506,-74.4,-77.2,-72.5, 66,135, 0.01,203, 7.5
2024-09-26 12:02:52,-82.3617,28.1195, 103.1,16510,-74.4,-77.2,-72.5, 66,135, 0.01,204, 7.4
2024-09-26 12:02:53,-82.3617,28.1196, 103.0,16514,-74.5,-77.3,-72.5, 66,135, 0.01,204, 7.4
2024-09-26 12:02:54,-82.3616,28.1197, 102.9,16518,-74.5,-77.3,-72.6, 66,135, 0.01,204, 7.4
2024-09-26 12:02:55,-82.3616,28.1197, 102.8,16522,-74.5,-77.3,-72.6, 66,134, 0.01,205, 7.4
2024-09-26 12:02:56,-82.3616,28.1198, 102.8,16527,-74.5,-77.4,-72.6, 66,134, 0.01,205, 7.3
2024-09-26 12:02:57,-82.3615,28.1198, 102.7,16531,-74.6,-77.4,-72.7, 65,134, 0.01,205, 7.3
2024-09-26 12:02:58,-82.3615,28.1199, 102.6,16535,-74.6,-77.5,-72.7, 65,134, 0.01,206, 7.3
2024-09-26 12:02:59,-82.3614,28.1200, 102.5,16539,-74.6,-77.5,-72.8, 65,133, 0.01,206, 7.3
2024-09-26 12:03:00,-82.3614,28.1200, 102.5,16543,-74.7,-77.5,-72.8, 65,133, 0.01,206, 7.2
2024-09-26 12:03:01,-82.3614,28.1201, 102.4,16547,-74.7,-77.6,-72.9, 65,133, 0.01,206, 7.2
2024-09-26 12:03:02,-82.3613,28.1201, 102.3,16551,-74.7,-77.6,-72.9, 65,132, 0.01,207, 7.2
2024-09-26 12:03:03,-82.3613,28.1202, 102.2,16555,-74.7,-77.7,-72.9, 64,132, 0.01,207, 7.2
2024-09-26 12:03:04,-82.3613,28.1202, 102.2,16560,-74.7,-77.7,-73.0, 64,132, 0.01,207, 7.2
2024-09-26 12:03:05,-82.3612,28.1203, 102.1,16564,-74.8,-77.7,-73.0, 64,132, 0.01,207, 7.2
2024-09-26 12:03:06,-82.3612,28.1204, 102.0,16569,-74.8,-77.7,-73.0, 64,131, 0.01,208, 7.1
2024-09-26 12:03:07,-82.3612,28.1204, 101.9,16573,-74.8,-77.8,-73.0, 64,131, 0.01,208, 7.1
2024-09-26 12:03:08,-82.3611,28.1205, 101.9,16577,-74.8,-77.8,-73.1, 64,130, 0.01,208, 7.1
2024-09-26 12:03:09,-82.3611,28.1205, 101.8,16582,-74.8,-77.8,-73.1, 63,130, 0.01,208, 7.1
2024-09-26 12:03:10,-82.3611,28.1206, 101.7,16586,-74.8,-77.9,-73.1, 63,130, 0.01,208, 7.1
2024-09-26 12:03:11,-82.3610,28.1207, 101.6,16590,-74.8,-77.9,-73.2, 63,129, 0.01,209, 7.1
2024-09-26 12:03:12,-82.3610,28.1207, 101.6,16595,-74.9,-77.9,-73.2, 63,129, 0.01,209, 7.0
2024-09-26 12:03:13,-82.3609,28.1208, 101.5,16599,-74.9,-78.0,-73.3, 63,129, 0.01,209, 7.0
2024-09-26 12:03:14,-82.3609,28.1208, 101.4,16604,-74.9,-78.0,-73.3, 62,128, 0.01,209, 7.0
2024-09-26 12:03:15,-82.3609,28.1209, 101.3,16608,-74.9,-78.0,-73.3, 62,128, 0.01,210, 7.0
2024-09-26 12:03:16,-82.3608,28.1209, 101.2,16613,-74.9,-78.1,-73.3, 62,128, 0.01,210, 7.0
2024-09-26 12:03:17,-82.3608,28.1210, 101.2,16618,-74.9,-78.1,-73.4, 62,127, 0.01,210, 7.0
2024-09-26 12:03:18,-82.3608,28.1211, 101.1,16623,-74.9,-78.1,-73.4, 62,127, 0.01,210, 7.1
2024-09-26 12:03:19,-82.3607,28.1211, 101.0,16628,-74.9,-78.2,-73.4, 62,126, 0.01,210, 7.2
2024-09-26 12:03:20,-82.3607,28.1212, 100.9,16632,-74.9,-78.2,-73.5, 61,126, 0.01,209, 7.4
2024-09-26 12:03:21,-82.3606,28.1212, 100.8,16637,-75.0,-78.2,-73.5, 61,126, 0.01,209, 7.5
2024-09-26 12:03:22,-82.3606,28.1213, 100.8,16641,-75.0,-78.2,-73.5, 61,126, 0.01,209, 7.7
2024-09-26 12:03:23,-82.3605,28.1214, 100.7,16645,-75.0,-78.3,-73.5, 61,125, 0.01,209, 7.8
2024-09-26 12:03:24,-82.3605,28.1215, 100.6,16650,-75.0,-78.3,-73.5, 61,125, 0.01,209, 8.0
2024-09-26 12:03:25,-82.3604,28.1215, 100.5,16654,-75.0,-78.3,-73.6, 61,125, 0.01,208, 8.1
2024-09-26 12:03:26,-82.3604,28.1216, 100.5,16658,-75.0,-78.3,-73.6, 61,125, 0.01,208, 8.2
2024-09-26 12:03:27,-82.3603,28.1217, 100.4,16663,-75.0,-78.3,-73.6, 61,125, 0.01,208, 8.4
2024-09-26 12:03:28,-82.3603,28.1217, 100.3,16667,-75.0,-78.3,-73.6, 61,125, 0.01,208, 8.5
2024-09-26 12:03:29,-82.3602,28.1218, 100.3,16670,-75.0,-78.4,-73.6, 60,124, 0.01,208, 8.6
2024-09-26 12:03:30,-82.3602,28.1219, 100.2,16675,-75.0,-78.4,-73.6, 60,124, 0.01,207, 8.8
2024-09-26 12:03:31,-82.3601,28.1220, 100.1,16679,-75.0,-78.4,-73.6, 60,124, 0.01,207, 9.0
2024-09-26 12:03:32,-82.3601,28.1221, 100.0,16684,-75.0,-78.4,-73.6, 60,124, 0.01,207, 9.1
2024-09-26 12:03:33,-82.3600,28.1221,  99.9,16688,-75.0,-78.4,-73.6, 60,124, 0.01,207, 9.2
2024-09-26 12:03:34,-82.3600,28.1222,  99.9,16693,-75.0,-78.4,-73.7, 60,124, 0.01,207, 9.4
2024-09-26 12:03:35,-82.3599,28.1223,  99.8,16697,-75.0,-78.4,-73.7, 60,123, 0.01,207, 9.5
2024-09-26 12:03:36,-82.3599,28.1224,  99.7,16702,-75.0,-78.4,-73.7, 60,123, 0.01,207, 9.7
2024-09-26 12:03:37,-82.3598,28.1224,  99.6,16706,-75.0,-78.4,-73.7, 60,123, 0.01,206, 9.8
2024-09-26 12:03:38,-82.3598,28.1225,  99.6,16710,-75.0,-78.4,-73.7, 60,123, 0.01,207, 9.8
2024-09-26 12:03:39,-82.3597,28.1226,  99.5,16714,-75.0,-78.4,-73.7, 60,123, 0.01,207, 9.8
2024-09-26 12:03:40,-82.3597,28.1227,  99.4,16718,-75.0,-78.4,-73.7, 60,123, 0.01,208, 9.8
2024-09-26 12:03:41,-82.3596,28.1227,  99.3,16722,-75.0,-78.4,-73.7, 60,122, 0.01,208, 9.8
2024-09-26 12:03:42,-82.3596,28.1228,  99.3,16727,-75.0,-78.4,-73.7, 60,122, 0.01,209, 9.8
2024-09-26 12:03:43,-82.3595,28.1229,  99.2,16731,-75.0,-78.4,-73.7, 59,122, 0.01,209, 9.7
2024-09-26 12:03:44,-82.3595,28.1230,  99.1,16735,-74.9,-78.4,-73.7, 59,122, 0.01,210, 9.7
2024-09-26 12:03:45,-82.3594,28.1230,  99.1,16740,-74.9,-78.4,-73.7, 59,122, 0.01,210, 9.7
2024-09-26 12:03:46,-82.3594,28.1231,  99.0,16744,-74.9,-78.4,-73.6, 59,122, 0.01,211, 9.7
2024-09-26 12:03:47,-82.3593,28.1232,  98.9,16748,-74.9,-78.4,-73.6, 59,122, 0.01,211, 9.7
2024-09-26 12:03:48,-82.3593,28.1233,  98.8,16753,-74.9,-78.4,-73.6, 59,121, 0.01,212, 9.7
2024-09-26 12:03:49,-82.3592,28.1233,  98.7,16758,-74.8,-78.4,-73.6, 59,121, 0.01,212, 9.7
2024-09-26 12:03:50,-82.3592,28.1234,  98.7,16762,-74.8,-78.4,-73.6, 59,120, 0.01,213, 9.7
2024-09-26 12:03:51,-82.3591,28.1235,  98.6,16767,-74.8,-78.4,-73.6, 58,120, 0.01,213, 9.7
2024-09-26 12:03:52,-82.3590,28.1235,  98.5,16772,-74.8,-78.4,-73.7, 58,119, 0.01,214, 9.7
2024-09-26 12:03:53,-82.3589,28.1236,  98.4,16776,-74.8,-78.4,-73.7, 58,119, 0.01,215, 9.7
2024-09-26 12:03:54,-82.3589,28.1236,  98.4,16781,-74.8,-78.4,-73.7, 58,119, 0.01,215, 9.7
2024-09-26 12:03:55,-82.3588,28.1237,  98.3,16786,-74.7,-78.4,-73.7, 58,118, 0.01,216, 9.7
2024-09-26 12:03:56,-82.3587,28.1237,  98.2,16790,-74.7,-78.4,-73.7, 57,118, 0.01,216, 9.7
2024-09-26 12:03:57,-82.3586,28.1238,  98.1,16795,-74.7,-78.4,-73.7, 57,117, 0.01,217, 9.7
2024-09-26 12:03:58,-82.3585,28.1239,  98.0,16799,-74.7,-78.4,-73.7, 57,117, 0.01,217, 9.7
2024-09-26 12:03:59,-82.3585,28.1239,  98.0,16804,-74.7,-78.4,-73.7, 57,116, 0.01,218, 9.7
2024-09-26 12:04:00,-82.3584,28.1240,  97.9,16808,-74.7,-78.5,-73.7, 56,116, 0.01,219, 9.7
2024-09-26 12:04:01,-82.3583,28.1240,  97.8,16813,-74.6,-78.5,-73.7, 56,115, 0.01,220, 9.7
2024-09-26 12:04:02,-82.3582,28.1241,  97.7,16817,-74.6,-78.5,-73.7, 56,115, 0.01,221, 9.7
2024-09-26 12:04:03,-82.3581,28.1241,  97.7,16822,-74.6,-78.5,-73.7, 56,115, 0.01,222, 9.8
2024-09-26 12:04:04,-82.3580,28.1242,  97.6,16826,-74.6,-78.5,-73.7, 56,115, 0.01,223, 9.9
2024-09-26 12:04:05,-82.3580,28.1242,  97.5,16830,-74.6,-78.5,-73.7, 56,114, 0.01,224, 9.9
2024-09-26 12:04:06,-82.3579,28.1243,  97.4,16835,-74.6,-78.5,-73.7, 56,114, 0.01,225, 9.9
2024-09-26 12:04:07,-82.3578,28.1244,  97.4,16839,-74.6,-78.5,-73.7, 56,114, 0.01,225,10.0
2024-09-26 12:04:08,-82.3577,28.1244,  97.3,16843,-74.6,-78.5,-73.7, 56,114, 0.01,226,10.0
2024-09-26 12:04:09,-82.3576,28.1245,  97.2,16848,-74.5,-78.5,-73.7, 56,114, 0.01,227,10.0
2024-09-26 12:04:10,-82.3576,28.1245,  97.2,16852,-74.5,-78.5,-73.7, 55,113, 0.01,228,10.1
2024-09-26 12:04:11,-82.3575,28.1246,  97.1,16856,-74.5,-78.5,-73.7, 55,113, 0.01,229,10.0
2024-09-26 12:04:12,-82.3574,28.1246,  97.0,16861,-74.5,-78.5,-73.7, 55,113, 0.01,230,10.0
2024-09-26 12:04:13,-82.3573,28.1247,  96.9,16865,-74.5,-78.5,-73.7, 55,113, 0.01,231,10.1
2024-09-26 12:04:14,-82.3573,28.1247,  96.9,16870,-74.5,-78.5,-73.7, 55,113, 0.01,231,10.1
2024-09-26 12:04:15,-82.3572,28.1248,  96.8,16873,-74.5,-78.5,-73.7, 55,113, 0.01,232,10.2
2024-09-26 12:04:16,-82.3571,28.1248,  96.7,16879,-74.5,-78.5,-73.7, 55,113, 0.01,233,10.2
2024-09-26 12:04:17,-82.3570,28.1249,  96.6,16884,-74.5,-78.5,-73.7, 55,113, 0.01,234,10.3
2024-09-26 12:04:18,-82.3569,28.1250,  96.5,16888,-74.5,-78.4,-73.7, 55,113, 0.01,234,10.3
2024-09-26 12:04:19,-82.3568,28.1250,  96.5,16893,-74.5,-78.4,-73.7, 55,113, 0.01,235,10.3
2024-09-26 12:04:20,-82.3567,28.1251,  96.4,16898,-74.5,-78.4,-73.7, 55,113, 0.01,235,10.3
2024-09-26 12:04:21,-82.3566,28.1251,  96.3,16903,-74.5,-78.4,-73.7, 55,113, 0.01,235,10.3
2024-09-26 12:04:22,-82.3566,28.1252,  96.2,16910,-74.5,-78.4,-73.6, 56,114, 0.01,236,10.2
2024-09-26 12:04:23,-82.3565,28.1252,  96.2,16912,-74.5,-78.4,-73.6, 56,114, 0.01,236,10.2
2024-09-26 12:04:24,-82.3564,28.1252,  96.1,16917,-74.5,-78.4,-73.6, 56,114, 0.01,237,10.2
2024-09-26 12:04:25,-82.3563,28.1253,  96.0,16922,-74.5,-78.4,-73.7, 56,114, 0.01,237,10.2
2024-09-26 12:04:26,-82.3562,28.1253,  95.9,16927,-74.5,-78.4,-73.7, 56,114, 0.01,237,10.2
2024-09-26 12:04:27,-82.3561,28.1253,  95.8,16932,-74.5,-78.4,-73.7, 56,114, 0.01,238,10.2
2024-09-26 12:04:28,-82.3561,28.1254,  95.7,16937,-74.5,-78.4,-73.7, 56,115, 0.01,238,10.2
2024-09-26 12:04:29,-82.3560,28.1254,  95.7,16942,-74.5,-78.4,-73.7, 56,114, 0.01,239,10.2
2024-09-26 12:04:30,-82.3559,28.1254,  95.6,16947,-74.6,-78.4,-73.7, 56,114, 0.01,239,10.2
2024-09-26 12:04:31,-82.3558,28.1255,  95.5,16952,-74.6,-78.5,-73.7, 56,114, 0.01,239,10.2
2024-09-26 12:04:32,-82.3557,28.1255,  95.4,16957,-74.6,-78.5,-73.8, 56,114, 0.01,240,10.2
2024-09-26 12:04:33,-82.3556,28.1255,  95.3,16963,-74.6,-78.5,-73.8, 55,113, 0.01,240,10.2
2024-09-26 12:04:34,-82.3555,28.1256,  95.2,16969,-74.6,-78.5,-73.8, 55,113, 0.01,241,10.3
2024-09-26 12:04:35,-82.3555,28.1256,  95.1,16974,-74.6,-78.6,-73.8, 55,113, 0.01,241,10.3
2024-09-26 12:04:36,-82.3554,28.1256,  95.0,16980,-74.6,-78.6,-73.9, 55,113, 0.01,241,10.3
2024-09-26 12:04:37,-82.3553,28.1257,  95.0,16985,-74.7,-78.6,-73.9, 55,113, 0.01,242,10.3
2024-09-26 12:04:38,-82.3552,28.1257,  94.9,16991,-74.7,-78.7,-74.0, 55,112, 0.01,242,10.2
2024-09-26 12:04:39,-82.3551,28.1257,  94.8,16996,-74.7,-78.7,-74.0, 55,112, 0.01,243,10.1
2024-09-26 12:04:40,-82.3550,28.1258,  94.7,17001,-74.8,-78.8,-74.0, 55,112, 0.01,243,10.0
2024-09-26 12:04:41,-82.3549,28.1258,  94.6,17006,-74.8,-78.8,-74.1, 55,112, 0.01,243, 9.9
2024-09-26 12:04:42,-82.3549,28.1258,  94.5,17011,-74.8,-78.9,-74.1, 54,112, 0.01,244, 9.8
2024-09-26 12:04:43,-82.3548,28.1259,  94.5,17016,-74.9,-78.9,-74.2, 54,112, 0.01,244, 9.7
2024-09-26 12:04:44,-82.3547,28.1259,  94.4,17021,-74.9,-78.9,-74.2, 54,112, 0.01,244, 9.6
2024-09-26 12:04:45,-82.3546,28.1259,  94.3,17026,-74.9,-79.0,-74.2, 54,111, 0.01,245, 9.5
2024-09-26 12:04:46,-82.3545,28.1260,  94.2,17031,-75.0,-79.0,-74.3, 54,111, 0.01,245, 9.4
2024-09-26 12:04:47,-82.3544,28.1260,  94.1,17036,-75.0,-79.1,-74.3, 54,111, 0.01,245, 9.3
2024-09-26 12:04:48,-82.3543,28.1260,  94.0,17041,-75.0,-79.1,-74.4, 54,111, 0.01,246, 9.2
2024-09-26 12:04:49,-82.3543,28.1261,  94.0,17046,-75.1,-79.1,-74.4, 54,111, 0.01,246, 9.2
2024-09-26 12:04:50,-82.3542,28.1261,  93.9,17051,-75.1,-79.2,-74.4, 54,111, 0.01,247, 9.1
2024-09-26 12:04:51,-82.3541,28.1261,  93.8,17056,-75.1,-79.2,-74.5, 54,111, 0.01,247, 9.0
2024-09-26 12:04:52,-82.3540,28.1262,  93.7,17061,-75.2,-79.3,-74.5, 54,111, 0.01,247, 8.9
2024-09-26 12:04:53,-82.3539,28.1262,  93.7,17065,-75.2,-79.3,-74.6, 54,111, 0.01,248, 8.8
2024-09-26 12:04:54,-82.3539,28.1262,  93.6,17070,-75.3,-79.4,-74.6, 54,111, 0.01,248, 8.7
2024-09-26 12:04:55,-82.3538,28.1262,  93.5,17075,-75.3,-79.4,-74.7, 54,111, 0.01,249, 8.6
2024-09-26 12:04:56,-82.3537,28.1262,  93.4,17081,-75.3,-79.4,-74.7, 54,111, 0.01,249, 8.5
2024-09-26 12:04:57,-82.3536,28.1262,  93.3,17086,-75.4,-79.5,-74.8, 54,111, 0.01,250, 8.4
2024-09-26 12:04:58,-82.3536,28.1262,  93.2,17091,-75.4,-79.5,-74.8, 54,111, 0.01,250, 8.4
2024-09-26 12:04:59,-82.3535,28.1262,  93.1,17097,-75.5,-79.6,-74.8, 54,111, 0.01,251, 8.3
2024-09-26 12:05:00,-82.3534,28.1263,  93.1,17102,-75.5,-79.6,-74.9, 54,111, 0.01,251, 8.2
2024-09-26 12:05:01,-82.3534,28.1263,  93.0,17107,-75.6,-79.7,-74.9, 53,110, 0.01,252, 8.2
2024-09-26 12:05:02,-82.3533,28.1263,  92.9,17112,-75.6,-79.7,-75.0, 53,110, 0.01,252, 8.1
2024-09-26 12:05:03,-82.3532,28.1263,  92.8,17117,-75.6,-79.8,-75.0, 53,110, 0.01,252, 8.0
2024-09-26 12:05:04,-82.3531,28.1263,  92.7,17122,-75.7,-79.8,-75.1, 53,110, 0.01,253, 8.0
2024-09-26 12:05:05,-82.3531,28.1263,  92.7,17127,-75.7,-79.8,-75.1, 53,110, 0.01,253, 7.9
2024-09-26 12:05:06,-82.3530,28.1263,  92.6,17132,-75.7,-79.9,-75.1, 53,110, 0.01,254, 7.9
2024-09-26 12:05:07,-82.3529,28.1263,  92.5,17138,-75.8,-79.9,-75.2, 53,110, 0.01,254, 7.8
2024-09-26 12:05:08,-82.3529,28.1263,  92.4,17144,-75.8,-80.0,-75.2, 53,110, 0.01,255, 7.7
2024-09-26 12:05:09,-82.3528,28.1263,  92.3,17150,-75.9,-80.0,-75.3, 53,110, 0.01,256, 7.7
2024-09-26 12:05:10,-82.3527,28.1263,  92.2,17155,-75.9,-80.1,-75.3, 53,109, 0.01,256, 7.6
2024-09-26 12:05:11,-82.3526,28.1264,  92.1,17161,-75.9,-80.1,-75.4, 53,109, 0.01,257, 7.6
2024-09-26 12:05:12,-82.3526,28.1264,  92.0,17167,-76.0,-80.2,-75.4, 52,109, 0.01,257, 7.5
2024-09-26 12:05:13,-82.3525,28.1264,  91.9,17172,-76.0,-80.2,-75.5, 52,108, 0.01,258, 7.4
2024-09-26 12:05:14,-82.3524,28.1264,  91.8,17178,-76.0,-80.3,-75.5, 52,108, 0.01,258, 7.4
2024-09-26 12:05:15,-82.3524,28.1264,  91.8,17183,-76.1,-80.3,-75.6, 52,108, 0.01,259, 7.3
2024-09-26 12:05:16,-82.3523,28.1264,  91.7,17189,-76.1,-80.4,-75.6, 52,108, 0.01,260, 7.3
2024-09-26 12:05:17,-82.3522,28.1264,  91.6,17194,-76.1,-80.4,-75.7, 52,107, 0.01,260, 7.2
2024-09-26 12:05:18,-82.3521,28.1264,  91.5,17200,-76.2,-80.5,-75.7, 52,107, 0.01,261, 7.1
2024-09-26 12:05:19,-82.3521,28.1264,  91.4,17205,-76.2,-80.5,-75.8, 51,107, 0.01,262, 7.1
2024-09-26 12:05:20,-82.3520,28.1264,  91.3,17211,-76.2,-80.5,-75.8, 51,107, 0.01,263, 7.0
2024-09-26 12:05:21,-82.3519,28.1264,  91.2,17217,-76.2,-80.6,-75.8, 51,106, 0.01,264, 7.0
2024-09-26 12:05:22,-82.3519,28.1264,  91.1,17222,-76.2,-80.6,-75.9, 51,106, 0.01,265, 6.9
2024-09-26 12:05:23,-82.3518,28.1264,  91.1,17228,-76.3,-80.7,-75.9, 51,106, 0.01,266, 6.9
2024-09-26 12:05:24,-82.3518,28.1264,  91.0,17234,-76.3,-80.7,-75.9, 51,106, 0.01,267, 6.8
2024-09-26 12:05:25,-82.3517,28.1264,  90.9,17239,-76.3,-80.7,-76.0, 51,106, 0.01,269, 6.8
2024-09-26 12:05:26,-82.3517,28.1264,  90.8,17245,-76.3,-80.8,-76.0, 51,105, 0.01,270, 6.7
2024-09-26 12:05:27,-82.3516,28.1263,  90.7,17251,-76.3,-80.8,-76.0, 51,105, 0.01,271, 6.7
2024-09-26 12:05:28,-82.3516,28.1263,  90.6,17257,-76.4,-80.8,-76.1, 51,105, 0.01,272, 6.6
2024-09-26 12:05:29,-82.3515,28.1263,  90.5,17262,-76.4,-80.8,-76.1, 50,105, 0.01,273, 6.6
2024-09-26 12:05:30,-82.3515,28.1263,  90.4,17268,-76.4,-80.9,-76.1, 50,105, 0.01,275, 6.5
2024-09-26 12:05:31,-82.3514,28.1263,  90.3,17274,-76.4,-80.9,-76.1, 50,105, 0.01,276, 6.5
2024-09-26 12:05:32,-82.3514,28.1262,  90.2,17279,-76.4,-80.9,-76.2, 50,104, 0.01,277, 6.4
2024-09-26 12:05:33,-82.3513,28.1262,  90.2,17285,-76.5,-81.0,-76.2, 50,104, 0.01,278, 6.4
2024-09-26 12:05:34,-82.3513,28.1262,  90.1,17291,-76.5,-81.0,-76.2, 50,104, 0.01,280, 6.3
2024-09-26 12:05:35,-82.3512,28.1262,  90.0,17297,-76.5,-81.0,-76.3, 50,104, 0.01,281, 6.2
2024-09-26 12:05:36,-82.3512,28.1262,  89.9,17302,-76.5,-81.0,-76.3, 50,104, 0.01,282, 6.2
2024-09-26 12:05:37,-82.3511,28.1262,  89.8,17308,-76.5,-81.1,-76.3, 50,104, 0.01,284, 6.1
2024-09-26 12:05:38,-82.3511,28.1261,  89.7,17314,-76.5,-81.1,-76.3, 50,104, 0.01,284, 6.0
2024-09-26 12:05:39,-82.3511,28.1261,  89.6,17320,-76.6,-81.1,-76.4, 50,103, 0.01,285, 5.9
2024-09-26 12:05:40,-82.3510,28.1261,  89.5,17325,-76.6,-81.1,-76.4, 49,103, 0.01,286, 5.8
2024-09-26 12:05:41,-82.3510,28.1261,  89.4,17331,-76.6,-81.2,-76.4, 49,103, 0.01,287, 5.7
2024-09-26 12:05:42,-82.3509,28.1261,  89.4,17336,-76.6,-81.2,-76.4, 49,103, 0.01,288, 5.7
2024-09-26 12:05:43,-82.3509,28.1260,  89.3,17342,-76.6,-81.2,-76.5, 49,103, 0.01,288, 5.6
2024-09-26 12:05:44,-82.3508,28.1260,  89.2,17347,-76.6,-81.2,-76.5, 49,103, 0.01,289, 5.5
2024-09-26 12:05:45,-82.3508,28.1260,  89.1,17353,-76.6,-81.2,-76.5, 49,102, 0.01,290, 5.4
2024-09-26 12:05:46,-82.3507,28.1260,  89.0,17358,-76.6,-81.2,-76.5, 49,102, 0.01,291, 5.3
2024-09-26 12:05:47,-82.3507,28.1260,  88.9,17364,-76.6,-81.3,-76.5, 49,102, 0.01,292, 5.2
2024-09-26 12:05:48,-82.3506,28.1259,  88.8,17370,-76.6,-81.3,-76.5, 49,102, 0.01,293, 5.1
2024-09-26 12:05:49,-82.3506,28.1259,  88.8,17375,-76.6,-81.3,-76.5, 49,102, 0.01,294, 5.0
2024-09-26 12:05:50,-82.3505,28.1259,  88.7,17381,-76.6,-81.3,-76.5, 49,102, 0.01,296, 4.9
2024-09-26 12:05:51,-82.3505,28.1259,  88.6,17386,-76.6,-81.3,-76.5, 49,102, 0.01,297, 4.8
2024-09-26 12:05:52,-82.3504,28.1259,  88.5,17392,-76.6,-81.3,-76.6, 49,101, 0.01,298, 4.7
2024-09-26 12:05:53,-82.3504,28.1258,  88.4,17398,-76.6,-81.3,-76.6, 49,101, 0.01,299, 4.6
2024-09-26 12:05:54,-82.3504,28.1258,  88.3,17404,-76.6,-81.3,-76.6, 49,101, 0.01,301, 4.5
2024-09-26 12:05:55,-82.3504,28.1258,  88.2,17409,-76.6,-81.3,-76.6, 48,101, 0.01,302, 4.4
2024-09-26 12:05:56,-82.3504,28.1258,  88.1,17415,-76.6,-81.3,-76.6, 48,101, 0.01,304, 4.3
2024-09-26 12:05:57,-82.3504,28.1258,  88.1,17418,-76.6,-81.3,-76.6, 48,101, 0.01,304, 4.2
2024-09-26 12:05:58,-82.3504,28.1257,  88.0,17426,-76.6,-81.3,-76.6, 48,101, 0.01,306, 4.1
2024-09-26 12:05:59,-82.3504,28.1257,  87.9,17432,-76.6,-81.3,-76.6, 48,101, 0.01,307, 4.0
2024-09-26 12:06:00,-82.3504,28.1257,  87.8,17437,-76.6,-81.4,-76.6, 48,100, 0.01,308, 3.9
2024-09-26 12:06:01,-82.3504,28.1257,  87.7,17442,-76.6,-81.4,-76.6, 48,100, 0.01,308, 3.8
2024-09-26 12:06:02,-82.3504,28.1257,  87.6,17448,-76.6,-81.4,-76.6, 48,100, 0.01,309, 3.7
2024-09-26 12:06:03,-82.3504,28.1256,  87.5,17454,-76.6,-81.4,-76.6, 48,100, 0.01,310, 3.6
2024-09-26 12:06:04,-82.3504,28.1256,  87.5,17459,-76.6,-81.4,-76.7, 48, 99, 0.01,312, 3.5
2024-09-26 12:06:05,-82.3504,28.1256,  87.4,17465,-76.6,-81.4,-76.7, 48, 99, 0.01,313, 3.4
2024-09-26 12:06:06,-82.3503,28.1256,  87.3,17471,-76.6,-81.4,-76.7, 47, 99, 0.01,314, 3.3
2024-09-26 12:06:07,-82.3503,28.1256,  87.2,17477,-76.6,-81.5,-76.7, 47, 98, 0.01,315, 3.2
2024-09-26 12:06:08,-82.3503,28.1255,  87.1,17482,-76.6,-81.5,-76.7, 47, 98, 0.01,317, 3.1
2024-09-26 12:06:09,-82.3503,28.1255,  87.0,17488,-76.6,-81.5,-76.8, 47, 98, 0.01,318, 3.0
2024-09-26 12:06:10,-82.3503,28.1255,  86.9,17494,-76.6,-81.5,-76.8, 47, 97, 0.01,320, 2.9
2024-09-26 12:06:11,-82.3503,28.1255,  86.9,17499,-76.6,-81.6,-76.8, 46, 97, 0.01,322, 2.8
2024-09-26 12:06:12,-82.3503,28.1254,  86.8,17505,-76.6,-81.6,-76.9, 46, 96, 0.01,324, 2.7
2024-09-26 12:06:13,-82.3503,28.1254,  86.7,17511,-76.6,-81.6,-76.9, 46, 96, 0.01,326, 2.6
2024-09-26 12:06:14,-82.3503,28.1254,  86.6,17516,-76.6,-81.7,-76.9, 46, 95, 0.01,328, 2.5
2024-09-26 12:06:15,-82.3503,28.1254,  86.5,17522,-76.6,-81.7,-77.0, 46, 95, 0.01,330, 2.4
2024-09-26 12:06:16,-82.3503,28.1254,  86.4,17527,-76.6,-81.7,-77.0, 45, 95, 0.01,333, 2.3
2024-09-26 12:06:17,-82.3503,28.1253,  86.4,17533,-76.6,-81.7,-77.0, 45, 95, 0.01,335, 2.2
2024-09-26 12:06:18,-82.3503,28.1253,  86.3,17538,-76.7,-81.8,-77.0, 45, 95, 0.01,339, 2.3
2024-09-26 12:06:19,-82.3503,28.1253,  86.2,17544,-76.7,-81.8,-77.0, 45, 94, 0.01,343, 2.3
2024-09-26 12:06:20,-82.3502,28.1253,  86.1,17550,-76.7,-81.8,-77.0, 45, 94, 0.01,346, 2.4
2024-09-26 12:06:21,-82.3502,28.1253,  86.0,17555,-76.7,-81.8,-77.0, 45, 94, 0.01,350, 2.4
2024-09-26 12:06:22,-82.3502,28.1252,  85.9,17561,-76.7,-81.8,-77.0, 45, 94, 0.01,353, 2.5
2024-09-26 12:06:23,-82.3503,28.1252,  85.8,17567,-76.7,-81.8,-77.1, 45, 94, 0.01,357, 2.5
2024-09-26 12:06:24,-82.3503,28.1252,  85.8,17573,-76.7,-81.8,-77.1, 45, 94, 0.01,360, 2.6
2024-09-26 12:06:25,-82.3503,28.1252,  85.7,17579,-76.7,-81.8,-77.1, 45, 94, 0.01,  4, 2.7
2024-09-26 12:06:26,-82.3503,28.1252,  85.6,17585,-76.7,-81.9,-77.1, 45, 94, 0.01,  7, 2.7
2024-09-26 12:06:27,-82.3503,28.1251,  85.5,17591,-76.7,-81.9,-77.1, 45, 94, 0.01, 10, 2.8
2024-09-26 12:06:28,-82.3504,28.1251,  85.4,17597,-76.7,-81.9,-77.1, 45, 94, 0.01, 13, 2.8
2024-09-26 12:06:29,-82.3504,28.1251,  85.3,17603,-76.7,-81.9,-77.1, 45, 94, 0.01, 15, 2.9
2024-09-26 12:06:30,-82.3504,28.1251,  85.2,17609,-76.7,-81.9,-77.1, 45, 94, 0.01, 18, 2.9
2024-09-26 12:06:31,-82.3504,28.1251,  85.1,17615,-76.7,-81.9,-77.2, 45, 94, 0.01, 20, 3.0
2024-09-26 12:06:32,-82.3505,28.1250,  85.0,17620,-76.8,-81.9,-77.2, 45, 94, 0.01, 22, 3.0
2024-09-26 12:06:33,-82.3505,28.1250,  85.0,17626,-76.8,-82.0,-77.2, 45, 93, 0.01, 24, 3.1
2024-09-26 12:06:34,-82.3505,28.1250,  84.9,17632,-76.8,-82.0,-77.2, 45, 93, 0.01, 26, 3.2
2024-09-26 12:06:35,-82.3505,28.1250,  84.8,17638,-76.8,-82.0,-77.2, 45, 93, 0.01, 28, 3.2
2024-09-26 12:06:36,-82.3505,28.1250,  84.7,17644,-76.8,-82.0,-77.2, 45, 93, 0.01, 30, 3.3
2024-09-26 12:06:37,-82.3506,28.1249,  84.6,17649,-76.8,-82.0,-77.2, 44, 93, 0.01, 32, 3.3
2024-09-26 12:06:38,-82.3506,28.1249,  84.5,17655,-76.8,-82.0,-77.3, 44, 93, 0.01, 33, 3.3
2024-09-26 12:06:39,-82.3506,28.1249,  84.5,17661,-76.8,-82.0,-77.3, 44, 93, 0.01, 34, 3.2
2024-09-26 12:06:40,-82.3506,28.1249,  84.4,17667,-76.8,-82.1,-77.3, 44, 93, 0.01, 35, 3.2
2024-09-26 12:06:41,-82.3506,28.1249,  84.3,17673,-76.8,-82.1,-77.3, 44, 92, 0.01, 36, 3.2
2024-09-26 12:06:42,-82.3507,28.1249,  84.2,17678,-76.8,-82.1,-77.3, 44, 92, 0.01, 38, 3.2
2024-09-26 12:06:43,-82.3507,28.1248,  84.1,17683,-76.9,-82.1,-77.3, 44, 92, 0.01, 39, 3.2
2024-09-26 12:06:44,-82.3507,28.1248,  84.0,17689,-76.9,-82.1,-77.4, 44, 92, 0.01, 40, 3.1
2024-09-26 12:06:45,-82.3507,28.1248,  84.0,17694,-76.9,-82.2,-77.4, 44, 92, 0.01, 42, 3.1
2024-09-26 12:06:46,-82.3507,28.1248,  83.9,17700,-76.9,-82.2,-77.4, 44, 92, 0.01, 43, 3.1
2024-09-26 12:06:47,-82.3508,28.1248,  83.8,17705,-76.9,-82.2,-77.4, 44, 92, 0.01, 44, 3.0
2024-09-26 12:06:48,-82.3508,28.1247,  83.7,17710,-76.9,-82.2,-77.5, 44, 92, 0.01, 46, 3.0
2024-09-26 12:06:49,-82.3508,28.1247,  83.7,17715,-76.9,-82.2,-77.5, 44, 91, 0.01, 47, 3.0
2024-09-26 12:06:50,-82.3508,28.1247,  83.6,17721,-76.9,-82.3,-77.5, 44, 91, 0.01, 49, 2.9
2024-09-26 12:06:51,-82.3509,28.1247,  83.5,17726,-76.9,-82.3,-77.5, 43, 91, 0.01, 50, 2.9
2024-09-26 12:06:52,-82.3509,28.1247,  83.4,17731,-76.9,-82.3,-77.5, 43, 91, 0.01, 52, 2.9
2024-09-26 12:06:53,-82.3509,28.1247,  83.3,17736,-76.9,-82.3,-77.6, 43, 90, 0.01, 53, 2.9
2024-09-26 12:06:54,-82.3509,28.1247,  83.3,17742,-76.9,-82.3,-77.6, 43, 90, 0.01, 55, 2.8
2024-09-26 12:06:55,-82.3509,28.1247,  83.2,17747,-76.9,-82.3,-77.6, 43, 90, 0.01, 56, 2.8
2024-09-26 12:06:56,-82.3509,28.1247,  83.1,17753,-76.9,-82.4,-77.6, 43, 90, 0.01, 58, 2.8
2024-09-26 12:06:57,-82.3509,28.1247,  83.0,17758,-76.9,-82.4,-77.6, 43, 90, 0.01, 60, 2.7
2024-09-26 12:06:58,-82.3509,28.1247,  83.0,17763,-76.9,-82.4,-77.6, 43, 89, 0.01, 60, 2.7
2024-09-26 12:06:59,-82.3509,28.1247,  82.9,17769,-76.9,-82.4,-77.7, 43, 89, 0.01, 61, 2.6
2024-09-26 12:07:00,-82.3510,28.1247,  82.8,17774,-76.9,-82.4,-77.7, 43, 89, 0.01, 61, 2.5
2024-09-26 12:07:01,-82.3510,28.1247,  82.7,17779,-76.9,-82.4,-77.7, 42, 89, 0.01, 62, 2.4
2024-09-26 12:07:02,-82.3510,28.1247,  82.6,17785,-76.9,-82.5,-77.7, 42, 89, 0.01, 63, 2.3
2024-09-26 12:07:03,-82.3510,28.1247,  82.6,17790,-76.9,-82.5,-77.7, 42, 88, 0.01, 63, 2.2
2024-09-26 12:07:04,-82.3510,28.1247,  82.5,17794,-77.0,-82.5,-77.7, 42, 88, 0.01, 64, 2.2
2024-09-26 12:07:05,-82.3510,28.1247,  82.4,17801,-76.9,-82.5,-77.7, 42, 88, 0.01, 65, 2.1
2024-09-26 12:07:06,-82.3510,28.1247,  82.3,17806,-76.9,-82.5,-77.8, 42, 88, 0.01, 66, 2.0
2024-09-26 12:07:07,-82.3510,28.1247,  82.3,17812,-76.9,-82.5,-77.8, 42, 87, 0.01, 67, 1.9
2024-09-26 12:07:08,-82.3511,28.1247,  82.2,17817,-76.9,-82.5,-77.8, 42, 87, 0.01, 69, 1.8
2024-09-26 12:07:09,-82.3511,28.1247,  82.1,17823,-76.9,-82.5,-77.8, 42, 87, 0.01, 70, 1.7
2024-09-26 12:07:10,-82.3511,28.1247,  82.0,17828,-76.9,-82.5,-77.8, 41, 87, 0.01, 71, 1.7
2024-09-26 12:07:11,-82.3511,28.1247,  82.0,17833,-76.9,-82.5,-77.8, 41, 86, 0.01, 73, 1.6
2024-09-26 12:07:12,-82.3511,28.1247,  81.9,17838,-76.9,-82.6,-77.8, 41, 86, 0.01, 75, 1.5
2024-09-26 12:07:13,-82.3511,28.1247,  81.8,17844,-76.8,-82.6,-77.8, 41, 86, 0.01, 77, 1.4
2024-09-26 12:07:14,-82.3511,28.1247,  81.7,17849,-76.8,-82.6,-77.8, 41, 85, 0.01, 79, 1.3
2024-09-26 12:07:15,-82.3511,28.1247,  81.7,17854,-76.8,-82.6,-77.8, 41, 85, 0.01, 81, 1.2
2024-09-26 12:07:16,-82.3511,28.1247,  81.6,17860,-76.8,-82.6,-77.8, 41, 85, 0.01, 84, 1.2
2024-09-26 12:07:17,-82.3512,28.1247,  81.5,17865,-76.8,-82.6,-77.8, 41, 85, 0.01, 87, 1.1
2024-09-26 12:07:18,-82.3512,28.1247,  81.4,17870,-76.8,-82.6,-77.8, 40, 84, 0.01, 91, 1.1
2024-09-26 12:07:19,-82.3512,28.1247,  81.4,17876,-76.8,-82.6,-77.8, 40, 84, 0.01, 95, 1.1
2024-09-26 12:07:20,-82.3512,28.1247,  81.3,17881,-76.7,-82.6,-77.8, 40, 84, 0.01,100, 1.1
2024-09-26 12:07:21,-82.3512,28.1247,  81.2,17886,-76.7,-82.6,-77.8, 40, 83, 0.01,106, 1.1
2024-09-26 12:07:22,-82.3512,28.1247,  81.1,17891,-76.7,-82.6,-77.8, 40, 83, 0.01,112, 1.2
2024-09-26 12:07:23,-82.3512,28.1247,  81.1,17896,-76.7,-82.6,-77.8, 40, 83, 0.01,120, 1.2
2024-09-26 12:07:24,-82.3512,28.1247,  81.0,17901,-76.6,-82.6,-77.8, 39, 82, 0.01,128, 1.2
2024-09-26 12:07:25,-82.3511,28.1247,  80.9,17906,-76.6,-82.6,-77.8, 39, 82, 0.01,136, 1.2
2024-09-26 12:07:26,-82.3511,28.1247,  80.8,17911,-76.6,-82.6,-77.8, 39, 82, 0.01,145, 1.2
2024-09-26 12:07:27,-82.3511,28.1247,  80.8,17916,-76.6,-82.6,-77.9, 39, 81, 0.01,153, 1.2
2024-09-26 12:07:28,-82.3511,28.1247,  80.7,17922,-76.5,-82.6,-77.9, 39, 81, 0.01,161, 1.2
2024-09-26 12:07:29,-82.3511,28.1248,  80.6,17927,-76.5,-82.6,-77.9, 39, 81, 0.01,168, 1.3
2024-09-26 12:07:30,-82.3511,28.1248,  80.6,17932,-76.5,-82.6,-77.9, 39, 80, 0.01,175, 1.3
2024-09-26 12:07:31,-82.3510,28.1248,  80.5,17937,-76.5,-82.6,-77.9, 38, 80, 0.01,180, 1.3
2024-09-26 12:07:32,-82.3510,28.1248,  80.4,17943,-76.4,-82.6,-77.9, 38, 80, 0.01,185, 1.3
2024-09-26 12:07:33,-82.3510,28.1248,  80.3,17948,-76.4,-82.6,-77.9, 38, 79, 0.01,189, 1.3
2024-09-26 12:07:34,-82.3510,28.1248,  80.3,17953,-76.4,-82.6,-77.8, 38, 79, 0.01,192, 1.3
2024-09-26 12:07:35,-82.3510,28.1248,  80.2,17958,-76.3,-82.6,-77.8, 38, 78, 0.01,195, 1.3
2024-09-26 12:07:36,-82.3510,28.1248,  80.1,17964,-76.3,-82.6,-77.8, 38, 78, 0.01,198, 1.4
2024-09-26 12:07:37,-82.3509,28.1249,  80.0,17969,-76.2,-82.6,-77.8, 37, 78, 0.01,200, 1.4
2024-09-26 12:07:38,-82.3509,28.1249,  80.0,17974,-76.2,-82.6,-77.8, 37, 77, 0.01,205, 1.4
2024-09-26 12:07:39,-82.3509,28.1249,  79.9,17979,-76.2,-82.6,-77.8, 37, 77, 0.01,210, 1.5
2024-09-26 12:07:40,-82.3509,28.1249,  79.8,17985,-76.1,-82.6,-77.8, 37, 77, 0.01,216, 1.6
2024-09-26 12:07:41,-82.3509,28.1249,  79.8,17990,-76.1,-82.6,-77.8, 37, 76, 0.01,221, 1.6
2024-09-26 12:07:42,-82.3509,28.1249,  79.7,17995,-76.1,-82.6,-77.8, 37, 76, 0.01,225, 1.7
2024-09-26 12:07:43,-82.3508,28.1249,  79.6,18001,-76.0,-82.5,-77.8, 36, 75, 0.01,230, 1.8
2024-09-26 12:07:44,-82.3508,28.1249,  79.5,18006,-76.0,-82.5,-77.8, 36, 75, 0.01,234, 1.8
2024-09-26 12:07:45,-82.3508,28.1249,  79.5,18011,-75.9,-82.5,-77.8, 36, 75, 0.01,238, 1.9
2024-09-26 12:07:46,-82.3508,28.1250,  79.4,18017,-75.9,-82.5,-77.8, 36, 74, 0.01,242, 2.0
2024-09-26 12:07:47,-82.3508,28.1250,  79.3,18022,-75.9,-82.5,-77.8, 36, 74, 0.01,245, 2.1
2024-09-26 12:07:48,-82.3508,28.1250,  79.2,18027,-75.8,-82.5,-77.8, 35, 74, 0.01,248, 2.1
2024-09-26 12:07:49,-82.3507,28.1250,  79.2,18032,-75.8,-82.5,-77.8, 35, 73, 0.01,251, 2.2
2024-09-26 12:07:50,-82.3507,28.1250,  79.1,18038,-75.8,-82.5,-77.8, 35, 73, 0.01,253, 2.3
2024-09-26 12:07:51,-82.3507,28.1250,  79.0,18043,-75.7,-82.5,-77.7, 35, 73, 0.01,255, 2.3
2024-09-26 12:07:52,-82.3507,28.1250,  79.0,18048,-75.7,-82.5,-77.7, 35, 72, 0.01,258, 2.4
2024-09-26 12:07:53,-82.3507,28.1250,  78.9,18053,-75.7,-82.5,-77.7, 35, 72, 0.01,259, 2.5
2024-09-26 12:07:54,-82.3506,28.1250,  78.8,18058,-75.6,-82.5,-77.7, 35, 72, 0.01,261, 2.5
2024-09-26 12:07:55,-82.3506,28.1250,  78.7,18063,-75.6,-82.4,-77.7, 35, 72, 0.01,263, 2.6
2024-09-26 12:07:56,-82.3506,28.1250,  78.7,18068,-75.5,-82.4,-77.7, 35, 71, 0.01,264, 2.7
2024-09-26 12:07:57,-82.3505,28.1250,  78.6,18074,-75.5,-82.4,-77.6, 34, 71, 0.01,266, 2.7
2024-09-26 12:07:58,-82.3505,28.1250,  78.5,18079,-75.5,-82.4,-77.6, 34, 71, 0.01,266, 2.8
2024-09-26 12:07:59,-82.3505,28.1250,  78.5,18084,-75.4,-82.4,-77.6, 34, 71, 0.01,267, 2.8
2024-09-26 12:08:00,-82.3504,28.1250,  78.4,18089,-75.4,-82.4,-77.6, 34, 70, 0.01,267, 2.8
2024-09-26 12:08:01,-82.3504,28.1249,  78.3,18094,-75.4,-82.3,-77.6, 34, 70, 0.01,268, 2.8
2024-09-26 12:08:02,-82.3504,28.1249,  78.3,18099,-75.3,-82.3,-77.6, 34, 70, 0.01,268, 2.9
2024-09-26 12:08:03,-82.3503,28.1249,  78.2,18104,-75.3,-82.3,-77.5, 34, 70, 0.01,268, 2.9
2024-09-26 12:08:04,-82.3503,28.1249,  78.1,18109,-75.2,-82.3,-77.5, 34, 70, 0.01,269, 2.9
2024-09-26 12:08:05,-82.3503,28.1249,  78.1,18115,-75.2,-82.3,-77.5, 34, 70, 0.01,269, 3.0
2024-09-26 12:08:06,-82.3503,28.1249,  78.0,18120,-75.2,-82.2,-77.5, 34, 69, 0.01,270, 3.0
2024-09-26 12:08:07,-82.3502,28.1249,  77.9,18125,-75.1,-82.2,-77.5, 34, 69, 0.01,270, 3.0
2024-09-26 12:08:08,-82.3502,28.1249,  77.8,18130,-75.1,-82.2,-77.4, 33, 69, 0.01,270, 3.0
2024-09-26 12:08:09,-82.3502,28.1249,  77.8,18135,-75.0,-82.2,-77.4, 33, 69, 0.01,271, 3.1
2024-09-26 12:08:10,-82.3501,28.1249,  77.7,18140,-75.0,-82.2,-77.4, 33, 69, 0.01,271, 3.1
2024-09-26 12:08:11,-82.3501,28.1249,  77.6,18145,-75.0,-82.1,-77.4, 33, 68, 0.01,272, 3.1
2024-09-26 12:08:12,-82.3501,28.1249,  77.6,18150,-74.9,-82.1,-77.4, 33, 68, 0.01,272, 3.2
2024-09-26 12:08:13,-82.3500,28.1249,  77.5,18156,-74.9,-82.1,-77.3, 33, 68, 0.01,272, 3.2
2024-09-26 12:08:14,-82.3500,28.1248,  77.4,18161,-74.9,-82.1,-77.3, 33, 68, 0.01,273, 3.2
2024-09-26 12:08:15,-82.3500,28.1248,  77.4,18166,-74.9,-82.1,-77.3, 33, 68, 0.01,273, 3.2
2024-09-26 12:08:16,-82.3500,28.1248,  77.3,18171,-74.8,-82.1,-77.3, 33, 67, 0.01,273, 3.3
2024-09-26 12:08:17,-82.3499,28.1248,  77.2,18176,-74.8,-82.1,-77.3, 33, 67, 0.01,274, 3.3
2024-09-26 12:08:18,-82.3499,28.1248,  77.2,18181,-74.8,-82.0,-77.3, 33, 67, 0.01,275, 3.2
2024-09-26 12:08:19,-82.3499,28.1248,  77.1,18186,-74.7,-82.0,-77.2, 33, 67, 0.01,276, 3.2
2024-09-26 12:08:20,-82.3498,28.1248,  77.0,18192,-74.7,-82.0,-77.2, 33, 67, 0.01,277, 3.2
2024-09-26 12:08:21,-82.3498,28.1248,  77.0,18197,-74.7,-82.0,-77.2, 33, 67, 0.01,279, 3.1
2024-09-26 12:08:22,-82.3498,28.1248,  76.9,18202,-74.6,-81.9,-77.2, 33, 67, 0.01,280, 3.1
2024-09-26 12:08:23,-82.3497,28.1248,  76.8,18207,-74.6,-81.9,-77.1, 33, 67, 0.01,282, 3.1
2024-09-26 12:08:24,-82.3497,28.1248,  76.7,18212,-74.6,-81.9,-77.1, 33, 67, 0.01,283, 3.0
2024-09-26 12:08:25,-82.3497,28.1248,  76.7,18218,-74.6,-81.9,-77.1, 33, 67, 0.01,285, 3.0
2024-09-26 12:08:26,-82.3496,28.1248,  76.6,18223,-74.5,-81.9,-77.1, 33, 67, 0.01,287, 3.0
2024-09-26 12:08:27,-82.3496,28.1248,  76.5,18228,-74.5,-81.8,-77.1, 33, 67, 0.01,288, 2.9
2024-09-26 12:08:28,-82.3496,28.1247,  76.5,18233,-74.5,-81.8,-77.1, 33, 67, 0.01,290, 2.9
2024-09-26 12:08:29,-82.3496,28.1247,  76.4,18238,-74.5,-81.8,-77.1, 33, 67, 0.01,292, 2.8
2024-09-26 12:08:30,-82.3496,28.1247,  76.3,18244,-74.5,-81.8,-77.0, 33, 67, 0.01,294, 2.8
2024-09-26 12:08:31,-82.3496,28.1247,  76.3,18249,-74.5,-81.8,-77.0, 33, 67, 0.01,296, 2.8
2024-09-26 12:08:32,-82.3496,28.1246,  76.2,18254,-74.5,-81.8,-77.0, 33, 67, 0.01,297, 2.7
2024-09-26 12:08:33,-82.3496,28.1246,  76.1,18259,-74.4,-81.8,-77.0, 32, 66, 0.01,299, 2.7
2024-09-26 12:08:34,-82.3496,28.1246,  76.1,18264,-74.4,-81.8,-77.0, 32, 66, 0.01,301, 2.6
2024-09-26 12:08:35,-82.3496,28.1245,  76.0,18269,-74.4,-81.8,-77.0, 32, 66, 0.01,303, 2.6
2024-09-26 12:08:36,-82.3496,28.1245,  75.9,18274,-74.4,-81.8,-77.0, 32, 66, 0.01,305, 2.6
2024-09-26 12:08:37,-82.3496,28.1245,  75.9,18279,-74.4,-81.8,-77.0, 32, 66, 0.01,308, 2.5
2024-09-26 12:08:38,-82.3496,28.1244,  75.8,18284,-74.4,-81.8,-77.0, 32, 66, 0.01,311, 2.6
2024-09-26 12:08:39,-82.3496,28.1244,  75.7,18290,-74.4,-81.8,-77.0, 32, 66, 0.01,315, 2.6
2024-09-26 12:08:40,-82.3496,28.1244,  75.7,18295,-74.4,-81.8,-77.0, 32, 66, 0.01,320, 2.7
2024-09-26 12:08:41,-82.3496,28.1244,  75.6,18301,-74.3,-81.8,-77.0, 32, 66, 0.01,324, 2.7
2024-09-26 12:08:42,-82.3496,28.1243,  75.5,18306,-74.3,-81.8,-77.0, 32, 66, 0.01,328, 2.8
2024-09-26 12:08:43,-82.3496,28.1243,  75.5,18311,-74.3,-81.8,-77.0, 32, 65, 0.01,332, 2.8
2024-09-26 12:08:44,-82.3496,28.1243,  75.4,18316,-74.3,-81.8,-77.0, 32, 65, 0.01,336, 2.9
2024-09-26 12:08:45,-82.3497,28.1242,  75.3,18321,-74.3,-81.8,-77.0, 32, 65, 0.01,341, 3.0
2024-09-26 12:08:46,-82.3497,28.1242,  75.3,18326,-74.3,-81.8,-77.0, 32, 65, 0.01,345, 3.0
2024-09-26 12:08:47,-82.3497,28.1242,  75.2,18331,-74.3,-81.8,-77.1, 32, 65, 0.01,348, 3.1
2024-09-26 12:08:48,-82.3497,28.1242,  75.1,18335,-74.3,-81.8,-77.1, 32, 65, 0.01,352, 3.1
2024-09-26 12:08:49,-82.3497,28.1241,  75.1,18341,-74.3,-81.8,-77.1, 32, 65, 0.01,355, 3.2
2024-09-26 12:08:50,-82.3497,28.1241,  75.0,18346,-74.3,-81.8,-77.1, 32, 65, 0.01,359, 3.2
2024-09-26 12:08:51,-82.3497,28.1241,  74.9,18351,-74.3,-81.8,-77.1, 32, 65, 0.01,  2, 3.3
2024-09-26 12:08:52,-82.3497,28.1240,  74.9,18354,-74.3,-81.9,-77.1, 32, 64, 0.01,  3, 3.3
2024-09-26 12:08:53,-82.3497,28.1240,  74.8,18361,-74.3,-81.9,-77.1, 32, 64, 0.01,  7, 3.4
2024-09-26 12:08:54,-82.3497,28.1240,  74.7,18366,-74.3,-81.9,-77.1, 31, 64, 0.01, 10, 3.4
2024-09-26 12:08:55,-82.3497,28.1239,  74.7,18372,-74.3,-81.9,-77.1, 31, 64, 0.01, 12, 3.5
2024-09-26 12:08:56,-82.3497,28.1239,  74.6,18377,-74.3,-81.9,-77.2, 31, 64, 0.01, 14, 3.5
2024-09-26 12:08:57,-82.3497,28.1239,  74.5,18382,-74.3,-81.9,-77.2, 31, 64, 0.01, 16, 3.6
2024-09-26 12:08:58,-82.3498,28.1239,  74.5,18387,-74.3,-82.0,-77.2, 31, 64, 0.01, 17, 3.6
2024-09-26 12:08:59,-82.3498,28.1238,  74.4,18392,-74.3,-82.0,-77.2, 31, 63, 0.01, 19, 3.6
2024-09-26 12:09:00,-82.3498,28.1238,  74.3,18397,-74.3,-82.0,-77.2, 31, 63, 0.01, 21, 3.7
2024-09-26 12:09:01,-82.3499,28.1238,  74.3,18402,-74.3,-82.0,-77.3, 31, 63, 0.01, 22, 3.7
2024-09-26 12:09:02,-82.3499,28.1238,  74.2,18407,-74.3,-82.0,-77.3, 31, 63, 0.01, 24, 3.7
2024-09-26 12:09:03,-82.3500,28.1238,  74.2,18412,-74.3,-82.1,-77.3, 31, 63, 0.01, 25, 3.8
2024-09-26 12:09:04,-82.3500,28.1237,  74.1,18417,-74.3,-82.1,-77.3, 31, 62, 0.01, 27, 3.8
2024-09-26 12:09:05,-82.3500,28.1237,  74.0,18422,-74.3,-82.1,-77.4, 30, 62, 0.01, 28, 3.8
2024-09-26 12:09:06,-82.3501,28.1237,  74.0,18427,-74.3,-82.1,-77.4, 30, 62, 0.01, 30, 3.8
2024-09-26 12:09:07,-82.3501,28.1237,  73.9,18432,-74.3,-82.1,-77.4, 30, 62, 0.01, 32, 3.9
2024-09-26 12:09:08,-82.3501,28.1236,  73.8,18437,-74.3,-82.1,-77.4, 30, 61, 0.01, 33, 3.9
2024-09-26 12:09:09,-82.3502,28.1236,  73.8,18442,-74.3,-82.1,-77.4, 30, 61, 0.01, 34, 3.9
2024-09-26 12:09:10,-82.3502,28.1236,  73.7,18447,-74.3,-82.2,-77.4, 30, 61, 0.01, 36, 3.9
2024-09-26 12:09:11,-82.3503,28.1236,  73.7,18451,-74.3,-82.2,-77.4, 30, 61, 0.01, 37, 4.0
2024-09-26 12:09:12,-82.3503,28.1236,  73.6,18456,-74.2,-82.2,-77.4, 30, 60, 0.01, 39, 4.0
2024-09-26 12:09:13,-82.3504,28.1235,  73.5,18461,-74.2,-82.2,-77.4, 29, 60, 0.01, 40, 4.0
2024-09-26 12:09:14,-82.3504,28.1235,  73.5,18466,-74.2,-82.2,-77.4, 29, 60, 0.01, 41, 4.1
2024-09-26 12:09:15,-82.3504,28.1235,  73.4,18471,-74.2,-82.2,-77.5, 29, 60, 0.01, 43, 4.1
2024-09-26 12:09:16,-82.3505,28.1235,  73.4,18476,-74.2,-82.2,-77.5, 29, 59, 0.01, 44, 4.1
2024-09-26 12:09:17,-82.3505,28.1234,  73.3,18480,-74.2,-82.3,-77.5, 29, 59, 0.01, 45, 4.1
2024-09-26 12:09:18,-82.3505,28.1234,  73.2,18485,-74.2,-82.3,-77.5, 29, 59, 0.01, 48, 4.2
2024-09-26 12:09:19,-82.3506,28.1234,  73.2,18490,-74.1,-82.3,-77.5, 29, 59, 0.01, 50, 4.3
2024-09-26 12:09:20,-82.3506,28.1234,  73.1,18495,-74.1,-82.2,-77.5, 29, 58, 0.01, 53, 4.5
2024-09-26 12:09:21,-82.3507,28.1234,  73.1,18499,-74.0,-82.2,-77.5, 29, 58, 0.01, 55, 4.6
2024-09-26 12:09:22,-82.3507,28.1233,  73.0,18504,-74.0,-82.2,-77.5, 28, 58, 0.01, 57, 4.7
2024-09-26 12:09:23,-82.3507,28.1233,  72.9,18509,-73.9,-82.2,-77.4, 28, 57, 0.01, 59, 4.8
2024-09-26 12:09:24,-82.3508,28.1233,  72.9,18514,-73.9,-82.2,-77.4, 28, 57, 0.01, 62, 4.9
2024-09-26 12:09:25,-82.3508,28.1233,  72.8,18519,-73.9,-82.2,-77.4, 28, 57, 0.01, 64, 5.0
2024-09-26 12:09:26,-82.3509,28.1232,  72.8,18524,-73.8,-82.2,-77.4, 28, 57, 0.01, 66, 5.1
2024-09-26 12:09:27,-82.3509,28.1232,  72.7,18529,-73.8,-82.2,-77.4, 28, 56, 0.01, 67, 5.2
2024-09-26 12:09:28,-82.3510,28.1233,  72.6,18533,-73.7,-82.2,-77.4, 28, 56, 0.01, 69, 5.3
2024-09-26 12:09:29,-82.3510,28.1233,  72.6,18538,-73.7,-82.2,-77.4, 27, 56, 0.01, 71, 5.4
2024-09-26 12:09:30,-82.3511,28.1233,  72.5,18542,-73.6,-82.2,-77.4, 27, 55, 0.01, 73, 5.5
2024-09-26 12:09:31,-82.3511,28.1233,  72.5,18547,-73.6,-82.1,-77.4, 27, 55, 0.01, 74, 5.6
2024-09-26 12:09:32,-82.3512,28.1233,  72.4,18551,-73.5,-82.1,-77.4, 27, 55, 0.01, 76, 5.7
2024-09-26 12:09:33,-82.3513,28.1233,  72.3,18556,-73.5,-82.1,-77.3, 27, 54, 0.01, 77, 5.8
2024-09-26 12:09:34,-82.3513,28.1233,  72.3,18561,-73.4,-82.1,-77.3, 27, 54, 0.01, 79, 5.9
2024-09-26 12:09:35,-82.3514,28.1234,  72.2,18565,-73.3,-82.0,-77.3, 27, 54, 0.01, 80, 6.0
2024-09-26 12:09:36,-82.3514,28.1234,  72.2,18570,-73.2,-82.0,-77.2, 26, 53, 0.01, 81, 6.0
2024-09-26 12:09:37,-82.3515,28.1234,  72.1,18574,-73.2,-82.0,-77.2, 26, 53, 0.01, 82, 6.2
2024-09-26 12:09:38,-82.3516,28.1234,  72.1,18579,-73.1,-81.9,-77.2, 26, 53, 0.01, 84, 6.1
2024-09-26 12:09:39,-82.3516,28.1234,  72.0,18583,-73.0,-81.9,-77.1, 26, 52, 0.01, 85, 6.2
2024-09-26 12:09:40,-82.3517,28.1234,  72.0,18587,-72.9,-81.8,-77.1, 26, 52, 0.01, 87, 6.2
2024-09-26 12:09:41,-82.3517,28.1234,  71.9,18592,-72.9,-81.8,-77.0, 26, 52, 0.01, 88, 6.2
2024-09-26 12:09:42,-82.3518,28.1235,  71.9,18596,-72.8,-81.8,-77.0, 26, 52, 0.01, 90, 6.1
2024-09-26 12:09:43,-82.3519,28.1235,  71.8,18600,-72.7,-81.7,-77.0, 26, 51, 0.01, 91, 6.1
2024-09-26 12:09:44,-82.3519,28.1235,  71.8,18604,-72.6,-81.7,-76.9, 25, 51, 0.01, 93, 6.1
2024-09-26 12:09:45,-82.3520,28.1235,  71.7,18608,-72.6,-81.6,-76.9, 25, 51, 0.01, 95, 6.1
2024-09-26 12:09:46,-82.3520,28.1235,  71.7,18612,-72.5,-81.6,-76.8, 25, 51, 0.01, 96, 6.1
2024-09-26 12:09:47,-82.3521,28.1235,  71.6,18616,-72.4,-81.5,-76.8, 25, 50, 0.01, 98, 6.1
2024-09-26 12:09:48,-82.3522,28.1235,  71.6,18621,-72.3,-81.5,-76.7, 25, 50, 0.01, 99, 6.1
2024-09-26 12:09:49,-82.3522,28.1236,  71.5,18625,-72.2,-81.4,-76.7, 25, 50, 0.01,101, 6.1
2024-09-26 12:09:50,-82.3523,28.1236,  71.4,18629,-72.1,-81.4,-76.6, 25, 50, 0.01,103, 6.1
2024-09-26 12:09:51,-82.3523,28.1236,  71.4,18633,-72.0,-81.3,-76.6, 25, 49, 0.01,104, 6.1
2024-09-26 12:09:52,-82.3524,28.1236,  71.3,18638,-71.9,-81.3,-76.5, 25, 49, 0.01,106, 6.1
2024-09-26 12:09:53,-82.3525,28.1236,  71.3,18642,-71.9,-81.2,-76.5, 25, 49, 0.01,107, 6.1
2024-09-26 12:09:54,-82.3525,28.1236,  71.2,18647,-71.8,-81.1,-76.4, 24, 49, 0.01,109, 6.1
2024-09-26 12:09:55,-82.3526,28.1236,  71.2,18651,-71.7,-81.1,-76.3, 24, 49, 0.01,110, 6.1
2024-09-26 12:09:56,-82.3526,28.1237,  71.1,18656,-71.6,-81.0,-76.3, 24, 48, 0.01,112, 6.0
2024-09-26 12:09:57,-82.3527,28.1237,  71.1,18660,-71.5,-81.0,-76.2, 24, 48, 0.01,114, 6.1
2024-09-26 12:09:58,-82.3527,28.1237,  71.0,18664,-71.4,-80.9,-76.2, 24, 48, 0.01,114, 6.0
2024-09-26 12:09:59,-82.3528,28.1237,  71.0,18668,-71.3,-80.8,-76.1, 24, 48, 0.01,114, 5.9
2024-09-26 12:10:00,-82.3528,28.1237,  70.9,18672,-71.2,-80.8,-76.0, 24, 48, 0.01,115, 5.8
2024-09-26 12:10:01,-82.3528,28.1237,  70.9,18676,-71.1,-80.7,-76.0, 24, 47, 0.01,115, 5.7
2024-09-26 12:10:02,-82.3529,28.1238,  70.8,18681,-71.0,-80.7,-75.9, 24, 47, 0.01,116, 5.6
2024-09-26 12:10:03,-82.3529,28.1238,  70.8,18685,-71.0,-80.6,-75.9, 24, 47, 0.01,116, 5.5
2024-09-26 12:10:04,-82.3529,28.1238,  70.7,18690,-70.9,-80.5,-75.8, 24, 47, 0.01,117, 5.5
2024-09-26 12:10:05,-82.3530,28.1238,  70.7,18694,-70.8,-80.5,-75.7, 24, 47, 0.01,117, 5.4
2024-09-26 12:10:06,-82.3530,28.1238,  70.6,18698,-70.7,-80.4,-75.7, 23, 46, 0.01,118, 5.3
2024-09-26 12:10:07,-82.3530,28.1239,  70.6,18703,-70.6,-80.4,-75.6, 23, 46, 0.01,119, 5.2
2024-09-26 12:10:08,-82.3531,28.1239,  70.5,18707,-70.5,-80.3,-75.5, 23, 46, 0.01,119, 5.1
2024-09-26 12:10:09,-82.3531,28.1239,  70.5,18712,-70.4,-80.2,-75.5, 23, 46, 0.01,120, 5.1
2024-09-26 12:10:10,-82.3531,28.1239,  70.4,18716,-70.3,-80.2,-75.4, 23, 46, 0.01,120, 5.0
2024-09-26 12:10:11,-82.3532,28.1239,  70.4,18721,-70.2,-80.1,-75.4, 23, 45, 0.01,121, 4.9
2024-09-26 12:10:12,-82.3532,28.1239,  70.3,18725,-70.1,-80.0,-75.3, 23, 45, 0.01,122, 4.8
2024-09-26 12:10:13,-82.3533,28.1240,  70.2,18730,-70.1,-80.0,-75.3, 23, 45, 0.01,122, 4.7
2024-09-26 12:10:14,-82.3533,28.1240,  70.2,18734,-70.0,-80.0,-75.2, 23, 45, 0.01,123, 4.7
2024-09-26 12:10:15,-82.3533,28.1240,  70.1,18739,-69.9,-79.9,-75.2, 23, 45, 0.01,124, 4.6
2024-09-26 12:10:16,-82.3534,28.1240,  70.1,18744,-69.9,-79.9,-75.1, 23, 45, 0.01,125, 4.5
2024-09-26 12:10:17,-82.3534,28.1240,  70.0,18748,-69.8,-79.8,-75.1, 23, 44, 0.01,126, 4.4
2024-09-26 12:10:18,-82.3534,28.1241,  70.0,18751,-69.7,-79.8,-75.1, 23, 44, 0.01,125, 4.4
2024-09-26 12:10:19,-82.3535,28.1241,  69.9,18757,-69.6,-79.8,-75.0, 23, 44, 0.01,124, 4.3
2024-09-26 12:10:20,-82.3535,28.1241,  69.9,18761,-69.6,-79.7,-75.0, 22, 44, 0.01,123, 4.3
2024-09-26 12:10:21,-82.3536,28.1241,  69.8,18766,-69.5,-79.7,-74.9, 22, 44, 0.01,122, 4.3
2024-09-26 12:10:22,-82.3536,28.1241,  69.8,18770,-69.4,-79.6,-74.9, 22, 44, 0.01,120, 4.3
2024-09-26 12:10:23,-82.3536,28.1241,  69.7,18775,-69.4,-79.6,-74.8, 22, 44, 0.01,119, 4.2
2024-09-26 12:10:24,-82.3537,28.1242,  69.7,18779,-69.3,-79.5,-74.8, 22, 44, 0.01,118, 4.2
2024-09-26 12:10:25,-82.3537,28.1242,  69.6,18783,-69.2,-79.5,-74.7, 22, 43, 0.01,117, 4.2
2024-09-26 12:10:26,-82.3537,28.1242,  69.6,18788,-69.2,-79.4,-74.7, 22, 43, 0.01,116, 4.1
2024-09-26 12:10:27,-82.3538,28.1242,  69.5,18792,-69.1,-79.4,-74.7, 22, 43, 0.01,115, 4.1
2024-09-26 12:10:28,-82.3538,28.1242,  69.5,18797,-69.1,-79.4,-74.6, 22, 43, 0.01,114, 4.1
2024-09-26 12:10:29,-82.3539,28.1242,  69.4,18801,-69.0,-79.3,-74.6, 22, 43, 0.01,113, 4.0
2024-09-26 12:10:30,-82.3539,28.1242,  69.4,18806,-69.0,-79.3,-74.6, 22, 43, 0.01,111, 4.0
2024-09-26 12:10:31,-82.3540,28.1242,  69.3,18811,-68.9,-79.3,-74.5, 22, 43, 0.01,110, 4.0
2024-09-26 12:10:32,-82.3540,28.1242,  69.2,18816,-68.9,-79.2,-74.5, 22, 43, 0.01,109, 4.0
2024-09-26 12:10:33,-82.3540,28.1242,  69.2,18821,-68.8,-79.2,-74.5, 22, 43, 0.01,108, 3.9
2024-09-26 12:10:34,-82.3541,28.1243,  69.1,18826,-68.8,-79.2,-74.4, 22, 43, 0.01,106, 3.9
2024-09-26 12:10:35,-82.3541,28.1243,  69.1,18830,-68.8,-79.1,-74.4, 22, 43, 0.01,105, 3.8
2024-09-26 12:10:36,-82.3542,28.1243,  69.0,18835,-68.7,-79.1,-74.4, 22, 42, 0.01,104, 3.8
2024-09-26 12:10:37,-82.3542,28.1243,  69.0,18840,-68.7,-79.1,-74.3, 22, 42, 0.01,103, 3.8
2024-09-26 12:10:38,-82.3543,28.1243,  68.9,18845,-68.6,-79.0,-74.3, 22, 42, 0.01,102, 3.8
2024-09-26 12:10:39,-82.3543,28.1243,  68.8,18850,-68.6,-79.0,-74.3, 22, 42, 0.01,102, 3.9
2024-09-26 12:10:40,-82.3543,28.1243,  68.8,18855,-68.5,-79.0,-74.2, 22, 42, 0.01,102, 3.9
2024-09-26 12:10:41,-82.3544,28.1243,  68.7,18860,-68.5,-78.9,-74.2, 22, 42, 0.01,102, 3.9
2024-09-26 12:10:42,-82.3544,28.1243,  68.7,18865,-68.5,-78.9,-74.2, 22, 42, 0.01,102, 4.0
2024-09-26 12:10:43,-82.3545,28.1243,  68.6,18870,-68.4,-78.9,-74.1, 22, 42, 0.01,102, 4.0
2024-09-26 12:10:44,-82.3545,28.1243,  68.6,18875,-68.4,-78.9,-74.1, 22, 42, 0.01,102, 4.0
2024-09-26 12:10:45,-82.3546,28.1243,  68.5,18880,-68.3,-78.8,-74.1, 22, 42, 0.01,102, 4.1
2024-09-26 12:10:46,-82.3546,28.1243,  68.4,18885,-68.3,-78.8,-74.1, 22, 42, 0.01,102, 4.1
2024-09-26 12:10:47,-82.3546,28.1244,  68.4,18890,-68.3,-78.8,-74.1, 22, 42, 0.01,101, 4.1
2024-09-26 12:10:48,-82.3547,28.1244,  68.3,18895,-68.2,-78.8,-74.0, 22, 42, 0.01,101, 4.2
2024-09-26 12:10:49,-82.3547,28.1244,  68.3,18899,-68.2,-78.8,-74.0, 22, 42, 0.01,101, 4.2
2024-09-26 12:10:50,-82.3548,28.1244,  68.2,18904,-68.2,-78.7,-74.0, 21, 41, 0.01,101, 4.3
2024-09-26 12:10:51,-82.3548,28.1244,  68.2,18909,-68.1,-78.7,-74.0, 21, 41, 0.01,101, 4.3
2024-09-26 12:10:52,-82.3549,28.1244,  68.1,18914,-68.1,-78.7,-74.0, 21, 41, 0.01,101, 4.3
2024-09-26 12:10:53,-82.3549,28.1244,  68.1,18919,-68.0,-78.7,-73.9, 21, 41, 0.01,101, 4.4
2024-09-26 12:10:54,-82.3549,28.1244,  68.0,18923,-68.0,-78.6,-73.9, 21, 41, 0.01,101, 4.4
2024-09-26 12:10:55,-82.3550,28.1244,  68.0,18928,-68.0,-78.6,-73.9, 21, 41, 0.01,101, 4.4
2024-09-26 12:10:56,-82.3550,28.1244,  67.9,18933,-67.9,-78.6,-73.9, 21, 41, 0.01,101, 4.5
2024-09-26 12:10:57,-82.3551,28.1244,  67.8,18938,-67.9,-78.6,-73.8, 21, 41, 0.01,101, 4.5
2024-09-26 12:10:58,-82.3551,28.1244,  67.8,18943,-67.8,-78.6,-73.8, 21, 41, 0.01,101, 4.5
2024-09-26 12:10:59,-82.3552,28.1244,  67.7,18948,-67.8,-78.5,-73.8, 21, 41, 0.01,101, 4.5
2024-09-26 12:11:00,-82.3552,28.1244,  67.7,18953,-67.8,-78.5,-73.8, 21, 40, 0.01,102, 4.5
2024-09-26 12:11:01,-82.3553,28.1245,  67.6,18958,-67.7,-78.5,-73.8, 21, 40, 0.01,102, 4.6
2024-09-26 12:11:02,-82.3553,28.1245,  67.6,18963,-67.7,-78.5,-73.8, 21, 40, 0.01,103, 4.6
2024-09-26 12:11:03,-82.3554,28.1245,  67.5,18968,-67.7,-78.5,-73.8, 21, 40, 0.01,103, 4.6
2024-09-26 12:11:04,-82.3554,28.1245,  67.5,18972,-67.6,-78.5,-73.7, 21, 40, 0.01,104, 4.6
2024-09-26 12:11:05,-82.3555,28.1245,  67.4,18977,-67.6,-78.5,-73.7, 21, 40, 0.01,104, 4.6
2024-09-26 12:11:06,-82.3556,28.1245,  67.4,18982,-67.5,-78.4,-73.7, 21, 40, 0.01,104, 4.6
2024-09-26 12:11:07,-82.3556,28.1245,  67.3,18986,-67.5,-78.4,-73.7, 21, 39, 0.01,105, 4.7
2024-09-26 12:11:08,-82.3557,28.1245,  67.2,18991,-67.5,-78.4,-73.7, 20, 39, 0.01,105, 4.7
2024-09-26 12:11:09,-82.3557,28.1245,  67.2,18996,-67.4,-78.4,-73.7, 20, 39, 0.01,106, 4.7
2024-09-26 12:11:10,-82.3558,28.1245,  67.1,19001,-67.4,-78.4,-73.7, 20, 39, 0.01,106, 4.7
2024-09-26 12:11:11,-82.3558,28.1245,  67.1,19006,-67.3,-78.4,-73.7, 20, 39, 0.01,106, 4.7
2024-09-26 12:11:12,-82.3559,28.1245,  67.0,19011,-67.3,-78.4,-73.6, 20, 39, 0.01,107, 4.7
2024-09-26 12:11:13,-82.3559,28.1245,  67.0,19016,-67.3,-78.3,-73.6, 20, 39, 0.01,107, 4.8
2024-09-26 12:11:14,-82.3560,28.1245,  66.9,19021,-67.2,-78.3,-73.6, 20, 39, 0.01,107, 4.8
2024-09-26 12:11:15,-82.3560,28.1245,  66.9,19026,-67.2,-78.3,-73.6, 20, 39, 0.01,108, 4.8
2024-09-26 12:11:16,-82.3561,28.1245,  66.8,19031,-67.2,-78.3,-73.5, 20, 39, 0.01,108, 4.8
2024-09-26 12:11:17,-82.3561,28.1245,  66.7,19036,-67.1,-78.2,-73.5, 20, 39, 0.01,109, 4.8
2024-09-26 12:11:18,-82.3562,28.1246,  66.7,19041,-67.1,-78.2,-73.5, 20, 38, 0.01,107, 4.9
2024-09-26 12:11:19,-82.3563,28.1246,  66.6,19046,-67.1,-78.2,-73.4, 20, 39, 0.01,105, 5.0
2024-09-26 12:11:20,-82.3563,28.1246,  66.6,19051,-67.0,-78.2,-73.4, 20, 38, 0.01,104, 5.1
2024-09-26 12:11:21,-82.3564,28.1246,  66.5,19056,-67.0,-78.1,-73.4, 20, 38, 0.01,102, 5.2
2024-09-26 12:11:22,-82.3564,28.1246,  66.5,19061,-66.9,-78.1,-73.4, 20, 38, 0.01,101, 5.3
2024-09-26 12:11:23,-82.3565,28.1246,  66.4,19066,-66.9,-78.1,-73.3, 20, 38, 0.01, 99, 5.4
2024-09-26 12:11:24,-82.3565,28.1246,  66.4,19070,-66.9,-78.1,-73.3, 20, 38, 0.01, 98, 5.5
2024-09-26 12:11:25,-82.3566,28.1246,  66.3,19076,-66.8,-78.0,-73.3, 20, 38, 0.01, 97, 5.5
2024-09-26 12:11:26,-82.3566,28.1246,  66.3,19081,-66.8,-78.0,-73.3, 20, 38, 0.01, 95, 5.6
2024-09-26 12:11:27,-82.3567,28.1246,  66.2,19086,-66.8,-78.0,-73.2, 20, 38, 0.01, 94, 5.7
2024-09-26 12:11:28,-82.3567,28.1246,  66.1,19091,-66.7,-78.0,-73.2, 20, 38, 0.02, 93, 5.8
2024-09-26 12:11:29,-82.3568,28.1246,  66.1,19097,-66.7,-77.9,-73.2, 20, 38, 0.02, 92, 5.9
2024-09-26 12:11:30,-82.3569,28.1246,  66.0,19102,-66.7,-77.9,-73.2, 20, 38, 0.02, 91, 6.0
2024-09-26 12:11:31,-82.3569,28.1246,  66.0,19107,-66.6,-77.9,-73.1, 20, 38, 0.02, 90, 6.1
2024-09-26 12:11:32,-82.3570,28.1246,  65.9,19112,-66.6,-77.9,-73.1, 20, 38, 0.02, 89, 6.2
2024-09-26 12:11:33,-82.3570,28.1246,  65.9,19118,-66.6,-77.8,-73.1, 20, 38, 0.02, 88, 6.3
2024-09-26 12:11:34,-82.3571,28.1246,  65.8,19123,-66.5,-77.8,-73.1, 20, 38, 0.02, 87, 6.3
2024-09-26 12:11:35,-82.3571,28.1246,  65.7,19128,-66.5,-77.8,-73.1, 20, 38, 0.02, 86, 6.4
2024-09-26 12:11:36,-82.3572,28.1246,  65.7,19133,-66.5,-77.8,-73.0, 20, 38, 0.02, 85, 6.5
2024-09-26 12:11:37,-82.3573,28.1245,  65.6,19138,-66.4,-77.8,-73.0, 20, 38, 0.02, 84, 6.6
2024-09-26 12:11:38,-82.3573,28.1245,  65.6,19144,-66.4,-77.7,-73.0, 20, 38, 0.02, 84, 6.6
2024-09-26 12:11:39,-82.3574,28.1245,  65.5,19149,-66.4,-77.7,-73.0, 20, 38, 0.02, 84, 6.5
2024-09-26 12:11:40,-82.3574,28.1245,  65.5,19154,-66.4,-77.7,-72.9, 20, 38, 0.02, 84, 6.4
2024-09-26 12:11:41,-82.3575,28.1245,  65.4,19159,-66.3,-77.6,-72.9, 20, 38, 0.02, 84, 6.4
2024-09-26 12:11:42,-82.3575,28.1245,  65.3,19164,-66.3,-77.6,-72.9, 20, 38, 0.02, 84, 6.3
2024-09-26 12:11:43,-82.3576,28.1245,  65.3,19169,-66.3,-77.6,-72.9, 20, 38, 0.02, 84, 6.2
2024-09-26 12:11:44,-82.3577,28.1245,  65.2,19174,-66.2,-77.6,-72.8, 20, 38, 0.02, 84, 6.2
2024-09-26 12:11:45,-82.3577,28.1245,  65.2,19179,-66.2,-77.5,-72.8, 20, 38, 0.02, 84, 6.1
2024-09-26 12:11:46,-82.3578,28.1245,  65.1,19184,-66.2,-77.5,-72.8, 20, 38, 0.02, 84, 6.1
2024-09-26 12:11:47,-82.3578,28.1245,  65.1,19190,-66.2,-77.5,-72.8, 20, 38, 0.02, 84, 6.0
2024-09-26 12:11:48,-82.3579,28.1245,  65.0,19195,-66.1,-77.5,-72.7, 20, 38, 0.02, 84, 5.9
2024-09-26 12:11:49,-82.3580,28.1245,  65.0,19201,-66.1,-77.5,-72.7, 20, 38, 0.02, 84, 5.9
2024-09-26 12:11:50,-82.3580,28.1245,  64.9,19206,-66.1,-77.4,-72.7, 20, 38, 0.02, 84, 5.8
2024-09-26 12:11:51,-82.3581,28.1245,  64.8,19212,-66.1,-77.4,-72.7, 20, 38, 0.02, 84, 5.7
2024-09-26 12:11:52,-82.3581,28.1244,  64.8,19217,-66.1,-77.4,-72.7, 20, 37, 0.02, 84, 5.7
2024-09-26 12:11:53,-82.3582,28.1244,  64.7,19223,-66.0,-77.4,-72.7, 20, 37, 0.02, 84, 5.6
2024-09-26 12:11:54,-82.3582,28.1244,  64.7,19228,-66.0,-77.4,-72.7, 20, 37, 0.02, 84, 5.6
2024-09-26 12:11:55,-82.3583,28.1244,  64.6,19234,-66.0,-77.4,-72.7, 20, 37, 0.02, 84, 5.5
2024-09-26 12:11:56,-82.3584,28.1244,  64.5,19239,-66.0,-77.4,-72.7, 20, 37, 0.02, 84, 5.4
2024-09-26 12:11:57,-82.3584,28.1244,  64.5,19245,-66.0,-77.4,-72.7, 19, 37, 0.02, 85, 5.4
2024-09-26 12:11:58,-82.3585,28.1244,  64.4,19250,-65.9,-77.4,-72.7, 19, 37, 0.02, 84, 5.3
2024-09-26 12:11:59,-82.3585,28.1244,  64.4,19256,-65.9,-77.4,-72.7, 19, 37, 0.02, 83, 5.2
2024-09-26 12:12:00,-82.3585,28.1243,  64.3,19261,-65.9,-77.5,-72.7, 19, 37, 0.02, 83, 5.2
2024-09-26 12:12:01,-82.3586,28.1243,  64.2,19267,-65.9,-77.5,-72.7, 19, 36, 0.02, 82, 5.1
2024-09-26 12:12:02,-82.3586,28.1243,  64.2,19273,-65.9,-77.5,-72.8, 19, 36, 0.02, 81, 5.0
2024-09-26 12:12:03,-82.3586,28.1243,  64.1,19278,-65.9,-77.5,-72.8, 19, 36, 0.02, 81, 4.9
2024-09-26 12:12:04,-82.3587,28.1242,  64.1,19284,-65.9,-77.5,-72.8, 19, 36, 0.02, 80, 4.9
2024-09-26 12:12:05,-82.3587,28.1242,  64.0,19290,-65.9,-77.5,-72.8, 19, 36, 0.02, 79, 4.8
2024-09-26 12:12:06,-82.3587,28.1242,  63.9,19295,-65.9,-77.5,-72.8, 19, 36, 0.02, 78, 4.7
2024-09-26 12:12:07,-82.3588,28.1241,  63.9,19301,-65.8,-77.5,-72.8, 19, 36, 0.02, 78, 4.7
2024-09-26 12:12:08,-82.3588,28.1241,  63.8,19307,-65.8,-77.5,-72.8, 19, 36, 0.02, 77, 4.6
2024-09-26 12:12:09,-82.3588,28.1241,  63.8,19313,-65.8,-77.5,-72.8, 19, 36, 0.02, 76, 4.5
2024-09-26 12:12:10,-82.3589,28.1240,  63.7,19319,-65.8,-77.5,-72.8, 19, 36, 0.02, 75, 4.5
2024-09-26 12:12:11,-82.3589,28.1240,  63.6,19324,-65.8,-77.5,-72.8, 19, 35, 0.02, 74, 4.4
2024-09-26 12:12:12,-82.3589,28.1240,  63.6,19329,-65.8,-77.5,-72.8, 19, 35, 0.02, 73, 4.3
2024-09-26 12:12:13,-82.3590,28.1240,  63.5,19335,-65.8,-77.6,-72.8, 19, 35, 0.02, 72, 4.3
2024-09-26 12:12:14,-82.3590,28.1239,  63.5,19340,-65.8,-77.6,-72.8, 19, 35, 0.02, 71, 4.2
2024-09-26 12:12:15,-82.3590,28.1239,  63.4,19346,-65.8,-77.6,-72.8, 19, 35, 0.02, 70, 4.2
2024-09-26 12:12:16,-82.3591,28.1239,  63.4,19351,-65.8,-77.6,-72.8, 19, 35, 0.02, 69, 4.1
2024-09-26 12:12:17,-82.3591,28.1238,  63.3,19356,-65.8,-77.6,-72.9, 19, 35, 0.02, 68, 4.0
2024-09-26 12:12:18,-82.3591,28.1238,  63.3,19362,-65.8,-77.6,-72.9, 18, 35, 0.02, 65, 4.2
2024-09-26 12:12:19,-82.3592,28.1238,  63.2,19367,-65.8,-77.6,-72.9, 18, 35, 0.02, 63, 4.3
2024-09-26 12:12:20,-82.3592,28.1238,  63.1,19373,-65.7,-77.6,-72.9, 18, 35, 0.02, 60, 4.4
2024-09-26 12:12:21,-82.3593,28.1237,  63.1,19378,-65.7,-77.6,-72.9, 18, 35, 0.02, 57, 4.5
2024-09-26 12:12:22,-82.3593,28.1237,  63.0,19384,-65.7,-77.6,-72.9, 18, 35, 0.02, 54, 4.6
2024-09-26 12:12:23,-82.3593,28.1237,  63.0,19390,-65.7,-77.6,-72.9, 18, 35, 0.02, 52, 4.7
2024-09-26 12:12:24,-82.3594,28.1236,  62.9,19395,-65.7,-77.6,-72.9, 18, 35, 0.02, 49, 4.8
2024-09-26 12:12:25,-82.3594,28.1236,  62.8,19401,-65.7,-77.6,-72.9, 18, 34, 0.02, 47, 5.0
2024-09-26 12:12:26,-82.3594,28.1236,  62.8,19407,-65.7,-77.6,-72.9, 18, 34, 0.02, 45, 5.1
2024-09-26 12:12:27,-82.3595,28.1235,  62.7,19412,-65.7,-77.6,-72.9, 18, 34, 0.02, 43, 5.2
2024-09-26 12:12:28,-82.3595,28.1235,  62.7,19417,-65.7,-77.6,-72.9, 18, 34, 0.02, 41, 5.3
2024-09-26 12:12:29,-82.3595,28.1235,  62.6,19421,-65.7,-77.6,-72.9, 18, 34, 0.02, 39, 5.4
2024-09-26 12:12:30,-82.3596,28.1234,  62.6,19426,-65.6,-77.6,-72.9, 18, 34, 0.02, 37, 5.5
2024-09-26 12:12:31,-82.3596,28.1234,  62.5,19431,-65.6,-77.6,-72.9, 18, 34, 0.02, 35, 5.7
2024-09-26 12:12:32,-82.3596,28.1233,  62.5,19437,-65.6,-77.6,-72.9, 18, 34, 0.02, 34, 5.8
2024-09-26 12:12:33,-82.3596,28.1233,  62.4,19442,-65.6,-77.6,-72.9, 18, 34, 0.02, 32, 5.9
2024-09-26 12:12:34,-82.3597,28.1232,  62.4,19448,-65.6,-77.6,-72.9, 18, 34, 0.02, 31, 6.0
2024-09-26 12:12:35,-82.3597,28.1232,  62.3,19453,-65.6,-77.6,-72.9, 18, 34, 0.02, 30, 6.1
2024-09-26 12:12:36,-82.3597,28.1231,  62.3,19459,-65.6,-77.6,-72.9, 18, 34, 0.02, 28, 6.2
2024-09-26 12:12:37,-82.3597,28.1231,  62.2,19464,-65.5,-77.6,-72.9, 18, 34, 0.02, 27, 6.4
2024-09-26 12:12:38,-82.3598,28.1230,  62.1,19470,-65.5,-77.6,-72.9, 18, 34, 0.02, 27, 6.3
2024-09-26 12:12:39,-82.3598,28.1230,  62.1,19475,-65.5,-77.6,-72.9, 18, 34, 0.02, 27, 6.3
2024-09-26 12:12:40,-82.3598,28.1229,  62.0,19480,-65.5,-77.6,-72.9, 18, 33, 0.02, 27, 6.2
2024-09-26 12:12:41,-82.3598,28.1229,  62.0,19486,-65.5,-77.6,-72.9, 18, 33, 0.02, 27, 6.2
2024-09-26 12:12:42,-82.3599,28.1228,  61.9,19491,-65.5,-77.6,-72.9, 18, 33, 0.02, 27, 6.2
2024-09-26 12:12:43,-82.3599,28.1228,  61.9,19497,-65.4,-77.6,-72.9, 18, 33, 0.02, 27, 6.1
2024-09-26 12:12:44,-82.3599,28.1227,  61.8,19502,-65.4,-77.6,-72.9, 18, 33, 0.02, 27, 6.1
2024-09-26 12:12:45,-82.3599,28.1227,  61.8,19507,-65.4,-77.6,-72.9, 18, 33, 0.02, 27, 6.1
2024-09-26 12:12:46,-82.3600,28.1226,  61.7,19512,-65.4,-77.6,-72.9, 18, 33, 0.02, 27, 6.0
2024-09-26 12:12:47,-82.3600,28.1226,  61.6,19518,-65.4,-77.6,-72.9, 18, 33, 0.02, 27, 6.0
2024-09-26 12:12:48,-82.3600,28.1225,  61.6,19523,-65.4,-77.6,-72.9, 17, 33, 0.02, 27, 5.9
2024-09-26 12:12:49,-82.3601,28.1225,  61.5,19528,-65.3,-77.6,-72.9, 17, 33, 0.02, 26, 5.9
2024-09-26 12:12:50,-82.3601,28.1224,  61.5,19534,-65.3,-77.6,-72.9, 17, 33, 0.02, 26, 5.9
2024-09-26 12:12:51,-82.3601,28.1224,  61.4,19539,-65.3,-77.6,-72.9, 17, 33, 0.02, 26, 5.8
2024-09-26 12:12:52,-82.3601,28.1223,  61.4,19545,-65.3,-77.6,-72.9, 17, 32, 0.02, 26, 5.8
2024-09-26 12:12:53,-82.3602,28.1223,  61.3,19550,-65.3,-77.7,-72.9, 17, 32, 0.02, 26, 5.8
2024-09-26 12:12:54,-82.3602,28.1222,  61.3,19556,-65.3,-77.7,-72.9, 17, 32, 0.02, 26, 5.7
2024-09-26 12:12:55,-82.3602,28.1222,  61.2,19561,-65.2,-77.7,-72.9, 17, 32, 0.02, 26, 5.7
2024-09-26 12:12:56,-82.3602,28.1222,  61.2,19567,-65.2,-77.7,-73.0, 17, 32, 0.02, 26, 5.7
2024-09-26 12:12:57,-82.3603,28.1221,  61.1,19572,-65.2,-77.7,-73.0, 17, 32, 0.02, 26, 5.6
2024-09-26 12:12:58,-82.3603,28.1221,  61.1,19577,-65.2,-77.7,-73.0, 17, 32, 0.02, 25, 5.7
2024-09-26 12:12:59,-82.3603,28.1220,  61.0,19582,-65.2,-77.7,-73.0, 17, 32, 0.02, 25, 5.9
2024-09-26 12:13:00,-82.3603,28.1219,  60.9,19587,-65.2,-77.7,-73.0, 17, 31, 0.02, 24, 6.0
2024-09-26 12:13:01,-82.3604,28.1219,  60.9,19592,-65.1,-77.7,-73.0, 17, 31, 0.02, 24, 6.1
2024-09-26 12:13:02,-82.3604,28.1218,  60.8,19597,-65.1,-77.7,-73.0, 17, 31, 0.02, 23, 6.2
2024-09-26 12:13:03,-82.3604,28.1217,  60.8,19602,-65.1,-77.7,-73.0, 17, 31, 0.02, 23, 6.3
2024-09-26 12:13:04,-82.3604,28.1216,  60.7,19608,-65.1,-77.7,-73.0, 17, 31, 0.02, 22, 6.5
2024-09-26 12:13:05,-82.3605,28.1215,  60.7,19613,-65.1,-77.7,-73.0, 17, 31, 0.02, 22, 6.6
2024-09-26 12:13:06,-82.3605,28.1214,  60.6,19618,-65.1,-77.7,-73.0, 17, 31, 0.02, 21, 6.7
2024-09-26 12:13:07,-82.3605,28.1213,  60.6,19623,-65.0,-77.7,-73.0, 17, 31, 0.02, 21, 6.8
2024-09-26 12:13:08,-82.3605,28.1213,  60.5,19628,-65.0,-77.7,-73.0, 17, 31, 0.02, 20, 6.9
2024-09-26 12:13:09,-82.3606,28.1212,  60.5,19633,-65.0,-77.7,-73.0, 16, 31, 0.02, 20, 7.1
2024-09-26 12:13:10,-82.3606,28.1211,  60.4,19638,-65.0,-77.7,-73.0, 16, 31, 0.02, 20, 7.2
2024-09-26 12:13:11,-82.3606,28.1210,  60.4,19644,-65.0,-77.7,-73.0, 16, 31, 0.02, 19, 7.3
2024-09-26 12:13:12,-82.3606,28.1209,  60.3,19649,-64.9,-77.7,-73.0, 16, 31, 0.02, 19, 7.4
2024-09-26 12:13:13,-82.3607,28.1208,  60.3,19654,-64.9,-77.7,-73.0, 16, 31, 0.02, 18, 7.6
2024-09-26 12:13:14,-82.3607,28.1208,  60.2,19659,-64.9,-77.7,-72.9, 16, 31, 0.02, 18, 7.7
2024-09-26 12:13:15,-82.3607,28.1207,  60.2,19663,-64.9,-77.7,-72.9, 16, 31, 0.02, 18, 7.8
2024-09-26 12:13:16,-82.3607,28.1206,  60.1,19668,-64.9,-77.7,-72.9, 16, 30, 0.02, 17, 7.9
2024-09-26 12:13:17,-82.3608,28.1205,  60.1,19673,-64.9,-77.7,-72.9, 16, 30, 0.02, 17, 8.1
2024-09-26 12:13:18,-82.3608,28.1204,  60.1,19678,-64.8,-77.6,-72.9, 16, 30, 0.02, 17, 8.2
2024-09-26 12:13:19,-82.3608,28.1203,  60.0,19683,-64.8,-77.6,-72.9, 16, 30, 0.02, 17, 8.4
2024-09-26 12:13:20,-82.3609,28.1202,  60.0,19688,-64.8,-77.6,-72.9, 16, 30, 0.02, 17, 8.6
2024-09-26 12:13:21,-82.3609,28.1202,  59.9,19693,-64.8,-77.6,-72.9, 16, 30, 0.02, 16, 8.8
2024-09-26 12:13:22,-82.3609,28.1201,  59.9,19698,-64.7,-77.6,-72.9, 16, 30, 0.02, 16, 8.9
2024-09-26 12:13:23,-82.3609,28.1200,  59.8,19703,-64.7,-77.6,-72.8, 16, 30, 0.02, 16, 9.1
2024-09-26 12:13:24,-82.3610,28.1199,  59.8,19708,-64.7,-77.6,-72.8, 16, 30, 0.02, 16, 9.3
2024-09-26 12:13:25,-82.3610,28.1198,  59.7,19713,-64.6,-77.5,-72.8, 16, 30, 0.02, 16, 9.5
2024-09-26 12:13:26,-82.3610,28.1197,  59.7,19718,-64.6,-77.5,-72.8, 16, 30, 0.02, 16, 9.6
2024-09-26 12:13:27,-82.3610,28.1197,  59.6,19722,-64.6,-77.5,-72.8, 16, 30, 0.02, 15, 9.8
2024-09-26 12:13:28,-82.3611,28.1196,  59.6,19727,-64.6,-77.5,-72.8, 16, 30, 0.02, 15,10.0
2024-09-26 12:13:29,-82.3611,28.1195,  59.5,19732,-64.5,-77.5,-72.8, 16, 30, 0.02, 15,10.2
2024-09-26 12:13:30,-82.3611,28.1194,  59.5,19737,-64.5,-77.5,-72.7, 16, 30, 0.02, 15,10.3
2024-09-26 12:13:31,-82.3611,28.1193,  59.4,19742,-64.5,-77.5,-72.7, 16, 30, 0.02, 15,10.5
2024-09-26 12:13:32,-82.3612,28.1192,  59.4,19747,-64.4,-77.5,-72.7, 16, 29, 0.02, 15,10.7
2024-09-26 12:13:33,-82.3613,28.1191,  59.3,19752,-64.4,-77.5,-72.7, 16, 29, 0.02, 15,10.9
2024-09-26 12:13:34,-82.3613,28.1190,  59.3,19757,-64.4,-77.4,-72.7, 16, 29, 0.02, 15,11.1
2024-09-26 12:13:35,-82.3614,28.1189,  59.2,19762,-64.4,-77.4,-72.7, 16, 29, 0.02, 15,11.2
2024-09-26 12:13:36,-82.3614,28.1188,  59.2,19767,-64.3,-77.4,-72.7, 16, 29, 0.02, 15,11.4
2024-09-26 12:13:37,-82.3615,28.1187,  59.1,19772,-64.3,-77.4,-72.7, 16, 29, 0.02, 14,11.6
2024-09-26 12:13:38,-82.3616,28.1186,  59.1,19777,-64.3,-77.4,-72.7, 16, 29, 0.02, 15,11.6
2024-09-26 12:13:39,-82.3616,28.1185,  59.0,19782,-64.2,-77.4,-72.7, 16, 29, 0.02, 16,11.7
2024-09-26 12:13:40,-82.3617,28.1184,  59.0,19786,-64.2,-77.4,-72.7, 15, 29, 0.02, 16,11.8
2024-09-26 12:13:41,-82.3617,28.1183,  58.9,19791,-64.2,-77.4,-72.7, 15, 29, 0.02, 17,11.9
2024-09-26 12:13:42,-82.3618,28.1182,  58.9,19796,-64.2,-77.4,-72.7, 15, 29, 0.02, 18,11.9
2024-09-26 12:13:43,-82.3619,28.1181,  58.8,19801,-64.1,-77.4,-72.7, 15, 29, 0.02, 18,12.0
2024-09-26 12:13:44,-82.3619,28.1180,  58.8,19806,-64.1,-77.4,-72.7, 15, 28, 0.02, 19,12.1
2024-09-26 12:13:45,-82.3620,28.1179,  58.7,19812,-64.1,-77.4,-72.7, 15, 28, 0.02, 19,12.2
2024-09-26 12:13:46,-82.3620,28.1178,  58.7,19817,-64.0,-77.4,-72.6, 15, 28, 0.02, 20,12.2
2024-09-26 12:13:47,-82.3621,28.1177,  58.6,19822,-64.0,-77.4,-72.6, 15, 28, 0.02, 21,12.3
2024-09-26 12:13:48,-82.3621,28.1176,  58.6,19828,-64.0,-77.4,-72.6, 15, 28, 0.02, 21,12.4
2024-09-26 12:13:49,-82.3622,28.1175,  58.5,19833,-64.0,-77.4,-72.6, 15, 28, 0.02, 22,12.5
2024-09-26 12:13:50,-82.3623,28.1174,  58.5,19839,-64.0,-77.4,-72.6, 15, 28, 0.02, 22,12.6
2024-09-26 12:13:51,-82.3623,28.1173,  58.4,19844,-63.9,-77.4,-72.6, 15, 28, 0.02, 23,12.6
2024-09-26 12:13:52,-82.3624,28.1172,  58.4,19850,-63.9,-77.4,-72.6, 15, 28, 0.02, 24,12.7
2024-09-26 12:13:53,-82.3625,28.1171,  58.3,19855,-63.9,-77.4,-72.6, 15, 28, 0.02, 24,12.8
2024-09-26 12:13:54,-82.3625,28.1170,  58.3,19860,-63.9,-77.4,-72.6, 15, 28, 0.02, 25,12.9
2024-09-26 12:13:55,-82.3626,28.1168,  58.2,19865,-63.8,-77.4,-72.6, 15, 28, 0.02, 25,13.0
2024-09-26 12:13:56,-82.3626,28.1167,  58.2,19870,-63.8,-77.3,-72.6, 15, 28, 0.02, 26,13.1
2024-09-26 12:13:57,-82.3627,28.1166,  58.1,19875,-63.8,-77.3,-72.6, 15, 28, 0.02, 26,13.2
2024-09-26 12:13:58,-82.3628,28.1165,  58.1,19881,-63.8,-77.3,-72.6, 15, 27, 0.02, 27,13.1
2024-09-26 12:13:59,-82.3628,28.1164,  58.0,19886,-63.8,-77.3,-72.6, 15, 27, 0.02, 28,13.0
2024-09-26 12:14:00,-82.3629,28.1163,  58.0,19891,-63.7,-77.3,-72.6, 15, 27, 0.02, 29,12.9
2024-09-26 12:14:01,-82.3629,28.1162,  57.9,19897,-63.7,-77.3,-72.6, 15, 27, 0.02, 30,12.9
2024-09-26 12:14:02,-82.3630,28.1162,  57.9,19902,-63.7,-77.3,-72.6, 15, 27, 0.02, 31,12.8
2024-09-26 12:14:03,-82.3631,28.1161,  57.8,19907,-63.7,-77.3,-72.6, 15, 27, 0.02, 32,12.9
2024-09-26 12:14:04,-82.3632,28.1160,  57.8,19913,-63.7,-77.3,-72.6, 15, 27, 0.02, 32,12.8
2024-09-26 12:14:05,-82.3633,28.1160,  57.7,19918,-63.7,-77.3,-72.6, 15, 27, 0.02, 33,12.7
2024-09-26 12:14:06,-82.3634,28.1159,  57.7,19923,-63.7,-77.3,-72.5, 15, 27, 0.02, 34,12.7
2024-09-26 12:14:07,-82.3634,28.1159,  57.6,19929,-63.7,-77.3,-72.5, 15, 27, 0.02, 35,12.6
2024-09-26 12:14:08,-82.3635,28.1158,  57.6,19934,-63.6,-77.3,-72.5, 15, 27, 0.02, 36,12.6
2024-09-26 12:14:09,-82.3636,28.1157,  57.5,19939,-63.6,-77.2,-72.5, 15, 27, 0.02, 37,12.5
2024-09-26 12:14:10,-82.3637,28.1157,  57.5,19945,-63.6,-77.2,-72.5, 15, 27, 0.02, 38,12.5
2024-09-26 12:14:11,-82.3638,28.1156,  57.4,19950,-63.6,-77.2,-72.5, 15, 27, 0.02, 39,12.4
2024-09-26 12:14:12,-82.3639,28.1156,  57.4,19955,-63.6,-77.2,-72.5, 15, 27, 0.02, 40,12.4
2024-09-26 12:14:13,-82.3640,28.1155,  57.3,19961,-63.6,-77.2,-72.5, 15, 27, 0.02, 41,12.2
2024-09-26 12:14:14,-82.3641,28.1154,  57.3,19966,-63.6,-77.2,-72.5, 15, 27, 0.02, 42,12.2
2024-09-26 12:14:15,-82.3641,28.1154,  57.2,19972,-63.6,-77.2,-72.5, 15, 27, 0.02, 43,12.1
2024-09-26 12:14:16,-82.3642,28.1153,  57.2,19978,-63.6,-77.2,-72.5, 15, 27, 0.02, 44,12.1
2024-09-26 12:14:17,-82.3643,28.1153,  57.1,19984,-63.6,-77.2,-72.5, 15, 27, 0.02, 45,12.1
2024-09-26 12:14:18,-82.3644,28.1152,  57.1,19990,-63.6,-77.2,-72.5, 15, 27, 0.02, 46,12.0
2024-09-26 12:14:19,-82.3645,28.1151,  57.0,19995,-63.6,-77.2,-72.5, 15, 27, 0.02, 47,11.8
2024-09-26 12:14:20,-82.3646,28.1151,  57.0,20001,-63.6,-77.2,-72.5, 15, 27, 0.02, 47,11.7
2024-09-26 12:14:21,-82.3647,28.1150,  56.9,20006,-63.6,-77.2,-72.5, 15, 27, 0.02, 48,11.6
2024-09-26 12:14:22,-82.3648,28.1150,  56.9,20012,-63.6,-77.2,-72.5, 15, 27, 0.02, 49,11.5
2024-09-26 12:14:23,-82.3649,28.1149,  56.8,20017,-63.6,-77.2,-72.5, 15, 27, 0.02, 49,11.3
2024-09-26 12:14:24,-82.3649,28.1148,  56.8,20023,-63.6,-77.2,-72.5, 15, 27, 0.02, 50,11.2
2024-09-26 12:14:25,-82.3650,28.1148,  56.7,20028,-63.6,-77.2,-72.5, 15, 27, 0.02, 51,11.1
2024-09-26 12:14:26,-82.3651,28.1147,  56.6,20035,-63.5,-77.3,-72.5, 15, 27, 0.02, 52,11.0
2024-09-26 12:14:27,-82.3652,28.1147,  56.6,20040,-63.5,-77.3,-72.5, 14, 27, 0.02, 52,10.9
2024-09-26 12:14:28,-82.3653,28.1146,  56.5,20046,-63.5,-77.3,-72.6, 14, 27, 0.02, 53,10.8
2024-09-26 12:14:29,-82.3654,28.1146,  56.5,20052,-63.5,-77.3,-72.6, 14, 27, 0.02, 54,10.7
2024-09-26 12:14:30,-82.3655,28.1145,  56.4,20058,-63.5,-77.3,-72.6, 14, 27, 0.02, 54,10.6
2024-09-26 12:14:31,-82.3656,28.1144,  56.4,20064,-63.5,-77.3,-72.6, 14, 27, 0.02, 55,10.5
2024-09-26 12:14:32,-82.3656,28.1144,  56.3,20070,-63.5,-77.3,-72.6, 14, 27, 0.02, 56,10.4
2024-09-26 12:14:33,-82.3657,28.1144,  56.3,20076,-63.5,-77.3,-72.6, 14, 27, 0.02, 57,10.3
2024-09-26 12:14:34,-82.3658,28.1144,  56.2,20082,-63.5,-77.3,-72.6, 14, 27, 0.02, 58,10.2
2024-09-26 12:14:35,-82.3659,28.1143,  56.2,20088,-63.5,-77.3,-72.6, 14, 27, 0.02, 59,10.1
2024-09-26 12:14:36,-82.3660,28.1143,  56.1,20094,-63.5,-77.4,-72.6, 14, 26, 0.02, 59,10.0
2024-09-26 12:14:37,-82.3660,28.1143,  56.1,20099,-63.5,-77.4,-72.6, 14, 26, 0.02, 60, 9.9
2024-09-26 12:14:38,-82.3661,28.1143,  56.0,20105,-63.5,-77.4,-72.7, 14, 26, 0.02, 61, 9.8
2024-09-26 12:14:39,-82.3662,28.1143,  56.0,20111,-63.5,-77.4,-72.7, 14, 26, 0.02, 62, 9.7
2024-09-26 12:14:40,-82.3663,28.1142,  55.9,20116,-63.5,-77.4,-72.7, 14, 26, 0.02, 62, 9.6
2024-09-26 12:14:41,-82.3664,28.1142,  55.8,20122,-63.5,-77.4,-72.7, 14, 26, 0.02, 63, 9.5
2024-09-26 12:14:42,-82.3664,28.1142,  55.8,20128,-63.6,-77.5,-72.7, 14, 26, 0.02, 64, 9.4
2024-09-26 12:14:43,-82.3665,28.1142,  55.7,20134,-63.6,-77.5,-72.8, 14, 26, 0.02, 65, 9.3
2024-09-26 12:14:44,-82.3666,28.1142,  55.7,20139,-63.6,-77.5,-72.8, 14, 26, 0.02, 66, 9.2
2024-09-26 12:14:45,-82.3667,28.1141,  55.6,20145,-63.6,-77.5,-72.8, 14, 26, 0.02, 66, 9.2
2024-09-26 12:14:46,-82.3668,28.1141,  55.6,20151,-63.6,-77.5,-72.8, 14, 26, 0.02, 67, 9.1
2024-09-26 12:14:47,-82.3668,28.1141,  55.5,20157,-63.6,-77.6,-72.8, 14, 26, 0.02, 68, 9.0
2024-09-26 12:14:48,-82.3669,28.1141,  55.5,20163,-63.6,-77.6,-72.9, 14, 26, 0.02, 69, 8.9
2024-09-26 12:14:49,-82.3670,28.1141,  55.4,20168,-63.6,-77.6,-72.9, 14, 26, 0.02, 70, 8.8
2024-09-26 12:14:50,-82.3671,28.1140,  55.4,20174,-63.6,-77.6,-72.9, 14, 25, 0.02, 71, 8.7
2024-09-26 12:14:51,-82.3672,28.1140,  55.3,20180,-63.6,-77.7,-72.9, 14, 25, 0.02, 72, 8.6
2024-09-26 12:14:52,-82.3672,28.1140,  55.3,20185,-63.6,-77.7,-73.0, 14, 25, 0.02, 73, 8.4
2024-09-26 12:14:53,-82.3673,28.1140,  55.2,20191,-63.6,-77.7,-73.0, 14, 25, 0.02, 73, 8.4
2024-09-26 12:14:54,-82.3674,28.1140,  55.2,20197,-63.6,-77.7,-73.0, 14, 25, 0.02, 74, 8.3
2024-09-26 12:14:55,-82.3675,28.1139,  55.1,20203,-63.5,-77.7,-73.0, 13, 25, 0.02, 75, 8.2
2024-09-26 12:14:56,-82.3676,28.1139,  55.1,20209,-63.5,-77.8,-73.0, 13, 25, 0.02, 76, 8.1
2024-09-26 12:14:57,-82.3676,28.1139,  55.0,20215,-63.5,-77.8,-73.0, 13, 25, 0.02, 77, 8.1
2024-09-26 12:14:58,-82.3677,28.1139,  54.9,20222,-63.5,-77.8,-73.1, 13, 25, 0.02, 77, 8.1
2024-09-26 12:14:59,-82.3678,28.1139,  54.9,20228,-63.5,-77.8,-73.1, 13, 25, 0.02, 77, 8.1
2024-09-26 12:15:00,-82.3679,28.1138,  54.8,20234,-63.5,-77.8,-73.1, 13, 24, 0.02, 77, 8.1
2024-09-26 12:15:01,-82.3680,28.1138,  54.8,20240,-63.5,-77.8,-73.1, 13, 24, 0.02, 77, 8.1
2024-09-26 12:15:02,-82.3681,28.1138,  54.7,20247,-63.5,-77.9,-73.1, 13, 24, 0.02, 77, 8.2
2024-09-26 12:15:03,-82.3681,28.1138,  54.7,20253,-63.5,-77.9,-73.1, 13, 24, 0.02, 77, 8.2
2024-09-26 12:15:04,-82.3683,28.1138,  54.6,20259,-63.5,-77.9,-73.2, 13, 24, 0.02, 76, 8.2
2024-09-26 12:15:05,-82.3684,28.1137,  54.6,20266,-63.5,-77.9,-73.2, 13, 24, 0.02, 76, 8.2
2024-09-26 12:15:06,-82.3685,28.1137,  54.5,20272,-63.4,-77.9,-73.2, 13, 24, 0.02, 76, 8.3
2024-09-26 12:15:07,-82.3685,28.1137,  54.4,20278,-63.4,-77.9,-73.2, 13, 24, 0.02, 76, 8.3
2024-09-26 12:15:08,-82.3686,28.1137,  54.4,20285,-63.4,-77.9,-73.2, 13, 24, 0.02, 76, 8.3
2024-09-26 12:15:09,-82.3687,28.1137,  54.3,20291,-63.4,-77.9,-73.2, 13, 24, 0.02, 76, 8.3
2024-09-26 12:15:10,-82.3688,28.1137,  54.3,20297,-63.3,-77.9,-73.2, 13, 24, 0.02, 76, 8.3
2024-09-26 12:15:11,-82.3689,28.1136,  54.2,20303,-63.3,-77.9,-73.2, 13, 23, 0.02, 75, 8.4
2024-09-26 12:15:12,-82.3690,28.1136,  54.2,20310,-63.3,-77.9,-73.2, 13, 23, 0.02, 75, 8.4
2024-09-26 12:15:13,-82.3691,28.1136,  54.1,20316,-63.3,-77.9,-73.2, 13, 23, 0.02, 75, 8.4
2024-09-26 12:15:14,-82.3692,28.1136,  54.1,20322,-63.2,-77.9,-73.2, 13, 23, 0.02, 75, 8.4
2024-09-26 12:15:15,-82.3693,28.1136,  54.0,20329,-63.2,-77.9,-73.2, 13, 23, 0.02, 75, 8.4
2024-09-26 12:15:16,-82.3694,28.1136,  53.9,20335,-63.2,-77.9,-73.2, 13, 23, 0.02, 75, 8.5
2024-09-26 12:15:17,-82.3695,28.1135,  53.9,20341,-63.1,-77.9,-73.1, 13, 23, 0.02, 75, 8.5
2024-09-26 12:15:18,-82.3696,28.1135,  53.8,20348,-63.1,-77.9,-73.1, 12, 23, 0.02, 75, 8.6
2024-09-26 12:15:19,-82.3697,28.1135,  53.8,20354,-63.1,-77.8,-73.1, 12, 23, 0.02, 76, 8.7
2024-09-26 12:15:20,-82.3698,28.1135,  53.7,20360,-63.0,-77.8,-73.1, 12, 23, 0.02, 76, 8.9
2024-09-26 12:15:21,-82.3699,28.1135,  53.7,20367,-63.0,-77.8,-73.1, 12, 23, 0.02, 77, 9.0
2024-09-26 12:15:22,-82.3700,28.1134,  53.6,20373,-63.0,-77.8,-73.1, 12, 23, 0.02, 77, 9.1
2024-09-26 12:15:23,-82.3701,28.1134,  53.6,20380,-63.0,-77.8,-73.0, 12, 23, 0.02, 78, 9.3
2024-09-26 12:15:24,-82.3702,28.1134,  53.5,20386,-62.9,-77.7,-73.0, 12, 23, 0.02, 78, 9.4
2024-09-26 12:15:25,-82.3703,28.1134,  53.4,20393,-62.9,-77.7,-73.0, 12, 23, 0.02, 79, 9.6
2024-09-26 12:15:26,-82.3704,28.1134,  53.4,20400,-62.9,-77.7,-73.0, 12, 23, 0.02, 79, 9.7
2024-09-26 12:15:27,-82.3705,28.1134,  53.3,20406,-62.8,-77.7,-73.0, 12, 23, 0.02, 80, 9.8
2024-09-26 12:15:28,-82.3706,28.1133,  53.3,20412,-62.8,-77.7,-72.9, 12, 23, 0.02, 80,10.0
2024-09-26 12:15:29,-82.3707,28.1133,  53.2,20419,-62.8,-77.7,-72.9, 12, 23, 0.02, 81,10.1
2024-09-26 12:15:30,-82.3708,28.1133,  53.2,20425,-62.7,-77.7,-72.9, 12, 23, 0.02, 81,10.2
2024-09-26 12:15:31,-82.3709,28.1133,  53.1,20431,-62.7,-77.7,-72.9, 12, 22, 0.02, 81,10.4
2024-09-26 12:15:32,-82.3710,28.1133,  53.0,20438,-62.7,-77.7,-72.9, 12, 22, 0.02, 82,10.5
2024-09-26 12:15:33,-82.3711,28.1133,  53.0,20444,-62.6,-77.6,-72.9, 12, 22, 0.02, 82,10.7
2024-09-26 12:15:34,-82.3712,28.1133,  52.9,20450,-62.6,-77.6,-72.9, 12, 22, 0.02, 83,10.8
2024-09-26 12:15:35,-82.3713,28.1133,  52.9,20457,-62.6,-77.6,-72.9, 12, 22, 0.02, 83,10.9
2024-09-26 12:15:36,-82.3714,28.1133,  52.8,20463,-62.6,-77.6,-72.9, 12, 22, 0.02, 83,11.1
2024-09-26 12:15:37,-82.3715,28.1134,  52.8,20469,-62.5,-77.6,-72.9, 12, 22, 0.02, 84,11.2
2024-09-26 12:15:38,-82.3716,28.1134,  52.7,20476,-62.5,-77.6,-72.9, 12, 22, 0.02, 84,11.2
2024-09-26 12:15:39,-82.3717,28.1134,  52.7,20482,-62.5,-77.6,-72.9, 12, 22, 0.02, 85,11.2
2024-09-26 12:15:40,-82.3718,28.1134,  52.6,20488,-62.5,-77.6,-72.9, 12, 22, 0.02, 86,11.1
2024-09-26 12:15:41,-82.3719,28.1134,  52.6,20494,-62.4,-77.6,-72.9, 12, 22, 0.02, 87,11.1
2024-09-26 12:15:42,-82.3721,28.1134,  52.5,20500,-62.4,-77.6,-72.9, 12, 22, 0.02, 87,11.1
2024-09-26 12:15:43,-82.3722,28.1134,  52.5,20506,-62.4,-77.6,-72.9, 12, 22, 0.02, 88,11.0
2024-09-26 12:15:44,-82.3723,28.1134,  52.4,20512,-62.3,-77.6,-72.9, 12, 22, 0.02, 89,11.0
2024-09-26 12:15:45,-82.3724,28.1134,  52.4,20518,-62.3,-77.6,-72.9, 12, 21, 0.02, 89,11.0
2024-09-26 12:15:46,-82.3725,28.1135,  52.3,20525,-62.3,-77.6,-72.9, 12, 21, 0.02, 90,11.0
2024-09-26 12:15:47,-82.3726,28.1135,  52.3,20531,-62.3,-77.6,-72.8, 12, 21, 0.02, 91,11.0
2024-09-26 12:15:48,-82.3727,28.1135,  52.2,20537,-62.2,-77.6,-72.8, 12, 21, 0.02, 92,10.9
2024-09-26 12:15:49,-82.3728,28.1135,  52.2,20543,-62.2,-77.6,-72.8, 12, 21, 0.02, 92,10.9
2024-09-26 12:15:50,-82.3729,28.1135,  52.1,20549,-62.2,-77.5,-72.8, 12, 21, 0.02, 93,10.9
2024-09-26 12:15:51,-82.3730,28.1135,  52.0,20555,-62.2,-77.5,-72.8, 12, 21, 0.02, 94,10.9
2024-09-26 12:15:52,-82.3731,28.1135,  52.0,20562,-62.1,-77.5,-72.8, 12, 21, 0.02, 95,10.9
2024-09-26 12:15:53,-82.3732,28.1135,  51.9,20568,-62.1,-77.5,-72.8, 12, 21, 0.02, 95,10.9
2024-09-26 12:15:54,-82.3733,28.1136,  51.9,20574,-62.1,-77.5,-72.8, 12, 21, 0.02, 96,10.9
2024-09-26 12:15:55,-82.3734,28.1136,  51.8,20580,-62.0,-77.5,-72.8, 12, 21, 0.02, 97,10.9
2024-09-26 12:15:56,-82.3735,28.1136,  51.8,20587,-62.0,-77.5,-72.7, 12, 21, 0.02, 98,10.9
2024-09-26 12:15:57,-82.3736,28.1136,  51.7,20593,-62.0,-77.5,-72.7, 12, 21, 0.02, 98,10.9
2024-09-26 12:15:58,-82.3737,28.1136,  51.7,20599,-62.0,-77.5,-72.7, 11, 21, 0.02, 99,10.7
2024-09-26 12:15:59,-82.3738,28.1136,  51.6,20605,-61.9,-77.4,-72.7, 11, 21, 0.02, 99,10.6
2024-09-26 12:16:00,-82.3739,28.1136,  51.6,20611,-61.9,-77.4,-72.7, 11, 21, 0.02, 99,10.5
2024-09-26 12:16:01,-82.3740,28.1136,  51.5,20618,-61.9,-77.4,-72.7, 11, 21, 0.02,100,10.3
2024-09-26 12:16:02,-82.3741,28.1137,  51.5,20624,-61.9,-77.4,-72.7, 11, 21, 0.02,100,10.2
2024-09-26 12:16:03,-82.3742,28.1137,  51.4,20630,-61.8,-77.4,-72.7, 11, 21, 0.02,100,10.1
2024-09-26 12:16:04,-82.3743,28.1137,  51.4,20637,-61.8,-77.4,-72.7, 11, 21, 0.02,100, 9.9
2024-09-26 12:16:05,-82.3744,28.1137,  51.3,20643,-61.8,-77.4,-72.6, 11, 21, 0.02,101, 9.8
2024-09-26 12:16:06,-82.3745,28.1137,  51.3,20649,-61.8,-77.4,-72.6, 11, 21, 0.02,101, 9.7
2024-09-26 12:16:07,-82.3746,28.1137,  51.2,20655,-61.7,-77.4,-72.6, 11, 21, 0.02,101, 9.5
2024-09-26 12:16:08,-82.3747,28.1138,  51.2,20661,-61.7,-77.3,-72.6, 11, 21, 0.02,102, 9.4
2024-09-26 12:16:09,-82.3748,28.1138,  51.1,20667,-61.7,-77.3,-72.6, 11, 20, 0.02,102, 9.3
2024-09-26 12:16:10,-82.3748,28.1138,  51.1,20673,-61.7,-77.3,-72.6, 11, 20, 0.02,102, 9.1
2024-09-26 12:16:11,-82.3749,28.1138,  51.0,20680,-61.6,-77.3,-72.6, 11, 20, 0.02,103, 9.0
2024-09-26 12:16:12,-82.3750,28.1138,  51.0,20686,-61.6,-77.3,-72.6, 11, 20, 0.02,103, 8.9
2024-09-26 12:16:13,-82.3751,28.1138,  50.9,20692,-61.6,-77.3,-72.6, 11, 20, 0.02,104, 8.7
2024-09-26 12:16:14,-82.3752,28.1139,  50.9,20697,-61.6,-77.4,-72.6, 11, 20, 0.02,104, 8.6
2024-09-26 12:16:15,-82.3753,28.1139,  50.8,20703,-61.6,-77.4,-72.6, 11, 20, 0.02,104, 8.5
2024-09-26 12:16:16,-82.3754,28.1139,  50.8,20709,-61.6,-77.4,-72.6, 11, 20, 0.02,105, 8.3
2024-09-26 12:16:17,-82.3754,28.1139,  50.7,20715,-61.5,-77.4,-72.7, 11, 20, 0.02,105, 8.2
2024-09-26 12:16:18,-82.3755,28.1139,  50.7,20721,-61.5,-77.4,-72.7, 11, 20, 0.02,105, 8.3
2024-09-26 12:16:19,-82.3756,28.1139,  50.6,20727,-61.5,-77.4,-72.7, 11, 20, 0.02,105, 8.3
2024-09-26 12:16:20,-82.3757,28.1140,  50.6,20734,-61.5,-77.4,-72.7, 11, 20, 0.02,104, 8.4
2024-09-26 12:16:21,-82.3758,28.1140,  50.5,20740,-61.5,-77.4,-72.7, 11, 20, 0.02,104, 8.4
2024-09-26 12:16:22,-82.3759,28.1140,  50.5,20746,-61.5,-77.4,-72.7, 11, 20, 0.02,104, 8.5
2024-09-26 12:16:23,-82.3760,28.1140,  50.4,20752,-61.5,-77.4,-72.7, 11, 20, 0.02,104, 8.5
2024-09-26 12:16:24,-82.3761,28.1140,  50.4,20758,-61.4,-77.4,-72.7, 11, 20, 0.02,103, 8.6
2024-09-26 12:16:25,-82.3761,28.1140,  50.3,20764,-61.4,-77.4,-72.7, 11, 20, 0.02,103, 8.6
2024-09-26 12:16:26,-82.3762,28.1141,  50.3,20769,-61.4,-77.4,-72.7, 11, 20, 0.02,103, 8.6
2024-09-26 12:16:27,-82.3763,28.1141,  50.2,20775,-61.4,-77.4,-72.7, 11, 20, 0.02,103, 8.7
2024-09-26 12:16:28,-82.3764,28.1141,  50.2,20781,-61.4,-77.4,-72.7, 11, 20, 0.02,102, 8.7
2024-09-26 12:16:29,-82.3765,28.1141,  50.1,20787,-61.4,-77.4,-72.6, 11, 20, 0.02,102, 8.8
2024-09-26 12:16:30,-82.3766,28.1141,  50.1,20793,-61.4,-77.4,-72.6, 11, 20, 0.02,102, 8.8
2024-09-26 12:16:31,-82.3767,28.1141,  50.0,20798,-61.3,-77.4,-72.6, 11, 19, 0.02,102, 8.9
2024-09-26 12:16:32,-82.3767,28.1142,  50.0,20804,-61.3,-77.3,-72.6, 11, 19, 0.02,101, 8.9
2024-09-26 12:16:33,-82.3768,28.1142,  50.0,20810,-61.3,-77.3,-72.6, 11, 19, 0.02,101, 9.0
2024-09-26 12:16:34,-82.3769,28.1142,  49.9,20816,-61.3,-77.3,-72.6, 11, 19, 0.02,101, 9.1
2024-09-26 12:16:35,-82.3770,28.1142,  49.9,20822,-61.3,-77.3,-72.6, 11, 19, 0.02,101, 9.1
2024-09-26 12:16:36,-82.3770,28.1143,  49.8,20827,-61.2,-77.3,-72.6, 11, 19, 0.02,101, 9.2
2024-09-26 12:16:37,-82.3771,28.1143,  49.8,20833,-61.2,-77.3,-72.6, 11, 19, 0.02,100, 9.2
2024-09-26 12:16:38,-82.3772,28.1143,  49.7,20839,-61.2,-77.3,-72.6, 11, 19, 0.02,101, 9.1
2024-09-26 12:16:39,-82.3773,28.1143,  49.7,20845,-61.2,-77.3,-72.5, 11, 19, 0.02,101, 9.1
2024-09-26 12:16:40,-82.3773,28.1143,  49.6,20850,-61.2,-77.3,-72.5, 11, 19, 0.02,101, 9.0
2024-09-26 12:16:41,-82.3774,28.1144,  49.6,20856,-61.2,-77.2,-72.5, 11, 19, 0.02,102, 8.9
2024-09-26 12:16:42,-82.3775,28.1144,  49.5,20861,-61.1,-77.2,-72.5, 11, 19, 0.02,102, 8.9
2024-09-26 12:16:43,-82.3776,28.1144,  49.5,20867,-61.1,-77.2,-72.5, 11, 19, 0.02,102, 8.8
2024-09-26 12:16:44,-82.3776,28.1144,  49.5,20872,-61.1,-77.2,-72.5, 11, 19, 0.02,103, 8.7
2024-09-26 12:16:45,-82.3777,28.1145,  49.4,20878,-61.1,-77.2,-72.5, 11, 19, 0.02,103, 8.6
2024-09-26 12:16:46,-82.3778,28.1145,  49.4,20883,-61.1,-77.2,-72.5, 11, 19, 0.02,104, 8.6
2024-09-26 12:16:47,-82.3779,28.1145,  49.3,20889,-61.0,-77.2,-72.4, 11, 19, 0.02,104, 8.5
2024-09-26 12:16:48,-82.3779,28.1145,  49.3,20895,-61.0,-77.2,-72.4, 11, 19, 0.02,104, 8.4
2024-09-26 12:16:49,-82.3780,28.1145,  49.2,20900,-61.0,-77.1,-72.4, 11, 19, 0.02,105, 8.4
2024-09-26 12:16:50,-82.3781,28.1146,  49.2,20906,-61.0,-77.1,-72.4, 11, 19, 0.02,105, 8.3
2024-09-26 12:16:51,-82.3782,28.1146,  49.1,20912,-61.0,-77.1,-72.4, 11, 19, 0.02,106, 8.2
2024-09-26 12:16:52,-82.3782,28.1146,  49.1,20917,-60.9,-77.1,-72.4, 11, 19, 0.02,106, 8.2
2024-09-26 12:16:53,-82.3783,28.1146,  49.0,20923,-60.9,-77.1,-72.4, 11, 19, 0.02,107, 8.1
2024-09-26 12:16:54,-82.3784,28.1146,  49.0,20929,-60.9,-77.1,-72.4, 11, 19, 0.02,107, 8.0
2024-09-26 12:16:55,-82.3785,28.1147,  49.0,20934,-60.9,-77.1,-72.3, 11, 19, 0.02,107, 8.0
2024-09-26 12:16:56,-82.3785,28.1147,  48.9,20940,-60.9,-77.1,-72.3, 11, 19, 0.02,108, 7.9
2024-09-26 12:16:57,-82.3786,28.1147,  48.9,20946,-60.9,-77.0,-72.3, 11, 19, 0.02,108, 7.9
2024-09-26 12:16:58,-82.3787,28.1147,  48.8,20951,-60.9,-77.0,-72.3, 11, 19, 0.02,109, 7.8
2024-09-26 12:16:59,-82.3788,28.1148,  48.8,20957,-60.8,-77.0,-72.3, 11, 19, 0.02,109, 7.7
2024-09-26 12:17:00,-82.3788,28.1148,  48.7,20962,-60.8,-77.0,-72.3, 11, 19, 0.02,110, 7.6
2024-09-26 12:17:01,-82.3789,28.1148,  48.7,20968,-60.8,-77.0,-72.3, 11, 19, 0.02,110, 7.5
2024-09-26 12:17:02,-82.3790,28.1148,  48.7,20973,-60.8,-77.0,-72.3, 11, 19, 0.02,111, 7.4
2024-09-26 12:17:03,-82.3790,28.1148,  48.6,20978,-60.8,-77.0,-72.3, 11, 19, 0.02,111, 7.3
2024-09-26 12:17:04,-82.3791,28.1148,  48.6,20984,-60.8,-77.0,-72.3, 11, 19, 0.02,111, 7.2
2024-09-26 12:17:05,-82.3791,28.1149,  48.5,20989,-60.8,-77.0,-72.3, 11, 19, 0.02,112, 7.1
2024-09-26 12:17:06,-82.3792,28.1149,  48.5,20994,-60.8,-77.0,-72.3, 11, 19, 0.02,113, 7.0
2024-09-26 12:17:07,-82.3793,28.1149,  48.4,21000,-60.8,-77.0,-72.3, 11, 19, 0.02,113, 6.9
2024-09-26 12:17:08,-82.3793,28.1149,  48.4,21005,-60.7,-77.0,-72.3, 10, 19, 0.02,114, 6.8
2024-09-26 12:17:09,-82.3794,28.1149,  48.4,21010,-60.7,-77.0,-72.3, 10, 19, 0.02,114, 6.7
2024-09-26 12:17:10,-82.3794,28.1149,  48.3,21015,-60.7,-77.0,-72.3, 10, 19, 0.02,115, 6.6
2024-09-26 12:17:11,-82.3795,28.1149,  48.3,21021,-60.7,-77.0,-72.3, 10, 19, 0.02,115, 6.5
2024-09-26 12:17:12,-82.3795,28.1150,  48.2,21026,-60.7,-77.0,-72.3, 10, 19, 0.02,116, 6.4
2024-09-26 12:17:13,-82.3796,28.1150,  48.2,21031,-60.7,-77.0,-72.3, 10, 19, 0.02,117, 6.4
2024-09-26 12:17:14,-82.3797,28.1150,  48.2,21037,-60.7,-77.0,-72.3, 10, 19, 0.02,117, 6.3
2024-09-26 12:17:15,-82.3797,28.1150,  48.1,21042,-60.7,-77.0,-72.3, 10, 19, 0.02,118, 6.2
2024-09-26 12:17:16,-82.3798,28.1150,  48.1,21047,-60.6,-77.0,-72.3, 10, 19, 0.02,119, 6.1
2024-09-26 12:17:17,-82.3798,28.1150,  48.0,21053,-60.6,-77.0,-72.3, 10, 19, 0.02,119, 6.0
2024-09-26 12:17:18,-82.3799,28.1150,  48.0,21058,-60.6,-77.0,-72.3, 10, 19, 0.02,118, 6.0
2024-09-26 12:17:19,-82.3800,28.1151,  48.0,21063,-60.6,-77.0,-72.3, 10, 18, 0.02,117, 6.0
2024-09-26 12:17:20,-82.3800,28.1151,  47.9,21069,-60.6,-77.0,-72.3, 10, 18, 0.02,116, 6.0
2024-09-26 12:17:21,-82.3801,28.1151,  47.9,21074,-60.6,-77.0,-72.3, 10, 18, 0.02,114, 6.0
2024-09-26 12:17:22,-82.3801,28.1151,  47.8,21079,-60.6,-77.0,-72.3, 10, 18, 0.02,113, 6.0
2024-09-26 12:17:23,-82.3802,28.1151,  47.8,21084,-60.5,-77.0,-72.3, 10, 18, 0.02,112, 6.1
2024-09-26 12:17:24,-82.3802,28.1151,  47.8,21090,-60.5,-77.1,-72.3, 10, 18, 0.02,111, 6.1
2024-09-26 12:17:25,-82.3803,28.1152,  47.7,21095,-60.5,-77.1,-72.3, 10, 18, 0.02,110, 6.1
2024-09-26 12:17:26,-82.3804,28.1152,  47.7,21100,-60.5,-77.1,-72.3, 10, 18, 0.02,108, 6.1
2024-09-26 12:17:27,-82.3804,28.1152,  47.6,21105,-60.5,-77.1,-72.3, 10, 18, 0.02,107, 6.1
2024-09-26 12:17:28,-82.3805,28.1152,  47.6,21110,-60.4,-77.1,-72.3, 10, 18, 0.02,106, 6.1
2024-09-26 12:17:29,-82.3805,28.1152,  47.6,21115,-60.4,-77.1,-72.4, 10, 18, 0.02,105, 6.1
2024-09-26 12:17:30,-82.3806,28.1152,  47.5,21120,-60.4,-77.1,-72.4, 10, 18, 0.02,103, 6.1
2024-09-26 12:17:31,-82.3806,28.1152,  47.5,21125,-60.4,-77.1,-72.4, 10, 18, 0.02,102, 6.1
2024-09-26 12:17:32,-82.3807,28.1152,  47.4,21130,-60.4,-77.1,-72.4, 10, 18, 0.02,101, 6.1
2024-09-26 12:17:33,-82.3808,28.1152,  47.4,21135,-60.3,-77.1,-72.4, 10, 18, 0.02,100, 6.1
2024-09-26 12:17:34,-82.3809,28.1152,  47.4,21140,-60.3,-77.2,-72.4, 10, 18, 0.02, 99, 6.1
2024-09-26 12:17:35,-82.3810,28.1152,  47.3,21145,-60.3,-77.2,-72.5, 10, 17, 0.02, 98, 6.1
2024-09-26 12:17:36,-82.3810,28.1152,  47.3,21150,-60.3,-77.2,-72.5, 10, 17, 0.02, 96, 6.1
2024-09-26 12:17:37,-82.3811,28.1151,  47.2,21156,-60.3,-77.2,-72.5, 10, 17, 0.02, 95, 6.1
2024-09-26 12:17:38,-82.3812,28.1151,  47.2,21161,-60.3,-77.2,-72.5, 10, 17, 0.02, 94, 6.2
2024-09-26 12:17:39,-82.3813,28.1151,  47.2,21166,-60.3,-77.3,-72.6, 10, 17, 0.02, 92, 6.4
2024-09-26 12:17:40,-82.3814,28.1151,  47.1,21172,-60.3,-77.3,-72.6,  9, 17, 0.02, 91, 6.5
2024-09-26 12:17:41,-82.3815,28.1151,  47.1,21177,-60.2,-77.3,-72.6,  9, 17, 0.02, 89, 6.6
2024-09-26 12:17:42,-82.3815,28.1150,  47.0,21182,-60.2,-77.3,-72.6,  9, 17, 0.02, 88, 6.7
2024-09-26 12:17:43,-82.3816,28.1150,  47.0,21187,-60.2,-77.3,-72.6,  9, 17, 0.02, 86, 6.9
2024-09-26 12:17:44,-82.3817,28.1150,  47.0,21193,-60.2,-77.3,-72.6,  9, 17, 0.02, 85, 7.0
2024-09-26 12:17:45,-82.3818,28.1150,  46.9,21198,-60.2,-77.3,-72.6,  9, 17, 0.02, 83, 7.1
2024-09-26 12:17:46,-82.3819,28.1150,  46.9,21203,-60.2,-77.3,-72.6,  9, 17, 0.02, 82, 7.2
2024-09-26 12:17:47,-82.3820,28.1149,  46.9,21208,-60.2,-77.3,-72.6,  9, 17, 0.02, 81, 7.3
2024-09-26 12:17:48,-82.3820,28.1149,  46.8,21213,-60.2,-77.3,-72.6,  9, 17, 0.02, 80, 7.4
2024-09-26 12:17:49,-82.3821,28.1149,  46.8,21218,-60.2,-77.3,-72.6,  9, 17, 0.02, 79, 7.6
2024-09-26 12:17:50,-82.3822,28.1149,  46.7,21223,-60.2,-77.3,-72.6,  9, 17, 0.02, 77, 7.7
2024-09-26 12:17:51,-82.3823,28.1149,  46.7,21228,-60.1,-77.3,-72.6,  9, 17, 0.02, 76, 7.8
2024-09-26 12:17:52,-82.3824,28.1148,  46.7,21233,-60.1,-77.3,-72.6,  9, 17, 0.02, 75, 7.9
2024-09-26 12:17:53,-82.3825,28.1148,  46.6,21238,-60.1,-77.3,-72.6,  9, 17, 0.02, 74, 8.0
2024-09-26 12:17:54,-82.3825,28.1148,  46.6,21245,-60.1,-77.3,-72.6,  9, 17, 0.02, 73, 8.1
2024-09-26 12:17:55,-82.3826,28.1148,  46.6,21248,-60.1,-77.3,-72.6,  9, 17, 0.02, 72, 8.2
2024-09-26 12:17:56,-82.3827,28.1147,  46.5,21253,-60.1,-77.3,-72.6,  9, 17, 0.02, 71, 8.4
2024-09-26 12:17:57,-82.3828,28.1147,  46.5,21258,-60.1,-77.3,-72.6,  9, 17, 0.02, 71, 8.5
2024-09-26 12:17:58,-82.3829,28.1147,  46.4,21263,-60.1,-77.3,-72.6,  9, 17, 0.02, 71, 8.6
2024-09-26 12:17:59,-82.3829,28.1147,  46.4,21268,-60.1,-77.3,-72.5,  9, 17, 0.02, 72, 8.7
2024-09-26 12:18:00,-82.3830,28.1147,  46.4,21273,-60.1,-77.3,-72.5,  9, 17, 0.02, 73, 8.8
2024-09-26 12:18:01,-82.3831,28.1146,  46.3,21278,-60.1,-77.3,-72.5,  9, 17, 0.02, 73, 8.9
2024-09-26 12:18:02,-82.3832,28.1146,  46.3,21283,-60.1,-77.2,-72.5,  9, 17, 0.02, 74, 9.1
2024-09-26 12:18:03,-82.3833,28.1146,  46.3,21288,-60.1,-77.2,-72.5,  9, 17, 0.02, 75, 9.2
2024-09-26 12:18:04,-82.3834,28.1146,  46.2,21293,-60.0,-77.2,-72.5,  9, 17, 0.02, 75, 9.3
2024-09-26 12:18:05,-82.3835,28.1146,  46.2,21298,-60.0,-77.2,-72.5,  9, 17, 0.02, 76, 9.4
2024-09-26 12:18:06,-82.3837,28.1146,  46.1,21303,-60.0,-77.2,-72.5,  9, 17, 0.02, 77, 9.5
2024-09-26 12:18:07,-82.3838,28.1146,  46.1,21308,-60.0,-77.2,-72.5,  9, 17, 0.02, 77, 9.6
2024-09-26 12:18:08,-82.3839,28.1146,  46.1,21313,-60.0,-77.2,-72.5,  9, 17, 0.02, 78, 9.7
2024-09-26 12:18:09,-82.3840,28.1146,  46.0,21318,-60.0,-77.2,-72.5,  9, 17, 0.02, 78, 9.9
2024-09-26 12:18:10,-82.3842,28.1146,  46.0,21323,-60.0,-77.2,-72.5,  9, 17, 0.02, 79,10.0
2024-09-26 12:18:11,-82.3843,28.1146,  46.0,21328,-60.0,-77.2,-72.5,  9, 17, 0.02, 79,10.1
2024-09-26 12:18:12,-82.3844,28.1146,  45.9,21333,-60.0,-77.2,-72.5,  9, 16, 0.02, 80,10.2
2024-09-26 12:18:13,-82.3845,28.1146,  45.9,21338,-60.0,-77.3,-72.5,  9, 16, 0.02, 80,10.4
2024-09-26 12:18:14,-82.3846,28.1146,  45.9,21343,-60.0,-77.3,-72.6,  9, 16, 0.02, 81,10.5
2024-09-26 12:18:15,-82.3848,28.1147,  45.8,21348,-60.0,-77.3,-72.6,  9, 16, 0.02, 81,10.6
2024-09-26 12:18:16,-82.3849,28.1147,  45.8,21353,-60.0,-77.3,-72.6,  9, 16, 0.02, 82,10.7
2024-09-26 12:18:17,-82.3850,28.1147,  45.7,21358,-60.0,-77.3,-72.6,  9, 16, 0.02, 82,10.8
2024-09-26 12:18:18,-82.3851,28.1147,  45.7,21363,-60.0,-77.3,-72.6,  9, 16, 0.02, 83,10.9
2024-09-26 12:18:19,-82.3852,28.1147,  45.7,21368,-60.0,-77.4,-72.6,  9, 16, 0.02, 84,11.0
2024-09-26 12:18:20,-82.3854,28.1147,  45.6,21373,-60.0,-77.4,-72.6,  9, 16, 0.02, 85,11.1
2024-09-26 12:18:21,-82.3855,28.1147,  45.6,21378,-60.0,-77.4,-72.7,  9, 16, 0.02, 86,11.1
2024-09-26 12:18:22,-82.3856,28.1147,  45.6,21383,-60.0,-77.4,-72.7,  9, 16, 0.02, 86,11.2
2024-09-26 12:18:23,-82.3857,28.1147,  45.5,21388,-60.0,-77.4,-72.7,  9, 16, 0.02, 87,11.3
2024-09-26 12:18:24,-82.3858,28.1147,  45.5,21393,-60.0,-77.4,-72.7,  9, 16, 0.02, 88,11.4
2024-09-26 12:18:25,-82.3860,28.1147,  45.4,21398,-60.0,-77.4,-72.7,  9, 16, 0.02, 89,11.5
2024-09-26 12:18:26,-82.3861,28.1147,  45.4,21406,-59.9,-77.4,-72.7,  9, 16, 0.02, 90,11.6
2024-09-26 12:18:27,-82.3862,28.1147,  45.4,21408,-59.9,-77.5,-72.7,  9, 16, 0.02, 90,11.7
2024-09-26 12:18:28,-82.3863,28.1147,  45.3,21414,-60.0,-77.5,-72.7,  9, 16, 0.02, 91,11.7
2024-09-26 12:18:29,-82.3864,28.1147,  45.3,21419,-60.0,-77.5,-72.8,  9, 16, 0.02, 92,11.8
2024-09-26 12:18:30,-82.3865,28.1147,  45.3,21424,-60.0,-77.5,-72.8,  9, 16, 0.02, 92,11.9
2024-09-26 12:18:31,-82.3867,28.1147,  45.2,21430,-60.0,-77.5,-72.8,  9, 16, 0.02, 93,12.0
2024-09-26 12:18:32,-82.3868,28.1147,  45.2,21435,-60.0,-77.5,-72.8,  9, 16, 0.02, 94,12.1
2024-09-26 12:18:33,-82.3869,28.1147,  45.1,21440,-60.0,-77.5,-72.8,  9, 16, 0.02, 94,12.2
2024-09-26 12:18:34,-82.3871,28.1147,  45.1,21446,-60.0,-77.6,-72.8,  9, 16, 0.02, 95,12.3
2024-09-26 12:18:35,-82.3872,28.1148,  45.1,21451,-60.0,-77.6,-72.8,  9, 16, 0.02, 96,12.4
2024-09-26 12:18:36,-82.3873,28.1148,  45.0,21456,-60.0,-77.6,-72.9,  9, 16, 0.02, 96,12.5
2024-09-26 12:18:37,-82.3875,28.1148,  45.0,21462,-60.0,-77.6,-72.9,  9, 16, 0.02, 97,12.6
2024-09-26 12:18:38,-82.3876,28.1148,  44.9,21467,-60.0,-77.6,-72.9,  9, 16, 0.02, 97,12.7
2024-09-26 12:18:39,-82.3877,28.1149,  44.9,21473,-60.0,-77.6,-72.9,  9, 16, 0.02, 98,12.8
2024-09-26 12:18:40,-82.3878,28.1149,  44.9,21478,-60.0,-77.6,-72.9,  9, 16, 0.02, 98,12.8
2024-09-26 12:18:41,-82.3880,28.1149,  44.8,21483,-60.0,-77.6,-72.9,  9, 16, 0.02, 99,12.9
2024-09-26 12:18:42,-82.3881,28.1150,  44.8,21489,-60.0,-77.7,-72.9,  9, 16, 0.02, 99,12.9
2024-09-26 12:18:43,-82.3882,28.1150,  44.8,21494,-60.0,-77.7,-72.9,  9, 15, 0.02,100,13.0
2024-09-26 12:18:44,-82.3884,28.1150,  44.7,21500,-60.0,-77.7,-73.0,  9, 15, 0.02,100,13.1
2024-09-26 12:18:45,-82.3885,28.1151,  44.7,21505,-60.0,-77.7,-73.0,  9, 15, 0.02,101,13.1
2024-09-26 12:18:46,-82.3886,28.1151,  44.6,21510,-60.0,-77.7,-73.0,  9, 15, 0.02,101,13.2
2024-09-26 12:18:47,-82.3888,28.1151,  44.6,21516,-60.0,-77.7,-73.0,  9, 15, 0.02,102,13.3
2024-09-26 12:18:48,-82.3889,28.1151,  44.6,21521,-60.0,-77.7,-73.0,  9, 15, 0.02,102,13.3
2024-09-26 12:18:49,-82.3890,28.1152,  44.5,21526,-60.0,-77.8,-73.0,  9, 15, 0.02,103,13.4
2024-09-26 12:18:50,-82.3892,28.1152,  44.5,21532,-60.1,-77.8,-73.0,  9, 15, 0.02,103,13.5
2024-09-26 12:18:51,-82.3893,28.1152,  44.4,21537,-60.1,-77.8,-73.1,  9, 15, 0.02,103,13.5
2024-09-26 12:18:52,-82.3894,28.1153,  44.4,21543,-60.1,-77.8,-73.1,  9, 15, 0.02,104,13.6
2024-09-26 12:18:53,-82.3896,28.1153,  44.4,21549,-60.1,-77.8,-73.1,  9, 15, 0.02,104,13.7
2024-09-26 12:18:54,-82.3897,28.1153,  44.3,21554,-60.1,-77.8,-73.1,  9, 15, 0.02,105,13.7
2024-09-26 12:18:55,-82.3898,28.1154,  44.3,21560,-60.1,-77.8,-73.1,  9, 15, 0.02,105,13.8
2024-09-26 12:18:56,-82.3900,28.1154,  44.2,21566,-60.1,-77.8,-73.1,  9, 15, 0.02,105,13.9
2024-09-26 12:18:57,-82.3901,28.1154,  44.2,21572,-60.1,-77.8,-73.1,  9, 15, 0.02,106,14.0
2024-09-26 12:18:58,-82.3902,28.1155,  44.2,21577,-60.1,-77.9,-73.1,  9, 15, 0.02,106,13.8
2024-09-26 12:18:59,-82.3904,28.1155,  44.1,21583,-60.1,-77.9,-73.1,  9, 15, 0.02,105,13.7
2024-09-26 12:19:00,-82.3905,28.1155,  44.1,21589,-60.1,-77.9,-73.1,  9, 15, 0.02,105,13.6
2024-09-26 12:19:01,-82.3906,28.1155,  44.0,21595,-60.1,-77.9,-73.2,  8, 15, 0.02,105,13.5
2024-09-26 12:19:02,-82.3908,28.1156,  44.0,21600,-60.1,-77.9,-73.2,  8, 15, 0.02,105,13.4
2024-09-26 12:19:03,-82.3909,28.1156,  44.0,21606,-60.1,-77.9,-73.2,  8, 15, 0.02,104,13.2
2024-09-26 12:19:04,-82.3910,28.1156,  43.9,21612,-60.1,-77.9,-73.2,  8, 15, 0.02,104,13.1
2024-09-26 12:19:05,-82.3911,28.1156,  43.9,21617,-60.1,-77.9,-73.2,  8, 15, 0.02,104,13.0
2024-09-26 12:19:06,-82.3912,28.1156,  43.8,21623,-60.1,-78.0,-73.2,  8, 15, 0.02,104,12.9
2024-09-26 12:19:07,-82.3913,28.1156,  43.8,21629,-60.2,-78.0,-73.3,  8, 15, 0.02,103,12.8
2024-09-26 12:19:08,-82.3914,28.1156,  43.8,21635,-60.2,-78.0,-73.3,  8, 15, 0.02,103,12.6
2024-09-26 12:19:09,-82.3915,28.1156,  43.7,21640,-60.2,-78.0,-73.3,  8, 15, 0.02,103,12.5
2024-09-26 12:19:10,-82.3916,28.1156,  43.7,21646,-60.2,-78.0,-73.3,  8, 15, 0.02,102,12.4
2024-09-26 12:19:11,-82.3917,28.1156,  43.6,21652,-60.2,-78.1,-73.3,  8, 15, 0.02,102,12.3
2024-09-26 12:19:12,-82.3919,28.1156,  43.6,21658,-60.2,-78.1,-73.3,  8, 15, 0.02,102,12.2
2024-09-26 12:19:13,-82.3920,28.1156,  43.6,21664,-60.2,-78.1,-73.4,  8, 15, 0.02,102,12.1
2024-09-26 12:19:14,-82.3921,28.1156,  43.5,21669,-60.2,-78.1,-73.4,  8, 15, 0.02,101,11.9
2024-09-26 12:19:15,-82.3922,28.1156,  43.5,21675,-60.2,-78.1,-73.4,  8, 15, 0.02,101,11.8
2024-09-26 12:19:16,-82.3923,28.1156,  43.4,21681,-60.2,-78.1,-73.4,  8, 15, 0.02,101,11.7
2024-09-26 12:19:17,-82.3924,28.1156,  43.4,21686,-60.2,-78.2,-73.4,  8, 15, 0.02,100,11.6
2024-09-26 12:19:18,-82.3925,28.1156,  43.4,21692,-60.2,-78.2,-73.4,  8, 15, 0.02, 99,11.5
2024-09-26 12:19:19,-82.3926,28.1156,  43.3,21698,-60.2,-78.2,-73.5,  8, 15, 0.02, 99,11.4
2024-09-26 12:19:20,-82.3927,28.1156,  43.3,21703,-60.2,-78.2,-73.5,  8, 15, 0.02, 98,11.4
2024-09-26 12:19:21,-82.3928,28.1156,  43.2,21709,-60.2,-78.2,-73.5,  8, 15, 0.02, 97,11.3
2024-09-26 12:19:22,-82.3929,28.1156,  43.2,21715,-60.2,-78.2,-73.5,  8, 15, 0.02, 96,11.2
2024-09-26 12:19:23,-82.3931,28.1156,  43.2,21721,-60.2,-78.2,-73.5,  8, 15, 0.02, 96,11.1
2024-09-26 12:19:24,-82.3932,28.1156,  43.1,21727,-60.2,-78.2,-73.5,  8, 15, 0.02, 95,11.1
2024-09-26 12:19:25,-82.3933,28.1156,  43.1,21733,-60.2,-78.3,-73.5,  8, 14, 0.02, 94,11.0
2024-09-26 12:19:26,-82.3934,28.1156,  43.0,21739,-60.2,-78.3,-73.5,  8, 14, 0.02, 93,11.1
2024-09-26 12:19:27,-82.3935,28.1156,  43.0,21745,-60.2,-78.3,-73.6,  8, 14, 0.02, 92,11.0
2024-09-26 12:19:28,-82.3936,28.1156,  42.9,21751,-60.2,-78.3,-73.6,  8, 14, 0.02, 91,10.9
2024-09-26 12:19:29,-82.3937,28.1156,  42.9,21757,-60.2,-78.3,-73.6,  8, 14, 0.02, 91,10.9
2024-09-26 12:19:30,-82.3938,28.1156,  42.9,21763,-60.2,-78.3,-73.6,  8, 14, 0.02, 90,10.7
2024-09-26 12:19:31,-82.3939,28.1156,  42.8,21769,-60.2,-78.3,-73.6,  8, 14, 0.02, 89,10.7
2024-09-26 12:19:32,-82.3940,28.1156,  42.8,21775,-60.2,-78.3,-73.6,  8, 14, 0.02, 88,10.6
2024-09-26 12:19:33,-82.3942,28.1156,  42.7,21781,-60.2,-78.3,-73.6,  8, 14, 0.02, 87,10.6
2024-09-26 12:19:34,-82.3943,28.1156,  42.7,21787,-60.2,-78.4,-73.6,  8, 14, 0.02, 86,10.5
2024-09-26 12:19:35,-82.3944,28.1156,  42.7,21793,-60.2,-78.4,-73.6,  8, 14, 0.02, 85,10.5
2024-09-26 12:19:36,-82.3945,28.1156,  42.6,21799,-60.2,-78.4,-73.6,  8, 14, 0.02, 84,10.4
2024-09-26 12:19:37,-82.3946,28.1156,  42.6,21805,-60.2,-78.4,-73.7,  8, 14, 0.02, 83,10.4
2024-09-26 12:19:38,-82.3947,28.1156,  42.5,21811,-60.2,-78.4,-73.7,  8, 14, 0.02, 83,10.5
2024-09-26 12:19:39,-82.3949,28.1156,  42.5,21817,-60.2,-78.4,-73.7,  8, 14, 0.02, 83,10.5
2024-09-26 12:19:40,-82.3950,28.1155,  42.4,21824,-60.3,-78.4,-73.7,  8, 14, 0.02, 83,10.6
2024-09-26 12:19:41,-82.3951,28.1155,  42.4,21830,-60.3,-78.4,-73.7,  8, 14, 0.02, 83,10.7
2024-09-26 12:19:42,-82.3952,28.1155,  42.4,21836,-60.3,-78.5,-73.7,  8, 14, 0.02, 83,10.8
2024-09-26 12:19:43,-82.3953,28.1155,  42.3,21842,-60.3,-78.5,-73.7,  8, 14, 0.02, 83,10.8
2024-09-26 12:19:44,-82.3955,28.1155,  42.3,21848,-60.3,-78.5,-73.7,  8, 14, 0.02, 83,10.9
2024-09-26 12:19:45,-82.3956,28.1155,  42.2,21854,-60.3,-78.5,-73.7,  8, 14, 0.02, 83,11.0
2024-09-26 12:19:46,-82.3957,28.1155,  42.2,21859,-60.3,-78.5,-73.8,  8, 14, 0.02, 83,11.0
2024-09-26 12:19:47,-82.3958,28.1155,  42.2,21866,-60.3,-78.5,-73.8,  8, 14, 0.02, 83,11.1
2024-09-26 12:19:48,-82.3959,28.1155,  42.1,21872,-60.3,-78.5,-73.8,  8, 14, 0.02, 83,11.2
2024-09-26 12:19:49,-82.3961,28.1155,  42.1,21878,-60.3,-78.5,-73.8,  8, 14, 0.02, 83,11.2
2024-09-26 12:19:50,-82.3962,28.1154,  42.0,21885,-60.3,-78.5,-73.8,  8, 14, 0.02, 82,11.3
2024-09-26 12:19:51,-82.3963,28.1154,  42.0,21891,-60.3,-78.6,-73.8,  8, 14, 0.02, 82,11.4
2024-09-26 12:19:52,-82.3964,28.1154,  41.9,21897,-60.4,-78.6,-73.8,  8, 14, 0.02, 82,11.4
2024-09-26 12:19:53,-82.3965,28.1154,  41.9,21904,-60.4,-78.6,-73.8,  8, 14, 0.02, 82,11.5
2024-09-26 12:19:54,-82.3967,28.1154,  41.9,21910,-60.4,-78.6,-73.9,  8, 14, 0.02, 82,11.6
2024-09-26 12:19:55,-82.3968,28.1154,  41.8,21917,-60.4,-78.6,-73.9,  8, 14, 0.02, 82,11.7
2024-09-26 12:19:56,-82.3969,28.1154,  41.8,21923,-60.4,-78.6,-73.9,  8, 14, 0.02, 82,11.7
2024-09-26 12:19:57,-82.3970,28.1154,  41.7,21930,-60.4,-78.6,-73.9,  8, 14, 0.02, 82,11.8
2024-09-26 12:19:58,-82.3971,28.1154,  41.7,21936,-60.4,-78.6,-73.9,  8, 14, 0.02, 83,11.8
2024-09-26 12:19:59,-82.3972,28.1153,  41.6,21943,-60.4,-78.6,-73.9,  8, 14, 0.02, 83,11.9
2024-09-26 12:20:00,-82.3974,28.1153,  41.6,21950,-60.4,-78.7,-73.9,  8, 14, 0.02, 84,11.9
2024-09-26 12:20:01,-82.3975,28.1153,  41.6,21956,-60.4,-78.7,-73.9,  8, 14, 0.02, 85,12.0
2024-09-26 12:20:02,-82.3976,28.1153,  41.5,21963,-60.4,-78.7,-73.9,  8, 14, 0.02, 86,12.0
2024-09-26 12:20:03,-82.3977,28.1153,  41.5,21969,-60.4,-78.7,-74.0,  8, 14, 0.02, 86,12.0
2024-09-26 12:20:04,-82.3979,28.1153,  41.4,21976,-60.5,-78.7,-74.0,  8, 14, 0.02, 87,12.1
2024-09-26 12:20:05,-82.3980,28.1153,  41.4,21982,-60.5,-78.7,-74.0,  8, 14, 0.02, 88,12.1
2024-09-26 12:20:06,-82.3981,28.1153,  41.3,21989,-60.5,-78.7,-74.0,  8, 14, 0.02, 88,12.2
2024-09-26 12:20:07,-82.3983,28.1153,  41.3,21995,-60.5,-78.7,-74.0,  8, 14, 0.02, 89,12.2
2024-09-26 12:20:08,-82.3984,28.1154,  41.3,22002,-60.5,-78.8,-74.0,  8, 14, 0.02, 90,12.3
2024-09-26 12:20:09,-82.3985,28.1154,  41.2,22008,-60.5,-78.8,-74.0,  8, 14, 0.02, 90,12.4
2024-09-26 12:20:10,-82.3987,28.1154,  41.2,22014,-60.5,-78.8,-74.0,  8, 14, 0.02, 91,12.4
2024-09-26 12:20:11,-82.3988,28.1154,  41.1,22020,-60.5,-78.8,-74.1,  8, 14, 0.02, 92,12.5
2024-09-26 12:20:12,-82.3989,28.1154,  41.1,22026,-60.5,-78.8,-74.1,  8, 14, 0.02, 92,12.5
2024-09-26 12:20:13,-82.3991,28.1154,  41.0,22032,-60.6,-78.8,-74.1,  8, 14, 0.02, 93,12.6
2024-09-26 12:20:14,-82.3992,28.1154,  41.0,22038,-60.6,-78.8,-74.1,  8, 14, 0.02, 94,12.7
2024-09-26 12:20:15,-82.3993,28.1154,  41.0,22045,-60.6,-78.8,-74.1,  8, 14, 0.02, 94,12.7
2024-09-26 12:20:16,-82.3995,28.1154,  40.9,22051,-60.6,-78.9,-74.1,  8, 14, 0.02, 95,12.8
2024-09-26 12:20:17,-82.3996,28.1154,  40.9,22058,-60.6,-78.9,-74.1,  8, 14, 0.02, 96,12.9
2024-09-26 12:20:18,-82.3997,28.1154,  40.8,22064,-60.6,-78.9,-74.2,  8, 14, 0.02, 95,12.9
2024-09-26 12:20:19,-82.3999,28.1154,  40.8,22071,-60.6,-78.9,-74.2,  8, 14, 0.02, 95,12.9
2024-09-26 12:20:20,-82.4000,28.1154,  40.8,22077,-60.7,-78.9,-74.2,  8, 14, 0.02, 95,12.9
2024-09-26 12:20:21,-82.4001,28.1155,  40.7,22084,-60.7,-78.9,-74.2,  8, 14, 0.02, 95,13.0
2024-09-26 12:20:22,-82.4003,28.1155,  40.7,22090,-60.7,-79.0,-74.2,  8, 14, 0.02, 94,13.0
2024-09-26 12:20:23,-82.4004,28.1155,  40.6,22096,-60.7,-79.0,-74.2,  8, 14, 0.02, 94,13.0
2024-09-26 12:20:24,-82.4005,28.1155,  40.6,22103,-60.7,-79.0,-74.3,  8, 14, 0.02, 94,13.0
2024-09-26 12:20:25,-82.4007,28.1155,  40.5,22109,-60.7,-79.0,-74.3,  8, 14, 0.02, 94,13.1
2024-09-26 12:20:26,-82.4008,28.1155,  40.5,22116,-60.8,-79.1,-74.3,  8, 14, 0.02, 93,13.1
2024-09-26 12:20:27,-82.4009,28.1155,  40.5,22122,-60.8,-79.1,-74.4,  8, 14, 0.02, 93,13.1
2024-09-26 12:20:28,-82.4011,28.1155,  40.4,22128,-60.8,-79.1,-74.4,  8, 14, 0.02, 93,13.1
2024-09-26 12:20:29,-82.4012,28.1155,  40.4,22134,-60.8,-79.2,-74.4,  8, 14, 0.02, 93,13.2
2024-09-26 12:20:30,-82.4013,28.1155,  40.3,22140,-60.8,-79.2,-74.5,  8, 14, 0.02, 93,13.2
2024-09-26 12:20:31,-82.4015,28.1155,  40.3,22146,-60.8,-79.2,-74.5,  8, 14, 0.02, 92,13.2
2024-09-26 12:20:32,-82.4016,28.1155,  40.3,22153,-60.8,-79.3,-74.5,  8, 14, 0.02, 92,13.2
2024-09-26 12:20:33,-82.4017,28.1155,  40.2,22159,-60.8,-79.3,-74.5,  8, 14, 0.02, 92,13.3
2024-09-26 12:20:34,-82.4019,28.1155,  40.2,22165,-60.9,-79.3,-74.6,  7, 14, 0.02, 92,13.3
2024-09-26 12:20:35,-82.4020,28.1155,  40.1,22172,-60.9,-79.3,-74.6,  7, 13, 0.02, 92,13.3
2024-09-26 12:20:36,-82.4022,28.1155,  40.1,22178,-60.9,-79.4,-74.6,  7, 13, 0.02, 91,13.4
2024-09-26 12:20:37,-82.4023,28.1155,  40.1,22184,-60.9,-79.4,-74.7,  7, 13, 0.02, 91,13.4
2024-09-26 12:20:38,-82.4025,28.1155,  40.0,22191,-60.9,-79.4,-74.7,  7, 13, 0.02, 91,13.4
2024-09-26 12:20:39,-82.4026,28.1155,  40.0,22197,-60.9,-79.5,-74.7,  7, 13, 0.02, 91,13.5
2024-09-26 12:20:40,-82.4028,28.1155,  39.9,22203,-60.9,-79.5,-74.8,  7, 13, 0.02, 90,13.6
2024-09-26 12:20:41,-82.4029,28.1155,  39.9,22210,-61.0,-79.5,-74.8,  7, 13, 0.02, 90,13.6
2024-09-26 12:20:42,-82.4031,28.1155,  39.9,22216,-61.0,-79.6,-74.8,  7, 13, 0.02, 90,13.7
2024-09-26 12:20:43,-82.4032,28.1155,  39.8,22222,-61.0,-79.6,-74.9,  7, 13, 0.02, 90,13.7
2024-09-26 12:20:44,-82.4034,28.1155,  39.8,22228,-61.0,-79.6,-74.9,  7, 13, 0.02, 89,13.8
2024-09-26 12:20:45,-82.4035,28.1155,  39.7,22235,-61.0,-79.7,-74.9,  7, 13, 0.02, 89,13.9
2024-09-26 12:20:46,-82.4037,28.1154,  39.7,22241,-61.0,-79.7,-75.0,  7, 13, 0.02, 89,13.9
2024-09-26 12:20:47,-82.4038,28.1154,  39.7,22247,-61.0,-79.7,-75.0,  7, 13, 0.02, 89,14.0
2024-09-26 12:20:48,-82.4040,28.1154,  39.6,22254,-61.0,-79.8,-75.0,  7, 13, 0.02, 89,14.1
2024-09-26 12:20:49,-82.4041,28.1154,  39.6,22260,-61.0,-79.8,-75.1,  7, 13, 0.02, 88,14.1
2024-09-26 12:20:50,-82.4043,28.1154,  39.5,22266,-61.1,-79.8,-75.1,  7, 13, 0.02, 88,14.2
2024-09-26 12:20:51,-82.4044,28.1154,  39.5,22272,-61.1,-79.8,-75.1,  7, 13, 0.02, 88,14.2
2024-09-26 12:20:52,-82.4046,28.1154,  39.5,22278,-61.1,-79.8,-75.1,  7, 13, 0.02, 88,14.3
2024-09-26 12:20:53,-82.4047,28.1154,  39.4,22284,-61.1,-79.9,-75.1,  7, 13, 0.02, 87,14.4
2024-09-26 12:20:54,-82.4049,28.1154,  39.4,22290,-61.1,-79.9,-75.1,  7, 13, 0.02, 87,14.4
2024-09-26 12:20:55,-82.4050,28.1154,  39.3,22296,-61.1,-79.9,-75.2,  7, 13, 0.02, 87,14.5
2024-09-26 12:20:56,-82.4052,28.1154,  39.3,22302,-61.1,-79.9,-75.2,  7, 13, 0.02, 87,14.6
2024-09-26 12:20:57,-82.4053,28.1154,  39.3,22309,-61.1,-79.9,-75.2,  7, 13, 0.02, 87,14.6
2024-09-26 12:20:58,-82.4054,28.1154,  39.2,22315,-61.2,-80.0,-75.2,  7, 13, 0.02, 87,14.7
2024-09-26 12:20:59,-82.4056,28.1154,  39.2,22321,-61.2,-80.0,-75.2,  7, 13, 0.02, 87,14.7
2024-09-26 12:21:00,-82.4057,28.1153,  39.1,22328,-61.2,-80.0,-75.2,  7, 13, 0.02, 87,14.7
2024-09-26 12:21:01,-82.4059,28.1153,  39.1,22334,-61.2,-80.0,-75.3,  7, 13, 0.02, 88,14.7
2024-09-26 12:21:02,-82.4060,28.1153,  39.1,22340,-61.2,-80.0,-75.3,  7, 13, 0.02, 88,14.8
2024-09-26 12:21:03,-82.4062,28.1153,  39.0,22344,-61.2,-80.0,-75.3,  7, 13, 0.02, 88,14.8
2024-09-26 12:21:04,-82.4063,28.1153,  39.0,22352,-61.3,-80.1,-75.3,  7, 13, 0.02, 88,14.8
2024-09-26 12:21:05,-82.4065,28.1153,  39.0,22358,-61.3,-80.1,-75.3,  7, 13, 0.02, 89,14.9
2024-09-26 12:21:06,-82.4066,28.1154,  38.9,22364,-61.3,-80.1,-75.3,  7, 13, 0.02, 89,14.9
2024-09-26 12:21:07,-82.4068,28.1154,  38.9,22370,-61.3,-80.1,-75.3,  7, 13, 0.02, 89,14.9
2024-09-26 12:21:08,-82.4069,28.1154,  38.8,22376,-61.3,-80.1,-75.3,  7, 13, 0.02, 90,15.0
2024-09-26 12:21:09,-82.4071,28.1154,  38.8,22382,-61.3,-80.1,-75.3,  7, 13, 0.02, 90,15.0
2024-09-26 12:21:10,-82.4072,28.1154,  38.8,22388,-61.3,-80.1,-75.3,  7, 13, 0.02, 90,15.0
2024-09-26 12:21:11,-82.4074,28.1154,  38.7,22394,-61.4,-80.1,-75.3,  7, 13, 0.02, 90,15.0
2024-09-26 12:21:12,-82.4075,28.1154,  38.7,22400,-61.4,-80.1,-75.3,  7, 13, 0.02, 91,15.1
2024-09-26 12:21:13,-82.4077,28.1154,  38.7,22406,-61.4,-80.1,-75.3,  7, 13, 0.02, 91,15.1
2024-09-26 12:21:14,-82.4078,28.1154,  38.6,22412,-61.4,-80.1,-75.3,  7, 13, 0.02, 91,15.1
2024-09-26 12:21:15,-82.4080,28.1154,  38.6,22418,-61.4,-80.1,-75.3,  7, 13, 0.02, 91,15.2
2024-09-26 12:21:16,-82.4081,28.1155,  38.5,22423,-61.4,-80.1,-75.3,  7, 13, 0.02, 92,15.2
2024-09-26 12:21:17,-82.4083,28.1155,  38.5,22429,-61.5,-80.1,-75.4,  7, 13, 0.02, 92,15.2
2024-09-26 12:21:18,-82.4084,28.1155,  38.5,22435,-61.5,-80.1,-75.4,  7, 13, 0.02, 92,15.2
2024-09-26 12:21:19,-82.4086,28.1155,  38.4,22441,-61.5,-80.2,-75.4,  7, 13, 0.02, 92,15.1
2024-09-26 12:21:20,-82.4087,28.1155,  38.4,22447,-61.5,-80.2,-75.4,  7, 13, 0.02, 92,15.1
2024-09-26 12:21:21,-82.4089,28.1155,  38.4,22452,-61.5,-80.2,-75.5,  7, 13, 0.02, 92,15.0
2024-09-26 12:21:22,-82.4090,28.1155,  38.3,22458,-61.5,-80.2,-75.5,  7, 13, 0.02, 93,15.0
2024-09-26 12:21:23,-82.4092,28.1155,  38.3,22463,-61.5,-80.3,-75.5,  7, 13, 0.02, 93,15.0
2024-09-26 12:21:24,-82.4093,28.1155,  38.3,22469,-61.5,-80.3,-75.5,  7, 13, 0.02, 93,14.9
2024-09-26 12:21:25,-82.4095,28.1155,  38.2,22475,-61.6,-80.3,-75.6,  7, 13, 0.02, 93,14.9
2024-09-26 12:21:26,-82.4096,28.1156,  38.2,22480,-61.6,-80.3,-75.6,  7, 13, 0.02, 93,14.8
2024-09-26 12:21:27,-82.4098,28.1156,  38.2,22486,-61.6,-80.3,-75.6,  7, 13, 0.02, 93,14.8
2024-09-26 12:21:28,-82.4099,28.1156,  38.1,22492,-61.6,-80.4,-75.6,  7, 13, 0.02, 93,14.7
2024-09-26 12:21:29,-82.4101,28.1156,  38.1,22497,-61.6,-80.4,-75.6,  7, 13, 0.02, 94,14.7
2024-09-26 12:21:30,-82.4102,28.1156,  38.1,22503,-61.6,-80.4,-75.7,  7, 13, 0.02, 94,14.6
2024-09-26 12:21:31,-82.4104,28.1156,  38.0,22509,-61.6,-80.4,-75.7,  7, 13, 0.02, 94,14.6
2024-09-26 12:21:32,-82.4105,28.1156,  38.0,22515,-61.6,-80.5,-75.7,  7, 13, 0.02, 94,14.5
2024-09-26 12:21:33,-82.4107,28.1156,  37.9,22521,-61.6,-80.5,-75.8,  7, 12, 0.02, 94,14.5
2024-09-26 12:21:34,-82.4108,28.1156,  37.9,22527,-61.7,-80.5,-75.8,  7, 12, 0.02, 94,14.4
2024-09-26 12:21:35,-82.4109,28.1156,  37.9,22532,-61.7,-80.6,-75.8,  7, 12, 0.02, 94,14.4
2024-09-26 12:21:36,-82.4111,28.1156,  37.8,22538,-61.7,-80.6,-75.8,  7, 12, 0.02, 95,14.3
2024-09-26 12:21:37,-82.4112,28.1156,  37.8,22544,-61.7,-80.6,-75.9,  7, 12, 0.02, 95,14.3
2024-09-26 12:21:38,-82.4113,28.1157,  37.8,22549,-61.7,-80.6,-75.9,  7, 12, 0.02, 95,14.2
2024-09-26 12:21:39,-82.4115,28.1157,  37.7,22555,-61.7,-80.7,-75.9,  7, 12, 0.02, 95,14.2
2024-09-26 12:21:40,-82.4116,28.1157,  37.7,22561,-61.7,-80.7,-76.0,  7, 12, 0.02, 95,14.1
2024-09-26 12:21:41,-82.4117,28.1157,  37.7,22566,-61.7,-80.7,-76.0,  7, 12, 0.02, 95,14.0
2024-09-26 12:21:42,-82.4119,28.1157,  37.6,22572,-61.7,-80.8,-76.0,  7, 12, 0.02, 95,14.0
2024-09-26 12:21:43,-82.4120,28.1157,  37.6,22577,-61.7,-80.8,-76.0,  7, 12, 0.02, 95,13.9
2024-09-26 12:21:44,-82.4122,28.1157,  37.6,22583,-61.7,-80.8,-76.1,  7, 12, 0.02, 95,13.8
2024-09-26 12:21:45,-82.4123,28.1157,  37.5,22588,-61.7,-80.8,-76.1,  7, 12, 0.02, 95,13.8
2024-09-26 12:21:46,-82.4124,28.1157,  37.5,22594,-61.7,-80.9,-76.1,  7, 12, 0.02, 94,13.7
2024-09-26 12:21:47,-82.4126,28.1157,  37.5,22599,-61.7,-80.9,-76.1,  7, 12, 0.02, 94,13.6
2024-09-26 12:21:48,-82.4127,28.1157,  37.4,22605,-61.7,-80.9,-76.2,  7, 12, 0.02, 94,13.6
2024-09-26 12:21:49,-82.4128,28.1157,  37.4,22610,-61.7,-80.9,-76.2,  7, 12, 0.02, 94,13.5
2024-09-26 12:21:50,-82.4130,28.1157,  37.4,22616,-61.7,-80.9,-76.2,  6, 12, 0.02, 94,13.4
2024-09-26 12:21:51,-82.4131,28.1157,  37.3,22621,-61.7,-81.0,-76.2,  6, 12, 0.02, 94,13.4
2024-09-26 12:21:52,-82.4132,28.1157,  37.3,22626,-61.7,-81.0,-76.2,  6, 12, 0.02, 94,13.3
2024-09-26 12:21:53,-82.4134,28.1157,  37.3,22631,-61.7,-81.0,-76.3,  6, 12, 0.02, 94,13.2
2024-09-26 12:21:54,-82.4135,28.1157,  37.2,22637,-61.7,-81.0,-76.3,  6, 12, 0.02, 94,13.1
2024-09-26 12:21:55,-82.4136,28.1157,  37.2,22642,-61.7,-81.0,-76.3,  6, 12, 0.02, 94,13.1
2024-09-26 12:21:56,-82.4138,28.1157,  37.2,22647,-61.8,-81.1,-76.3,  6, 12, 0.02, 94,13.0
2024-09-26 12:21:57,-82.4139,28.1158,  37.1,22652,-61.8,-81.1,-76.3,  6, 12, 0.02, 94,12.9
2024-09-26 12:21:58,-82.4140,28.1158,  37.1,22657,-61.8,-81.1,-76.4,  6, 12, 0.02, 94,13.0
2024-09-26 12:21:59,-82.4142,28.1158,  37.1,22662,-61.8,-81.1,-76.4,  6, 12, 0.02, 93,13.1
2024-09-26 12:22:00,-82.4143,28.1158,  37.1,22667,-61.8,-81.1,-76.4,  6, 11, 0.02, 93,13.1
2024-09-26 12:22:01,-82.4144,28.1158,  37.0,22670,-61.8,-81.2,-76.4,  6, 11, 0.02, 93,13.2
2024-09-26 12:22:02,-82.4146,28.1158,  37.0,22677,-61.8,-81.2,-76.4,  6, 11, 0.02, 93,13.3
2024-09-26 12:22:03,-82.4147,28.1158,  37.0,22682,-61.8,-81.2,-76.4,  6, 11, 0.02, 92,13.3
2024-09-26 12:22:04,-82.4148,28.1158,  36.9,22687,-61.8,-81.2,-76.5,  6, 11, 0.02, 92,13.4
2024-09-26 12:22:05,-82.4150,28.1158,  36.9,22692,-61.8,-81.2,-76.5,  6, 11, 0.02, 92,13.5
2024-09-26 12:22:06,-82.4151,28.1158,  36.9,22697,-61.8,-81.2,-76.5,  6, 11, 0.02, 91,13.5
2024-09-26 12:22:07,-82.4153,28.1158,  36.9,22702,-61.8,-81.3,-76.5,  6, 11, 0.02, 91,13.6
2024-09-26 12:22:08,-82.4154,28.1158,  36.8,22707,-61.8,-81.3,-76.5,  6, 11, 0.02, 91,13.6
2024-09-26 12:22:09,-82.4156,28.1158,  36.8,22712,-61.8,-81.3,-76.5,  6, 11, 0.02, 90,13.7
2024-09-26 12:22:10,-82.4157,28.1158,  36.8,22717,-61.7,-81.3,-76.6,  6, 11, 0.02, 90,13.8
2024-09-26 12:22:11,-82.4158,28.1158,  36.7,22722,-61.7,-81.3,-76.6,  6, 11, 0.02, 90,13.8
2024-09-26 12:22:12,-82.4160,28.1158,  36.7,22727,-61.7,-81.4,-76.6,  6, 11, 0.02, 90,13.9
2024-09-26 12:22:13,-82.4161,28.1158,  36.7,22732,-61.7,-81.4,-76.6,  6, 11, 0.02, 89,14.0
2024-09-26 12:22:14,-82.4163,28.1158,  36.6,22737,-61.7,-81.4,-76.7,  6, 11, 0.02, 89,14.1
2024-09-26 12:22:15,-82.4164,28.1158,  36.6,22742,-61.7,-81.4,-76.7,  6, 11, 0.02, 89,14.1
2024-09-26 12:22:16,-82.4166,28.1158,  36.6,22747,-61.7,-81.4,-76.7,  6, 11, 0.02, 88,14.2
2024-09-26 12:22:17,-82.4167,28.1157,  36.6,22752,-61.7,-81.5,-76.7,  6, 11, 0.02, 88,14.3
2024-09-26 12:22:18,-82.4168,28.1157,  36.5,22756,-61.7,-81.5,-76.7,  6, 11, 0.02, 88,14.2
2024-09-26 12:22:19,-82.4170,28.1157,  36.5,22761,-61.7,-81.5,-76.7,  6, 11, 0.02, 88,14.2
2024-09-26 12:22:20,-82.4171,28.1157,  36.5,22767,-61.7,-81.5,-76.8,  6, 11, 0.02, 88,14.2
2024-09-26 12:22:21,-82.4173,28.1157,  36.4,22772,-61.7,-81.5,-76.8,  6, 11, 0.02, 88,14.2
2024-09-26 12:22:22,-82.4174,28.1157,  36.4,22777,-61.7,-81.5,-76.8,  6, 11, 0.02, 88,14.2
2024-09-26 12:22:23,-82.4176,28.1157,  36.4,22783,-61.7,-81.6,-76.8,  6, 11, 0.02, 89,14.2
2024-09-26 12:22:24,-82.4177,28.1157,  36.3,22788,-61.7,-81.6,-76.8,  6, 11, 0.02, 89,14.1
2024-09-26 12:22:25,-82.4179,28.1157,  36.3,22793,-61.7,-81.6,-76.8,  6, 11, 0.02, 89,14.1
2024-09-26 12:22:26,-82.4180,28.1157,  36.3,22799,-61.6,-81.6,-76.8,  6, 11, 0.02, 89,14.1
2024-09-26 12:22:27,-82.4181,28.1157,  36.2,22804,-61.6,-81.6,-76.9,  6, 10, 0.02, 89,14.1
2024-09-26 12:22:28,-82.4183,28.1157,  36.2,22810,-61.6,-81.6,-76.9,  6, 10, 0.02, 89,14.1
2024-09-26 12:22:29,-82.4184,28.1157,  36.2,22815,-61.6,-81.6,-76.9,  6, 10, 0.02, 89,14.1
2024-09-26 12:22:30,-82.4186,28.1157,  36.1,22821,-61.6,-81.6,-76.9,  6, 10, 0.02, 89,14.1
2024-09-26 12:22:31,-82.4187,28.1157,  36.1,22827,-61.6,-81.7,-76.9,  6, 10, 0.02, 89,14.0
2024-09-26 12:22:32,-82.4189,28.1157,  36.1,22832,-61.6,-81.7,-76.9,  6, 10, 0.02, 89,14.0
2024-09-26 12:22:33,-82.4190,28.1157,  36.1,22837,-61.6,-81.7,-76.9,  6, 10, 0.02, 89,14.0
2024-09-26 12:22:34,-82.4191,28.1157,  36.0,22843,-61.5,-81.7,-76.9,  6, 10, 0.02, 89,14.0
2024-09-26 12:22:35,-82.4193,28.1157,  36.0,22848,-61.5,-81.7,-77.0,  6, 10, 0.02, 89,14.0
2024-09-26 12:22:36,-82.4194,28.1157,  36.0,22853,-61.5,-81.7,-77.0,  6, 10, 0.02, 90,14.0
2024-09-26 12:22:37,-82.4195,28.1157,  35.9,22858,-61.5,-81.7,-77.0,  6, 10, 0.02, 90,13.9
2024-09-26 12:22:38,-82.4196,28.1157,  35.9,22864,-61.5,-81.7,-77.0,  6, 10, 0.02, 90,13.8
2024-09-26 12:22:39,-82.4197,28.1157,  35.9,22869,-61.5,-81.7,-77.0,  6, 10, 0.02, 89,13.7
2024-09-26 12:22:40,-82.4198,28.1157,  35.8,22874,-61.5,-81.7,-77.0,  6, 10, 0.02, 89,13.6
2024-09-26 12:22:41,-82.4199,28.1157,  35.8,22880,-61.4,-81.8,-77.0,  5, 10, 0.02, 89,13.4
2024-09-26 12:22:42,-82.4201,28.1156,  35.8,22885,-61.4,-81.8,-77.0,  5, 10, 0.02, 89,13.3
2024-09-26 12:22:43,-82.4202,28.1156,  35.7,22890,-61.4,-81.8,-77.0,  5, 10, 0.02, 89,13.2
2024-09-26 12:22:44,-82.4203,28.1156,  35.7,22895,-61.4,-81.8,-77.0,  5, 10, 0.02, 89,13.1
2024-09-26 12:22:45,-82.4204,28.1156,  35.7,22900,-61.4,-81.8,-77.0,  5, 10, 0.02, 89,12.9
2024-09-26 12:22:46,-82.4205,28.1156,  35.7,22905,-61.4,-81.8,-77.0,  5, 10, 0.02, 89,12.8
2024-09-26 12:22:47,-82.4206,28.1156,  35.6,22910,-61.4,-81.8,-77.0,  5, 10, 0.02, 89,12.7
2024-09-26 12:22:48,-82.4207,28.1156,  35.6,22916,-61.4,-81.8,-77.1,  5, 10, 0.02, 89,12.6
2024-09-26 12:22:49,-82.4209,28.1156,  35.6,22921,-61.3,-81.8,-77.1,  5, 10, 0.02, 89,12.4
2024-09-26 12:22:50,-82.4210,28.1156,  35.5,22926,-61.3,-81.8,-77.1,  5, 10, 0.02, 89,12.3
2024-09-26 12:22:51,-82.4211,28.1156,  35.5,22932,-61.3,-81.8,-77.1,  5, 10, 0.02, 89,12.2
2024-09-26 12:22:52,-82.4212,28.1156,  35.5,22937,-61.3,-81.9,-77.1,  5, 10, 0.02, 89,12.1
2024-09-26 12:22:53,-82.4213,28.1156,  35.4,22942,-61.3,-81.9,-77.1,  5, 10, 0.02, 89,11.9
2024-09-26 12:22:54,-82.4214,28.1156,  35.4,22947,-61.3,-81.9,-77.1,  5, 10, 0.02, 88,11.8
2024-09-26 12:22:55,-82.4215,28.1156,  35.4,22953,-61.3,-81.9,-77.1,  5, 10, 0.02, 88,11.7
2024-09-26 12:22:56,-82.4217,28.1155,  35.4,22958,-61.3,-81.9,-77.1,  5, 10, 0.02, 88,11.6
2024-09-26 12:22:57,-82.4218,28.1155,  35.3,22963,-61.3,-81.9,-77.1,  5, 10, 0.02, 88,11.4
2024-09-26 12:22:58,-82.4219,28.1155,  35.3,22969,-61.3,-81.9,-77.1,  5,  9, 0.02, 88,11.4
2024-09-26 12:22:59,-82.4220,28.1155,  35.3,22974,-61.2,-81.9,-77.2,  5,  9, 0.02, 87,11.3
2024-09-26 12:23:00,-82.4221,28.1155,  35.2,22979,-61.2,-81.9,-77.2,  5,  9, 0.02, 87,11.2
2024-09-26 12:23:01,-82.4222,28.1155,  35.2,22984,-61.2,-81.9,-77.2,  5,  9, 0.02, 86,11.1
2024-09-26 12:23:02,-82.4224,28.1155,  35.2,22989,-61.2,-81.9,-77.2,  5,  9, 0.02, 86,11.1
2024-09-26 12:23:03,-82.4225,28.1155,  35.2,22994,-61.2,-82.0,-77.2,  5,  9, 0.02, 85,11.0
2024-09-26 12:23:04,-82.4226,28.1155,  35.1,22999,-61.2,-82.0,-77.2,  5,  9, 0.02, 85,10.9
2024-09-26 12:23:05,-82.4227,28.1155,  35.1,23004,-61.2,-82.0,-77.2,  5,  9, 0.02, 84,10.9
2024-09-26 12:23:06,-82.4228,28.1155,  35.1,23010,-61.2,-82.0,-77.2,  5,  9, 0.02, 84,10.8
2024-09-26 12:23:07,-82.4229,28.1154,  35.0,23015,-61.2,-82.0,-77.2,  5,  9, 0.02, 83,10.7
2024-09-26 12:23:08,-82.4230,28.1154,  35.0,23020,-61.1,-82.0,-77.2,  5,  9, 0.02, 83,10.7
2024-09-26 12:23:09,-82.4231,28.1154,  35.0,23026,-61.1,-82.0,-77.2,  5,  9, 0.02, 82,10.6
2024-09-26 12:23:10,-82.4232,28.1154,  34.9,23031,-61.1,-82.0,-77.2,  5,  9, 0.02, 82,10.6
2024-09-26 12:23:11,-82.4233,28.1154,  34.9,23036,-61.1,-82.0,-77.2,  5,  9, 0.02, 81,10.5
2024-09-26 12:23:12,-82.4234,28.1154,  34.9,23041,-61.1,-82.0,-77.2,  5,  9, 0.02, 81,10.4
2024-09-26 12:23:13,-82.4235,28.1153,  34.9,23046,-61.1,-82.0,-77.2,  5,  9, 0.02, 80,10.4
2024-09-26 12:23:14,-82.4236,28.1153,  34.8,23051,-61.1,-82.0,-77.2,  5,  9, 0.02, 80,10.3
2024-09-26 12:23:15,-82.4237,28.1153,  34.8,23056,-61.1,-82.0,-77.2,  5,  9, 0.02, 79,10.3
2024-09-26 12:23:16,-82.4238,28.1153,  34.8,23061,-61.1,-82.0,-77.2,  5,  9, 0.02, 79,10.2
2024-09-26 12:23:17,-82.4239,28.1153,  34.7,23066,-61.0,-82.0,-77.2,  5,  9, 0.02, 78,10.2
2024-09-26 12:23:18,-82.4240,28.1152,  34.7,23072,-61.0,-82.0,-77.2,  5,  9, 0.02, 78,10.1
2024-09-26 12:23:19,-82.4241,28.1152,  34.7,23077,-61.0,-82.0,-77.2,  5,  9, 0.02, 78,10.1
2024-09-26 12:23:20,-82.4241,28.1152,  34.7,23082,-61.0,-82.0,-77.2,  5,  9, 0.02, 78,10.1
2024-09-26 12:23:21,-82.4242,28.1152,  34.6,23087,-61.0,-82.0,-77.2,  5,  9, 0.02, 78,10.1
2024-09-26 12:23:22,-82.4243,28.1152,  34.6,23092,-61.0,-82.0,-77.2,  5,  9, 0.02, 79,10.1
2024-09-26 12:23:23,-82.4244,28.1152,  34.6,23097,-61.0,-82.0,-77.2,  5,  9, 0.02, 79,10.0
2024-09-26 12:23:24,-82.4245,28.1151,  34.5,23103,-61.0,-82.0,-77.2,  5,  9, 0.02, 79,10.0
2024-09-26 12:23:25,-82.4246,28.1151,  34.5,23108,-61.0,-82.0,-77.2,  5,  9, 0.02, 79,10.0
2024-09-26 12:23:26,-82.4247,28.1151,  34.5,23113,-60.9,-82.0,-77.2,  5,  9, 0.02, 79,10.0
2024-09-26 12:23:27,-82.4248,28.1151,  34.5,23118,-60.9,-82.0,-77.2,  5,  9, 0.02, 79,10.0
2024-09-26 12:23:28,-82.4249,28.1151,  34.4,23123,-60.9,-82.0,-77.2,  5,  9, 0.02, 79,10.0
2024-09-26 12:23:29,-82.4250,28.1151,  34.4,23128,-60.9,-82.0,-77.2,  5,  9, 0.02, 79,10.0
2024-09-26 12:23:30,-82.4251,28.1150,  34.4,23134,-60.9,-82.0,-77.2,  5,  9, 0.02, 79, 9.9
2024-09-26 12:23:31,-82.4252,28.1150,  34.3,23139,-60.9,-82.0,-77.2,  5,  9, 0.02, 79, 9.9
2024-09-26 12:23:32,-82.4253,28.1150,  34.3,23144,-60.9,-82.0,-77.2,  5,  9, 0.02, 80, 9.9
2024-09-26 12:23:33,-82.4254,28.1150,  34.3,23150,-60.9,-82.0,-77.2,  5,  9, 0.02, 80, 9.9
2024-09-26 12:23:34,-82.4255,28.1150,  34.2,23156,-60.8,-82.0,-77.3,  5,  9, 0.02, 80, 9.9
2024-09-26 12:23:35,-82.4256,28.1150,  34.2,23161,-60.8,-82.0,-77.3,  5,  9, 0.02, 80, 9.9
2024-09-26 12:23:36,-82.4257,28.1150,  34.2,23167,-60.8,-82.0,-77.3,  5,  9, 0.02, 80, 9.8
2024-09-26 12:23:37,-82.4259,28.1150,  34.2,23173,-60.8,-82.0,-77.3,  5,  9, 0.02, 80, 9.8
2024-09-26 12:23:38,-82.4260,28.1150,  34.1,23179,-60.8,-82.0,-77.3,  5,  9, 0.02, 81, 9.8
2024-09-26 12:23:39,-82.4261,28.1150,  34.1,23184,-60.8,-82.0,-77.3,  5,  9, 0.02, 81, 9.8
2024-09-26 12:23:40,-82.4262,28.1150,  34.1,23190,-60.8,-82.1,-77.3,  5,  9, 0.02, 82, 9.9
2024-09-26 12:23:41,-82.4263,28.1150,  34.0,23196,-60.8,-82.1,-77.3,  5,  9, 0.02, 82, 9.9
2024-09-26 12:23:42,-82.4264,28.1150,  34.0,23201,-60.8,-82.1,-77.3,  5,  9, 0.02, 83, 9.9
2024-09-26 12:23:43,-82.4265,28.1150,  34.0,23207,-60.7,-82.1,-77.3,  5,  9, 0.02, 83, 9.9
2024-09-26 12:23:44,-82.4266,28.1150,  33.9,23212,-60.7,-82.1,-77.3,  5,  9, 0.02, 84, 9.9
2024-09-26 12:23:45,-82.4267,28.1150,  33.9,23218,-60.7,-82.1,-77.3,  5,  9, 0.02, 84,10.0
2024-09-26 12:23:46,-82.4268,28.1150,  33.9,23224,-60.7,-82.1,-77.3,  5,  9, 0.02, 84,10.0
2024-09-26 12:23:47,-82.4269,28.1150,  33.8,23229,-60.7,-82.1,-77.3,  5,  9, 0.02, 85,10.0
2024-09-26 12:23:48,-82.4270,28.1150,  33.8,23235,-60.7,-82.1,-77.3,  5,  9, 0.02, 85,10.0
2024-09-26 12:23:49,-82.4271,28.1150,  33.8,23241,-60.7,-82.1,-77.3,  5,  9, 0.02, 86,10.0
2024-09-26 12:23:50,-82.4272,28.1150,  33.8,23246,-60.7,-82.1,-77.3,  5,  8, 0.02, 86,10.1
2024-09-26 12:23:51,-82.4274,28.1150,  33.7,23252,-60.7,-82.1,-77.3,  5,  8, 0.02, 87,10.1
2024-09-26 12:23:52,-82.4275,28.1150,  33.7,23258,-60.6,-82.1,-77.3,  5,  8, 0.02, 87,10.1
2024-09-26 12:23:53,-82.4276,28.1150,  33.7,23264,-60.6,-82.1,-77.4,  5,  8, 0.02, 88,10.1
2024-09-26 12:23:54,-82.4277,28.1150,  33.6,23270,-60.6,-82.1,-77.4,  5,  8, 0.02, 88,10.2
2024-09-26 12:23:55,-82.4278,28.1150,  33.6,23275,-60.6,-82.1,-77.4,  5,  8, 0.02, 89,10.2
2024-09-26 12:23:56,-82.4279,28.1150,  33.6,23281,-60.6,-82.1,-77.4,  5,  8, 0.02, 89,10.2
2024-09-26 12:23:57,-82.4280,28.1150,  33.5,23287,-60.6,-82.1,-77.4,  5,  8, 0.02, 90,10.2
2024-09-26 12:23:58,-82.4281,28.1150,  33.5,23293,-60.6,-82.1,-77.4,  5,  8, 0.02, 90,10.3
2024-09-26 12:23:59,-82.4282,28.1150,  33.5,23299,-60.6,-82.1,-77.4,  5,  8, 0.02, 90,10.4
2024-09-26 12:24:00,-82.4283,28.1150,  33.4,23304,-60.6,-82.1,-77.4,  5,  8, 0.02, 91,10.5
2024-09-26 12:24:01,-82.4284,28.1150,  33.4,23310,-60.5,-82.2,-77.4,  5,  8, 0.02, 91,10.6
2024-09-26 12:24:02,-82.4285,28.1150,  33.4,23316,-60.5,-82.2,-77.4,  5,  8, 0.02, 91,10.7
2024-09-26 12:24:03,-82.4286,28.1150,  33.3,23322,-60.5,-82.2,-77.4,  5,  8, 0.02, 92,10.8
2024-09-26 12:24:04,-82.4288,28.1150,  33.3,23328,-60.5,-82.2,-77.4,  5,  8, 0.02, 92,10.9
2024-09-26 12:24:05,-82.4289,28.1150,  33.3,23335,-60.5,-82.2,-77.4,  5,  8, 0.02, 92,11.0
2024-09-26 12:24:06,-82.4290,28.1150,  33.2,23341,-60.5,-82.2,-77.4,  5,  8, 0.02, 92,11.1
2024-09-26 12:24:07,-82.4291,28.1150,  33.2,23346,-60.5,-82.2,-77.4,  5,  8, 0.02, 93,11.1
2024-09-26 12:24:08,-82.4293,28.1150,  33.2,23352,-60.5,-82.2,-77.5,  5,  8, 0.02, 93,11.2
2024-09-26 12:24:09,-82.4294,28.1150,  33.2,23358,-60.5,-82.2,-77.5,  5,  8, 0.02, 93,11.3
2024-09-26 12:24:10,-82.4295,28.1150,  33.1,23364,-60.4,-82.2,-77.5,  4,  8, 0.02, 93,11.4
2024-09-26 12:24:11,-82.4296,28.1150,  33.1,23370,-60.4,-82.2,-77.5,  4,  8, 0.02, 94,11.5
2024-09-26 12:24:12,-82.4298,28.1150,  33.1,23376,-60.4,-82.2,-77.5,  4,  8, 0.02, 94,11.6
2024-09-26 12:24:13,-82.4299,28.1151,  33.0,23382,-60.4,-82.2,-77.5,  4,  8, 0.02, 94,11.7
2024-09-26 12:24:14,-82.4300,28.1151,  33.0,23388,-60.4,-82.2,-77.5,  4,  8, 0.02, 94,11.8
2024-09-26 12:24:15,-82.4301,28.1151,  33.0,23394,-60.4,-82.3,-77.5,  4,  8, 0.02, 95,11.9
2024-09-26 12:24:16,-82.4303,28.1151,  32.9,23401,-60.4,-82.3,-77.5,  4,  8, 0.02, 95,12.0
2024-09-26 12:24:17,-82.4304,28.1151,  32.9,23407,-60.4,-82.3,-77.5,  4,  8, 0.02, 95,12.1
2024-09-26 12:24:18,-82.4305,28.1151,  32.9,23413,-60.3,-82.3,-77.5,  4,  8, 0.02, 95,12.1
2024-09-26 12:24:19,-82.4306,28.1151,  32.8,23420,-60.3,-82.3,-77.5,  4,  8, 0.02, 95,12.1
2024-09-26 12:24:20,-82.4308,28.1151,  32.8,23426,-60.3,-82.3,-77.5,  4,  8, 0.02, 95,12.1
2024-09-26 12:24:21,-82.4309,28.1151,  32.8,23432,-60.3,-82.3,-77.5,  4,  8, 0.02, 95,12.2
2024-09-26 12:24:22,-82.4310,28.1151,  32.7,23439,-60.3,-82.3,-77.5,  4,  8, 0.02, 95,12.2
2024-09-26 12:24:23,-82.4311,28.1151,  32.7,23445,-60.3,-82.3,-77.5,  4,  8, 0.02, 95,12.2
2024-09-26 12:24:24,-82.4313,28.1152,  32.7,23451,-60.2,-82.3,-77.5,  4,  8, 0.02, 95,12.2
2024-09-26 12:24:25,-82.4314,28.1152,  32.6,23457,-60.2,-82.3,-77.5,  4,  8, 0.02, 95,12.2
2024-09-26 12:24:26,-82.4315,28.1152,  32.6,23464,-60.2,-82.3,-77.5,  4,  8, 0.02, 95,12.2
2024-09-26 12:24:27,-82.4316,28.1152,  32.6,23470,-60.2,-82.3,-77.5,  4,  8, 0.02, 95,12.3
2024-09-26 12:24:28,-82.4318,28.1152,  32.5,23476,-60.2,-82.3,-77.5,  4,  8, 0.02, 95,12.3
2024-09-26 12:24:29,-82.4319,28.1152,  32.5,23482,-60.2,-82.3,-77.5,  4,  8, 0.02, 95,12.3
2024-09-26 12:24:30,-82.4320,28.1152,  32.5,23489,-60.1,-82.3,-77.5,  4,  8, 0.02, 95,12.3
2024-09-26 12:24:31,-82.4321,28.1152,  32.4,23495,-60.1,-82.3,-77.5,  4,  8, 0.02, 95,12.3
2024-09-26 12:24:32,-82.4323,28.1152,  32.4,23501,-60.1,-82.3,-77.5,  4,  8, 0.02, 94,12.3
2024-09-26 12:24:33,-82.4324,28.1152,  32.4,23507,-60.1,-82.3,-77.5,  4,  8, 0.02, 94,12.4
2024-09-26 12:24:34,-82.4325,28.1152,  32.3,23514,-60.0,-82.3,-77.5,  4,  8, 0.02, 94,12.4
2024-09-26 12:24:35,-82.4326,28.1152,  32.3,23520,-60.0,-82.2,-77.5,  4,  8, 0.02, 94,12.4
2024-09-26 12:24:36,-82.4328,28.1152,  32.3,23526,-60.0,-82.2,-77.5,  4,  8, 0.02, 94,12.4
2024-09-26 12:24:37,-82.4329,28.1152,  32.2,23532,-60.0,-82.2,-77.5,  4,  8, 0.02, 94,12.4
2024-09-26 12:24:38,-82.4330,28.1152,  32.2,23539,-59.9,-82.2,-77.5,  4,  8, 0.02, 94,12.4
2024-09-26 12:24:39,-82.4331,28.1152,  32.2,23545,-59.9,-82.2,-77.5,  4,  7, 0.02, 93,12.4
2024-09-26 12:24:40,-82.4333,28.1152,  32.1,23551,-59.9,-82.2,-77.5,  4,  7, 0.02, 93,12.4
2024-09-26 12:24:41,-82.4334,28.1152,  32.1,23557,-59.9,-82.3,-77.5,  4,  7, 0.02, 93,12.4
2024-09-26 12:24:42,-82.4335,28.1152,  32.1,23564,-59.9,-82.3,-77.5,  4,  7, 0.02, 92,12.3
2024-09-26 12:24:43,-82.4336,28.1152,  32.0,23570,-59.8,-82.3,-77.5,  4,  7, 0.02, 92,12.3
2024-09-26 12:24:44,-82.4337,28.1152,  32.0,23577,-59.8,-82.3,-77.5,  4,  7, 0.02, 91,12.3
2024-09-26 12:24:45,-82.4339,28.1152,  32.0,23583,-59.8,-82.2,-77.5,  4,  7, 0.02, 91,12.3
2024-09-26 12:24:46,-82.4340,28.1152,  31.9,23589,-59.7,-82.2,-77.5,  4,  7, 0.02, 91,12.3
2024-09-26 12:24:47,-82.4341,28.1152,  31.9,23596,-59.7,-82.2,-77.5,  4,  7, 0.02, 90,12.3
2024-09-26 12:24:48,-82.4342,28.1152,  31.9,23602,-59.7,-82.2,-77.5,  4,  7, 0.02, 90,12.3
2024-09-26 12:24:49,-82.4344,28.1152,  31.8,23608,-59.6,-82.2,-77.5,  4,  7, 0.02, 89,12.2
2024-09-26 12:24:50,-82.4345,28.1152,  31.8,23615,-59.6,-82.2,-77.5,  4,  7, 0.02, 89,12.2
2024-09-26 12:24:51,-82.4346,28.1151,  31.8,23621,-59.6,-82.2,-77.5,  4,  7, 0.02, 89,12.2
2024-09-26 12:24:52,-82.4347,28.1151,  31.8,23627,-59.6,-82.2,-77.5,  4,  7, 0.02, 88,12.2
2024-09-26 12:24:53,-82.4349,28.1151,  31.7,23634,-59.5,-82.3,-77.5,  4,  7, 0.02, 88,12.2
2024-09-26 12:24:54,-82.4350,28.1151,  31.7,23640,-59.5,-82.3,-77.5,  4,  7, 0.02, 87,12.2
2024-09-26 12:24:55,-82.4351,28.1151,  31.7,23646,-59.5,-82.3,-77.5,  4,  7, 0.02, 87,12.2
2024-09-26 12:24:56,-82.4352,28.1151,  31.6,23652,-59.4,-82.3,-77.5,  4,  7, 0.02, 87,12.2
2024-09-26 12:24:57,-82.4353,28.1151,  31.6,23659,-59.4,-82.3,-77.5,  4,  7, 0.02, 86,12.2
2024-09-26 12:24:58,-82.4355,28.1151,  31.6,23665,-59.3,-82.3,-77.5,  4,  7, 0.02, 86,12.2
2024-09-26 12:24:59,-82.4356,28.1151,  31.5,23672,-59.3,-82.3,-77.5,  4,  7, 0.02, 86,12.2
2024-09-26 12:25:00,-82.4357,28.1151,  31.5,23679,-59.2,-82.3,-77.5,  4,  7, 0.02, 86,12.2
2024-09-26 12:25:01,-82.4358,28.1151,  31.5,23685,-59.2,-82.3,-77.5,  4,  7, 0.02, 87,12.2
2024-09-26 12:25:02,-82.4360,28.1151,  31.4,23692,-59.1,-82.3,-77.5,  4,  7, 0.02, 87,12.2
2024-09-26 12:25:03,-82.4361,28.1151,  31.4,23698,-59.1,-82.3,-77.5,  4,  7, 0.02, 87,12.2
2024-09-26 12:25:04,-82.4362,28.1151,  31.4,23705,-59.1,-82.3,-77.5,  4,  7, 0.02, 87,12.2
2024-09-26 12:25:05,-82.4363,28.1151,  31.3,23711,-59.0,-82.2,-77.5,  4,  7, 0.02, 87,12.2
2024-09-26 12:25:06,-82.4365,28.1151,  31.3,23717,-59.0,-82.2,-77.5,  4,  7, 0.02, 87,12.2
2024-09-26 12:25:07,-82.4366,28.1150,  31.3,23724,-58.9,-82.2,-77.5,  4,  7, 0.02, 87,12.2
2024-09-26 12:25:08,-82.4367,28.1150,  31.2,23730,-58.9,-82.2,-77.4,  4,  7, 0.02, 87,12.2
2024-09-26 12:25:09,-82.4368,28.1150,  31.2,23737,-58.8,-82.2,-77.4,  4,  7, 0.02, 88,12.2
2024-09-26 12:25:10,-82.4370,28.1150,  31.2,23743,-58.8,-82.2,-77.4,  4,  6, 0.02, 88,12.2
2024-09-26 12:25:11,-82.4371,28.1150,  31.1,23750,-58.7,-82.2,-77.4,  4,  6, 0.02, 88,12.2
2024-09-26 12:25:12,-82.4372,28.1150,  31.1,23756,-58.7,-82.1,-77.4,  4,  6, 0.02, 88,12.2
2024-09-26 12:25:13,-82.4373,28.1150,  31.1,23763,-58.6,-82.1,-77.4,  4,  6, 0.02, 88,12.2
2024-09-26 12:25:14,-82.4375,28.1150,  31.0,23769,-58.6,-82.1,-77.4,  4,  6, 0.02, 88,12.2
2024-09-26 12:25:15,-82.4376,28.1150,  31.0,23775,-58.5,-82.1,-77.3,  4,  6, 0.02, 88,12.2
2024-09-26 12:25:16,-82.4377,28.1150,  31.0,23782,-58.5,-82.1,-77.3,  4,  6, 0.02, 88,12.2
2024-09-26 12:25:17,-82.4378,28.1150,  30.9,23788,-58.4,-82.1,-77.3,  4,  6, 0.02, 89,12.2
2024-09-26 12:25:18,-82.4379,28.1150,  30.9,23794,-58.4,-82.0,-77.3,  4,  6, 0.02, 88,12.2
2024-09-26 12:25:19,-82.4381,28.1150,  30.9,23800,-58.3,-82.0,-77.3,  4,  6, 0.02, 88,12.2
2024-09-26 12:25:20,-82.4382,28.1149,  30.9,23807,-58.3,-82.0,-77.2,  4,  6, 0.02, 88,12.3
2024-09-26 12:25:21,-82.4383,28.1149,  30.8,23813,-58.2,-82.0,-77.2,  4,  6, 0.02, 88,12.3
2024-09-26 12:25:22,-82.4384,28.1149,  30.8,23819,-58.2,-82.0,-77.2,  4,  6, 0.02, 88,12.3
2024-09-26 12:25:23,-82.4386,28.1149,  30.8,23826,-58.1,-81.9,-77.2,  4,  6, 0.02, 87,12.3
2024-09-26 12:25:24,-82.4387,28.1149,  30.7,23832,-58.1,-81.9,-77.2,  4,  6, 0.02, 87,12.3
2024-09-26 12:25:25,-82.4388,28.1149,  30.7,23838,-58.0,-81.9,-77.1,  3,  6, 0.02, 87,12.3
2024-09-26 12:25:26,-82.4389,28.1149,  30.7,23845,-58.0,-81.9,-77.1,  3,  6, 0.02, 87,12.3
2024-09-26 12:25:27,-82.4391,28.1149,  30.6,23851,-57.9,-81.8,-77.1,  3,  6, 0.02, 87,12.3
2024-09-26 12:25:28,-82.4392,28.1149,  30.6,23857,-57.9,-81.8,-77.1,  3,  6, 0.02, 87,12.3
2024-09-26 12:25:29,-82.4393,28.1149,  30.6,23864,-57.8,-81.8,-77.0,  3,  6, 0.02, 86,12.3
2024-09-26 12:25:30,-82.4394,28.1149,  30.5,23870,-57.8,-81.8,-77.0,  3,  6, 0.02, 86,12.3
2024-09-26 12:25:31,-82.4396,28.1149,  30.5,23876,-57.7,-81.8,-77.0,  3,  6, 0.02, 86,12.3
2024-09-26 12:25:32,-82.4397,28.1148,  30.5,23882,-57.6,-81.7,-77.0,  3,  6, 0.02, 86,12.3
2024-09-26 12:25:33,-82.4398,28.1148,  30.5,23888,-57.6,-81.7,-77.0,  3,  6, 0.02, 86,12.3
2024-09-26 12:25:34,-82.4399,28.1148,  30.4,23894,-57.5,-81.7,-76.9,  3,  6, 0.02, 85,12.3
2024-09-26 12:25:35,-82.4400,28.1148,  30.4,23900,-57.5,-81.7,-76.9,  3,  6, 0.02, 85,12.3
2024-09-26 12:25:36,-82.4402,28.1148,  30.4,23906,-57.5,-81.6,-76.9,  3,  6, 0.02, 85,12.3
2024-09-26 12:25:37,-82.4403,28.1147,  30.3,23912,-57.4,-81.6,-76.9,  3,  6, 0.02, 85,12.3
2024-09-26 12:25:38,-82.4405,28.1147,  30.3,23918,-57.4,-81.6,-76.8,  3,  6, 0.02, 84,12.3
2024-09-26 12:25:39,-82.4406,28.1147,  30.3,23925,-57.3,-81.6,-76.8,  3,  6, 0.02, 83,12.4
2024-09-26 12:25:40,-82.4407,28.1146,  30.3,23931,-57.3,-81.6,-76.8,  3,  6, 0.02, 83,12.4
2024-09-26 12:25:41,-82.4409,28.1146,  30.2,23937,-57.2,-81.5,-76.8,  3,  6, 0.02, 82,12.4
2024-09-26 12:25:42,-82.4410,28.1146,  30.2,23943,-57.2,-81.5,-76.8,  3,  6, 0.02, 81,12.5
2024-09-26 12:25:43,-82.4411,28.1145,  30.2,23949,-57.2,-81.5,-76.8,  3,  6, 0.02, 81,12.5
2024-09-26 12:25:44,-82.4412,28.1145,  30.1,23955,-57.1,-81.5,-76.7,  3,  6, 0.02, 80,12.5
2024-09-26 12:25:45,-82.4414,28.1145,  30.1,23961,-57.1,-81.5,-76.7,  3,  6, 0.02, 79,12.6
2024-09-26 12:25:46,-82.4415,28.1144,  30.1,23968,-57.0,-81.4,-76.7,  3,  6, 0.02, 78,12.6
2024-09-26 12:25:47,-82.4416,28.1144,  30.0,23974,-57.0,-81.4,-76.7,  3,  6, 0.02, 78,12.7
2024-09-26 12:25:48,-82.4417,28.1144,  30.0,23980,-56.9,-81.4,-76.6,  3,  6, 0.02, 77,12.7
2024-09-26 12:25:49,-82.4419,28.1143,  30.0,23984,-56.9,-81.4,-76.6,  3,  6, 0.02, 77,12.8
2024-09-26 12:25:50,-82.4420,28.1143,  30.0,23992,-56.9,-81.3,-76.6,  3,  6, 0.02, 76,12.8
2024-09-26 12:25:51,-82.4422,28.1143,  29.9,23998,-56.8,-81.3,-76.5,  3,  6, 0.02, 75,12.9
2024-09-26 12:25:52,-82.4423,28.1142,  29.9,24004,-56.8,-81.3,-76.5,  3,  6, 0.02, 74,13.0
2024-09-26 12:25:53,-82.4424,28.1142,  29.9,24010,-56.8,-81.2,-76.5,  3,  6, 0.02, 74,13.0
2024-09-26 12:25:54,-82.4426,28.1142,  29.8,24016,-56.7,-81.2,-76.5,  3,  6, 0.02, 73,13.1
2024-09-26 12:25:55,-82.4427,28.1141,  29.8,24022,-56.7,-81.2,-76.4,  3,  6, 0.02, 72,13.1
2024-09-26 12:25:56,-82.4428,28.1141,  29.8,24028,-56.6,-81.2,-76.4,  3,  6, 0.02, 72,13.2
2024-09-26 12:25:57,-82.4430,28.1141,  29.8,24033,-56.6,-81.1,-76.4,  3,  6, 0.02, 71,13.3
2024-09-26 12:25:58,-82.4431,28.1140,  29.7,24039,-56.6,-81.1,-76.4,  3,  6, 0.02, 71,13.4
2024-09-26 12:25:59,-82.4432,28.1140,  29.7,24045,-56.5,-81.1,-76.3,  3,  6, 0.02, 72,13.4
2024-09-26 12:26:00,-82.4434,28.1140,  29.7,24050,-56.5,-81.1,-76.3,  3,  6, 0.02, 72,13.5
2024-09-26 12:26:01,-82.4435,28.1139,  29.7,24056,-56.5,-81.1,-76.3,  3,  6, 0.02, 73,13.6
2024-09-26 12:26:02,-82.4436,28.1139,  29.6,24061,-56.4,-81.0,-76.3,  3,  6, 0.02, 73,13.7
2024-09-26 12:26:03,-82.4438,28.1138,  29.6,24067,-56.4,-81.0,-76.3,  3,  6, 0.02, 74,13.7
2024-09-26 12:26:04,-82.4439,28.1138,  29.6,24073,-56.4,-81.0,-76.3,  3,  6, 0.02, 74,13.8
2024-09-26 12:26:05,-82.4440,28.1138,  29.6,24078,-56.4,-81.0,-76.3,  3,  6, 0.02, 75,13.9
2024-09-26 12:26:06,-82.4442,28.1138,  29.5,24084,-56.3,-81.0,-76.3,  3,  6, 0.02, 75,14.0
2024-09-26 12:26:07,-82.4443,28.1137,  29.5,24089,-56.3,-81.0,-76.3,  3,  6, 0.02, 76,14.1
2024-09-26 12:26:08,-82.4445,28.1137,  29.5,24095,-56.3,-81.0,-76.3,  3,  6, 0.02, 76,14.2
2024-09-26 12:26:09,-82.4447,28.1137,  29.5,24100,-56.3,-81.0,-76.3,  3,  6, 0.02, 76,14.2
2024-09-26 12:26:10,-82.4448,28.1137,  29.4,24106,-56.3,-81.0,-76.3,  3,  6, 0.02, 77,14.3
2024-09-26 12:26:11,-82.4450,28.1137,  29.4,24111,-56.3,-81.0,-76.3,  3,  6, 0.02, 77,14.4
2024-09-26 12:26:12,-82.4451,28.1137,  29.4,24117,-56.2,-81.0,-76.3,  3,  6, 0.02, 78,14.5
2024-09-26 12:26:13,-82.4453,28.1137,  29.4,24122,-56.2,-81.0,-76.2,  3,  6, 0.02, 78,14.6
2024-09-26 12:26:14,-82.4455,28.1137,  29.3,24128,-56.2,-81.0,-76.2,  3,  6, 0.02, 79,14.7
2024-09-26 12:26:15,-82.4456,28.1137,  29.3,24134,-56.2,-81.0,-76.2,  3,  6, 0.02, 79,14.8
2024-09-26 12:26:16,-82.4458,28.1137,  29.3,24139,-56.2,-80.9,-76.2,  3,  6, 0.02, 79,14.9
2024-09-26 12:26:17,-82.4460,28.1136,  29.2,24145,-56.2,-80.9,-76.2,  3,  6, 0.02, 80,15.0
2024-09-26 12:26:18,-82.4461,28.1136,  29.2,24150,-56.2,-80.9,-76.2,  3,  6, 0.02, 80,15.0
2024-09-26 12:26:19,-82.4463,28.1136,  29.2,24156,-56.2,-80.9,-76.2,  3,  6, 0.02, 81,15.1
2024-09-26 12:26:20,-82.4464,28.1136,  29.2,24161,-56.2,-80.9,-76.2,  3,  6, 0.02, 81,15.1
2024-09-26 12:26:21,-82.4466,28.1136,  29.1,24167,-56.2,-80.9,-76.2,  3,  6, 0.02, 81,15.2
2024-09-26 12:26:22,-82.4468,28.1136,  29.1,24172,-56.2,-80.9,-76.2,  3,  6, 0.02, 82,15.3
2024-09-26 12:26:23,-82.4469,28.1136,  29.1,24178,-56.2,-80.9,-76.2,  3,  6, 0.02, 82,15.3
2024-09-26 12:26:24,-82.4471,28.1136,  29.1,24184,-56.2,-80.9,-76.2,  3,  6, 0.02, 83,15.4
2024-09-26 12:26:25,-82.4472,28.1136,  29.0,24190,-56.2,-80.9,-76.2,  3,  6, 0.02, 83,15.5
2024-09-26 12:26:26,-82.4474,28.1135,  29.0,24196,-56.2,-80.9,-76.2,  3,  6, 0.02, 83,15.6
2024-09-26 12:26:27,-82.4476,28.1135,  29.0,24202,-56.2,-80.9,-76.2,  3,  6, 0.02, 84,15.6
2024-09-26 12:26:28,-82.4478,28.1135,  29.0,24207,-56.2,-80.9,-76.2,  3,  6, 0.02, 84,15.7
2024-09-26 12:26:29,-82.4479,28.1135,  28.9,24215,-56.2,-80.9,-76.1,  3,  6, 0.02, 85,15.8
2024-09-26 12:26:30,-82.4480,28.1135,  28.9,24218,-56.2,-80.9,-76.2,  3,  6, 0.02, 85,15.8
2024-09-26 12:26:31,-82.4482,28.1135,  28.9,24224,-56.2,-80.9,-76.2,  3,  6, 0.02, 85,15.9
2024-09-26 12:26:32,-82.4484,28.1135,  28.9,24229,-56.2,-80.9,-76.2,  3,  6, 0.02, 86,16.0
2024-09-26 12:26:33,-82.4485,28.1135,  28.8,24235,-56.2,-80.9,-76.2,  3,  6, 0.02, 86,16.1
2024-09-26 12:26:34,-82.4487,28.1135,  28.8,24240,-56.2,-80.9,-76.2,  3,  6, 0.02, 87,16.1
2024-09-26 12:26:35,-82.4489,28.1134,  28.8,24245,-56.2,-80.9,-76.2,  3,  6, 0.02, 87,16.2
2024-09-26 12:26:36,-82.4490,28.1134,  28.8,24251,-56.2,-80.9,-76.2,  3,  6, 0.02, 87,16.3
2024-09-26 12:26:37,-82.4492,28.1134,  28.7,24256,-56.2,-80.9,-76.2,  3,  6, 0.02, 88,16.4
2024-09-26 12:26:38,-82.4493,28.1134,  28.7,24261,-56.2,-80.9,-76.2,  3,  6, 0.02, 87,16.3
2024-09-26 12:26:39,-82.4495,28.1134,  28.7,24267,-56.2,-80.9,-76.2,  3,  6, 0.02, 87,16.3
2024-09-26 12:26:40,-82.4496,28.1134,  28.7,24272,-56.2,-80.9,-76.2,  3,  6, 0.02, 87,16.2
2024-09-26 12:26:41,-82.4498,28.1133,  28.6,24278,-56.2,-80.9,-76.2,  3,  6, 0.02, 87,16.2
2024-09-26 12:26:42,-82.4499,28.1133,  28.6,24284,-56.2,-81.0,-76.2,  3,  6, 0.02, 87,16.1
2024-09-26 12:26:43,-82.4501,28.1133,  28.6,24289,-56.2,-81.0,-76.2,  3,  6, 0.02, 87,16.1
2024-09-26 12:26:44,-82.4502,28.1133,  28.6,24295,-56.3,-81.0,-76.2,  3,  6, 0.02, 86,16.0
2024-09-26 12:26:45,-82.4504,28.1133,  28.5,24300,-56.3,-81.0,-76.3,  3,  6, 0.02, 86,16.0
2024-09-26 12:26:46,-82.4505,28.1133,  28.5,24306,-56.3,-81.0,-76.3,  3,  6, 0.02, 86,15.9
2024-09-26 12:26:47,-82.4507,28.1132,  28.5,24311,-56.3,-81.0,-76.3,  3,  6, 0.02, 86,15.9
2024-09-26 12:26:48,-82.4508,28.1132,  28.5,24317,-56.3,-81.1,-76.3,  3,  6, 0.02, 86,15.8
2024-09-26 12:26:49,-82.4510,28.1132,  28.4,24322,-56.3,-81.1,-76.3,  3,  6, 0.02, 85,15.8
2024-09-26 12:26:50,-82.4511,28.1132,  28.4,24328,-56.3,-81.1,-76.4,  3,  6, 0.02, 85,15.7
2024-09-26 12:26:51,-82.4513,28.1132,  28.4,24333,-56.3,-81.1,-76.4,  3,  6, 0.02, 85,15.7
2024-09-26 12:26:52,-82.4514,28.1132,  28.4,24338,-56.3,-81.1,-76.4,  3,  6, 0.02, 85,15.7
2024-09-26 12:26:53,-82.4516,28.1131,  28.3,24344,-56.3,-81.2,-76.4,  3,  6, 0.02, 85,15.6
2024-09-26 12:26:54,-82.4517,28.1131,  28.3,24349,-56.4,-81.2,-76.4,  3,  6, 0.02, 84,15.6
2024-09-26 12:26:55,-82.4519,28.1131,  28.3,24354,-56.4,-81.2,-76.4,  3,  6, 0.02, 84,15.5
2024-09-26 12:26:56,-82.4520,28.1131,  28.3,24359,-56.4,-81.2,-76.4,  3,  6, 0.02, 84,15.5
2024-09-26 12:26:57,-82.4522,28.1131,  28.3,24364,-56.4,-81.2,-76.4,  3,  6, 0.02, 84,15.4
2024-09-26 12:26:58,-82.4523,28.1130,  28.2,24369,-56.4,-81.2,-76.5,  3,  6, 0.02, 84,15.4
2024-09-26 12:26:59,-82.4525,28.1130,  28.2,24374,-56.4,-81.2,-76.5,  3,  6, 0.02, 83,15.3
2024-09-26 12:27:00,-82.4527,28.1130,  28.2,24379,-56.4,-81.2,-76.5,  3,  6, 0.02, 83,15.3
2024-09-26 12:27:01,-82.4528,28.1130,  28.2,24384,-56.4,-81.2,-76.5,  3,  6, 0.02, 83,15.2
2024-09-26 12:27:02,-82.4530,28.1130,  28.1,24390,-56.4,-81.2,-76.5,  3,  6, 0.02, 83,15.2
2024-09-26 12:27:03,-82.4531,28.1130,  28.1,24395,-56.4,-81.2,-76.5,  3,  6, 0.02, 83,15.1
2024-09-26 12:27:04,-82.4533,28.1129,  28.1,24400,-56.4,-81.3,-76.5,  3,  6, 0.02, 82,15.1
2024-09-26 12:27:05,-82.4534,28.1129,  28.1,24406,-56.4,-81.3,-76.5,  3,  6, 0.02, 82,15.0
2024-09-26 12:27:06,-82.4536,28.1129,  28.0,24411,-56.5,-81.3,-76.5,  3,  6, 0.02, 82,15.0
2024-09-26 12:27:07,-82.4537,28.1129,  28.0,24416,-56.5,-81.3,-76.5,  3,  6, 0.02, 82,14.9
2024-09-26 12:27:08,-82.4539,28.1129,  28.0,24422,-56.5,-81.3,-76.5,  3,  6, 0.02, 82,14.9
2024-09-26 12:27:09,-82.4540,28.1128,  28.0,24427,-56.5,-81.3,-76.5,  3,  6, 0.02, 81,14.8
2024-09-26 12:27:10,-82.4542,28.1128,  28.0,24432,-56.5,-81.3,-76.5,  3,  6, 0.02, 81,14.8
2024-09-26 12:27:11,-82.4543,28.1128,  27.9,24437,-56.5,-81.3,-76.5,  3,  6, 0.02, 81,14.7
2024-09-26 12:27:12,-82.4545,28.1127,  27.9,24442,-56.5,-81.3,-76.5,  3,  6, 0.02, 81,14.7
2024-09-26 12:27:13,-82.4546,28.1127,  27.9,24448,-56.5,-81.3,-76.5,  3,  6, 0.02, 80,14.6
2024-09-26 12:27:14,-82.4548,28.1127,  27.9,24453,-56.5,-81.3,-76.5,  3,  6, 0.02, 80,14.6
2024-09-26 12:27:15,-82.4549,28.1127,  27.8,24458,-56.5,-81.3,-76.5,  3,  6, 0.02, 80,14.5
2024-09-26 12:27:16,-82.4551,28.1126,  27.8,24464,-56.5,-81.2,-76.5,  3,  6, 0.02, 80,14.5
2024-09-26 12:27:17,-82.4552,28.1126,  27.8,24469,-56.5,-81.2,-76.5,  3,  6, 0.02, 80,14.4
2024-09-26 12:27:18,-82.4554,28.1126,  27.8,24474,-56.5,-81.2,-76.5,  3,  6, 0.02, 79,14.5
2024-09-26 12:27:19,-82.4555,28.1125,  27.7,24479,-56.5,-81.2,-76.5,  3,  6, 0.02, 79,14.5
2024-09-26 12:27:20,-82.4557,28.1125,  27.7,24485,-56.5,-81.2,-76.5,  3,  6, 0.02, 79,14.6
2024-09-26 12:27:21,-82.4558,28.1125,  27.7,24490,-56.5,-81.2,-76.5,  3,  6, 0.02, 79,14.6
2024-09-26 12:27:22,-82.4560,28.1124,  27.7,24495,-56.5,-81.2,-76.5,  3,  6, 0.02, 79,14.7
2024-09-26 12:27:23,-82.4561,28.1124,  27.7,24501,-56.5,-81.2,-76.5,  3,  6, 0.02, 79,14.7
2024-09-26 12:27:24,-82.4563,28.1124,  27.6,24505,-56.5,-81.2,-76.5,  3,  6, 0.02, 79,14.8
2024-09-26 12:27:25,-82.4564,28.1124,  27.6,24511,-56.5,-81.2,-76.5,  3,  6, 0.02, 78,14.8
2024-09-26 12:27:26,-82.4566,28.1123,  27.6,24517,-56.5,-81.2,-76.5,  3,  6, 0.02, 78,14.9
2024-09-26 12:27:27,-82.4567,28.1123,  27.6,24523,-56.5,-81.2,-76.5,  3,  6, 0.02, 78,14.9
2024-09-26 12:27:28,-82.4569,28.1123,  27.5,24529,-56.5,-81.2,-76.5,  3,  6, 0.02, 78,14.9
2024-09-26 12:27:29,-82.4570,28.1122,  27.5,24534,-56.5,-81.2,-76.5,  3,  6, 0.02, 78,15.0
2024-09-26 12:27:30,-82.4572,28.1122,  27.5,24540,-56.5,-81.2,-76.4,  3,  6, 0.02, 78,15.0
2024-09-26 12:27:31,-82.4573,28.1122,  27.5,24546,-56.5,-81.2,-76.4,  3,  6, 0.02, 78,15.1
2024-09-26 12:27:32,-82.4575,28.1122,  27.4,24552,-56.5,-81.2,-76.4,  3,  6, 0.02, 78,15.1
2024-09-26 12:27:33,-82.4576,28.1121,  27.4,24557,-56.4,-81.2,-76.4,  3,  6, 0.02, 78,15.2
2024-09-26 12:27:34,-82.4578,28.1121,  27.4,24563,-56.4,-81.2,-76.4,  3,  6, 0.02, 77,15.2
2024-09-26 12:27:35,-82.4579,28.1121,  27.4,24569,-56.4,-81.2,-76.4,  3,  6, 0.02, 77,15.3
2024-09-26 12:27:36,-82.4581,28.1120,  27.3,24574,-56.4,-81.2,-76.4,  3,  6, 0.02, 77,15.3
2024-09-26 12:27:37,-82.4582,28.1120,  27.3,24580,-56.4,-81.2,-76.4,  3,  6, 0.02, 77,15.4
2024-09-26 12:27:38,-82.4584,28.1120,  27.3,24586,-56.4,-81.2,-76.4,  3,  6, 0.02, 77,15.4
2024-09-26 12:27:39,-82.4585,28.1120,  27.3,24591,-56.4,-81.2,-76.4,  3,  6, 0.02, 77,15.4
2024-09-26 12:27:40,-82.4587,28.1119,  27.2,24597,-56.4,-81.2,-76.4,  3,  6, 0.02, 77,15.4
2024-09-26 12:27:41,-82.4588,28.1119,  27.2,24602,-56.4,-81.2,-76.4,  3,  6, 0.02, 77,15.5
2024-09-26 12:27:42,-82.4590,28.1119,  27.2,24608,-56.4,-81.2,-76.4,  3,  6, 0.02, 77,15.5
2024-09-26 12:27:43,-82.4591,28.1119,  27.2,24614,-56.3,-81.2,-76.4,  3,  6, 0.02, 78,15.5
2024-09-26 12:27:44,-82.4593,28.1119,  27.1,24620,-56.3,-81.2,-76.4,  3,  6, 0.02, 78,15.6
2024-09-26 12:27:45,-82.4595,28.1118,  27.1,24625,-56.3,-81.2,-76.4,  3,  6, 0.02, 78,15.6
2024-09-26 12:27:46,-82.4596,28.1118,  27.1,24631,-56.3,-81.2,-76.4,  3,  6, 0.02, 78,15.6
2024-09-26 12:27:47,-82.4598,28.1118,  27.1,24637,-56.3,-81.1,-76.4,  3,  6, 0.02, 78,15.6
2024-09-26 12:27:48,-82.4599,28.1118,  27.0,24642,-56.3,-81.1,-76.4,  3,  6, 0.02, 78,15.7
2024-09-26 12:27:49,-82.4601,28.1117,  27.0,24648,-56.3,-81.1,-76.4,  3,  5, 0.02, 78,15.7
2024-09-26 12:27:50,-82.4602,28.1117,  27.0,24654,-56.3,-81.1,-76.4,  3,  6, 0.02, 78,15.7
2024-09-26 12:27:51,-82.4604,28.1117,  27.0,24659,-56.2,-81.1,-76.4,  3,  6, 0.02, 78,15.8
2024-09-26 12:27:52,-82.4605,28.1117,  26.9,24665,-56.2,-81.1,-76.3,  3,  5, 0.02, 78,15.8
2024-09-26 12:27:53,-82.4607,28.1117,  26.9,24670,-56.2,-81.1,-76.3,  3,  5, 0.02, 78,15.8
2024-09-26 12:27:54,-82.4608,28.1116,  26.9,24676,-56.2,-81.1,-76.3,  3,  5, 0.02, 79,15.9
2024-09-26 12:27:55,-82.4610,28.1116,  26.9,24682,-56.1,-81.0,-76.3,  3,  5, 0.02, 79,15.9
2024-09-26 12:27:56,-82.4612,28.1116,  26.9,24687,-56.1,-81.0,-76.3,  3,  5, 0.02, 79,15.9
2024-09-26 12:27:57,-82.4613,28.1116,  26.8,24693,-56.1,-81.0,-76.3,  3,  5, 0.02, 79,15.9
2024-09-26 12:27:58,-82.4615,28.1115,  26.8,24699,-56.1,-81.0,-76.3,  3,  5, 0.02, 79,15.9
2024-09-26 12:27:59,-82.4616,28.1115,  26.8,24704,-56.1,-81.0,-76.2,  3,  5, 0.02, 80,15.8
2024-09-26 12:28:00,-82.4618,28.1115,  26.8,24710,-56.0,-81.0,-76.2,  3,  5, 0.02, 80,15.8
2024-09-26 12:28:01,-82.4619,28.1115,  26.7,24716,-56.0,-81.0,-76.2,  3,  5, 0.02, 80,15.7
2024-09-26 12:28:02,-82.4621,28.1115,  26.7,24722,-56.0,-80.9,-76.2,  3,  5, 0.02, 81,15.7
2024-09-26 12:28:03,-82.4622,28.1114,  26.7,24728,-56.0,-80.9,-76.2,  3,  5, 0.02, 81,15.6
2024-09-26 12:28:04,-82.4624,28.1114,  26.7,24733,-55.9,-80.9,-76.2,  3,  5, 0.02, 81,15.5
2024-09-26 12:28:05,-82.4625,28.1114,  26.6,24739,-55.9,-80.9,-76.1,  3,  5, 0.02, 82,15.5
2024-09-26 12:28:06,-82.4627,28.1114,  26.6,24745,-55.9,-80.9,-76.1,  3,  5, 0.02, 82,15.4
2024-09-26 12:28:07,-82.4629,28.1113,  26.6,24751,-55.9,-80.9,-76.1,  3,  5, 0.02, 83,15.4
2024-09-26 12:28:08,-82.4630,28.1113,  26.6,24757,-55.8,-80.8,-76.1,  3,  5, 0.02, 83,15.3
2024-09-26 12:28:09,-82.4632,28.1113,  26.5,24763,-55.8,-80.8,-76.1,  3,  5, 0.02, 83,15.3
2024-09-26 12:28:10,-82.4633,28.1113,  26.5,24769,-55.8,-80.8,-76.1,  3,  5, 0.02, 84,15.2
2024-09-26 12:28:11,-82.4635,28.1113,  26.5,24775,-55.8,-80.8,-76.0,  3,  5, 0.02, 84,15.2
2024-09-26 12:28:12,-82.4636,28.1113,  26.5,24781,-55.8,-80.8,-76.0,  3,  5, 0.02, 85,15.1
2024-09-26 12:28:13,-82.4638,28.1114,  26.4,24785,-55.7,-80.8,-76.0,  3,  5, 0.02, 85,15.1
2024-09-26 12:28:14,-82.4639,28.1114,  26.4,24793,-55.7,-80.7,-76.0,  3,  5, 0.02, 85,15.0
2024-09-26 12:28:15,-82.4641,28.1114,  26.4,24799,-55.7,-80.7,-76.0,  3,  5, 0.02, 86,15.0
2024-09-26 12:28:16,-82.4642,28.1114,  26.4,24805,-55.7,-80.7,-75.9,  3,  5, 0.02, 86,14.9
2024-09-26 12:28:17,-82.4644,28.1114,  26.3,24811,-55.6,-80.7,-75.9,  3,  5, 0.02, 87,14.9
2024-09-26 12:28:18,-82.4645,28.1114,  26.3,24817,-55.6,-80.7,-75.9,  3,  5, 0.02, 87,14.9
2024-09-26 12:28:19,-82.4647,28.1114,  26.3,24824,-55.6,-80.6,-75.9,  3,  5, 0.02, 87,14.9
2024-09-26 12:28:20,-82.4648,28.1114,  26.3,24830,-55.6,-80.6,-75.9,  3,  5, 0.02, 88,14.9
2024-09-26 12:28:21,-82.4650,28.1114,  26.2,24836,-55.6,-80.6,-75.9,  3,  5, 0.03, 88,14.9
2024-09-26 12:28:22,-82.4651,28.1114,  26.2,24842,-55.6,-80.6,-75.9,  3,  5, 0.03, 88,14.9
2024-09-26 12:28:23,-82.4653,28.1114,  26.2,24849,-55.6,-80.6,-75.8,  3,  5, 0.03, 88,14.9
2024-09-26 12:28:24,-82.4654,28.1114,  26.2,24855,-55.6,-80.6,-75.8,  3,  5, 0.03, 89,14.9
2024-09-26 12:28:25,-82.4656,28.1114,  26.1,24861,-55.6,-80.6,-75.8,  3,  5, 0.03, 89,14.9
2024-09-26 12:28:26,-82.4657,28.1114,  26.1,24867,-55.6,-80.6,-75.8,  3,  5, 0.03, 89,14.9
2024-09-26 12:28:27,-82.4659,28.1114,  26.1,24873,-55.5,-80.5,-75.8,  3,  6, 0.03, 90,14.9
2024-09-26 12:28:28,-82.4660,28.1114,  26.1,24879,-55.5,-80.5,-75.8,  3,  6, 0.03, 90,14.9
2024-09-26 12:28:29,-82.4661,28.1114,  26.0,24886,-55.5,-80.5,-75.7,  3,  6, 0.03, 90,14.9
2024-09-26 12:28:30,-82.4663,28.1114,  26.0,24889,-55.5,-80.5,-75.7,  3,  6, 0.03, 90,14.9
2024-09-26 12:28:31,-82.4665,28.1114,  26.0,24898,-55.5,-80.5,-75.7,  3,  6, 0.03, 91,14.9
2024-09-26 12:28:32,-82.4666,28.1114,  26.0,24903,-55.5,-80.4,-75.7,  3,  6, 0.03, 91,14.9
2024-09-26 12:28:33,-82.4668,28.1114,  25.9,24909,-55.5,-80.4,-75.7,  3,  6, 0.03, 92,14.9
2024-09-26 12:28:34,-82.4669,28.1114,  25.9,24915,-55.5,-80.4,-75.7,  3,  6, 0.03, 92,14.9
2024-09-26 12:28:35,-82.4671,28.1114,  25.9,24921,-55.5,-80.4,-75.6,  3,  6, 0.03, 92,14.9
2024-09-26 12:28:36,-82.4672,28.1115,  25.9,24927,-55.5,-80.4,-75.6,  3,  6, 0.03, 92,14.9
2024-09-26 12:28:37,-82.4674,28.1115,  25.8,24934,-55.5,-80.4,-75.6,  3,  6, 0.03, 93,14.9
2024-09-26 12:28:38,-82.4675,28.1115,  25.8,24940,-55.5,-80.4,-75.6,  3,  6, 0.03, 93,14.8
2024-09-26 12:28:39,-82.4676,28.1115,  25.8,24946,-55.5,-80.3,-75.6,  3,  6, 0.03, 93,14.8
2024-09-26 12:28:40,-82.4678,28.1115,  25.8,24952,-55.5,-80.3,-75.6,  3,  6, 0.03, 94,14.7
2024-09-26 12:28:41,-82.4679,28.1115,  25.7,24958,-55.6,-80.3,-75.6,  3,  6, 0.03, 94,14.6
2024-09-26 12:28:42,-82.4680,28.1116,  25.7,24964,-55.6,-80.3,-75.6,  3,  6, 0.03, 94,14.6
2024-09-26 12:28:43,-82.4682,28.1116,  25.7,24971,-55.6,-80.3,-75.6,  3,  6, 0.03, 95,14.5
2024-09-26 12:28:44,-82.4683,28.1116,  25.7,24977,-55.6,-80.3,-75.5,  3,  6, 0.03, 95,14.5
2024-09-26 12:28:45,-82.4684,28.1116,  25.6,24983,-55.6,-80.3,-75.5,  3,  6, 0.03, 95,14.4
2024-09-26 12:28:46,-82.4686,28.1117,  25.6,24989,-55.6,-80.3,-75.5,  3,  6, 0.03, 96,14.3
2024-09-26 12:28:47,-82.4687,28.1117,  25.6,24995,-55.6,-80.3,-75.5,  3,  6, 0.03, 96,14.3
2024-09-26 12:28:48,-82.4688,28.1117,  25.6,25002,-55.6,-80.3,-75.5,  3,  6, 0.03, 96,14.2
2024-09-26 12:28:49,-82.4690,28.1117,  25.5,25008,-55.6,-80.3,-75.5,  3,  6, 0.03, 97,14.2
2024-09-26 12:28:50,-82.4691,28.1117,  25.5,25014,-55.6,-80.2,-75.5,  3,  6, 0.03, 97,14.1
2024-09-26 12:28:51,-82.4692,28.1118,  25.5,25021,-55.6,-80.2,-75.5,  3,  6, 0.03, 97,14.0
2024-09-26 12:28:52,-82.4694,28.1118,  25.5,25027,-55.6,-80.2,-75.5,  3,  6, 0.03, 98,14.0
2024-09-26 12:28:53,-82.4695,28.1118,  25.4,25034,-55.6,-80.2,-75.5,  3,  6, 0.03, 98,13.9
2024-09-26 12:28:54,-82.4696,28.1118,  25.4,25040,-55.6,-80.2,-75.5,  3,  6, 0.03, 98,13.9
2024-09-26 12:28:55,-82.4698,28.1119,  25.4,25047,-55.6,-80.2,-75.5,  3,  6, 0.03, 99,13.8
2024-09-26 12:28:56,-82.4699,28.1119,  25.4,25054,-55.6,-80.2,-75.5,  3,  6, 0.03, 99,13.8
2024-09-26 12:28:57,-82.4700,28.1119,  25.3,25060,-55.6,-80.2,-75.5,  3,  6, 0.03, 99,13.7
2024-09-26 12:28:58,-82.4702,28.1119,  25.3,25067,-55.6,-80.2,-75.5,  3,  6, 0.03,100,13.7
2024-09-26 12:28:59,-82.4703,28.1120,  25.3,25073,-55.7,-80.2,-75.5,  3,  6, 0.03,100,13.6
2024-09-26 12:29:00,-82.4704,28.1120,  25.2,25080,-55.7,-80.3,-75.5,  3,  6, 0.03,100,13.5
2024-09-26 12:29:01,-82.4705,28.1120,  25.2,25086,-55.7,-80.3,-75.5,  3,  6, 0.03,101,13.5
2024-09-26 12:29:02,-82.4707,28.1120,  25.2,25093,-55.7,-80.3,-75.5,  3,  6, 0.03,101,13.4
2024-09-26 12:29:03,-82.4708,28.1121,  25.2,25099,-55.7,-80.3,-75.5,  3,  6, 0.03,101,13.4
2024-09-26 12:29:04,-82.4709,28.1121,  25.1,25106,-55.7,-80.3,-75.5,  3,  6, 0.03,102,13.3
2024-09-26 12:29:05,-82.4711,28.1121,  25.1,25112,-55.7,-80.3,-75.5,  3,  6, 0.03,102,13.3
2024-09-26 12:29:06,-82.4712,28.1121,  25.1,25121,-55.7,-80.3,-75.5,  3,  6, 0.03,103,13.2
2024-09-26 12:29:07,-82.4713,28.1122,  25.1,25125,-55.7,-80.3,-75.5,  3,  6, 0.03,103,13.1
2024-09-26 12:29:08,-82.4715,28.1122,  25.0,25131,-55.8,-80.3,-75.6,  3,  6, 0.03,103,13.1
2024-09-26 12:29:09,-82.4716,28.1122,  25.0,25138,-55.8,-80.3,-75.6,  3,  6, 0.03,104,13.0
2024-09-26 12:29:10,-82.4717,28.1122,  25.0,25144,-55.8,-80.3,-75.6,  3,  6, 0.03,104,13.0
2024-09-26 12:29:11,-82.4718,28.1122,  25.0,25151,-55.8,-80.3,-75.6,  3,  6, 0.03,105,12.9
2024-09-26 12:29:12,-82.4720,28.1122,  24.9,25157,-55.8,-80.3,-75.6,  3,  6, 0.03,105,12.9
2024-09-26 12:29:13,-82.4721,28.1123,  24.9,25164,-55.8,-80.3,-75.6,  3,  6, 0.03,105,12.8
2024-09-26 12:29:14,-82.4722,28.1123,  24.9,25171,-55.8,-80.4,-75.6,  3,  6, 0.03,106,12.8
2024-09-26 12:29:15,-82.4723,28.1123,  24.9,25177,-55.8,-80.4,-75.6,  3,  6, 0.03,106,12.7
2024-09-26 12:29:16,-82.4725,28.1123,  24.8,25184,-55.8,-80.4,-75.6,  3,  6, 0.03,107,12.7
2024-09-26 12:29:17,-82.4726,28.1123,  24.8,25190,-55.8,-80.4,-75.6,  3,  6, 0.03,107,12.6
2024-09-26 12:29:18,-82.4727,28.1123,  24.8,25196,-55.9,-80.4,-75.6,  3,  6, 0.03,107,12.6
2024-09-26 12:29:19,-82.4728,28.1123,  24.8,25203,-55.9,-80.4,-75.6,  3,  6, 0.03,106,12.6
2024-09-26 12:29:20,-82.4729,28.1124,  24.7,25209,-55.9,-80.4,-75.7,  3,  6, 0.03,106,12.5
2024-09-26 12:29:21,-82.4731,28.1124,  24.7,25216,-55.9,-80.4,-75.7,  3,  6, 0.03,105,12.5
2024-09-26 12:29:22,-82.4732,28.1124,  24.7,25222,-55.9,-80.4,-75.7,  3,  6, 0.03,105,12.4
2024-09-26 12:29:23,-82.4733,28.1124,  24.7,25228,-55.9,-80.4,-75.7,  3,  6, 0.03,104,12.4
2024-09-26 12:29:24,-82.4734,28.1124,  24.6,25235,-55.9,-80.4,-75.7,  3,  6, 0.03,104,12.4
2024-09-26 12:29:25,-82.4735,28.1124,  24.6,25241,-55.9,-80.4,-75.7,  3,  6, 0.03,103,12.3
2024-09-26 12:29:26,-82.4737,28.1125,  24.6,25248,-55.9,-80.4,-75.7,  3,  6, 0.03,103,12.3
2024-09-26 12:29:27,-82.4738,28.1125,  24.6,25255,-55.9,-80.4,-75.7,  3,  6, 0.03,102,12.3
2024-09-26 12:29:28,-82.4739,28.1125,  24.5,25261,-55.9,-80.5,-75.7,  3,  6, 0.03,101,12.2
2024-09-26 12:29:29,-82.4740,28.1125,  24.5,25268,-55.9,-80.5,-75.7,  3,  6, 0.03,101,12.2
2024-09-26 12:29:30,-82.4742,28.1125,  24.5,25275,-55.9,-80.5,-75.7,  3,  6, 0.03,100,12.2
2024-09-26 12:29:31,-82.4743,28.1125,  24.5,25281,-55.9,-80.5,-75.7,  3,  6, 0.03,100,12.1
2024-09-26 12:29:32,-82.4744,28.1125,  24.4,25287,-55.9,-80.5,-75.7,  3,  6, 0.03, 99,12.1
2024-09-26 12:29:33,-82.4745,28.1126,  24.4,25293,-55.9,-80.5,-75.7,  3,  6, 0.03, 99,12.1
2024-09-26 12:29:34,-82.4746,28.1126,  24.4,25300,-55.9,-80.5,-75.7,  3,  6, 0.03, 98,12.0
2024-09-26 12:29:35,-82.4748,28.1126,  24.4,25306,-56.0,-80.5,-75.7,  3,  6, 0.03, 98,12.0
2024-09-26 12:29:36,-82.4749,28.1126,  24.3,25312,-56.0,-80.5,-75.7,  3,  6, 0.03, 97,12.0
2024-09-26 12:29:37,-82.4750,28.1126,  24.3,25318,-56.0,-80.5,-75.8,  3,  6, 0.03, 97,12.0
2024-09-26 12:29:38,-82.4751,28.1126,  24.3,25324,-56.0,-80.5,-75.8,  3,  6, 0.03, 96,12.0
2024-09-26 12:29:39,-82.4753,28.1127,  24.3,25331,-55.9,-80.5,-75.8,  3,  6, 0.03, 95,12.1
2024-09-26 12:29:40,-82.4754,28.1126,  24.2,25337,-55.9,-80.5,-75.8,  3,  6, 0.03, 94,12.1
2024-09-26 12:29:41,-82.4755,28.1126,  24.2,25343,-55.9,-80.5,-75.8,  3,  6, 0.03, 93,12.2
2024-09-26 12:29:42,-82.4756,28.1126,  24.2,25349,-55.9,-80.5,-75.8,  3,  6, 0.03, 92,12.3
2024-09-26 12:29:43,-82.4758,28.1126,  24.2,25356,-55.9,-80.5,-75.8,  3,  6, 0.03, 92,12.4
2024-09-26 12:29:44,-82.4759,28.1125,  24.2,25362,-55.9,-80.5,-75.8,  3,  6, 0.03, 91,12.4
2024-09-26 12:29:45,-82.4760,28.1125,  24.1,25368,-55.9,-80.5,-75.8,  3,  6, 0.03, 90,12.5
2024-09-26 12:29:46,-82.4762,28.1125,  24.1,25375,-55.9,-80.5,-75.8,  3,  6, 0.03, 89,12.6
2024-09-26 12:29:47,-82.4763,28.1125,  24.1,25381,-55.9,-80.5,-75.8,  3,  6, 0.03, 88,12.7
2024-09-26 12:29:48,-82.4764,28.1124,  24.1,25387,-55.9,-80.5,-75.8,  3,  6, 0.03, 88,12.7
2024-09-26 12:29:49,-82.4765,28.1124,  24.0,25394,-55.9,-80.5,-75.7,  3,  6, 0.03, 87,12.8
2024-09-26 12:29:50,-82.4767,28.1124,  24.0,25400,-55.9,-80.5,-75.7,  3,  6, 0.03, 86,12.9
2024-09-26 12:29:51,-82.4768,28.1124,  24.0,25407,-55.9,-80.5,-75.7,  3,  6, 0.03, 85,13.0
2024-09-26 12:29:52,-82.4769,28.1123,  24.0,25413,-55.9,-80.5,-75.7,  3,  6, 0.03, 85,13.1
2024-09-26 12:29:53,-82.4771,28.1123,  23.9,25420,-55.9,-80.5,-75.7,  3,  6, 0.03, 84,13.2
2024-09-26 12:29:54,-82.4772,28.1123,  23.9,25426,-55.8,-80.4,-75.7,  3,  6, 0.03, 83,13.3
2024-09-26 12:29:55,-82.4773,28.1123,  23.9,25433,-55.8,-80.4,-75.7,  3,  6, 0.03, 83,13.4
2024-09-26 12:29:56,-82.4774,28.1122,  23.9,25439,-55.8,-80.4,-75.7,  3,  6, 0.03, 82,13.5
2024-09-26 12:29:57,-82.4776,28.1122,  23.8,25445,-55.8,-80.4,-75.7,  3,  6, 0.03, 81,13.6
2024-09-26 12:29:58,-82.4777,28.1122,  23.8,25452,-55.8,-80.4,-75.7,  3,  6, 0.03, 81,13.5
2024-09-26 12:29:59,-82.4778,28.1122,  23.8,25458,-55.8,-80.4,-75.6,  3,  6, 0.03, 81,13.5
2024-09-26 12:30:00,-82.4780,28.1121,  23.8,25465,-55.8,-80.4,-75.6,  3,  6, 0.03, 80,13.4
2024-09-26 12:30:01,-82.4781,28.1121,  23.7,25471,-55.8,-80.4,-75.6,  3,  6, 0.03, 80,13.3
2024-09-26 12:30:02,-82.4782,28.1121,  23.7,25478,-55.8,-80.4,-75.6,  3,  6, 0.03, 79,13.3
2024-09-26 12:30:03,-82.4783,28.1121,  23.7,25484,-55.7,-80.4,-75.6,  3,  6, 0.03, 79,13.2
2024-09-26 12:30:04,-82.4785,28.1120,  23.7,25491,-55.7,-80.3,-75.6,  3,  6, 0.03, 79,13.2
2024-09-26 12:30:05,-82.4786,28.1120,  23.6,25497,-55.7,-80.3,-75.6,  3,  6, 0.03, 78,13.1
2024-09-26 12:30:06,-82.4787,28.1120,  23.6,25504,-55.7,-80.3,-75.6,  3,  6, 0.03, 78,13.0
2024-09-26 12:30:07,-82.4789,28.1120,  23.6,25510,-55.7,-80.3,-75.6,  3,  6, 0.03, 77,13.0
2024-09-26 12:30:08,-82.4790,28.1119,  23.6,25517,-55.7,-80.3,-75.5,  3,  6, 0.03, 77,12.9
2024-09-26 12:30:09,-82.4791,28.1119,  23.5,25524,-55.7,-80.3,-75.5,  3,  6, 0.03, 77,12.9
2024-09-26 12:30:10,-82.4793,28.1119,  23.5,25530,-55.6,-80.3,-75.5,  3,  6, 0.03, 76,12.8
2024-09-26 12:30:11,-82.4794,28.1118,  23.5,25537,-55.6,-80.3,-75.5,  3,  6, 0.03, 76,12.8
2024-09-26 12:30:12,-82.4795,28.1118,  23.5,25544,-55.6,-80.2,-75.5,  3,  6, 0.03, 75,12.7
2024-09-26 12:30:13,-82.4797,28.1117,  23.4,25550,-55.6,-80.2,-75.5,  3,  6, 0.03, 75,12.7
2024-09-26 12:30:14,-82.4798,28.1117,  23.4,25556,-55.6,-80.2,-75.5,  3,  6, 0.03, 75,12.6
2024-09-26 12:30:15,-82.4799,28.1117,  23.4,25562,-55.6,-80.2,-75.5,  3,  6, 0.03, 74,12.6
2024-09-26 12:30:16,-82.4801,28.1116,  23.4,25569,-55.5,-80.2,-75.5,  3,  6, 0.03, 74,12.5
2024-09-26 12:30:17,-82.4802,28.1116,  23.4,25575,-55.5,-80.2,-75.4,  3,  6, 0.03, 73,12.5
2024-09-26 12:30:18,-82.4803,28.1115,  23.3,25581,-55.5,-80.2,-75.4,  3,  6, 0.03, 73,12.6
2024-09-26 12:30:19,-82.4805,28.1115,  23.3,25588,-55.5,-80.2,-75.4,  3,  6, 0.03, 73,12.7
2024-09-26 12:30:20,-82.4806,28.1114,  23.3,25594,-55.5,-80.2,-75.4,  3,  6, 0.03, 73,12.8
2024-09-26 12:30:21,-82.4808,28.1114,  23.3,25601,-55.5,-80.2,-75.4,  3,  6, 0.03, 72,12.9
2024-09-26 12:30:22,-82.4809,28.1113,  23.2,25607,-55.4,-80.2,-75.4,  3,  6, 0.03, 72,13.0
2024-09-26 12:30:23,-82.4810,28.1113,  23.2,25614,-55.4,-80.2,-75.4,  3,  6, 0.03, 72,13.1
2024-09-26 12:30:24,-82.4812,28.1113,  23.2,25620,-55.4,-80.2,-75.4,  3,  6, 0.03, 72,13.2
2024-09-26 12:30:25,-82.4813,28.1112,  23.2,25627,-55.4,-80.1,-75.4,  3,  6, 0.03, 71,13.3
2024-09-26 12:30:26,-82.4814,28.1112,  23.1,25633,-55.4,-80.1,-75.4,  3,  6, 0.03, 71,13.4
2024-09-26 12:30:27,-82.4816,28.1111,  23.1,25640,-55.4,-80.1,-75.4,  3,  6, 0.03, 71,13.5
2024-09-26 12:30:28,-82.4817,28.1111,  23.1,25646,-55.4,-80.1,-75.4,  3,  6, 0.03, 71,13.6
2024-09-26 12:30:29,-82.4818,28.1110,  23.1,25653,-55.3,-80.1,-75.4,  3,  6, 0.03, 71,13.7
2024-09-26 12:30:30,-82.4820,28.1110,  23.0,25659,-55.3,-80.1,-75.4,  3,  6, 0.03, 70,13.8
2024-09-26 12:30:31,-82.4821,28.1110,  23.0,25665,-55.3,-80.1,-75.3,  3,  6, 0.03, 70,13.9
2024-09-26 12:30:32,-82.4822,28.1109,  23.0,25672,-55.3,-80.1,-75.3,  3,  6, 0.03, 70,14.1
2024-09-26 12:30:33,-82.4824,28.1109,  23.0,25678,-55.3,-80.1,-75.3,  3,  6, 0.03, 70,14.2
2024-09-26 12:30:34,-82.4825,28.1108,  23.0,25685,-55.3,-80.1,-75.3,  3,  6, 0.03, 70,14.3
2024-09-26 12:30:35,-82.4827,28.1108,  22.9,25691,-55.3,-80.1,-75.3,  3,  6, 0.03, 69,14.4
2024-09-26 12:30:36,-82.4828,28.1107,  22.9,25698,-55.2,-80.1,-75.3,  3,  6, 0.03, 69,14.5
2024-09-26 12:30:37,-82.4829,28.1107,  22.9,25705,-55.2,-80.1,-75.3,  3,  6, 0.03, 69,14.6
2024-09-26 12:30:38,-82.4831,28.1106,  22.9,25711,-55.2,-80.1,-75.3,  3,  6, 0.03, 69,14.7
2024-09-26 12:30:39,-82.4832,28.1106,  22.8,25718,-55.2,-80.0,-75.3,  3,  6, 0.03, 70,14.7
2024-09-26 12:30:40,-82.4833,28.1106,  22.8,25725,-55.2,-80.0,-75.3,  3,  6, 0.03, 70,14.8
2024-09-26 12:30:41,-82.4835,28.1105,  22.8,25731,-55.2,-80.0,-75.3,  3,  6, 0.03, 70,14.9
2024-09-26 12:30:42,-82.4837,28.1105,  22.8,25738,-55.2,-80.0,-75.3,  3,  6, 0.03, 71,14.9
2024-09-26 12:30:43,-82.4838,28.1105,  22.7,25744,-55.1,-80.0,-75.3,  3,  6, 0.03, 71,15.0
2024-09-26 12:30:44,-82.4840,28.1104,  22.7,25751,-55.1,-80.0,-75.3,  3,  6, 0.03, 71,15.1
2024-09-26 12:30:45,-82.4841,28.1104,  22.7,25757,-55.1,-80.0,-75.2,  3,  6, 0.03, 72,15.2
2024-09-26 12:30:46,-82.4843,28.1104,  22.7,25764,-55.1,-80.0,-75.2,  3,  6, 0.03, 72,15.2
2024-09-26 12:30:47,-82.4844,28.1103,  22.7,25770,-55.1,-80.0,-75.2,  3,  6, 0.03, 72,15.3
2024-09-26 12:30:48,-82.4846,28.1103,  22.6,25777,-55.1,-80.0,-75.2,  3,  6, 0.03, 73,15.4
2024-09-26 12:30:49,-82.4848,28.1103,  22.6,25783,-55.1,-80.0,-75.2,  3,  6, 0.03, 73,15.5
2024-09-26 12:30:50,-82.4849,28.1102,  22.6,25790,-55.0,-79.9,-75.2,  3,  6, 0.03, 73,15.5
2024-09-26 12:30:51,-82.4851,28.1102,  22.6,25796,-55.0,-79.9,-75.2,  3,  6, 0.03, 73,15.6
2024-09-26 12:30:52,-82.4852,28.1102,  22.5,25803,-55.0,-79.9,-75.2,  3,  6, 0.03, 74,15.7
2024-09-26 12:30:53,-82.4854,28.1101,  22.5,25809,-55.0,-79.9,-75.2,  3,  6, 0.03, 74,15.8
2024-09-26 12:30:54,-82.4855,28.1101,  22.5,25815,-55.0,-79.9,-75.2,  3,  6, 0.03, 74,15.8
2024-09-26 12:30:55,-82.4857,28.1101,  22.5,25822,-55.0,-79.9,-75.1,  3,  6, 0.03, 75,15.9
2024-09-26 12:30:56,-82.4858,28.1100,  22.4,25828,-54.9,-79.9,-75.1,  3,  6, 0.03, 75,16.0
2024-09-26 12:30:57,-82.4860,28.1100,  22.4,25834,-54.9,-79.9,-75.1,  3,  6, 0.03, 75,16.1
2024-09-26 12:30:58,-82.4862,28.1100,  22.4,25840,-54.9,-79.8,-75.1,  3,  6, 0.03, 75,16.0
2024-09-26 12:30:59,-82.4863,28.1099,  22.4,25846,-54.9,-79.8,-75.1,  3,  6, 0.03, 76,16.0
2024-09-26 12:31:00,-82.4865,28.1099,  22.4,25852,-54.9,-79.8,-75.1,  3,  6, 0.03, 76,16.0
2024-09-26 12:31:01,-82.4866,28.1099,  22.3,25858,-54.9,-79.8,-75.1,  3,  6, 0.03, 76,15.9
2024-09-26 12:31:02,-82.4868,28.1098,  22.3,25864,-54.8,-79.8,-75.0,  3,  6, 0.03, 76,15.9
2024-09-26 12:31:03,-82.4869,28.1098,  22.3,25870,-54.8,-79.8,-75.0,  3,  6, 0.03, 76,15.8
2024-09-26 12:31:04,-82.4871,28.1098,  22.3,25876,-54.8,-79.7,-75.0,  3,  6, 0.03, 76,15.8
2024-09-26 12:31:05,-82.4873,28.1097,  22.3,25882,-54.8,-79.7,-75.0,  3,  6, 0.03, 77,15.8
2024-09-26 12:31:06,-82.4874,28.1097,  22.2,25889,-54.8,-79.7,-75.0,  3,  6, 0.03, 77,15.7
2024-09-26 12:31:07,-82.4876,28.1097,  22.2,25895,-54.7,-79.7,-74.9,  3,  6, 0.03, 77,15.7
2024-09-26 12:31:08,-82.4877,28.1096,  22.2,25901,-54.7,-79.7,-74.9,  3,  6, 0.03, 77,15.7
2024-09-26 12:31:09,-82.4879,28.1096,  22.2,25907,-54.7,-79.7,-74.9,  3,  6, 0.03, 77,15.6
2024-09-26 12:31:10,-82.4880,28.1096,  22.2,25913,-54.7,-79.7,-74.9,  3,  6, 0.03, 78,15.6
2024-09-26 12:31:11,-82.4882,28.1096,  22.1,25919,-54.7,-79.7,-74.9,  3,  6, 0.03, 78,15.6
2024-09-26 12:31:12,-82.4883,28.1095,  22.1,25924,-54.6,-79.6,-74.9,  3,  6, 0.03, 78,15.5
2024-09-26 12:31:13,-82.4885,28.1095,  22.1,25930,-54.6,-79.6,-74.9,  3,  6, 0.03, 78,15.5
2024-09-26 12:31:14,-82.4887,28.1095,  22.1,25936,-54.6,-79.6,-74.9,  3,  6, 0.03, 78,15.5
2024-09-26 12:31:15,-82.4888,28.1095,  22.1,25942,-54.6,-79.6,-74.9,  3,  6, 0.03, 79,15.4
2024-09-26 12:31:16,-82.4890,28.1095,  22.0,25947,-54.5,-79.6,-74.9,  3,  6, 0.04, 79,15.4
2024-09-26 12:31:17,-82.4891,28.1095,  22.0,25953,-54.5,-79.6,-74.8,  3,  6, 0.04, 79,15.4
2024-09-26 12:31:18,-82.4893,28.1094,  22.0,25958,-54.5,-79.6,-74.8,  3,  6, 0.04, 79,15.4
2024-09-26 12:31:19,-82.4894,28.1094,  22.0,25964,-54.4,-79.6,-74.8,  3,  6, 0.04, 80,15.4
2024-09-26 12:31:20,-82.4896,28.1094,  22.0,25970,-54.4,-79.5,-74.8,  3,  6, 0.04, 80,15.4
2024-09-26 12:31:21,-82.4898,28.1094,  21.9,25976,-54.4,-79.5,-74.8,  3,  6, 0.04, 80,15.4
2024-09-26 12:31:22,-82.4899,28.1094,  21.9,25982,-54.4,-79.5,-74.8,  3,  6, 0.04, 80,15.4
2024-09-26 12:31:23,-82.4901,28.1094,  21.9,25989,-54.3,-79.5,-74.8,  3,  6, 0.04, 81,15.4
2024-09-26 12:31:24,-82.4902,28.1093,  21.9,25995,-54.3,-79.5,-74.8,  3,  6, 0.04, 81,15.4
2024-09-26 12:31:25,-82.4904,28.1093,  21.8,26001,-54.3,-79.5,-74.7,  3,  6, 0.04, 81,15.4
2024-09-26 12:31:26,-82.4905,28.1093,  21.8,26006,-54.3,-79.5,-74.7,  3,  6, 0.04, 81,15.4
2024-09-26 12:31:27,-82.4907,28.1093,  21.8,26012,-54.2,-79.4,-74.7,  3,  6, 0.04, 82,15.4
2024-09-26 12:31:28,-82.4908,28.1093,  21.8,26018,-54.2,-79.4,-74.7,  3,  6, 0.04, 82,15.4
2024-09-26 12:31:29,-82.4910,28.1093,  21.8,26024,-54.2,-79.4,-74.7,  3,  5, 0.04, 82,15.4
2024-09-26 12:31:30,-82.4912,28.1093,  21.8,26030,-54.1,-79.4,-74.6,  3,  5, 0.04, 83,15.4
2024-09-26 12:31:31,-82.4913,28.1092,  21.7,26035,-54.1,-79.4,-74.6,  3,  5, 0.04, 83,15.4
2024-09-26 12:31:32,-82.4915,28.1092,  21.7,26041,-54.1,-79.3,-74.6,  3,  5, 0.04, 83,15.4
2024-09-26 12:31:33,-82.4916,28.1092,  21.7,26047,-54.0,-79.3,-74.6,  3,  5, 0.04, 83,15.4
2024-09-26 12:31:34,-82.4918,28.1092,  21.7,26053,-54.0,-79.3,-74.6,  3,  5, 0.04, 84,15.4
2024-09-26 12:31:35,-82.4919,28.1092,  21.7,26058,-54.0,-79.3,-74.5,  3,  5, 0.04, 84,15.4
2024-09-26 12:31:36,-82.4921,28.1092,  21.6,26064,-53.9,-79.3,-74.5,  3,  5, 0.04, 84,15.4
2024-09-26 12:31:37,-82.4922,28.1091,  21.6,26070,-53.9,-79.2,-74.5,  3,  5, 0.04, 84,15.5
2024-09-26 12:31:38,-82.4924,28.1091,  21.6,26075,-53.9,-79.2,-74.5,  3,  5, 0.04, 84,15.5
2024-09-26 12:31:39,-82.4926,28.1091,  21.6,26081,-53.8,-79.2,-74.5,  3,  5, 0.04, 84,15.5
2024-09-26 12:31:40,-82.4927,28.1091,  21.6,26086,-53.8,-79.2,-74.4,  3,  5, 0.04, 84,15.5
2024-09-26 12:31:41,-82.4928,28.1091,  21.5,26092,-53.8,-79.2,-74.4,  3,  5, 0.04, 84,15.5
2024-09-26 12:31:42,-82.4930,28.1091,  21.5,26098,-53.7,-79.2,-74.4,  3,  5, 0.04, 85,15.5
2024-09-26 12:31:43,-82.4931,28.1091,  21.5,26104,-53.7,-79.1,-74.4,  3,  5, 0.04, 85,15.5
2024-09-26 12:31:44,-82.4933,28.1090,  21.5,26109,-53.7,-79.1,-74.4,  3,  5, 0.04, 85,15.5
2024-09-26 12:31:45,-82.4934,28.1090,  21.5,26115,-53.6,-79.1,-74.4,  3,  5, 0.04, 85,15.5
2024-09-26 12:31:46,-82.4936,28.1090,  21.4,26121,-53.6,-79.1,-74.3,  3,  5, 0.04, 85,15.5
2024-09-26 12:31:47,-82.4937,28.1090,  21.4,26127,-53.6,-79.1,-74.3,  3,  5, 0.04, 85,15.5
2024-09-26 12:31:48,-82.4938,28.1090,  21.4,26132,-53.5,-79.0,-74.3,  3,  5, 0.04, 85,15.5
2024-09-26 12:31:49,-82.4940,28.1090,  21.4,26139,-53.5,-79.0,-74.3,  3,  5, 0.04, 85,15.5
2024-09-26 12:31:50,-82.4941,28.1089,  21.4,26146,-53.5,-79.0,-74.2,  3,  5, 0.04, 85,15.5
2024-09-26 12:31:51,-82.4943,28.1089,  21.3,26152,-53.4,-79.0,-74.2,  3,  5, 0.04, 85,15.5
2024-09-26 12:31:52,-82.4944,28.1089,  21.3,26158,-53.4,-78.9,-74.2,  3,  5, 0.04, 85,15.5
2024-09-26 12:31:53,-82.4946,28.1089,  21.3,26164,-53.4,-78.9,-74.2,  3,  5, 0.04, 85,15.5
2024-09-26 12:31:54,-82.4947,28.1089,  21.3,26170,-53.3,-78.9,-74.1,  3,  5, 0.04, 85,15.4
2024-09-26 12:31:55,-82.4948,28.1089,  21.3,26176,-53.3,-78.9,-74.1,  3,  5, 0.04, 85,15.4
2024-09-26 12:31:56,-82.4950,28.1089,  21.2,26182,-53.3,-78.8,-74.1,  3,  5, 0.04, 85,15.4
2024-09-26 12:31:57,-82.4951,28.1088,  21.2,26188,-53.2,-78.8,-74.1,  3,  5, 0.04, 85,15.4
2024-09-26 12:31:58,-82.4953,28.1088,  21.2,26194,-53.2,-78.8,-74.0,  3,  5, 0.04, 85,15.3
2024-09-26 12:31:59,-82.4954,28.1088,  21.2,26200,-53.2,-78.8,-74.0,  3,  5, 0.04, 84,15.2
2024-09-26 12:32:00,-82.4956,28.1088,  21.2,26206,-53.2,-78.7,-74.0,  3,  5, 0.04, 84,15.0
2024-09-26 12:32:01,-82.4957,28.1088,  21.1,26212,-53.1,-78.7,-74.0,  3,  5, 0.04, 84,14.9
2024-09-26 12:32:02,-82.4958,28.1088,  21.1,26218,-53.1,-78.7,-73.9,  3,  5, 0.04, 84,14.8
2024-09-26 12:32:03,-82.4960,28.1087,  21.1,26224,-53.1,-78.6,-73.9,  3,  5, 0.04, 84,14.6
2024-09-26 12:32:04,-82.4961,28.1087,  21.1,26230,-53.0,-78.6,-73.9,  3,  5, 0.04, 84,14.5
2024-09-26 12:32:05,-82.4963,28.1087,  21.1,26235,-53.0,-78.6,-73.9,  3,  5, 0.04, 84,14.4
2024-09-26 12:32:06,-82.4964,28.1087,  21.0,26241,-53.0,-78.6,-73.8,  3,  5, 0.04, 84,14.2
2024-09-26 12:32:07,-82.4965,28.1087,  21.0,26246,-52.9,-78.5,-73.8,  3,  5, 0.04, 83,14.1
2024-09-26 12:32:08,-82.4967,28.1087,  21.0,26252,-52.9,-78.5,-73.8,  3,  5, 0.04, 83,14.0
2024-09-26 12:32:09,-82.4968,28.1086,  21.0,26258,-52.9,-78.5,-73.7,  3,  5, 0.04, 83,13.8
2024-09-26 12:32:10,-82.4970,28.1086,  21.0,26263,-52.8,-78.4,-73.7,  3,  5, 0.04, 83,13.7
2024-09-26 12:32:11,-82.4971,28.1086,  21.0,26269,-52.8,-78.4,-73.7,  3,  5, 0.04, 83,13.5
2024-09-26 12:32:12,-82.4972,28.1086,  20.9,26274,-52.8,-78.4,-73.6,  3,  5, 0.04, 83,13.4
2024-09-26 12:32:13,-82.4974,28.1085,  20.9,26280,-52.7,-78.3,-73.6,  3,  5, 0.04, 83,13.3
2024-09-26 12:32:14,-82.4975,28.1085,  20.9,26285,-52.7,-78.3,-73.6,  3,  5, 0.05, 82,13.1
2024-09-26 12:32:15,-82.4976,28.1085,  20.9,26290,-52.7,-78.3,-73.6,  3,  5, 0.05, 82,13.0
2024-09-26 12:32:16,-82.4978,28.1085,  20.9,26296,-52.6,-78.3,-73.5,  3,  5, 0.05, 82,12.9
2024-09-26 12:32:17,-82.4979,28.1084,  20.9,26301,-52.6,-78.2,-73.5,  3,  5, 0.05, 82,12.7
2024-09-26 12:32:18,-82.4980,28.1084,  20.8,26307,-52.6,-78.2,-73.5,  3,  5, 0.05, 82,12.8
2024-09-26 12:32:19,-82.4981,28.1084,  20.8,26313,-52.5,-78.2,-73.5,  3,  5, 0.05, 81,12.8
2024-09-26 12:32:20,-82.4983,28.1083,  20.8,26318,-52.5,-78.2,-73.4,  3,  5, 0.05, 81,12.8
2024-09-26 12:32:21,-82.4984,28.1083,  20.8,26324,-52.5,-78.1,-73.4,  3,  5, 0.05, 80,12.9
2024-09-26 12:32:22,-82.4985,28.1083,  20.8,26329,-52.4,-78.1,-73.4,  3,  5, 0.05, 80,12.9
2024-09-26 12:32:23,-82.4987,28.1082,  20.7,26335,-52.4,-78.1,-73.3,  3,  5, 0.05, 80,12.9
2024-09-26 12:32:24,-82.4988,28.1082,  20.7,26341,-52.3,-78.0,-73.3,  3,  5, 0.05, 79,13.0
2024-09-26 12:32:25,-82.4989,28.1082,  20.7,26347,-52.3,-78.0,-73.3,  3,  5, 0.05, 79,13.0
2024-09-26 12:32:26,-82.4990,28.1081,  20.7,26352,-52.3,-78.0,-73.3,  3,  5, 0.05, 79,13.0
2024-09-26 12:32:27,-82.4992,28.1081,  20.7,26358,-52.2,-78.0,-73.2,  3,  5, 0.05, 78,13.1
2024-09-26 12:32:28,-82.4993,28.1081,  20.7,26364,-52.2,-77.9,-73.2,  3,  5, 0.05, 78,13.1
2024-09-26 12:32:29,-82.4994,28.1080,  20.6,26369,-52.2,-77.9,-73.2,  3,  5, 0.05, 78,13.1
2024-09-26 12:32:30,-82.4996,28.1080,  20.6,26375,-52.1,-77.9,-73.1,  3,  5, 0.05, 77,13.2
2024-09-26 12:32:31,-82.4997,28.1080,  20.6,26381,-52.1,-77.8,-73.1,  3,  5, 0.05, 77,13.2
2024-09-26 12:32:32,-82.4998,28.1080,  20.6,26386,-52.1,-77.8,-73.1,  3,  5, 0.05, 77,13.3
2024-09-26 12:32:33,-82.4999,28.1079,  20.6,26392,-52.0,-77.8,-73.1,  3,  5, 0.05, 76,13.3
2024-09-26 12:32:34,-82.5001,28.1079,  20.5,26398,-52.0,-77.8,-73.0,  3,  5, 0.05, 76,13.3
2024-09-26 12:32:35,-82.5002,28.1079,  20.5,26403,-52.0,-77.8,-73.0,  3,  5, 0.05, 76,13.4
2024-09-26 12:32:36,-82.5003,28.1078,  20.5,26409,-52.0,-77.7,-73.0,  3,  5, 0.05, 75,13.4
2024-09-26 12:32:37,-82.5005,28.1078,  20.5,26415,-51.9,-77.7,-73.0,  3,  5, 0.05, 75,13.5
2024-09-26 12:32:38,-82.5006,28.1078,  20.5,26420,-51.9,-77.7,-73.0,  3,  5, 0.05, 75,13.4
2024-09-26 12:32:39,-82.5007,28.1077,  20.5,26426,-51.9,-77.7,-72.9,  3,  5, 0.05, 74,13.4
2024-09-26 12:32:40,-82.5008,28.1077,  20.4,26432,-51.9,-77.6,-72.9,  3,  5, 0.05, 74,13.4
2024-09-26 12:32:41,-82.5010,28.1077,  20.4,26438,-51.8,-77.6,-72.9,  3,  5, 0.05, 73,13.4
2024-09-26 12:32:42,-82.5011,28.1076,  20.4,26443,-51.8,-77.6,-72.9,  3,  5, 0.05, 73,13.4
2024-09-26 12:32:43,-82.5012,28.1076,  20.4,26449,-51.8,-77.6,-72.8,  3,  5, 0.05, 72,13.4
2024-09-26 12:32:44,-82.5013,28.1075,  20.4,26455,-51.7,-77.5,-72.8,  3,  5, 0.05, 72,13.4
2024-09-26 12:32:45,-82.5014,28.1075,  20.3,26461,-51.7,-77.5,-72.8,  3,  5, 0.05, 71,13.3
2024-09-26 12:32:46,-82.5015,28.1074,  20.3,26467,-51.7,-77.5,-72.8,  3,  5, 0.05, 71,13.3
2024-09-26 12:32:47,-82.5016,28.1074,  20.3,26473,-51.7,-77.5,-72.8,  3,  5, 0.05, 70,13.3
2024-09-26 12:32:48,-82.5018,28.1073,  20.3,26478,-51.7,-77.5,-72.7,  3,  5, 0.05, 70,13.3
2024-09-26 12:32:49,-82.5019,28.1073,  20.3,26484,-51.7,-77.5,-72.7,  3,  5, 0.05, 69,13.3
2024-09-26 12:32:50,-82.5020,28.1072,  20.3,26490,-51.6,-77.4,-72.7,  3,  5, 0.05, 69,13.3
2024-09-26 12:32:51,-82.5021,28.1072,  20.2,26496,-51.6,-77.4,-72.7,  3,  5, 0.05, 68,13.3
2024-09-26 12:32:52,-82.5022,28.1071,  20.2,26501,-51.6,-77.4,-72.7,  3,  5, 0.05, 68,13.3
2024-09-26 12:32:53,-82.5023,28.1071,  20.2,26507,-51.6,-77.4,-72.7,  3,  5, 0.05, 67,13.3
2024-09-26 12:32:54,-82.5024,28.1070,  20.2,26513,-51.6,-77.4,-72.6,  3,  5, 0.05, 67,13.3
2024-09-26 12:32:55,-82.5025,28.1070,  20.2,26519,-51.6,-77.3,-72.6,  3,  5, 0.05, 66,13.3
2024-09-26 12:32:56,-82.5026,28.1069,  20.1,26525,-51.5,-77.3,-72.6,  3,  5, 0.05, 66,13.3
2024-09-26 12:32:57,-82.5028,28.1069,  20.1,26531,-51.5,-77.3,-72.6,  3,  5, 0.05, 66,13.3
2024-09-26 12:32:58,-82.5029,28.1068,  20.1,26536,-51.5,-77.3,-72.6,  3,  5, 0.05, 65,13.2
2024-09-26 12:32:59,-82.5030,28.1067,  20.1,26542,-51.5,-77.3,-72.5,  3,  5, 0.06, 65,13.1
2024-09-26 12:33:00,-82.5031,28.1067,  20.1,26548,-51.5,-77.2,-72.5,  3,  5, 0.06, 65,13.0
2024-09-26 12:33:01,-82.5032,28.1066,  20.1,26554,-51.5,-77.2,-72.5,  3,  5, 0.06, 65,12.9
2024-09-26 12:33:02,-82.5033,28.1066,  20.0,26560,-51.5,-77.2,-72.5,  3,  5, 0.06, 64,12.8
2024-09-26 12:33:03,-82.5034,28.1065,  20.0,26566,-51.4,-77.2,-72.5,  3,  5, 0.06, 64,12.7
2024-09-26 12:33:04,-82.5035,28.1065,  20.0,26571,-51.4,-77.2,-72.4,  3,  5, 0.06, 64,12.6
2024-09-26 12:33:05,-82.5036,28.1064,  20.0,26577,-51.4,-77.1,-72.4,  3,  5, 0.06, 64,12.4
2024-09-26 12:33:06,-82.5038,28.1064,  20.0,26583,-51.4,-77.1,-72.4,  3,  5, 0.06, 63,12.3
2024-09-26 12:33:07,-82.5039,28.1063,  19.9,26589,-51.4,-77.1,-72.4,  3,  6, 0.06, 63,12.2
2024-09-26 12:33:08,-82.5040,28.1063,  19.9,26595,-51.4,-77.1,-72.4,  3,  6, 0.06, 63,12.1
2024-09-26 12:33:09,-82.5041,28.1062,  19.9,26601,-51.4,-77.1,-72.4,  3,  6, 0.06, 62,12.0
2024-09-26 12:33:10,-82.5042,28.1062,  19.9,26607,-51.4,-77.1,-72.3,  3,  6, 0.06, 62,11.9
2024-09-26 12:33:11,-82.5043,28.1061,  19.9,26614,-51.3,-77.0,-72.3,  3,  6, 0.06, 62,11.8
2024-09-26 12:33:12,-82.5044,28.1061,  19.9,26620,-51.3,-77.0,-72.3,  3,  6, 0.06, 62,11.7
2024-09-26 12:33:13,-82.5045,28.1060,  19.8,26626,-51.3,-77.0,-72.3,  3,  6, 0.06, 61,11.6
2024-09-26 12:33:14,-82.5046,28.1060,  19.8,26633,-51.3,-77.0,-72.3,  3,  6, 0.06, 61,11.5
2024-09-26 12:33:15,-82.5047,28.1059,  19.8,26639,-51.3,-77.0,-72.3,  3,  6, 0.06, 61,11.4
2024-09-26 12:33:16,-82.5048,28.1059,  19.8,26645,-51.3,-77.0,-72.3,  3,  6, 0.06, 60,11.3
2024-09-26 12:33:17,-82.5049,28.1058,  19.8,26651,-51.3,-77.0,-72.2,  3,  6, 0.06, 60,11.2
2024-09-26 12:33:18,-82.5049,28.1058,  19.7,26658,-51.3,-77.0,-72.2,  3,  6, 0.06, 60,11.2
2024-09-26 12:33:19,-82.5050,28.1057,  19.7,26664,-51.3,-76.9,-72.2,  3,  6, 0.06, 60,11.1
2024-09-26 12:33:20,-82.5051,28.1057,  19.7,26670,-51.3,-76.9,-72.2,  3,  6, 0.06, 60,11.0
2024-09-26 12:33:21,-82.5052,28.1056,  19.7,26677,-51.2,-76.9,-72.2,  3,  6, 0.06, 60,11.0
2024-09-26 12:33:22,-82.5053,28.1056,  19.7,26683,-51.2,-76.9,-72.2,  3,  6, 0.06, 59,10.9
2024-09-26 12:33:23,-82.5054,28.1055,  19.6,26689,-51.2,-76.9,-72.1,  3,  6, 0.06, 59,10.8
2024-09-26 12:33:24,-82.5055,28.1055,  19.6,26695,-51.2,-76.8,-72.1,  3,  6, 0.06, 59,10.8
2024-09-26 12:33:25,-82.5056,28.1054,  19.6,26701,-51.2,-76.8,-72.1,  3,  6, 0.06, 59,10.7
2024-09-26 12:33:26,-82.5057,28.1054,  19.6,26708,-51.2,-76.8,-72.1,  3,  6, 0.06, 59,10.7
2024-09-26 12:33:27,-82.5058,28.1053,  19.6,26714,-51.2,-76.8,-72.1,  3,  6, 0.06, 59,10.6
2024-09-26 12:33:28,-82.5058,28.1053,  19.5,26720,-51.2,-76.8,-72.1,  3,  6, 0.06, 59,10.5
2024-09-26 12:33:29,-82.5059,28.1052,  19.5,26726,-51.2,-76.8,-72.0,  3,  6, 0.06, 58,10.5
2024-09-26 12:33:30,-82.5060,28.1052,  19.5,26732,-51.2,-76.7,-72.0,  3,  6, 0.06, 58,10.4
2024-09-26 12:33:31,-82.5061,28.1051,  19.5,26739,-51.2,-76.7,-72.0,  3,  6, 0.06, 58,10.3
2024-09-26 12:33:32,-82.5062,28.1051,  19.5,26745,-51.2,-76.7,-72.0,  3,  6, 0.06, 58,10.3
2024-09-26 12:33:33,-82.5063,28.1050,  19.5,26750,-51.2,-76.7,-72.0,  3,  6, 0.06, 58,10.2
2024-09-26 12:33:34,-82.5064,28.1050,  19.4,26756,-51.2,-76.7,-72.0,  3,  6, 0.06, 58,10.2
2024-09-26 12:33:35,-82.5065,28.1049,  19.4,26762,-51.2,-76.7,-72.0,  3,  6, 0.06, 58,10.1
2024-09-26 12:33:36,-82.5066,28.1049,  19.4,26768,-51.2,-76.7,-72.0,  3,  6, 0.06, 57,10.0
2024-09-26 12:33:37,-82.5067,28.1048,  19.4,26774,-51.2,-76.7,-71.9,  3,  6, 0.06, 57,10.0
2024-09-26 12:33:38,-82.5067,28.1048,  19.4,26780,-51.2,-76.7,-71.9,  3,  6, 0.06, 57,10.1
2024-09-26 12:33:39,-82.5068,28.1047,  19.4,26784,-51.2,-76.6,-71.9,  3,  6, 0.06, 58,10.1
2024-09-26 12:33:40,-82.5069,28.1047,  19.3,26793,-51.2,-76.6,-71.9,  3,  6, 0.06, 58,10.3
2024-09-26 12:33:41,-82.5070,28.1046,  19.3,26799,-51.2,-76.6,-71.9,  3,  6, 0.06, 58,10.4
2024-09-26 12:33:42,-82.5071,28.1046,  19.3,26805,-51.2,-76.6,-71.9,  4,  6, 0.06, 58,10.5
2024-09-26 12:33:43,-82.5072,28.1045,  19.3,26812,-51.2,-76.6,-71.9,  4,  6, 0.06, 58,10.6
2024-09-26 12:33:44,-82.5073,28.1045,  19.3,26817,-51.2,-76.6,-71.9,  4,  6, 0.06, 59,10.7
2024-09-26 12:33:45,-82.5074,28.1044,  19.2,26823,-51.2,-76.6,-71.9,  4,  6, 0.06, 59,10.8
2024-09-26 12:33:46,-82.5075,28.1044,  19.2,26829,-51.2,-76.6,-71.9,  4,  6, 0.06, 59,10.9
2024-09-26 12:33:47,-82.5076,28.1043,  19.2,26835,-51.2,-76.6,-71.9,  4,  6, 0.06, 59,11.0
2024-09-26 12:33:48,-82.5077,28.1043,  19.2,26841,-51.2,-76.6,-71.9,  4,  6, 0.06, 59,11.1
2024-09-26 12:33:49,-82.5078,28.1042,  19.2,26847,-51.3,-76.6,-71.9,  4,  6, 0.06, 59,11.2
2024-09-26 12:33:50,-82.5079,28.1042,  19.1,26853,-51.3,-76.6,-71.9,  4,  6, 0.06, 60,11.3
2024-09-26 12:33:51,-82.5080,28.1041,  19.1,26860,-51.3,-76.6,-71.9,  4,  6, 0.06, 60,11.4
2024-09-26 12:33:52,-82.5081,28.1041,  19.1,26866,-51.3,-76.6,-71.9,  4,  6, 0.06, 60,11.5
2024-09-26 12:33:53,-82.5083,28.1040,  19.1,26873,-51.3,-76.6,-71.9,  4,  6, 0.06, 60,11.6
2024-09-26 12:33:54,-82.5084,28.1040,  19.1,26879,-51.3,-76.6,-71.9,  4,  6, 0.06, 60,11.7
2024-09-26 12:33:55,-82.5085,28.1039,  19.1,26885,-51.3,-76.6,-71.9,  4,  6, 0.06, 60,11.8
2024-09-26 12:33:56,-82.5086,28.1038,  19.0,26892,-51.3,-76.6,-71.9,  4,  6, 0.06, 61,11.9
2024-09-26 12:33:57,-82.5087,28.1038,  19.0,26898,-51.3,-76.6,-71.9,  4,  6, 0.06, 61,12.0
2024-09-26 12:33:58,-82.5088,28.1037,  19.0,26904,-51.3,-76.6,-71.9,  4,  6, 0.06, 61,12.0
2024-09-26 12:33:59,-82.5089,28.1037,  19.0,26911,-51.3,-76.6,-71.9,  4,  6, 0.06, 61,12.0
2024-09-26 12:34:00,-82.5090,28.1036,  19.0,26917,-51.3,-76.6,-71.9,  4,  6, 0.06, 61,11.9
2024-09-26 12:34:01,-82.5091,28.1036,  18.9,26923,-51.3,-76.6,-71.9,  4,  6, 0.06, 61,11.9
2024-09-26 12:34:02,-82.5092,28.1035,  18.9,26930,-51.3,-76.6,-71.9,  4,  6, 0.06, 61,11.9
2024-09-26 12:34:03,-82.5093,28.1035,  18.9,26936,-51.3,-76.6,-71.9,  4,  6, 0.06, 60,11.9
2024-09-26 12:34:04,-82.5095,28.1034,  18.9,26942,-51.3,-76.6,-71.9,  4,  6, 0.06, 60,11.9
2024-09-26 12:34:05,-82.5095,28.1034,  18.9,26952,-51.3,-76.6,-71.9,  4,  6, 0.06, 60,11.9
2024-09-26 12:34:06,-82.5096,28.1033,  18.9,26955,-51.3,-76.6,-71.9,  4,  6, 0.06, 60,11.9
2024-09-26 12:34:07,-82.5097,28.1033,  18.8,26962,-51.3,-76.6,-71.9,  4,  6, 0.07, 60,11.8
2024-09-26 12:34:08,-82.5098,28.1032,  18.8,26969,-51.3,-76.6,-71.9,  4,  6, 0.07, 60,11.8
2024-09-26 12:34:09,-82.5099,28.1032,  18.8,26975,-51.3,-76.6,-71.9,  4,  6, 0.07, 60,11.8
2024-09-26 12:34:10,-82.5100,28.1031,  18.8,26982,-51.3,-76.6,-71.9,  4,  6, 0.07, 60,11.8
2024-09-26 12:34:11,-82.5101,28.1031,  18.8,26988,-51.3,-76.6,-71.9,  4,  6, 0.07, 60,11.8
2024-09-26 12:34:12,-82.5102,28.1030,  18.7,26995,-51.3,-76.6,-71.9,  4,  6, 0.07, 60,11.8
2024-09-26 12:34:13,-82.5104,28.1029,  18.7,27002,-51.3,-76.6,-71.8,  4,  6, 0.07, 60,11.8
2024-09-26 12:34:14,-82.5105,28.1029,  18.7,27010,-51.3,-76.6,-71.8,  4,  6, 0.07, 60,11.7
2024-09-26 12:34:15,-82.5106,28.1028,  18.7,27017,-51.3,-76.6,-71.8,  4,  6, 0.07, 60,11.7
2024-09-26 12:34:16,-82.5108,28.1028,  18.7,27024,-51.3,-76.6,-71.8,  4,  6, 0.07, 60,11.7
2024-09-26 12:34:17,-82.5109,28.1027,  18.6,27031,-51.3,-76.6,-71.8,  4,  6, 0.07, 60,11.7
2024-09-26 12:34:18,-82.5110,28.1027,  18.6,27037,-51.3,-76.6,-71.8,  4,  6, 0.07, 60,11.8
2024-09-26 12:34:19,-82.5111,28.1026,  18.6,27044,-51.3,-76.6,-71.8,  4,  6, 0.07, 60,12.0
2024-09-26 12:34:20,-82.5113,28.1025,  18.6,27051,-51.3,-76.6,-71.8,  4,  6, 0.07, 61,12.1
2024-09-26 12:34:21,-82.5114,28.1025,  18.6,27058,-51.3,-76.6,-71.8,  4,  6, 0.07, 61,12.2
2024-09-26 12:34:22,-82.5115,28.1024,  18.5,27065,-51.3,-76.5,-71.8,  4,  6, 0.07, 61,12.4
2024-09-26 12:34:23,-82.5117,28.1024,  18.5,27071,-51.3,-76.5,-71.8,  4,  6, 0.07, 61,12.5
2024-09-26 12:34:24,-82.5118,28.1023,  18.5,27078,-51.3,-76.5,-71.8,  4,  6, 0.07, 61,12.6
2024-09-26 12:34:25,-82.5120,28.1022,  18.5,27085,-51.3,-76.5,-71.8,  4,  6, 0.07, 61,12.8
2024-09-26 12:34:26,-82.5121,28.1022,  18.5,27094,-51.2,-76.5,-71.8,  4,  6, 0.07, 62,13.0
2024-09-26 12:34:27,-82.5122,28.1021,  18.4,27098,-51.2,-76.5,-71.8,  4,  6, 0.07, 62,13.1
2024-09-26 12:34:28,-82.5123,28.1021,  18.4,27105,-51.2,-76.5,-71.8,  4,  6, 0.07, 62,13.2
2024-09-26 12:34:29,-82.5124,28.1020,  18.4,27112,-51.2,-76.5,-71.8,  4,  6, 0.07, 62,13.3
2024-09-26 12:34:30,-82.5126,28.1020,  18.4,27119,-51.2,-76.5,-71.8,  4,  6, 0.07, 62,13.5
2024-09-26 12:34:31,-82.5127,28.1019,  18.4,27126,-51.2,-76.5,-71.8,  4,  6, 0.07, 62,13.6
2024-09-26 12:34:32,-82.5128,28.1019,  18.3,27133,-51.2,-76.5,-71.8,  4,  6, 0.07, 63,13.7
2024-09-26 12:34:33,-82.5130,28.1018,  18.3,27140,-51.2,-76.5,-71.8,  4,  6, 0.07, 63,13.9
2024-09-26 12:34:34,-82.5131,28.1017,  18.3,27147,-51.2,-76.5,-71.8,  4,  6, 0.07, 63,14.0
2024-09-26 12:34:35,-82.5132,28.1017,  18.3,27154,-51.2,-76.5,-71.8,  4,  6, 0.07, 63,14.1
2024-09-26 12:34:36,-82.5133,28.1016,  18.3,27161,-51.2,-76.5,-71.8,  4,  6, 0.07, 63,14.3
2024-09-26 12:34:37,-82.5135,28.1016,  18.2,27169,-51.2,-76.5,-71.8,  4,  6, 0.07, 63,14.4
2024-09-26 12:34:38,-82.5136,28.1015,  18.2,27176,-51.2,-76.5,-71.8,  4,  6, 0.07, 64,14.5
2024-09-26 12:34:39,-82.5137,28.1015,  18.2,27183,-51.2,-76.5,-71.8,  4,  6, 0.07, 64,14.5
2024-09-26 12:34:40,-82.5139,28.1014,  18.2,27190,-51.2,-76.5,-71.8,  4,  6, 0.07, 64,14.6
2024-09-26 12:34:41,-82.5140,28.1014,  18.2,27197,-51.1,-76.5,-71.8,  4,  6, 0.07, 65,14.7
2024-09-26 12:34:42,-82.5141,28.1013,  18.1,27204,-51.1,-76.5,-71.8,  4,  6, 0.07, 65,14.7
2024-09-26 12:34:43,-82.5143,28.1013,  18.1,27211,-51.1,-76.5,-71.8,  4,  6, 0.07, 66,14.8
2024-09-26 12:34:44,-82.5144,28.1012,  18.1,27218,-51.1,-76.5,-71.8,  4,  6, 0.07, 66,14.9
2024-09-26 12:34:45,-82.5146,28.1012,  18.1,27225,-51.1,-76.5,-71.8,  4,  6, 0.07, 66,14.9
2024-09-26 12:34:46,-82.5147,28.1012,  18.1,27233,-51.1,-76.5,-71.8,  4,  6, 0.07, 67,15.0
2024-09-26 12:34:47,-82.5149,28.1011,  18.0,27240,-51.1,-76.5,-71.8,  4,  6, 0.07, 67,15.1
2024-09-26 12:34:48,-82.5150,28.1011,  18.0,27247,-51.1,-76.5,-71.8,  4,  6, 0.07, 68,15.1
2024-09-26 12:34:49,-82.5152,28.1010,  18.0,27254,-51.1,-76.5,-71.8,  4,  6, 0.07, 68,15.2
2024-09-26 12:34:50,-82.5153,28.1010,  18.0,27262,-51.1,-76.5,-71.7,  4,  6, 0.07, 68,15.3
2024-09-26 12:34:51,-82.5154,28.1010,  18.0,27268,-51.1,-76.5,-71.7,  4,  6, 0.07, 69,15.4
2024-09-26 12:34:52,-82.5156,28.1009,  17.9,27275,-51.1,-76.5,-71.7,  4,  6, 0.07, 69,15.4
2024-09-26 12:34:53,-82.5157,28.1009,  17.9,27282,-51.0,-76.4,-71.7,  4,  6, 0.07, 69,15.5
2024-09-26 12:34:54,-82.5159,28.1009,  17.9,27289,-51.0,-76.4,-71.7,  4,  6, 0.07, 70,15.6
2024-09-26 12:34:55,-82.5160,28.1008,  17.9,27295,-51.0,-76.4,-71.7,  4,  6, 0.07, 70,15.6
2024-09-26 12:34:56,-82.5162,28.1008,  17.9,27302,-51.0,-76.4,-71.7,  4,  6, 0.07, 70,15.7
2024-09-26 12:34:57,-82.5163,28.1007,  17.9,27309,-51.0,-76.4,-71.7,  4,  6, 0.07, 71,15.8
2024-09-26 12:34:58,-82.5165,28.1007,  17.8,27316,-51.0,-76.4,-71.7,  4,  6, 0.07, 71,15.7
2024-09-26 12:34:59,-82.5166,28.1007,  17.8,27324,-51.0,-76.4,-71.7,  4,  6, 0.07, 71,15.7
2024-09-26 12:35:00,-82.5168,28.1006,  17.8,27331,-51.0,-76.4,-71.6,  4,  6, 0.07, 72,15.6
2024-09-26 12:35:01,-82.5169,28.1006,  17.8,27338,-51.0,-76.3,-71.6,  4,  6, 0.07, 72,15.5
2024-09-26 12:35:02,-82.5171,28.1006,  17.8,27345,-50.9,-76.3,-71.6,  4,  6, 0.07, 72,15.5
2024-09-26 12:35:03,-82.5172,28.1005,  17.7,27352,-50.9,-76.3,-71.6,  4,  6, 0.07, 73,15.4
2024-09-26 12:35:04,-82.5174,28.1005,  17.7,27359,-50.9,-76.3,-71.6,  4,  6, 0.07, 73,15.3
2024-09-26 12:35:05,-82.5175,28.1004,  17.7,27367,-50.9,-76.3,-71.6,  4,  6, 0.07, 73,15.2
2024-09-26 12:35:06,-82.5177,28.1004,  17.7,27374,-50.9,-76.2,-71.5,  4,  6, 0.07, 73,15.2
2024-09-26 12:35:07,-82.5178,28.1004,  17.7,27381,-50.9,-76.2,-71.5,  4,  6, 0.07, 74,15.1
2024-09-26 12:35:08,-82.5180,28.1003,  17.6,27388,-50.8,-76.2,-71.5,  4,  6, 0.07, 74,15.0
2024-09-26 12:35:09,-82.5181,28.1003,  17.6,27394,-50.8,-76.2,-71.5,  4,  6, 0.07, 74,15.0
2024-09-26 12:35:10,-82.5183,28.1003,  17.6,27401,-50.8,-76.2,-71.5,  4,  6, 0.07, 75,14.9
2024-09-26 12:35:11,-82.5184,28.1002,  17.6,27408,-50.8,-76.2,-71.5,  4,  6, 0.07, 75,14.9
2024-09-26 12:35:12,-82.5185,28.1002,  17.6,27414,-50.8,-76.2,-71.5,  4,  6, 0.07, 75,14.8
2024-09-26 12:35:13,-82.5187,28.1002,  17.5,27421,-50.8,-76.2,-71.5,  4,  6, 0.07, 76,14.7
2024-09-26 12:35:14,-82.5188,28.1001,  17.5,27428,-50.7,-76.1,-71.4,  4,  6, 0.07, 76,14.7
2024-09-26 12:35:15,-82.5190,28.1001,  17.5,27435,-50.7,-76.1,-71.4,  4,  6, 0.07, 76,14.6
2024-09-26 12:35:16,-82.5191,28.1001,  17.5,27442,-50.7,-76.1,-71.4,  4,  6, 0.08, 77,14.5
2024-09-26 12:35:17,-82.5192,28.1000,  17.5,27449,-50.6,-76.1,-71.4,  4,  6, 0.08, 77,14.5
2024-09-26 12:35:18,-82.5194,28.1000,  17.5,27456,-50.6,-76.1,-71.4,  4,  6, 0.08, 77,14.4
2024-09-26 12:35:19,-82.5195,28.1000,  17.4,27463,-50.6,-76.1,-71.3,  4,  6, 0.08, 77,14.4
2024-09-26 12:35:20,-82.5196,28.0999,  17.4,27469,-50.6,-76.0,-71.3,  4,  6, 0.08, 77,14.3
2024-09-26 12:35:21,-82.5198,28.0999,  17.4,27476,-50.5,-76.0,-71.3,  4,  6, 0.08, 76,14.3
2024-09-26 12:35:22,-82.5199,28.0999,  17.4,27483,-50.5,-76.0,-71.3,  4,  6, 0.08, 76,14.3
2024-09-26 12:35:23,-82.5200,28.0998,  17.4,27489,-50.5,-76.0,-71.3,  4,  6, 0.08, 76,14.2
2024-09-26 12:35:24,-82.5202,28.0998,  17.3,27496,-50.5,-76.0,-71.3,  4,  6, 0.08, 76,14.2
2024-09-26 12:35:25,-82.5203,28.0998,  17.3,27502,-50.4,-76.0,-71.3,  4,  6, 0.08, 76,14.1
2024-09-26 12:35:26,-82.5204,28.0997,  17.3,27509,-50.4,-76.0,-71.3,  4,  6, 0.08, 76,14.1
2024-09-26 12:35:27,-82.5206,28.0997,  17.3,27515,-50.4,-76.0,-71.2,  4,  6, 0.08, 76,14.0
2024-09-26 12:35:28,-82.5207,28.0997,  17.3,27521,-50.3,-75.9,-71.2,  4,  6, 0.08, 76,14.0
2024-09-26 12:35:29,-82.5208,28.0997,  17.3,27528,-50.3,-75.9,-71.2,  4,  6, 0.08, 76,13.9
2024-09-26 12:35:30,-82.5210,28.0996,  17.2,27534,-50.3,-75.9,-71.2,  4,  6, 0.08, 76,13.9
2024-09-26 12:35:31,-82.5211,28.0996,  17.2,27540,-50.2,-75.9,-71.2,  4,  6, 0.08, 75,13.9
2024-09-26 12:35:32,-82.5212,28.0996,  17.2,27546,-50.2,-75.9,-71.2,  4,  6, 0.08, 75,13.8
2024-09-26 12:35:33,-82.5214,28.0995,  17.2,27553,-50.2,-75.9,-71.1,  3,  6, 0.08, 75,13.8
2024-09-26 12:35:34,-82.5215,28.0995,  17.2,27559,-50.1,-75.8,-71.1,  3,  6, 0.08, 75,13.7
2024-09-26 12:35:35,-82.5216,28.0995,  17.2,27565,-50.1,-75.8,-71.1,  3,  6, 0.08, 75,13.7
2024-09-26 12:35:36,-82.5218,28.0994,  17.1,27571,-50.1,-75.8,-71.1,  3,  6, 0.08, 75,13.6
2024-09-26 12:35:37,-82.5219,28.0994,  17.1,27578,-50.0,-75.8,-71.1,  3,  6, 0.08, 75,13.6
2024-09-26 12:35:38,-82.5220,28.0994,  17.1,27584,-50.0,-75.8,-71.1,  3,  6, 0.08, 75,13.6
2024-09-26 12:35:39,-82.5222,28.0993,  17.1,27590,-50.0,-75.7,-71.0,  3,  6, 0.08, 75,13.5
2024-09-26 12:35:40,-82.5223,28.0993,  17.1,27597,-49.9,-75.7,-71.0,  3,  6, 0.08, 75,13.5
2024-09-26 12:35:41,-82.5224,28.0993,  17.1,27603,-49.9,-75.7,-71.0,  3,  6, 0.08, 75,13.5
2024-09-26 12:35:42,-82.5226,28.0992,  17.0,27610,-49.8,-75.7,-71.0,  3,  6, 0.08, 75,13.5
2024-09-26 12:35:43,-82.5227,28.0992,  17.0,27616,-49.8,-75.7,-71.0,  3,  6, 0.08, 76,13.4
2024-09-26 12:35:44,-82.5228,28.0992,  17.0,27623,-49.8,-75.7,-71.0,  3,  6, 0.08, 76,13.4
2024-09-26 12:35:45,-82.5229,28.0992,  17.0,27630,-49.7,-75.6,-70.9,  3,  6, 0.08, 76,13.4
2024-09-26 12:35:46,-82.5230,28.0991,  17.0,27636,-49.7,-75.6,-70.9,  3,  6, 0.08, 76,13.4
2024-09-26 12:35:47,-82.5231,28.0991,  17.0,27643,-49.7,-75.6,-70.9,  3,  6, 0.08, 76,13.3
2024-09-26 12:35:48,-82.5233,28.0991,  16.9,27650,-49.6,-75.6,-70.9,  3,  6, 0.08, 76,13.3
2024-09-26 12:35:49,-82.5234,28.0991,  16.9,27656,-49.6,-75.6,-70.9,  3,  6, 0.08, 76,13.3
2024-09-26 12:35:50,-82.5235,28.0990,  16.9,27663,-49.6,-75.5,-70.8,  3,  6, 0.08, 76,13.3
2024-09-26 12:35:51,-82.5236,28.0990,  16.9,27670,-49.5,-75.5,-70.8,  3,  6, 0.09, 76,13.2
2024-09-26 12:35:52,-82.5237,28.0990,  16.9,27677,-49.5,-75.5,-70.8,  3,  6, 0.09, 76,13.2
2024-09-26 12:35:53,-82.5239,28.0990,  16.9,27684,-49.5,-75.5,-70.8,  3,  6, 0.09, 77,13.2
2024-09-26 12:35:54,-82.5240,28.0990,  16.8,27691,-49.4,-75.4,-70.7,  3,  6, 0.09, 77,13.2
2024-09-26 12:35:55,-82.5241,28.0989,  16.8,27698,-49.4,-75.4,-70.7,  3,  6, 0.09, 77,13.1
2024-09-26 12:35:56,-82.5242,28.0989,  16.8,27705,-49.4,-75.4,-70.7,  3,  6, 0.09, 77,13.1
2024-09-26 12:35:57,-82.5243,28.0989,  16.8,27712,-49.3,-75.4,-70.7,  3,  6, 0.09, 77,13.1
2024-09-26 12:35:58,-82.5245,28.0989,  16.8,27719,-49.3,-75.4,-70.7,  3,  6, 0.09, 77,13.0
2024-09-26 12:35:59,-82.5246,28.0988,  16.8,27726,-49.3,-75.3,-70.6,  3,  6, 0.09, 77,12.9
2024-09-26 12:36:00,-82.5247,28.0988,  16.7,27732,-49.2,-75.3,-70.6,  3,  5, 0.09, 77,12.8
2024-09-26 12:36:01,-82.5248,28.0988,  16.7,27735,-49.2,-75.3,-70.6,  3,  6, 0.09, 77,12.8
2024-09-26 12:36:02,-82.5249,28.0988,  16.7,27744,-49.1,-75.2,-70.5,  3,  5, 0.09, 77,12.7
2024-09-26 12:36:03,-82.5251,28.0987,  16.7,27750,-49.1,-75.2,-70.5,  3,  6, 0.09, 77,12.6
2024-09-26 12:36:04,-82.5252,28.0987,  16.7,27756,-49.1,-75.2,-70.5,  3,  6, 0.09, 77,12.5
2024-09-26 12:36:05,-82.5253,28.0987,  16.7,27762,-49.0,-75.1,-70.4,  3,  6, 0.09, 77,12.4
2024-09-26 12:36:06,-82.5254,28.0987,  16.6,27768,-49.0,-75.1,-70.4,  3,  6, 0.09, 77,12.3
2024-09-26 12:36:07,-82.5255,28.0986,  16.6,27775,-49.0,-75.1,-70.4,  3,  6, 0.09, 77,12.2
2024-09-26 12:36:08,-82.5257,28.0986,  16.6,27781,-48.9,-75.0,-70.3,  3,  6, 0.09, 77,12.1
2024-09-26 12:36:09,-82.5258,28.0986,  16.6,27788,-48.9,-75.0,-70.3,  3,  6, 0.09, 77,12.0
2024-09-26 12:36:10,-82.5259,28.0986,  16.6,27794,-48.8,-75.0,-70.3,  3,  6, 0.09, 77,12.0
2024-09-26 12:36:11,-82.5260,28.0985,  16.6,27801,-48.8,-74.9,-70.2,  3,  6, 0.09, 77,11.9
2024-09-26 12:36:12,-82.5261,28.0985,  16.5,27807,-48.8,-74.9,-70.2,  3,  6, 0.10, 77,11.8
2024-09-26 12:36:13,-82.5263,28.0985,  16.5,27813,-48.7,-74.9,-70.2,  3,  6, 0.10, 77,11.7
2024-09-26 12:36:14,-82.5264,28.0985,  16.5,27820,-48.7,-74.8,-70.1,  3,  6, 0.10, 77,11.6
2024-09-26 12:36:15,-82.5265,28.0984,  16.5,27826,-48.6,-74.8,-70.1,  3,  6, 0.10, 77,11.5
2024-09-26 12:36:16,-82.5266,28.0984,  16.5,27832,-48.6,-74.8,-70.1,  3,  6, 0.10, 77,11.4
2024-09-26 12:36:17,-82.5267,28.0984,  16.5,27838,-48.6,-74.7,-70.0,  3,  6, 0.10, 77,11.3
2024-09-26 12:36:18,-82.5268,28.0983,  16.4,27844,-48.5,-74.7,-70.0,  3,  6, 0.10, 77,11.4
2024-09-26 12:36:19,-82.5269,28.0983,  16.4,27850,-48.5,-74.7,-70.0,  3,  6, 0.10, 77,11.4
2024-09-26 12:36:20,-82.5270,28.0983,  16.4,27856,-48.4,-74.6,-69.9,  3,  6, 0.10, 76,11.4
2024-09-26 12:36:21,-82.5272,28.0982,  16.4,27862,-48.4,-74.6,-69.9,  3,  6, 0.10, 76,11.4
2024-09-26 12:36:22,-82.5273,28.0982,  16.4,27868,-48.4,-74.6,-69.9,  3,  6, 0.10, 76,11.4
2024-09-26 12:36:23,-82.5274,28.0982,  16.4,27874,-48.3,-74.5,-69.8,  3,  6, 0.10, 76,11.4
2024-09-26 12:36:24,-82.5275,28.0981,  16.4,27881,-48.3,-74.5,-69.8,  3,  6, 0.10, 75,11.4
2024-09-26 12:36:25,-82.5276,28.0981,  16.3,27887,-48.2,-74.5,-69.8,  3,  6, 0.10, 75,11.4
2024-09-26 12:36:26,-82.5277,28.0981,  16.3,27893,-48.2,-74.4,-69.8,  3,  6, 0.10, 75,11.4
2024-09-26 12:36:27,-82.5278,28.0980,  16.3,27900,-48.2,-74.4,-69.7,  3,  6, 0.10, 74,11.5
2024-09-26 12:36:28,-82.5280,28.0980,  16.3,27906,-48.1,-74.4,-69.7,  3,  6, 0.10, 74,11.5
2024-09-26 12:36:29,-82.5281,28.0980,  16.3,27913,-48.1,-74.3,-69.6,  3,  6, 0.10, 74,11.5
2024-09-26 12:36:30,-82.5282,28.0979,  16.3,27920,-48.0,-74.3,-69.6,  3,  6, 0.11, 74,11.5
2024-09-26 12:36:31,-82.5283,28.0979,  16.2,27926,-48.0,-74.3,-69.6,  3,  6, 0.11, 73,11.5
2024-09-26 12:36:32,-82.5284,28.0979,  16.2,27933,-48.0,-74.2,-69.5,  3,  6, 0.11, 73,11.5
2024-09-26 12:36:33,-82.5285,28.0978,  16.2,27939,-47.9,-74.2,-69.5,  3,  6, 0.11, 73,11.5
2024-09-26 12:36:34,-82.5286,28.0978,  16.2,27946,-47.9,-74.2,-69.5,  3,  6, 0.11, 73,11.5
2024-09-26 12:36:35,-82.5287,28.0978,  16.2,27952,-47.9,-74.1,-69.4,  3,  6, 0.11, 72,11.6
2024-09-26 12:36:36,-82.5289,28.0977,  16.2,27958,-47.8,-74.1,-69.4,  3,  6, 0.11, 72,11.6
2024-09-26 12:36:37,-82.5290,28.0977,  16.2,27964,-47.8,-74.1,-69.4,  3,  6, 0.11, 72,11.6
2024-09-26 12:36:38,-82.5291,28.0977,  16.1,27971,-47.8,-74.0,-69.3,  3,  6, 0.11, 72,11.6
2024-09-26 12:36:39,-82.5292,28.0976,  16.1,27977,-47.7,-74.0,-69.3,  3,  6, 0.11, 72,11.6
2024-09-26 12:36:40,-82.5293,28.0976,  16.1,27984,-47.7,-74.0,-69.3,  3,  6, 0.11, 72,11.7
2024-09-26 12:36:41,-82.5294,28.0976,  16.1,27990,-47.7,-73.9,-69.2,  3,  6, 0.11, 72,11.7
2024-09-26 12:36:42,-82.5295,28.0976,  16.1,27997,-47.6,-73.9,-69.2,  3,  6, 0.11, 72,11.7
2024-09-26 12:36:43,-82.5297,28.0975,  16.1,28003,-47.6,-73.9,-69.2,  3,  6, 0.11, 72,11.8
2024-09-26 12:36:44,-82.5298,28.0975,  16.0,28010,-47.6,-73.9,-69.2,  4,  6, 0.11, 72,11.8
2024-09-26 12:36:45,-82.5299,28.0975,  16.0,28016,-47.5,-73.8,-69.1,  4,  6, 0.12, 72,11.8
2024-09-26 12:36:46,-82.5300,28.0974,  16.0,28022,-47.5,-73.8,-69.1,  4,  6, 0.12, 73,11.9
2024-09-26 12:36:47,-82.5301,28.0974,  16.0,28028,-47.5,-73.8,-69.1,  4,  6, 0.12, 73,11.9
2024-09-26 12:36:48,-82.5302,28.0974,  16.0,28035,-47.4,-73.7,-69.1,  4,  6, 0.12, 73,11.9
2024-09-26 12:36:49,-82.5304,28.0974,  16.0,28041,-47.4,-73.7,-69.0,  4,  6, 0.12, 73,11.9
2024-09-26 12:36:50,-82.5305,28.0973,  15.9,28047,-47.4,-73.7,-69.0,  4,  6, 0.12, 73,12.0
2024-09-26 12:36:51,-82.5306,28.0973,  15.9,28054,-47.4,-73.7,-69.0,  4,  6, 0.12, 73,12.0
2024-09-26 12:36:52,-82.5307,28.0973,  15.9,28061,-47.3,-73.7,-69.0,  4,  6, 0.12, 73,12.0
2024-09-26 12:36:53,-82.5308,28.0973,  15.9,28068,-47.3,-73.6,-69.0,  4,  6, 0.12, 73,12.1
2024-09-26 12:36:54,-82.5309,28.0972,  15.9,28075,-47.3,-73.6,-68.9,  4,  6, 0.12, 73,12.1
2024-09-26 12:36:55,-82.5311,28.0972,  15.9,28082,-47.3,-73.6,-68.9,  4,  6, 0.12, 73,12.1
2024-09-26 12:36:56,-82.5312,28.0972,  15.9,28088,-47.2,-73.6,-68.9,  4,  6, 0.12, 73,12.2
2024-09-26 12:36:57,-82.5313,28.0971,  15.8,28094,-47.2,-73.6,-68.9,  4,  6, 0.12, 73,12.2
2024-09-26 12:36:58,-82.5314,28.0971,  15.8,28101,-47.2,-73.6,-68.9,  4,  6, 0.12, 73,12.2
2024-09-26 12:36:59,-82.5315,28.0971,  15.8,28107,-47.2,-73.6,-68.9,  4,  6, 0.12, 74,12.2
2024-09-26 12:37:00,-82.5316,28.0971,  15.8,28113,-47.2,-73.5,-68.9,  4,  6, 0.12, 74,12.1
2024-09-26 12:37:01,-82.5317,28.0970,  15.8,28119,-47.1,-73.5,-68.9,  3,  6, 0.12, 74,12.1
2024-09-26 12:37:02,-82.5319,28.0970,  15.8,28126,-47.1,-73.5,-68.8,  3,  6, 0.12, 74,12.1
2024-09-26 12:37:03,-82.5320,28.0970,  15.7,28132,-47.1,-73.5,-68.8,  3,  6, 0.12, 74,12.1
2024-09-26 12:37:04,-82.5321,28.0970,  15.7,28138,-47.1,-73.5,-68.8,  3,  6, 0.12, 74,12.1
2024-09-26 12:37:05,-82.5322,28.0969,  15.7,28144,-47.0,-73.5,-68.8,  3,  6, 0.12, 75,12.0
2024-09-26 12:37:06,-82.5323,28.0969,  15.7,28150,-47.0,-73.5,-68.8,  3,  6, 0.12, 75,12.0
2024-09-26 12:37:07,-82.5324,28.0969,  15.7,28157,-47.0,-73.5,-68.8,  3,  6, 0.12, 75,12.0
2024-09-26 12:37:08,-82.5326,28.0969,  15.7,28163,-47.0,-73.5,-68.8,  3,  5, 0.12, 75,12.0
2024-09-26 12:37:09,-82.5327,28.0968,  15.7,28169,-46.9,-73.4,-68.8,  3,  5, 0.12, 75,12.0
2024-09-26 12:37:10,-82.5328,28.0968,  15.6,28175,-46.9,-73.4,-68.7,  3,  5, 0.13, 75,11.9
2024-09-26 12:37:11,-82.5329,28.0968,  15.6,28182,-46.9,-73.4,-68.7,  3,  5, 0.13, 75,11.9
2024-09-26 12:37:12,-82.5330,28.0967,  15.6,28188,-46.9,-73.4,-68.7,  3,  5, 0.13, 76,11.9
2024-09-26 12:37:13,-82.5331,28.0967,  15.6,28194,-46.9,-73.4,-68.7,  3,  5, 0.13, 76,11.9
2024-09-26 12:37:14,-82.5333,28.0967,  15.6,28200,-46.8,-73.3,-68.7,  3,  5, 0.13, 76,11.9
2024-09-26 12:37:15,-82.5334,28.0967,  15.6,28207,-46.8,-73.3,-68.6,  3,  5, 0.13, 76,11.8
2024-09-26 12:37:16,-82.5335,28.0967,  15.6,28213,-46.8,-73.3,-68.6,  3,  5, 0.13, 76,11.8
2024-09-26 12:37:17,-82.5336,28.0967,  15.5,28219,-46.8,-73.3,-68.6,  3,  5, 0.13, 76,11.8
2024-09-26 12:37:18,-82.5337,28.0967,  15.5,28226,-46.8,-73.3,-68.6,  3,  5, 0.13, 77,11.8
2024-09-26 12:37:19,-82.5338,28.0967,  15.5,28232,-46.7,-73.3,-68.6,  3,  5, 0.13, 78,11.7
2024-09-26 12:37:20,-82.5339,28.0967,  15.5,28238,-46.7,-73.3,-68.6,  3,  5, 0.13, 78,11.7
2024-09-26 12:37:21,-82.5340,28.0967,  15.5,28244,-46.7,-73.2,-68.6,  3,  5, 0.13, 79,11.6
2024-09-26 12:37:22,-82.5341,28.0967,  15.5,28250,-46.7,-73.2,-68.5,  3,  6, 0.13, 80,11.6
2024-09-26 12:37:23,-82.5342,28.0967,  15.5,28256,-46.7,-73.2,-68.5,  3,  5, 0.13, 80,11.5
2024-09-26 12:37:24,-82.5343,28.0967,  15.4,28262,-46.7,-73.2,-68.5,  3,  5, 0.13, 81,11.5
2024-09-26 12:37:25,-82.5345,28.0967,  15.4,28269,-46.7,-73.2,-68.5,  3,  5, 0.13, 82,11.5
2024-09-26 12:37:26,-82.5346,28.0967,  15.4,28275,-46.6,-73.2,-68.5,  3,  5, 0.13, 82,11.4
2024-09-26 12:37:27,-82.5347,28.0967,  15.4,28281,-46.6,-73.2,-68.5,  3,  5, 0.13, 83,11.4
2024-09-26 12:37:28,-82.5348,28.0967,  15.4,28287,-46.6,-73.1,-68.5,  3,  5, 0.13, 84,11.3
2024-09-26 12:37:29,-82.5349,28.0967,  15.4,28294,-46.6,-73.1,-68.4,  3,  6, 0.13, 84,11.3
2024-09-26 12:37:30,-82.5350,28.0967,  15.4,28300,-46.6,-73.1,-68.4,  3,  5, 0.13, 85,11.3
2024-09-26 12:37:31,-82.5351,28.0967,  15.3,28306,-46.6,-73.1,-68.4,  3,  6, 0.13, 86,11.3
2024-09-26 12:37:32,-82.5352,28.0967,  15.3,28312,-46.5,-73.1,-68.4,  3,  5, 0.13, 86,11.2
2024-09-26 12:37:33,-82.5353,28.0967,  15.3,28318,-46.5,-73.1,-68.4,  3,  5, 0.13, 87,11.2
2024-09-26 12:37:34,-82.5354,28.0967,  15.3,28324,-46.5,-73.1,-68.4,  3,  6, 0.13, 88,11.2
2024-09-26 12:37:35,-82.5355,28.0967,  15.3,28331,-46.5,-73.0,-68.4,  4,  6, 0.14, 88,11.2
2024-09-26 12:37:36,-82.5356,28.0966,  15.3,28337,-46.5,-73.0,-68.3,  4,  6, 0.14, 89,11.1
2024-09-26 12:37:37,-82.5357,28.0966,  15.3,28344,-46.5,-73.0,-68.3,  4,  6, 0.14, 90,11.1
2024-09-26 12:37:38,-82.5359,28.0966,  15.2,28351,-46.4,-73.0,-68.3,  4,  6, 0.14, 90,11.0
2024-09-26 12:37:39,-82.5360,28.0966,  15.2,28358,-46.4,-73.0,-68.3,  4,  6, 0.14, 90,10.9
2024-09-26 12:37:40,-82.5361,28.0966,  15.2,28364,-46.4,-72.9,-68.3,  4,  6, 0.14, 90,10.8
2024-09-26 12:37:41,-82.5362,28.0966,  15.2,28371,-46.4,-72.9,-68.3,  4,  6, 0.14, 90,10.8
2024-09-26 12:37:42,-82.5363,28.0966,  15.2,28378,-46.4,-72.9,-68.2,  4,  6, 0.14, 90,10.7
2024-09-26 12:37:43,-82.5364,28.0966,  15.2,28385,-46.3,-72.9,-68.2,  4,  6, 0.14, 91,10.6
2024-09-26 12:37:44,-82.5365,28.0966,  15.1,28392,-46.3,-72.9,-68.2,  4,  6, 0.14, 91,10.5
2024-09-26 12:37:45,-82.5366,28.0966,  15.1,28399,-46.3,-72.8,-68.2,  4,  6, 0.14, 91,10.4
2024-09-26 12:37:46,-82.5367,28.0966,  15.1,28405,-46.3,-72.8,-68.1,  4,  6, 0.14, 91,10.3
2024-09-26 12:37:47,-82.5368,28.0966,  15.1,28412,-46.3,-72.8,-68.1,  4,  6, 0.14, 91,10.2
2024-09-26 12:37:48,-82.5369,28.0967,  15.1,28419,-46.3,-72.8,-68.1,  4,  6, 0.14, 91,10.1
2024-09-26 12:37:49,-82.5370,28.0967,  15.1,28425,-46.2,-72.7,-68.1,  4,  6, 0.14, 92,10.0
2024-09-26 12:37:50,-82.5371,28.0967,  15.0,28432,-46.2,-72.7,-68.1,  4,  6, 0.14, 92, 9.9
2024-09-26 12:37:51,-82.5372,28.0967,  15.0,28439,-46.2,-72.7,-68.0,  4,  6, 0.14, 92, 9.9
2024-09-26 12:37:52,-82.5373,28.0967,  15.0,28445,-46.2,-72.7,-68.0,  4,  6, 0.15, 92, 9.8
2024-09-26 12:37:53,-82.5374,28.0967,  15.0,28452,-46.2,-72.7,-68.0,  4,  6, 0.15, 92, 9.7
2024-09-26 12:37:54,-82.5375,28.0967,  15.0,28459,-46.1,-72.6,-68.0,  4,  6, 0.15, 93, 9.6
2024-09-26 12:37:55,-82.5376,28.0967,  15.0,28466,-46.1,-72.6,-68.0,  4,  6, 0.15, 93, 9.5
2024-09-26 12:37:56,-82.5377,28.0967,  15.0,28472,-46.1,-72.6,-67.9,  4,  6, 0.15, 93, 9.4
2024-09-26 12:37:57,-82.5378,28.0967,  14.9,28479,-46.1,-72.6,-67.9,  4,  6, 0.15, 93, 9.3
2024-09-26 12:37:58,-82.5379,28.0967,  14.9,28486,-46.1,-72.6,-67.9,  4,  6, 0.15, 93, 9.4
2024-09-26 12:37:59,-82.5380,28.0967,  14.9,28492,-46.1,-72.6,-67.9,  4,  6, 0.15, 93, 9.4
2024-09-26 12:38:00,-82.5381,28.0967,  14.9,28499,-46.0,-72.5,-67.9,  4,  6, 0.15, 93, 9.5
2024-09-26 12:38:01,-82.5382,28.0967,  14.9,28506,-46.0,-72.5,-67.8,  4,  6, 0.15, 93, 9.5
2024-09-26 12:38:02,-82.5383,28.0967,  14.9,28512,-46.0,-72.5,-67.8,  4,  6, 0.15, 94, 9.6
2024-09-26 12:38:03,-82.5384,28.0967,  14.9,28519,-46.0,-72.5,-67.8,  4,  6, 0.15, 94, 9.6
2024-09-26 12:38:04,-82.5385,28.0967,  14.8,28526,-46.0,-72.5,-67.8,  4,  6, 0.15, 94, 9.7
2024-09-26 12:38:05,-82.5386,28.0967,  14.8,28533,-46.0,-72.5,-67.8,  4,  6, 0.15, 94, 9.7
2024-09-26 12:38:06,-82.5387,28.0967,  14.8,28540,-46.0,-72.5,-67.8,  4,  6, 0.15, 94, 9.8
2024-09-26 12:38:07,-82.5388,28.0967,  14.8,28547,-45.9,-72.4,-67.8,  4,  6, 0.15, 94, 9.8
2024-09-26 12:38:08,-82.5389,28.0967,  14.8,28554,-45.9,-72.4,-67.8,  4,  6, 0.15, 94, 9.9
2024-09-26 12:38:09,-82.5390,28.0967,  14.8,28561,-45.9,-72.4,-67.8,  4,  6, 0.15, 94, 9.9
2024-09-26 12:38:10,-82.5391,28.0967,  14.7,28568,-45.9,-72.4,-67.7,  4,  6, 0.15, 94,10.0
2024-09-26 12:38:11,-82.5392,28.0967,  14.7,28575,-45.9,-72.4,-67.7,  4,  6, 0.15, 94,10.0
2024-09-26 12:38:12,-82.5393,28.0968,  14.7,28582,-45.9,-72.4,-67.7,  4,  6, 0.15, 94,10.1
2024-09-26 12:38:13,-82.5394,28.0968,  14.7,28589,-45.9,-72.4,-67.7,  4,  6, 0.15, 94,10.1
2024-09-26 12:38:14,-82.5395,28.0968,  14.7,28596,-45.8,-72.4,-67.7,  4,  6, 0.15, 94,10.2
2024-09-26 12:38:15,-82.5396,28.0968,  14.7,28603,-45.8,-72.4,-67.7,  4,  6, 0.16, 94,10.2
2024-09-26 12:38:16,-82.5396,28.0968,  14.7,28610,-45.8,-72.3,-67.7,  4,  6, 0.16, 95,10.3
2024-09-26 12:38:17,-82.5397,28.0968,  14.6,28616,-45.8,-72.3,-67.7,  4,  6, 0.16, 95,10.3
2024-09-26 12:38:18,-82.5398,28.0968,  14.6,28623,-45.8,-72.3,-67.7,  4,  6, 0.16, 94,10.3
2024-09-26 12:38:19,-82.5399,28.0968,  14.6,28630,-45.8,-72.3,-67.6,  4,  6, 0.16, 94,10.2
2024-09-26 12:38:20,-82.5400,28.0968,  14.6,28636,-45.8,-72.3,-67.6,  4,  6, 0.16, 93,10.2
2024-09-26 12:38:21,-82.5401,28.0968,  14.6,28643,-45.8,-72.3,-67.6,  4,  6, 0.16, 93,10.1
2024-09-26 12:38:22,-82.5402,28.0968,  14.6,28650,-45.7,-72.3,-67.6,  4,  6, 0.16, 93,10.0
2024-09-26 12:38:23,-82.5403,28.0967,  14.5,28657,-45.7,-72.2,-67.6,  4,  6, 0.16, 92,10.0
2024-09-26 12:38:24,-82.5404,28.0967,  14.5,28665,-45.7,-72.2,-67.6,  4,  6, 0.16, 92, 9.9
2024-09-26 12:38:25,-82.5405,28.0967,  14.5,28672,-45.7,-72.2,-67.6,  4,  6, 0.16, 91, 9.9
2024-09-26 12:38:26,-82.5406,28.0967,  14.5,28680,-45.7,-72.2,-67.6,  4,  6, 0.16, 91, 9.8
2024-09-26 12:38:27,-82.5407,28.0967,  14.5,28687,-45.7,-72.2,-67.5,  4,  6, 0.16, 90, 9.8
2024-09-26 12:38:28,-82.5408,28.0967,  14.5,28694,-45.7,-72.2,-67.5,  4,  6, 0.16, 90, 9.7
2024-09-26 12:38:29,-82.5409,28.0967,  14.5,28702,-45.7,-72.2,-67.5,  4,  6, 0.16, 90, 9.7
2024-09-26 12:38:30,-82.5410,28.0967,  14.4,28709,-45.7,-72.2,-67.5,  4,  6, 0.16, 89, 9.6
2024-09-26 12:38:31,-82.5411,28.0967,  14.4,28716,-45.7,-72.1,-67.5,  4,  6, 0.16, 89, 9.6
2024-09-26 12:38:32,-82.5411,28.0967,  14.4,28723,-45.7,-72.1,-67.5,  4,  6, 0.16, 88, 9.5
2024-09-26 12:38:33,-82.5412,28.0967,  14.4,28730,-45.7,-72.1,-67.4,  4,  6, 0.16, 88, 9.5
2024-09-26 12:38:34,-82.5413,28.0967,  14.4,28738,-45.7,-72.1,-67.4,  4,  6, 0.16, 87, 9.4
2024-09-26 12:38:35,-82.5414,28.0967,  14.4,28745,-45.7,-72.1,-67.4,  4,  6, 0.17, 87, 9.4
2024-09-26 12:38:36,-82.5415,28.0967,  14.3,28752,-45.7,-72.1,-67.4,  4,  6, 0.17, 86, 9.3
2024-09-26 12:38:37,-82.5416,28.0967,  14.3,28759,-45.7,-72.0,-67.4,  4,  6, 0.17, 86, 9.3
2024-09-26 12:38:38,-82.5417,28.0967,  14.3,28766,-45.7,-72.0,-67.4,  4,  6, 0.17, 86, 9.3
2024-09-26 12:38:39,-82.5418,28.0967,  14.3,28774,-45.7,-72.0,-67.4,  4,  6, 0.17, 87, 9.2
2024-09-26 12:38:40,-82.5419,28.0967,  14.3,28781,-45.7,-72.0,-67.3,  4,  6, 0.17, 87, 9.2
2024-09-26 12:38:41,-82.5420,28.0967,  14.3,28788,-45.7,-72.0,-67.3,  4,  6, 0.17, 88, 9.2
2024-09-26 12:38:42,-82.5421,28.0967,  14.3,28795,-45.7,-72.0,-67.3,  4,  6, 0.17, 88, 9.1
2024-09-26 12:38:43,-82.5422,28.0967,  14.2,28802,-45.7,-72.0,-67.3,  4,  6, 0.17, 89, 9.1
2024-09-26 12:38:44,-82.5423,28.0967,  14.2,28810,-45.7,-72.0,-67.3,  4,  6, 0.17, 89, 9.1
2024-09-26 12:38:45,-82.5424,28.0967,  14.2,28817,-45.7,-71.9,-67.3,  4,  6, 0.17, 89, 9.1
2024-09-26 12:38:46,-82.5424,28.0967,  14.2,28824,-45.7,-71.9,-67.3,  4,  6, 0.17, 90, 9.0
2024-09-26 12:38:47,-82.5425,28.0968,  14.2,28830,-45.7,-71.9,-67.3,  4,  6, 0.17, 90, 9.0
2024-09-26 12:38:48,-82.5426,28.0968,  14.2,28839,-45.7,-71.9,-67.3,  4,  6, 0.17, 91, 9.0
2024-09-26 12:38:49,-82.5427,28.0968,  14.1,28846,-45.7,-71.9,-67.2,  4,  6, 0.17, 91, 9.0
2024-09-26 12:38:50,-82.5428,28.0968,  14.1,28853,-45.7,-71.9,-67.2,  4,  6, 0.17, 92, 8.9
2024-09-26 12:38:51,-82.5429,28.0968,  14.1,28860,-45.7,-71.9,-67.2,  4,  6, 0.17, 92, 8.9
2024-09-26 12:38:52,-82.5430,28.0969,  14.1,28867,-45.7,-71.9,-67.2,  4,  6, 0.17, 93, 8.9
2024-09-26 12:38:53,-82.5431,28.0969,  14.1,28874,-45.7,-71.9,-67.2,  4,  6, 0.17, 93, 8.9
2024-09-26 12:38:54,-82.5431,28.0969,  14.1,28881,-45.7,-71.9,-67.2,  4,  6, 0.17, 94, 8.8
2024-09-26 12:38:55,-82.5432,28.0969,  14.1,28887,-45.7,-71.9,-67.2,  4,  6, 0.17, 94, 8.8
2024-09-26 12:38:56,-82.5433,28.0969,  14.0,28894,-45.7,-71.8,-67.2,  4,  6, 0.18, 95, 8.8
2024-09-26 12:38:57,-82.5434,28.0969,  14.0,28901,-45.7,-71.8,-67.2,  4,  6, 0.18, 95, 8.8
2024-09-26 12:38:58,-82.5435,28.0970,  14.0,28908,-45.7,-71.8,-67.2,  4,  6, 0.18, 96, 8.8
2024-09-26 12:38:59,-82.5436,28.0970,  14.0,28916,-45.7,-71.8,-67.2,  4,  6, 0.18, 96, 8.8
2024-09-26 12:39:00,-82.5437,28.0970,  14.0,28923,-45.7,-71.8,-67.1,  4,  6, 0.18, 97, 8.8
2024-09-26 12:39:01,-82.5438,28.0970,  14.0,28930,-45.7,-71.8,-67.1,  4,  6, 0.18, 98, 8.8
2024-09-26 12:39:02,-82.5438,28.0970,  13.9,28937,-45.7,-71.8,-67.1,  4,  6, 0.18, 99, 8.8
2024-09-26 12:39:03,-82.5439,28.0971,  13.9,28945,-45.7,-71.8,-67.1,  4,  6, 0.18, 99, 8.8
2024-09-26 12:39:04,-82.5440,28.0971,  13.9,28952,-45.7,-71.8,-67.1,  4,  6, 0.18,100, 8.8
2024-09-26 12:39:05,-82.5441,28.0971,  13.9,28959,-45.7,-71.8,-67.1,  4,  6, 0.18,101, 8.8
2024-09-26 12:39:06,-82.5442,28.0971,  13.9,28966,-45.8,-71.8,-67.1,  4,  6, 0.18,101, 8.8
2024-09-26 12:39:07,-82.5443,28.0971,  13.9,28973,-45.8,-71.8,-67.1,  4,  6, 0.18,102, 8.8
2024-09-26 12:39:08,-82.5444,28.0972,  13.9,28980,-45.8,-71.8,-67.1,  4,  6, 0.18,103, 8.8
2024-09-26 12:39:09,-82.5444,28.0972,  13.8,28988,-45.8,-71.8,-67.1,  4,  6, 0.18,104, 8.8
2024-09-26 12:39:10,-82.5445,28.0972,  13.8,28995,-45.8,-71.8,-67.1,  4,  6, 0.18,104, 8.8
2024-09-26 12:39:11,-82.5446,28.0972,  13.8,29002,-45.8,-71.8,-67.1,  4,  6, 0.18,105, 8.8
2024-09-26 12:39:12,-82.5447,28.0972,  13.8,29009,-45.8,-71.8,-67.1,  4,  6, 0.18,106, 8.8
2024-09-26 12:39:13,-82.5448,28.0973,  13.8,29016,-45.8,-71.8,-67.1,  4,  6, 0.18,106, 8.9
2024-09-26 12:39:14,-82.5449,28.0973,  13.8,29023,-45.9,-71.8,-67.1,  4,  6, 0.18,107, 8.9
2024-09-26 12:39:15,-82.5450,28.0973,  13.8,29031,-45.9,-71.8,-67.1,  4,  6, 0.18,108, 8.9
2024-09-26 12:39:16,-82.5450,28.0973,  13.7,29038,-45.9,-71.8,-67.1,  4,  6, 0.18,108, 8.9
2024-09-26 12:39:17,-82.5451,28.0974,  13.7,29046,-45.9,-71.8,-67.1,  4,  6, 0.18,109, 8.9
2024-09-26 12:39:18,-82.5452,28.0974,  13.7,29053,-45.9,-71.8,-67.2,  4,  6, 0.18,110, 8.9
2024-09-26 12:39:19,-82.5453,28.0974,  13.7,29060,-46.0,-71.8,-67.2,  4,  6, 0.18,110, 8.9
2024-09-26 12:39:20,-82.5453,28.0975,  13.7,29068,-46.0,-71.8,-67.2,  4,  6, 0.18,110, 8.9
2024-09-26 12:39:21,-82.5454,28.0975,  13.7,29075,-46.0,-71.8,-67.2,  4,  6, 0.18,111, 8.8
2024-09-26 12:39:22,-82.5455,28.0975,  13.6,29082,-46.0,-71.8,-67.2,  4,  6, 0.18,111, 8.8
2024-09-26 12:39:23,-82.5456,28.0975,  13.6,29090,-46.0,-71.8,-67.2,  4,  6, 0.18,111, 8.8
2024-09-26 12:39:24,-82.5456,28.0976,  13.6,29097,-46.1,-71.8,-67.2,  4,  6, 0.18,112, 8.8
2024-09-26 12:39:25,-82.5457,28.0976,  13.6,29104,-46.1,-71.8,-67.2,  4,  6, 0.18,112, 8.8
2024-09-26 12:39:26,-82.5458,28.0976,  13.6,29112,-46.1,-71.8,-67.2,  4,  6, 0.18,113, 8.7
2024-09-26 12:39:27,-82.5459,28.0977,  13.6,29120,-46.1,-71.8,-67.2,  4,  6, 0.18,113, 8.7
2024-09-26 12:39:28,-82.5460,28.0977,  13.6,29127,-46.1,-71.8,-67.1,  4,  6, 0.18,113, 8.7
2024-09-26 12:39:29,-82.5460,28.0977,  13.5,29135,-46.2,-71.8,-67.1,  4,  6, 0.18,114, 8.7
2024-09-26 12:39:30,-82.5461,28.0978,  13.5,29143,-46.2,-71.8,-67.1,  4,  6, 0.18,114, 8.7
2024-09-26 12:39:31,-82.5462,28.0978,  13.5,29150,-46.2,-71.8,-67.1,  4,  6, 0.18,114, 8.6
2024-09-26 12:39:32,-82.5463,28.0978,  13.5,29157,-46.2,-71.8,-67.1,  4,  6, 0.18,115, 8.6
2024-09-26 12:39:33,-82.5463,28.0979,  13.5,29164,-46.2,-71.8,-67.1,  4,  6, 0.18,115, 8.6
2024-09-26 12:39:34,-82.5464,28.0979,  13.5,29171,-46.3,-71.8,-67.1,  4,  6, 0.18,116, 8.6
2024-09-26 12:39:35,-82.5465,28.0979,  13.5,29178,-46.3,-71.8,-67.1,  4,  6, 0.18,116, 8.6
2024-09-26 12:39:36,-82.5466,28.0980,  13.4,29185,-46.3,-71.8,-67.1,  4,  6, 0.18,116, 8.6
2024-09-26 12:39:37,-82.5466,28.0980,  13.4,29192,-46.3,-71.8,-67.1,  4,  6, 0.18,117, 8.5
2024-09-26 12:39:38,-82.5467,28.0980,  13.4,29200,-46.3,-71.8,-67.1,  4,  6, 0.18,117, 8.5
2024-09-26 12:39:39,-82.5468,28.0981,  13.4,29208,-46.4,-71.8,-67.1,  4,  6, 0.18,116, 8.5
2024-09-26 12:39:40,-82.5469,28.0981,  13.4,29215,-46.4,-71.8,-67.1,  4,  7, 0.18,116, 8.5
2024-09-26 12:39:41,-82.5469,28.0981,  13.4,29223,-46.4,-71.8,-67.1,  4,  7, 0.18,116, 8.4
2024-09-26 12:39:42,-82.5470,28.0981,  13.3,29230,-46.4,-71.8,-67.1,  4,  7, 0.19,115, 8.4
2024-09-26 12:39:43,-82.5471,28.0982,  13.3,29237,-46.4,-71.8,-67.1,  4,  7, 0.19,115, 8.4
2024-09-26 12:39:44,-82.5472,28.0982,  13.3,29245,-46.5,-71.8,-67.1,  4,  7, 0.19,115, 8.3
2024-09-26 12:39:45,-82.5472,28.0982,  13.3,29252,-46.5,-71.8,-67.1,  4,  7, 0.19,114, 8.3
2024-09-26 12:39:46,-82.5473,28.0983,  13.3,29259,-46.5,-71.8,-67.1,  4,  7, 0.19,114, 8.3
2024-09-26 12:39:47,-82.5474,28.0983,  13.3,29267,-46.5,-71.8,-67.2,  4,  7, 0.19,114, 8.3
2024-09-26 12:39:48,-82.5475,28.0983,  13.3,29274,-46.6,-71.8,-67.2,  4,  7, 0.19,114, 8.2
2024-09-26 12:39:49,-82.5476,28.0983,  13.2,29282,-46.6,-71.8,-67.2,  4,  7, 0.19,113, 8.2
2024-09-26 12:39:50,-82.5477,28.0983,  13.2,29290,-46.6,-71.8,-67.2,  4,  7, 0.19,113, 8.2
2024-09-26 12:39:51,-82.5478,28.0983,  13.2,29297,-46.6,-71.8,-67.2,  4,  7, 0.19,113, 8.2
2024-09-26 12:39:52,-82.5479,28.0983,  13.2,29305,-46.6,-71.9,-67.2,  4,  7, 0.19,112, 8.1
2024-09-26 12:39:53,-82.5480,28.0983,  13.2,29313,-46.7,-71.9,-67.2,  4,  7, 0.19,112, 8.1
2024-09-26 12:39:54,-82.5481,28.0983,  13.2,29320,-46.7,-71.9,-67.2,  4,  7, 0.19,112, 8.1
2024-09-26 12:39:55,-82.5482,28.0984,  13.2,29328,-46.7,-71.9,-67.2,  4,  7, 0.19,111, 8.1
2024-09-26 12:39:56,-82.5483,28.0984,  13.1,29336,-46.7,-71.9,-67.2,  4,  7, 0.19,111, 8.0
2024-09-26 12:39:57,-82.5484,28.0984,  13.1,29344,-46.7,-71.9,-67.2,  4,  7, 0.19,111, 8.0
2024-09-26 12:39:58,-82.5485,28.0984,  13.1,29352,-46.7,-71.9,-67.2,  4,  7, 0.19,110, 8.1
2024-09-26 12:39:59,-82.5486,28.0984,  13.1,29359,-46.8,-71.9,-67.2,  4,  7, 0.19,109, 8.2
2024-09-26 12:40:00,-82.5487,28.0984,  13.1,29367,-46.8,-71.9,-67.2,  4,  7, 0.19,108, 8.3
2024-09-26 12:40:01,-82.5488,28.0984,  13.1,29374,-46.8,-71.9,-67.3,  4,  7, 0.19,107, 8.4
2024-09-26 12:40:02,-82.5489,28.0984,  13.0,29381,-46.8,-71.9,-67.3,  4,  7, 0.19,106, 8.5
2024-09-26 12:40:03,-82.5490,28.0984,  13.0,29389,-46.8,-71.9,-67.3,  4,  7, 0.19,105, 8.5
2024-09-26 12:40:04,-82.5491,28.0984,  13.0,29396,-46.8,-71.9,-67.3,  4,  7, 0.19,104, 8.6
2024-09-26 12:40:05,-82.5492,28.0985,  13.0,29404,-46.8,-71.9,-67.3,  4,  7, 0.19,103, 8.7
2024-09-26 12:40:06,-82.5493,28.0985,  13.0,29412,-46.9,-72.0,-67.3,  4,  7, 0.19,102, 8.9
2024-09-26 12:40:07,-82.5494,28.0985,  13.0,29419,-46.9,-72.0,-67.3,  4,  7, 0.19,102, 8.9
2024-09-26 12:40:08,-82.5494,28.0985,  13.0,29427,-46.9,-72.0,-67.3,  4,  7, 0.19,101, 9.0
2024-09-26 12:40:09,-82.5495,28.0985,  12.9,29435,-46.9,-72.0,-67.3,  4,  7, 0.19,100, 9.1
2024-09-26 12:40:10,-82.5496,28.0985,  12.9,29443,-46.9,-72.0,-67.3,  4,  7, 0.19, 99, 9.2
2024-09-26 12:40:11,-82.5497,28.0985,  12.9,29450,-46.9,-72.0,-67.3,  4,  7, 0.19, 99, 9.3
2024-09-26 12:40:12,-82.5498,28.0985,  12.9,29458,-46.9,-72.0,-67.3,  4,  7, 0.19, 98, 9.5
2024-09-26 12:40:13,-82.5499,28.0985,  12.9,29465,-47.0,-72.0,-67.3,  4,  7, 0.19, 97, 9.6
2024-09-26 12:40:14,-82.5500,28.0985,  12.9,29473,-47.0,-72.0,-67.4,  4,  7, 0.19, 96, 9.7
2024-09-26 12:40:15,-82.5501,28.0986,  12.9,29480,-47.0,-72.0,-67.4,  4,  7, 0.19, 96, 9.8
2024-09-26 12:40:16,-82.5502,28.0986,  12.8,29488,-47.0,-72.0,-67.4,  4,  7, 0.19, 95, 9.9
2024-09-26 12:40:17,-82.5503,28.0986,  12.8,29496,-47.0,-72.0,-67.4,  4,  7, 0.19, 94,10.0
2024-09-26 12:40:18,-82.5504,28.0986,  12.8,29503,-47.0,-72.0,-67.4,  4,  7, 0.19, 94,10.2
2024-09-26 12:40:19,-82.5506,28.0985,  12.8,29511,-47.0,-72.0,-67.4,  4,  7, 0.19, 93,10.3
2024-09-26 12:40:20,-82.5507,28.0985,  12.8,29518,-47.0,-72.0,-67.4,  4,  7, 0.19, 92,10.5
2024-09-26 12:40:21,-82.5508,28.0985,  12.8,29526,-47.1,-72.0,-67.4,  4,  7, 0.19, 91,10.7
2024-09-26 12:40:22,-82.5510,28.0985,  12.8,29533,-47.1,-72.0,-67.4,  4,  7, 0.19, 90,10.8
2024-09-26 12:40:23,-82.5511,28.0984,  12.7,29541,-47.1,-72.0,-67.4,  4,  7, 0.19, 89,11.0
2024-09-26 12:40:24,-82.5512,28.0984,  12.7,29549,-47.1,-72.0,-67.4,  4,  7, 0.19, 89,11.2
2024-09-26 12:40:25,-82.5514,28.0984,  12.7,29556,-47.1,-72.0,-67.4,  4,  7, 0.19, 88,11.4
2024-09-26 12:40:26,-82.5515,28.0983,  12.7,29564,-47.1,-72.0,-67.4,  4,  7, 0.19, 87,11.5
2024-09-26 12:40:27,-82.5516,28.0983,  12.7,29571,-47.1,-72.0,-67.4,  4,  7, 0.19, 86,11.7
2024-09-26 12:40:28,-82.5518,28.0983,  12.7,29578,-47.1,-72.0,-67.4,  4,  7, 0.19, 86,11.9
2024-09-26 12:40:29,-82.5519,28.0983,  12.7,29585,-47.1,-72.0,-67.4,  4,  7, 0.19, 85,12.1
2024-09-26 12:40:30,-82.5520,28.0982,  12.6,29593,-47.1,-72.0,-67.4,  4,  7, 0.19, 85,12.3
2024-09-26 12:40:31,-82.5522,28.0982,  12.6,29600,-47.2,-72.0,-67.4,  4,  7, 0.19, 84,12.5
2024-09-26 12:40:32,-82.5523,28.0982,  12.6,29607,-47.2,-72.0,-67.4,  4,  7, 0.19, 83,12.7
2024-09-26 12:40:33,-82.5524,28.0982,  12.6,29614,-47.2,-72.0,-67.4,  4,  7, 0.19, 83,12.8
2024-09-26 12:40:34,-82.5526,28.0981,  12.6,29621,-47.2,-72.0,-67.4,  4,  7, 0.19, 82,13.0
2024-09-26 12:40:35,-82.5527,28.0981,  12.6,29629,-47.2,-72.0,-67.4,  4,  7, 0.19, 82,13.2
2024-09-26 12:40:36,-82.5528,28.0981,  12.6,29636,-47.2,-72.0,-67.4,  4,  7, 0.19, 81,13.4
2024-09-26 12:40:37,-82.5530,28.0981,  12.5,29643,-47.2,-72.0,-67.4,  4,  7, 0.19, 81,13.6
2024-09-26 12:40:38,-82.5531,28.0980,  12.5,29650,-47.2,-72.0,-67.4,  4,  7, 0.19, 80,13.6
2024-09-26 12:40:39,-82.5532,28.0980,  12.5,29658,-47.2,-72.0,-67.4,  4,  7, 0.19, 80,13.6
2024-09-26 12:40:40,-82.5534,28.0980,  12.5,29665,-47.2,-72.0,-67.4,  4,  7, 0.19, 79,13.6
2024-09-26 12:40:41,-82.5535,28.0980,  12.5,29673,-47.2,-72.0,-67.4,  4,  7, 0.19, 79,13.5
2024-09-26 12:40:42,-82.5536,28.0979,  12.5,29680,-47.2,-72.0,-67.4,  4,  7, 0.19, 78,13.5
2024-09-26 12:40:43,-82.5538,28.0979,  12.5,29687,-47.2,-72.0,-67.4,  4,  7, 0.19, 78,13.5
2024-09-26 12:40:44,-82.5539,28.0979,  12.4,29694,-47.2,-72.0,-67.4,  4,  7, 0.19, 77,13.5
2024-09-26 12:40:45,-82.5540,28.0979,  12.4,29702,-47.2,-72.0,-67.3,  4,  7, 0.19, 77,13.5
2024-09-26 12:40:46,-82.5542,28.0978,  12.4,29709,-47.3,-72.0,-67.3,  4,  7, 0.19, 77,13.5
2024-09-26 12:40:47,-82.5543,28.0978,  12.4,29716,-47.3,-72.0,-67.3,  4,  7, 0.19, 76,13.5
2024-09-26 12:40:48,-82.5544,28.0978,  12.4,29723,-47.3,-72.0,-67.3,  4,  7, 0.19, 76,13.5
2024-09-26 12:40:49,-82.5545,28.0977,  12.4,29730,-47.3,-72.0,-67.3,  4,  7, 0.19, 75,13.5
2024-09-26 12:40:50,-82.5547,28.0977,  12.4,29738,-47.3,-72.0,-67.3,  4,  7, 0.19, 75,13.5
2024-09-26 12:40:51,-82.5548,28.0976,  12.3,29745,-47.3,-72.0,-67.3,  4,  7, 0.20, 74,13.5
2024-09-26 12:40:52,-82.5549,28.0976,  12.3,29752,-47.3,-72.0,-67.3,  4,  7, 0.20, 74,13.5
2024-09-26 12:40:53,-82.5550,28.0975,  12.3,29759,-47.3,-72.0,-67.3,  4,  7, 0.20, 73,13.5
2024-09-26 12:40:54,-82.5551,28.0975,  12.3,29767,-47.3,-72.0,-67.3,  4,  7, 0.20, 73,13.5
2024-09-26 12:40:55,-82.5552,28.0974,  12.3,29774,-47.3,-72.0,-67.3,  4,  7, 0.20, 72,13.5
2024-09-26 12:40:56,-82.5554,28.0974,  12.3,29781,-47.3,-72.0,-67.3,  4,  7, 0.20, 72,13.5
2024-09-26 12:40:57,-82.5555,28.0974,  12.3,29788,-47.3,-72.0,-67.3,  4,  7, 0.20, 71,13.5
2024-09-26 12:40:58,-82.5556,28.0973,  12.3,29795,-47.3,-72.0,-67.3,  4,  7, 0.20, 71,13.4
2024-09-26 12:40:59,-82.5557,28.0973,  12.2,29802,-47.3,-72.0,-67.3,  4,  7, 0.20, 71,13.4
2024-09-26 12:41:00,-82.5558,28.0972,  12.2,29809,-47.3,-72.0,-67.3,  4,  7, 0.20, 71,13.3
2024-09-26 12:41:01,-82.5559,28.0972,  12.2,29817,-47.3,-72.0,-67.3,  4,  7, 0.20, 70,13.3
2024-09-26 12:41:02,-82.5561,28.0971,  12.2,29824,-47.4,-72.0,-67.3,  4,  7, 0.20, 70,13.2
2024-09-26 12:41:03,-82.5562,28.0971,  12.2,29832,-47.4,-72.0,-67.3,  4,  7, 0.20, 70,13.2
2024-09-26 12:41:04,-82.5563,28.0970,  12.2,29839,-47.4,-72.0,-67.3,  5,  7, 0.20, 70,13.1
2024-09-26 12:41:05,-82.5564,28.0970,  12.2,29846,-47.4,-72.0,-67.3,  5,  7, 0.20, 69,13.1
2024-09-26 12:41:06,-82.5565,28.0969,  12.1,29854,-47.4,-72.0,-67.3,  5,  7, 0.20, 69,13.1
2024-09-26 12:41:07,-82.5567,28.0969,  12.1,29861,-47.4,-72.0,-67.3,  5,  7, 0.20, 69,13.0
2024-09-26 12:41:08,-82.5568,28.0968,  12.1,29869,-47.4,-72.0,-67.3,  5,  7, 0.20, 68,13.0
2024-09-26 12:41:09,-82.5569,28.0968,  12.1,29876,-47.4,-72.0,-67.3,  5,  7, 0.20, 68,12.9
2024-09-26 12:41:10,-82.5570,28.0968,  12.1,29884,-47.4,-72.0,-67.3,  5,  7, 0.20, 68,12.9
2024-09-26 12:41:11,-82.5571,28.0967,  12.1,29891,-47.4,-72.0,-67.3,  5,  7, 0.20, 67,12.8
2024-09-26 12:41:12,-82.5572,28.0967,  12.1,29899,-47.5,-72.0,-67.3,  5,  7, 0.20, 67,12.8
2024-09-26 12:41:13,-82.5573,28.0966,  12.1,29906,-47.5,-72.0,-67.3,  5,  7, 0.20, 67,12.8
2024-09-26 12:41:14,-82.5575,28.0966,  12.0,29913,-47.5,-72.0,-67.3,  5,  7, 0.20, 67,12.7
2024-09-26 12:41:15,-82.5576,28.0965,  12.0,29920,-47.5,-72.0,-67.3,  5,  7, 0.20, 66,12.7
2024-09-26 12:41:16,-82.5577,28.0965,  12.0,29927,-47.5,-72.0,-67.3,  5,  7, 0.20, 66,12.6
2024-09-26 12:41:17,-82.5578,28.0964,  12.0,29934,-47.5,-72.0,-67.3,  5,  7, 0.20, 66,12.6
2024-09-26 12:41:18,-82.5579,28.0964,  12.0,29942,-47.5,-72.0,-67.3,  5,  7, 0.20, 65,12.5
2024-09-26 12:41:19,-82.5581,28.0963,  12.0,29949,-47.5,-72.0,-67.3,  5,  7, 0.20, 65,12.5
2024-09-26 12:41:20,-82.5582,28.0963,  12.0,29956,-47.5,-72.0,-67.3,  5,  7, 0.20, 65,12.4
2024-09-26 12:41:21,-82.5583,28.0962,  11.9,29963,-47.6,-72.0,-67.3,  5,  7, 0.20, 65,12.4
2024-09-26 12:41:22,-82.5584,28.0962,  11.9,29971,-47.6,-72.0,-67.3,  5,  7, 0.20, 65,12.3
2024-09-26 12:41:23,-82.5584,28.0961,  11.9,29978,-47.6,-72.0,-67.3,  5,  7, 0.20, 65,12.2
2024-09-26 12:41:24,-82.5585,28.0961,  11.9,29985,-47.6,-72.0,-67.3,  5,  7, 0.20, 64,12.2
2024-09-26 12:41:25,-82.5586,28.0960,  11.9,29993,-47.6,-72.0,-67.3,  5,  7, 0.20, 64,12.1
2024-09-26 12:41:26,-82.5587,28.0960,  11.9,30000,-47.6,-72.0,-67.3,  5,  7, 0.20, 64,12.1
2024-09-26 12:41:27,-82.5588,28.0959,  11.9,30007,-47.6,-72.0,-67.3,  5,  7, 0.20, 64,12.0
2024-09-26 12:41:28,-82.5589,28.0959,  11.9,30015,-47.6,-72.0,-67.3,  5,  7, 0.20, 64,12.0
2024-09-26 12:41:29,-82.5590,28.0958,  11.8,30022,-47.7,-72.0,-67.3,  5,  7, 0.20, 63,11.9
2024-09-26 12:41:30,-82.5591,28.0958,  11.8,30030,-47.7,-72.0,-67.3,  5,  7, 0.20, 63,11.9
2024-09-26 12:41:31,-82.5592,28.0957,  11.8,30037,-47.7,-72.0,-67.3,  5,  7, 0.20, 63,11.8
2024-09-26 12:41:32,-82.5593,28.0956,  11.8,30045,-47.7,-72.0,-67.3,  5,  7, 0.20, 63,11.7
2024-09-26 12:41:33,-82.5594,28.0956,  11.8,30052,-47.7,-72.0,-67.3,  5,  7, 0.20, 62,11.7
2024-09-26 12:41:34,-82.5595,28.0955,  11.8,30059,-47.7,-72.0,-67.3,  5,  7, 0.20, 62,11.6
2024-09-26 12:41:35,-82.5596,28.0955,  11.8,30067,-47.7,-72.0,-67.4,  5,  7, 0.20, 62,11.6
2024-09-26 12:41:36,-82.5597,28.0954,  11.7,30074,-47.7,-72.0,-67.4,  5,  7, 0.20, 62,11.5
2024-09-26 12:41:37,-82.5598,28.0954,  11.7,30081,-47.8,-72.0,-67.4,  5,  7, 0.20, 62,11.5
2024-09-26 12:41:38,-82.5599,28.0953,  11.7,30088,-47.8,-72.0,-67.4,  5,  7, 0.20, 61,11.5
2024-09-26 12:41:39,-82.5600,28.0953,  11.7,30096,-47.8,-72.0,-67.4,  5,  7, 0.20, 61,11.5
2024-09-26 12:41:40,-82.5601,28.0952,  11.7,30103,-47.8,-72.0,-67.4,  5,  7, 0.20, 60,11.5
2024-09-26 12:41:41,-82.5602,28.0952,  11.7,30110,-47.8,-72.1,-67.4,  5,  7, 0.20, 60,11.5
2024-09-26 12:41:42,-82.5603,28.0951,  11.7,30118,-47.8,-72.1,-67.4,  5,  7, 0.20, 60,11.5
2024-09-26 12:41:43,-82.5604,28.0951,  11.7,30125,-47.8,-72.1,-67.4,  5,  7, 0.20, 59,11.5
2024-09-26 12:41:44,-82.5605,28.0950,  11.6,30132,-47.9,-72.1,-67.4,  5,  7, 0.20, 59,11.5
2024-09-26 12:41:45,-82.5606,28.0950,  11.6,30140,-47.9,-72.1,-67.4,  5,  7, 0.20, 59,11.5
2024-09-26 12:41:46,-82.5607,28.0949,  11.6,30147,-47.9,-72.1,-67.4,  5,  7, 0.20, 58,11.5
2024-09-26 12:41:47,-82.5608,28.0949,  11.6,30154,-47.9,-72.1,-67.4,  5,  7, 0.20, 58,11.5
2024-09-26 12:41:48,-82.5609,28.0948,  11.6,30162,-47.9,-72.1,-67.4,  5,  7, 0.20, 57,11.5
2024-09-26 12:41:49,-82.5610,28.0947,  11.6,30169,-47.9,-72.1,-67.4,  5,  7, 0.20, 57,11.5
2024-09-26 12:41:50,-82.5611,28.0947,  11.6,30176,-47.9,-72.1,-67.4,  5,  7, 0.20, 57,11.6
2024-09-26 12:41:51,-82.5612,28.0946,  11.6,30184,-47.9,-72.1,-67.5,  5,  7, 0.20, 56,11.6
2024-09-26 12:41:52,-82.5613,28.0945,  11.5,30191,-47.9,-72.1,-67.5,  5,  7, 0.21, 56,11.6
2024-09-26 12:41:53,-82.5614,28.0945,  11.5,30198,-48.0,-72.1,-67.5,  5,  8, 0.21, 55,11.6
2024-09-26 12:41:54,-82.5615,28.0944,  11.5,30206,-48.0,-72.1,-67.5,  5,  8, 0.21, 55,11.6
2024-09-26 12:41:55,-82.5616,28.0943,  11.5,30213,-48.0,-72.1,-67.5,  5,  8, 0.21, 55,11.6
2024-09-26 12:41:56,-82.5617,28.0942,  11.5,30220,-48.0,-72.1,-67.5,  5,  8, 0.21, 54,11.6
2024-09-26 12:41:57,-82.5618,28.0942,  11.5,30227,-48.0,-72.1,-67.5,  5,  8, 0.21, 54,11.6
2024-09-26 12:41:58,-82.5619,28.0941,  11.5,30235,-48.0,-72.1,-67.5,  5,  8, 0.20, 54,11.7
2024-09-26 12:41:59,-82.5620,28.0940,  11.5,30242,-48.0,-72.1,-67.5,  5,  8, 0.20, 54,11.8
2024-09-26 12:42:00,-82.5621,28.0939,  11.4,30250,-48.1,-72.1,-67.5,  5,  8, 0.21, 54,11.9
2024-09-26 12:42:01,-82.5622,28.0939,  11.4,30257,-48.1,-72.1,-67.5,  5,  8, 0.21, 53,12.0
2024-09-26 12:42:02,-82.5623,28.0938,  11.4,30265,-48.1,-72.1,-67.5,  5,  8, 0.21, 53,12.1
2024-09-26 12:42:03,-82.5625,28.0937,  11.4,30272,-48.1,-72.2,-67.5,  5,  8, 0.21, 53,12.2
2024-09-26 12:42:04,-82.5626,28.0936,  11.4,30279,-48.1,-72.2,-67.5,  5,  8, 0.21, 53,12.3
2024-09-26 12:42:05,-82.5627,28.0936,  11.4,30287,-48.1,-72.2,-67.5,  5,  8, 0.21, 53,12.4
2024-09-26 12:42:06,-82.5628,28.0935,  11.4,30294,-48.2,-72.2,-67.5,  5,  8, 0.20, 53,12.4
2024-09-26 12:42:07,-82.5629,28.0934,  11.4,30301,-48.2,-72.2,-67.6,  5,  8, 0.20, 53,12.5
2024-09-26 12:42:08,-82.5630,28.0933,  11.3,30308,-48.2,-72.2,-67.6,  5,  8, 0.21, 52,12.6
2024-09-26 12:42:09,-82.5631,28.0933,  11.3,30316,-48.2,-72.2,-67.6,  5,  8, 0.21, 52,12.7
2024-09-26 12:42:10,-82.5632,28.0932,  11.3,30323,-48.2,-72.3,-67.6,  5,  8, 0.20, 52,12.8
2024-09-26 12:42:11,-82.5633,28.0931,  11.3,30331,-48.2,-72.3,-67.6,  5,  8, 0.20, 52,12.9
2024-09-26 12:42:12,-82.5634,28.0930,  11.3,30339,-48.2,-72.3,-67.6,  5,  8, 0.20, 52,13.0
2024-09-26 12:42:13,-82.5635,28.0930,  11.3,30347,-48.2,-72.3,-67.6,  5,  8, 0.20, 52,13.1
2024-09-26 12:42:14,-82.5636,28.0929,  11.3,30355,-48.2,-72.3,-67.6,  5,  8, 0.20, 52,13.2
2024-09-26 12:42:15,-82.5637,28.0928,  11.2,30362,-48.2,-72.3,-67.7,  5,  8, 0.20, 52,13.3
2024-09-26 12:42:16,-82.5638,28.0927,  11.2,30369,-48.3,-72.3,-67.7,  5,  8, 0.20, 51,13.3
2024-09-26 12:42:17,-82.5639,28.0927,  11.2,30376,-48.3,-72.3,-67.7,  5,  8, 0.20, 51,13.4
2024-09-26 12:42:18,-82.5640,28.0926,  11.2,30384,-48.3,-72.3,-67.7,  5,  8, 0.20, 51,13.5
2024-09-26 12:42:19,-82.5641,28.0925,  11.2,30391,-48.3,-72.3,-67.7,  5,  8, 0.20, 51,13.5
2024-09-26 12:42:20,-82.5643,28.0924,  11.2,30398,-48.3,-72.3,-67.6,  5,  8, 0.21, 51,13.5
2024-09-26 12:42:21,-82.5644,28.0924,  11.2,30407,-48.3,-72.3,-67.6,  5,  8, 0.21, 51,13.5
2024-09-26 12:42:22,-82.5645,28.0923,  11.2,30412,-48.3,-72.3,-67.6,  5,  8, 0.21, 51,13.5
2024-09-26 12:42:23,-82.5646,28.0922,  11.1,30419,-48.3,-72.3,-67.6,  5,  8, 0.21, 51,13.5
2024-09-26 12:42:24,-82.5647,28.0921,  11.1,30426,-48.3,-72.3,-67.6,  5,  8, 0.21, 51,13.6
2024-09-26 12:42:25,-82.5648,28.0921,  11.1,30433,-48.3,-72.2,-67.6,  5,  8, 0.21, 51,13.6
2024-09-26 12:42:26,-82.5650,28.0920,  11.1,30441,-48.3,-72.2,-67.6,  5,  8, 0.21, 51,13.6
2024-09-26 12:42:27,-82.5651,28.0919,  11.1,30448,-48.3,-72.2,-67.5,  5,  8, 0.21, 51,13.6
2024-09-26 12:42:28,-82.5652,28.0918,  11.1,30455,-48.3,-72.2,-67.5,  5,  8, 0.21, 51,13.6
2024-09-26 12:42:29,-82.5653,28.0917,  11.1,30462,-48.3,-72.2,-67.5,  5,  8, 0.21, 51,13.7
2024-09-26 12:42:30,-82.5654,28.0917,  11.1,30469,-48.3,-72.2,-67.5,  5,  8, 0.21, 51,13.7
2024-09-26 12:42:31,-82.5655,28.0916,  11.1,30476,-48.3,-72.2,-67.5,  5,  8, 0.21, 51,13.7
2024-09-26 12:42:32,-82.5657,28.0915,  11.0,30483,-48.3,-72.2,-67.5,  5,  8, 0.21, 51,13.7
2024-09-26 12:42:33,-82.5658,28.0914,  11.0,30490,-48.3,-72.2,-67.5,  5,  8, 0.21, 51,13.7
2024-09-26 12:42:34,-82.5659,28.0914,  11.0,30497,-48.3,-72.2,-67.5,  5,  8, 0.21, 51,13.7
2024-09-26 12:42:35,-82.5660,28.0913,  11.0,30504,-48.3,-72.2,-67.5,  5,  8, 0.21, 51,13.8
2024-09-26 12:42:36,-82.5661,28.0912,  11.0,30511,-48.3,-72.2,-67.5,  5,  8, 0.21, 52,13.8
2024-09-26 12:42:37,-82.5662,28.0911,  11.0,30518,-48.3,-72.2,-67.5,  5,  8, 0.21, 52,13.8
2024-09-26 12:42:38,-82.5663,28.0911,  11.0,30526,-48.3,-72.2,-67.5,  5,  8, 0.21, 52,13.9
2024-09-26 12:42:39,-82.5665,28.0910,  11.0,30533,-48.3,-72.2,-67.5,  5,  8, 0.21, 52,13.9
2024-09-26 12:42:40,-82.5666,28.0909,  10.9,30540,-48.3,-72.2,-67.5,  5,  8, 0.21, 52,14.0
2024-09-26 12:42:41,-82.5667,28.0908,  10.9,30547,-48.2,-72.2,-67.5,  5,  8, 0.21, 53,14.1
2024-09-26 12:42:42,-82.5668,28.0907,  10.9,30554,-48.2,-72.2,-67.5,  5,  8, 0.21, 53,14.2
2024-09-26 12:42:43,-82.5669,28.0907,  10.9,30562,-48.2,-72.2,-67.5,  5,  8, 0.21, 53,14.2
2024-09-26 12:42:44,-82.5671,28.0906,  10.9,30569,-48.2,-72.2,-67.5,  5,  8, 0.21, 54,14.3
2024-09-26 12:42:45,-82.5672,28.0905,  10.9,30577,-48.2,-72.2,-67.6,  5,  8, 0.21, 54,14.4
2024-09-26 12:42:46,-82.5673,28.0904,  10.9,30584,-48.2,-72.2,-67.6,  5,  8, 0.21, 54,14.5
2024-09-26 12:42:47,-82.5674,28.0904,  10.9,30591,-48.2,-72.2,-67.6,  5,  8, 0.21, 55,14.5
2024-09-26 12:42:48,-82.5675,28.0903,  10.9,30599,-48.2,-72.2,-67.6,  5,  8, 0.21, 55,14.6
2024-09-26 12:42:49,-82.5676,28.0902,  10.8,30606,-48.2,-72.2,-67.6,  5,  8, 0.21, 55,14.7
2024-09-26 12:42:50,-82.5678,28.0901,  10.8,30613,-48.2,-72.2,-67.6,  5,  8, 0.21, 55,14.8
2024-09-26 12:42:51,-82.5679,28.0901,  10.8,30620,-48.1,-72.2,-67.6,  5,  8, 0.21, 56,14.8
2024-09-26 12:42:52,-82.5680,28.0900,  10.8,30627,-48.1,-72.2,-67.6,  5,  8, 0.21, 56,14.9
2024-09-26 12:42:53,-82.5681,28.0899,  10.8,30634,-48.1,-72.2,-67.6,  5,  8, 0.21, 56,15.0
2024-09-26 12:42:54,-82.5683,28.0899,  10.8,30641,-48.1,-72.2,-67.6,  5,  8, 0.21, 56,15.1
2024-09-26 12:42:55,-82.5684,28.0898,  10.8,30648,-48.1,-72.2,-67.6,  5,  7, 0.21, 57,15.1
2024-09-26 12:42:56,-82.5685,28.0898,  10.8,30655,-48.1,-72.2,-67.6,  5,  7, 0.21, 57,15.2
2024-09-26 12:42:57,-82.5686,28.0897,  10.7,30662,-48.1,-72.2,-67.6,  5,  7, 0.22, 57,15.3
2024-09-26 12:42:58,-82.5687,28.0896,  10.7,30669,-48.0,-72.2,-67.6,  5,  7, 0.22, 57,15.2
2024-09-26 12:42:59,-82.5689,28.0896,  10.7,30676,-48.0,-72.2,-67.6,  5,  7, 0.22, 57,15.1
2024-09-26 12:43:00,-82.5690,28.0895,  10.7,30683,-48.0,-72.2,-67.6,  5,  7, 0.22, 58,15.1
2024-09-26 12:43:01,-82.5691,28.0894,  10.7,30690,-48.0,-72.2,-67.6,  5,  7, 0.22, 58,15.0
2024-09-26 12:43:02,-82.5692,28.0894,  10.7,30698,-48.0,-72.2,-67.5,  5,  7, 0.22, 58,14.9
2024-09-26 12:43:03,-82.5694,28.0893,  10.7,30705,-48.0,-72.2,-67.5,  5,  7, 0.22, 58,14.9
2024-09-26 12:43:04,-82.5695,28.0892,  10.7,30712,-47.9,-72.2,-67.5,  5,  7, 0.22, 58,14.8
2024-09-26 12:43:05,-82.5696,28.0892,  10.7,30719,-47.9,-72.2,-67.5,  5,  7, 0.22, 58,14.7
2024-09-26 12:43:06,-82.5697,28.0891,  10.6,30726,-47.9,-72.2,-67.5,  5,  7, 0.22, 58,14.6
2024-09-26 12:43:07,-82.5698,28.0890,  10.6,30733,-47.9,-72.2,-67.5,  5,  7, 0.22, 58,14.6
2024-09-26 12:43:08,-82.5700,28.0890,  10.6,30740,-47.9,-72.2,-67.5,  5,  7, 0.22, 58,14.5
2024-09-26 12:43:09,-82.5701,28.0889,  10.6,30747,-47.9,-72.2,-67.5,  5,  7, 0.22, 59,14.4
2024-09-26 12:43:10,-82.5702,28.0888,  10.6,30754,-47.8,-72.2,-67.5,  5,  7, 0.22, 59,14.3
2024-09-26 12:43:11,-82.5703,28.0888,  10.6,30761,-47.8,-72.1,-67.5,  5,  7, 0.22, 59,14.3
2024-09-26 12:43:12,-82.5705,28.0887,  10.6,30768,-47.8,-72.1,-67.5,  5,  7, 0.22, 59,14.2
2024-09-26 12:43:13,-82.5706,28.0886,  10.6,30775,-47.8,-72.1,-67.5,  5,  7, 0.22, 59,14.1
2024-09-26 12:43:14,-82.5707,28.0886,  10.6,30782,-47.8,-72.1,-67.5,  5,  7, 0.22, 59,14.1
2024-09-26 12:43:15,-82.5708,28.0885,  10.5,30789,-47.8,-72.1,-67.5,  5,  7, 0.22, 59,14.0
2024-09-26 12:43:16,-82.5709,28.0884,  10.5,30796,-47.7,-72.1,-67.4,  5,  7, 0.23, 59,13.9
2024-09-26 12:43:17,-82.5711,28.0884,  10.5,30803,-47.7,-72.1,-67.4,  5,  7, 0.23, 60,13.8
2024-09-26 12:43:18,-82.5712,28.0883,  10.5,30810,-47.7,-72.1,-67.4,  5,  7, 0.23, 60,13.8
2024-09-26 12:43:19,-82.5713,28.0882,  10.5,30817,-47.7,-72.1,-67.4,  5,  7, 0.23, 59,13.7
2024-09-26 12:43:20,-82.5714,28.0882,  10.5,30824,-47.7,-72.1,-67.4,  5,  7, 0.23, 59,13.6
2024-09-26 12:43:21,-82.5715,28.0881,  10.5,30831,-47.7,-72.1,-67.4,  5,  7, 0.23, 59,13.5
2024-09-26 12:43:22,-82.5716,28.0881,  10.5,30838,-47.6,-72.0,-67.4,  5,  7, 0.23, 59,13.4
2024-09-26 12:43:23,-82.5717,28.0880,  10.5,30845,-47.6,-72.0,-67.4,  5,  7, 0.23, 59,13.4
2024-09-26 12:43:24,-82.5718,28.0880,  10.4,30852,-47.6,-72.0,-67.4,  5,  7, 0.23, 59,13.3
2024-09-26 12:43:25,-82.5719,28.0879,  10.4,30859,-47.6,-72.0,-67.4,  5,  7, 0.23, 59,13.2
2024-09-26 12:43:26,-82.5720,28.0878,  10.4,30866,-47.6,-72.0,-67.4,  5,  7, 0.23, 59,13.1
2024-09-26 12:43:27,-82.5721,28.0878,  10.4,30873,-47.5,-72.0,-67.4,  5,  7, 0.23, 59,13.1
2024-09-26 12:43:28,-82.5722,28.0877,  10.4,30880,-47.5,-72.0,-67.3,  5,  7, 0.23, 59,13.0
2024-09-26 12:43:29,-82.5723,28.0877,  10.4,30887,-47.5,-72.0,-67.3,  5,  7, 0.23, 59,12.9
2024-09-26 12:43:30,-82.5724,28.0876,  10.4,30894,-47.5,-72.0,-67.3,  5,  7, 0.23, 59,12.8
2024-09-26 12:43:31,-82.5725,28.0876,  10.4,30901,-47.5,-72.0,-67.3,  5,  7, 0.23, 59,12.8
2024-09-26 12:43:32,-82.5726,28.0875,  10.4,30908,-47.4,-72.0,-67.3,  5,  7, 0.23, 59,12.7
2024-09-26 12:43:33,-82.5727,28.0874,  10.3,30915,-47.4,-72.0,-67.3,  5,  7, 0.23, 58,12.6
2024-09-26 12:43:34,-82.5729,28.0874,  10.3,30922,-47.4,-72.0,-67.3,  5,  7, 0.23, 58,12.5
2024-09-26 12:43:35,-82.5730,28.0873,  10.3,30929,-47.4,-71.9,-67.3,  5,  7, 0.23, 58,12.4
2024-09-26 12:43:36,-82.5731,28.0873,  10.3,30936,-47.3,-71.9,-67.3,  4,  7, 0.24, 58,12.4
2024-09-26 12:43:37,-82.5732,28.0872,  10.3,30943,-47.3,-71.9,-67.3,  4,  7, 0.24, 58,12.3
2024-09-26 12:43:38,-82.5733,28.0872,  10.3,30950,-47.3,-71.9,-67.3,  4,  7, 0.24, 58,12.3
2024-09-26 12:43:39,-82.5734,28.0871,  10.3,30957,-47.3,-71.9,-67.2,  4,  7, 0.24, 58,12.2
2024-09-26 12:43:40,-82.5735,28.0871,  10.3,30963,-47.2,-71.9,-67.2,  4,  7, 0.24, 58,12.2
2024-09-26 12:43:41,-82.5736,28.0870,  10.3,30970,-47.2,-71.9,-67.2,  4,  7, 0.24, 58,12.1
2024-09-26 12:43:42,-82.5737,28.0869,  10.2,30977,-47.2,-71.9,-67.2,  4,  7, 0.24, 58,12.1
2024-09-26 12:43:43,-82.5738,28.0869,  10.2,30983,-47.1,-71.9,-67.2,  4,  7, 0.24, 58,12.1
2024-09-26 12:43:44,-82.5739,28.0868,  10.2,30990,-47.1,-71.8,-67.2,  4,  7, 0.24, 58,12.0
2024-09-26 12:43:45,-82.5740,28.0868,  10.2,30997,-47.1,-71.8,-67.2,  4,  7, 0.24, 58,12.0
2024-09-26 12:43:46,-82.5741,28.0867,  10.2,31003,-47.1,-71.8,-67.2,  4,  7, 0.24, 58,11.9
2024-09-26 12:43:47,-82.5742,28.0867,  10.2,31010,-47.0,-71.8,-67.1,  4,  7, 0.24, 58,11.9
2024-09-26 12:43:48,-82.5743,28.0866,  10.2,31017,-47.0,-71.8,-67.1,  4,  7, 0.24, 58,11.9
2024-09-26 12:43:49,-82.5744,28.0865,  10.2,31023,-47.0,-71.8,-67.1,  4,  7, 0.24, 58,11.8
2024-09-26 12:43:50,-82.5745,28.0865,  10.2,31030,-46.9,-71.8,-67.1,  4,  7, 0.24, 58,11.8
2024-09-26 12:43:51,-82.5746,28.0864,  10.2,31036,-46.9,-71.7,-67.1,  4,  7, 0.24, 58,11.8
2024-09-26 12:43:52,-82.5747,28.0864,  10.1,31043,-46.9,-71.7,-67.1,  4,  7, 0.25, 58,11.7
2024-09-26 12:43:53,-82.5749,28.0863,  10.1,31049,-46.8,-71.7,-67.1,  4,  7, 0.25, 58,11.7
2024-09-26 12:43:54,-82.5750,28.0863,  10.1,31056,-46.8,-71.7,-67.0,  4,  7, 0.25, 58,11.6
2024-09-26 12:43:55,-82.5751,28.0862,  10.1,31062,-46.8,-71.7,-67.0,  4,  7, 0.25, 58,11.6
2024-09-26 12:43:56,-82.5752,28.0862,  10.1,31069,-46.7,-71.7,-67.0,  4,  7, 0.25, 58,11.6
2024-09-26 12:43:57,-82.5753,28.0861,  10.1,31075,-46.7,-71.7,-67.0,  4,  7, 0.25, 59,11.5
2024-09-26 12:43:58,-82.5754,28.0860,  10.1,31081,-46.7,-71.6,-67.0,  4,  7, 0.25, 59,11.6
2024-09-26 12:43:59,-82.5755,28.0860,  10.1,31088,-46.6,-71.6,-67.0,  4,  7, 0.25, 59,11.7
2024-09-26 12:44:00,-82.5756,28.0859,  10.1,31094,-46.6,-71.6,-67.0,  4,  7, 0.25, 59,11.8
2024-09-26 12:44:01,-82.5757,28.0859,  10.1,31101,-46.6,-71.6,-66.9,  4,  7, 0.25, 59,11.9
2024-09-26 12:44:02,-82.5759,28.0858,  10.0,31107,-46.5,-71.6,-66.9,  4,  7, 0.25, 60,12.0
2024-09-26 12:44:03,-82.5760,28.0858,  10.0,31113,-46.5,-71.6,-66.9,  4,  7, 0.26, 60,12.0
2024-09-26 12:44:04,-82.5761,28.0857,  10.0,31120,-46.5,-71.6,-66.9,  4,  7, 0.26, 60,12.1
2024-09-26 12:44:05,-82.5762,28.0857,  10.0,31127,-46.4,-71.5,-66.9,  4,  7, 0.26, 60,12.2
2024-09-26 12:44:06,-82.5763,28.0856,  10.0,31134,-46.4,-71.5,-66.9,  4,  7, 0.26, 60,12.3
2024-09-26 12:44:07,-82.5764,28.0855,  10.0,31138,-46.4,-71.5,-66.9,  4,  7, 0.26, 61,12.4
2024-09-26 12:44:08,-82.5766,28.0855,  10.0,31147,-46.3,-71.5,-66.9,  4,  7, 0.26, 61,12.5
2024-09-26 12:44:09,-82.5767,28.0854,  10.0,31154,-46.3,-71.5,-66.8,  4,  7, 0.26, 61,12.6
2024-09-26 12:44:10,-82.5768,28.0854,  10.0,31161,-46.3,-71.5,-66.8,  4,  7, 0.26, 61,12.7
2024-09-26 12:44:11,-82.5769,28.0853,  10.0,31167,-46.2,-71.5,-66.8,  4,  7, 0.26, 61,12.7
2024-09-26 12:44:12,-82.5770,28.0853,   9.9,31174,-46.2,-71.5,-66.8,  4,  7, 0.26, 62,12.8
2024-09-26 12:44:13,-82.5771,28.0852,   9.9,31180,-46.1,-71.4,-66.8,  4,  7, 0.26, 62,12.9
2024-09-26 12:44:14,-82.5772,28.0852,   9.9,31187,-46.1,-71.4,-66.8,  4,  7, 0.26, 62,13.0
2024-09-26 12:44:15,-82.5773,28.0851,   9.9,31193,-46.1,-71.4,-66.8,  4,  7, 0.26, 62,13.1
2024-09-26 12:44:16,-82.5775,28.0851,   9.9,31199,-46.0,-71.4,-66.8,  4,  7, 0.26, 62,13.2
2024-09-26 12:44:17,-82.5776,28.0850,   9.9,31205,-46.0,-71.4,-66.7,  4,  7, 0.26, 63,13.3
2024-09-26 12:44:18,-82.5777,28.0849,   9.9,31211,-46.0,-71.4,-66.7,  4,  7, 0.27, 62,13.2
2024-09-26 12:44:19,-82.5778,28.0849,   9.9,31217,-45.9,-71.4,-66.7,  4,  7, 0.27, 62,13.1
2024-09-26 12:44:20,-82.5779,28.0848,   9.9,31223,-45.9,-71.3,-66.7,  4,  7, 0.27, 62,13.1
2024-09-26 12:44:21,-82.5780,28.0848,   9.9,31229,-45.8,-71.3,-66.7,  4,  7, 0.27, 62,13.0
2024-09-26 12:44:22,-82.5781,28.0847,   9.9,31235,-45.8,-71.3,-66.7,  4,  6, 0.27, 62,13.0
2024-09-26 12:44:23,-82.5782,28.0847,   9.8,31242,-45.8,-71.3,-66.7,  4,  6, 0.27, 62,12.9
2024-09-26 12:44:24,-82.5783,28.0846,   9.8,31248,-45.7,-71.3,-66.6,  4,  6, 0.27, 62,12.8
2024-09-26 12:44:25,-82.5784,28.0846,   9.8,31254,-45.7,-71.3,-66.6,  4,  6, 0.27, 62,12.8
2024-09-26 12:44:26,-82.5785,28.0845,   9.8,31260,-45.6,-71.2,-66.6,  4,  6, 0.27, 62,12.7
2024-09-26 12:44:27,-82.5786,28.0845,   9.8,31266,-45.6,-71.2,-66.6,  4,  6, 0.27, 62,12.6
2024-09-26 12:44:28,-82.5787,28.0844,   9.8,31273,-45.5,-71.2,-66.5,  4,  6, 0.27, 62,12.6
2024-09-26 12:44:29,-82.5788,28.0843,   9.8,31279,-45.5,-71.2,-66.5,  4,  6, 0.28, 61,12.5
2024-09-26 12:44:30,-82.5789,28.0843,   9.8,31285,-45.4,-71.2,-66.5,  4,  6, 0.28, 61,12.4
2024-09-26 12:44:31,-82.5790,28.0842,   9.8,31291,-45.4,-71.1,-66.5,  4,  6, 0.28, 61,12.4
2024-09-26 12:44:32,-82.5791,28.0842,   9.8,31298,-45.3,-71.1,-66.5,  4,  6, 0.28, 61,12.3
2024-09-26 12:44:33,-82.5792,28.0841,   9.8,31304,-45.3,-71.1,-66.5,  4,  6, 0.28, 61,12.2
2024-09-26 12:44:34,-82.5793,28.0841,   9.7,31311,-45.2,-71.1,-66.4,  4,  6, 0.28, 61,12.2
2024-09-26 12:44:35,-82.5794,28.0840,   9.7,31317,-45.2,-71.1,-66.4,  4,  6, 0.28, 61,12.1
2024-09-26 12:44:36,-82.5795,28.0840,   9.7,31323,-45.1,-71.0,-66.4,  4,  6, 0.28, 61,12.0
2024-09-26 12:44:37,-82.5796,28.0839,   9.7,31330,-45.1,-71.0,-66.4,  4,  6, 0.29, 61,12.0
2024-09-26 12:44:38,-82.5796,28.0838,   9.7,31336,-45.0,-71.0,-66.3,  4,  6, 0.29, 60,11.9
2024-09-26 12:44:39,-82.5797,28.0838,   9.7,31343,-44.9,-70.9,-66.3,  4,  6, 0.29, 60,11.8
2024-09-26 12:44:40,-82.5798,28.0837,   9.7,31349,-44.9,-70.9,-66.3,  4,  6, 0.29, 60,11.8
2024-09-26 12:44:41,-82.5799,28.0837,   9.7,31355,-44.8,-70.9,-66.2,  4,  6, 0.29, 60,11.7
2024-09-26 12:44:42,-82.5800,28.0836,   9.7,31362,-44.7,-70.8,-66.2,  4,  6, 0.29, 59,11.6
2024-09-26 12:44:43,-82.5801,28.0836,   9.7,31368,-44.7,-70.8,-66.2,  4,  6, 0.29, 59,11.6
2024-09-26 12:44:44,-82.5802,28.0835,   9.7,31375,-44.6,-70.8,-66.1,  4,  6, 0.30, 59,11.5
2024-09-26 12:44:45,-82.5803,28.0835,   9.6,31381,-44.5,-70.7,-66.1,  4,  6, 0.30, 59,11.5
2024-09-26 12:44:46,-82.5804,28.0834,   9.6,31388,-44.5,-70.7,-66.1,  4,  6, 0.30, 58,11.4
2024-09-26 12:44:47,-82.5805,28.0834,   9.6,31394,-44.4,-70.7,-66.0,  4,  6, 0.30, 58,11.3
2024-09-26 12:44:48,-82.5806,28.0833,   9.6,31401,-44.3,-70.7,-66.0,  4,  6, 0.30, 58,11.3
2024-09-26 12:44:49,-82.5807,28.0832,   9.6,31408,-44.3,-70.6,-66.0,  4,  6, 0.30, 58,11.2
2024-09-26 12:44:50,-82.5808,28.0832,   9.6,31414,-44.2,-70.6,-66.0,  4,  6, 0.30, 57,11.1
2024-09-26 12:44:51,-82.5809,28.0831,   9.6,31421,-44.1,-70.6,-65.9,  4,  6, 0.31, 57,11.1
2024-09-26 12:44:52,-82.5810,28.0831,   9.6,31427,-44.0,-70.5,-65.9,  4,  6, 0.31, 57,11.0
2024-09-26 12:44:53,-82.5811,28.0830,   9.6,31434,-44.0,-70.5,-65.9,  4,  6, 0.31, 57,10.9
2024-09-26 12:44:54,-82.5812,28.0830,   9.6,31440,-43.9,-70.5,-65.9,  4,  6, 0.31, 56,10.9
2024-09-26 12:44:55,-82.5813,28.0830,   9.5,31447,-43.8,-70.5,-65.8,  4,  6, 0.31, 56,10.8
2024-09-26 12:44:56,-82.5814,28.0829,   9.5,31453,-43.8,-70.4,-65.8,  4,  6, 0.32, 56,10.8
2024-09-26 12:44:57,-82.5815,28.0829,   9.5,31460,-43.7,-70.4,-65.8,  4,  6, 0.32, 55,10.7
2024-09-26 12:44:58,-82.5815,28.0828,   9.5,31466,-43.6,-70.4,-65.8,  4,  6, 0.32, 56,10.7
2024-09-26 12:44:59,-82.5816,28.0828,   9.5,31472,-43.6,-70.4,-65.7,  4,  6, 0.32, 56,10.7
2024-09-26 12:45:00,-82.5817,28.0827,   9.5,31479,-43.5,-70.3,-65.7,  4,  6, 0.32, 57,10.7
2024-09-26 12:45:01,-82.5818,28.0827,   9.5,31485,-43.4,-70.3,-65.7,  4,  6, 0.32, 57,10.7
2024-09-26 12:45:02,-82.5819,28.0826,   9.5,31492,-43.4,-70.3,-65.7,  4,  6, 0.32, 58,10.7
2024-09-26 12:45:03,-82.5820,28.0826,   9.5,31499,-43.3,-70.3,-65.6,  4,  6, 0.32, 59,10.7
2024-09-26 12:45:04,-82.5821,28.0825,   9.5,31505,-43.2,-70.2,-65.6,  4,  6, 0.32, 59,10.7
2024-09-26 12:45:05,-82.5822,28.0825,   9.5,31512,-43.1,-70.2,-65.6,  4,  6, 0.33, 60,10.8
2024-09-26 12:45:06,-82.5823,28.0824,   9.4,31519,-43.0,-70.2,-65.6,  4,  6, 0.33, 60,10.8
2024-09-26 12:45:07,-82.5824,28.0824,   9.4,31526,-43.0,-70.2,-65.5,  4,  5, 0.33, 61,10.8
2024-09-26 12:45:08,-82.5825,28.0823,   9.4,31533,-42.9,-70.1,-65.5,  4,  5, 0.33, 61,10.8
2024-09-26 12:45:09,-82.5826,28.0823,   9.4,31540,-42.8,-70.1,-65.5,  4,  5, 0.33, 62,10.8
2024-09-26 12:45:10,-82.5827,28.0822,   9.4,31546,-42.7,-70.1,-65.4,  4,  5, 0.34, 62,10.8
2024-09-26 12:45:11,-82.5828,28.0822,   9.4,31553,-42.6,-70.0,-65.4,  4,  5, 0.34, 63,10.8
2024-09-26 12:45:12,-82.5828,28.0821,   9.4,31561,-42.6,-70.0,-65.4,  4,  5, 0.34, 63,10.9
2024-09-26 12:45:13,-82.5829,28.0821,   9.4,31569,-42.5,-69.9,-65.3,  4,  5, 0.34, 64,10.9
2024-09-26 12:45:14,-82.5830,28.0820,   9.4,31577,-42.4,-69.9,-65.3,  4,  5, 0.34, 64,10.9
2024-09-26 12:45:15,-82.5831,28.0820,   9.4,31584,-42.3,-69.9,-65.2,  4,  5, 0.35, 65,10.9
2024-09-26 12:45:16,-82.5832,28.0819,   9.3,31592,-42.2,-69.8,-65.2,  3,  5, 0.35, 65,10.9
2024-09-26 12:45:17,-82.5833,28.0819,   9.3,31600,-42.1,-69.7,-65.1,  3,  5, 0.36, 66,11.0
2024-09-26 12:45:18,-82.5834,28.0818,   9.3,31608,-42.0,-69.7,-65.1,  3,  5, 0.36, 64,10.9
2024-09-26 12:45:19,-82.5835,28.0818,   9.3,31615,-41.9,-69.6,-65.0,  3,  5, 0.36, 63,10.9
2024-09-26 12:45:20,-82.5836,28.0817,   9.3,31623,-41.8,-69.6,-64.9,  3,  5, 0.36, 61,10.8
2024-09-26 12:45:21,-82.5837,28.0817,   9.3,31630,-41.7,-69.5,-64.9,  3,  5, 0.37, 60,10.8
2024-09-26 12:45:22,-82.5837,28.0816,   9.3,31638,-41.6,-69.4,-64.8,  3,  5, 0.37, 59,10.8
2024-09-26 12:45:23,-82.5838,28.0816,   9.3,31646,-41.5,-69.4,-64.8,  3,  5, 0.37, 57,10.7
2024-09-26 12:45:24,-82.5839,28.0815,   9.3,31653,-41.4,-69.3,-64.7,  3,  5, 0.38, 56,10.7
2024-09-26 12:45:25,-82.5839,28.0814,   9.2,31661,-41.3,-69.3,-64.7,  3,  5, 0.38, 54,10.7
2024-09-26 12:45:26,-82.5840,28.0814,   9.2,31669,-41.2,-69.2,-64.6,  3,  5, 0.39, 53,10.6
2024-09-26 12:45:27,-82.5840,28.0813,   9.2,31677,-41.1,-69.1,-64.5,  3,  5, 0.39, 51,10.6
2024-09-26 12:45:28,-82.5841,28.0813,   9.2,31684,-41.0,-69.1,-64.5,  3,  5, 0.39, 49,10.6
2024-09-26 12:45:29,-82.5841,28.0812,   9.2,31692,-40.9,-69.0,-64.4,  3,  5, 0.40, 48,10.5
2024-09-26 12:45:30,-82.5842,28.0811,   9.2,31699,-40.8,-69.0,-64.3,  3,  5, 0.40, 46,10.5
2024-09-26 12:45:31,-82.5843,28.0811,   9.2,31707,-40.7,-68.9,-64.3,  3,  5, 0.40, 45,10.4
2024-09-26 12:45:32,-82.5843,28.0810,   9.2,31715,-40.6,-68.8,-64.2,  3,  5, 0.41, 43,10.4
2024-09-26 12:45:33,-82.5844,28.0809,   9.2,31722,-40.5,-68.7,-64.1,  3,  5, 0.41, 42,10.4
2024-09-26 12:45:34,-82.5844,28.0809,   9.2,31730,-40.4,-68.7,-64.1,  3,  5, 0.42, 40,10.3
2024-09-26 12:45:35,-82.5845,28.0808,   9.1,31737,-40.3,-68.6,-64.0,  3,  5, 0.42, 38,10.3
2024-09-26 12:45:36,-82.5846,28.0808,   9.1,31745,-40.2,-68.5,-63.9,  3,  5, 0.43, 37,10.2
2024-09-26 12:45:37,-82.5846,28.0807,   9.1,31752,-40.1,-68.5,-63.9,  3,  5, 0.43, 35,10.2
2024-09-26 12:45:38,-82.5847,28.0806,   9.1,31760,-40.0,-68.4,-63.8,  3,  5, 0.44, 36,10.1
2024-09-26 12:45:39,-82.5847,28.0806,   9.1,31767,-39.9,-68.3,-63.8,  3,  5, 0.44, 37, 9.9
2024-09-26 12:45:40,-82.5848,28.0805,   9.1,31775,-39.8,-68.3,-63.7,  3,  5, 0.44, 37, 9.7
2024-09-26 12:45:41,-82.5848,28.0804,   9.1,31783,-39.7,-68.2,-63.6,  3,  5, 0.45, 38, 9.6
2024-09-26 12:45:42,-82.5849,28.0804,   9.1,31791,-39.6,-68.2,-63.6,  3,  5, 0.45, 38, 9.4
2024-09-26 12:45:43,-82.5850,28.0803,   9.1,31799,-39.5,-68.1,-63.5,  3,  5, 0.46, 39, 9.3
2024-09-26 12:45:44,-82.5850,28.0803,   9.1,31807,-39.4,-68.0,-63.4,  3,  5, 0.46, 40, 9.1
2024-09-26 12:45:45,-82.5851,28.0802,   9.0,31815,-39.3,-68.0,-63.4,  3,  5, 0.47, 40, 8.9
2024-09-26 12:45:46,-82.5851,28.0801,   9.0,31823,-39.2,-67.9,-63.3,  3,  5, 0.47, 41, 8.8
2024-09-26 12:45:47,-82.5852,28.0801,   9.0,31831,-39.1,-67.9,-63.3,  3,  5, 0.48, 42, 8.6
2024-09-26 12:45:48,-82.5853,28.0800,   9.0,31839,-39.0,-67.8,-63.2,  3,  5, 0.48, 43, 8.5
2024-09-26 12:45:49,-82.5853,28.0799,   9.0,31847,-38.9,-67.8,-63.2,  3,  5, 0.48, 43, 8.3
2024-09-26 12:45:50,-82.5854,28.0799,   9.0,31855,-38.8,-67.7,-63.1,  3,  5, 0.49, 44, 8.2
2024-09-26 12:45:51,-82.5854,28.0799,   9.0,31863,-38.7,-67.6,-63.1,  3,  5, 0.49, 45, 8.0
2024-09-26 12:45:52,-82.5854,28.0799,   9.0,31871,-38.6,-67.6,-63.0,  3,  5, 0.50, 46, 7.9
2024-09-26 12:45:53,-82.5855,28.0799,   9.0,31879,-38.5,-67.5,-62.9,  3,  5, 0.50, 47, 7.8
2024-09-26 12:45:54,-82.5855,28.0799,   8.9,31887,-38.4,-67.4,-62.9,  3,  5, 0.51, 48, 7.6
2024-09-26 12:45:55,-82.5856,28.0799,   8.9,31896,-38.3,-67.4,-62.8,  3,  5, 0.51, 49, 7.5
2024-09-26 12:45:56,-82.5856,28.0799,   8.9,31904,-38.2,-67.3,-62.7,  3,  5, 0.52, 50, 7.3
2024-09-26 12:45:57,-82.5856,28.0799,   8.9,31911,-38.2,-67.3,-62.7,  3,  5, 0.52, 51, 7.2
2024-09-26 12:45:58,-82.5857,28.0799,   8.9,31919,-38.1,-67.2,-62.6,  3,  5, 0.53, 52, 7.0
2024-09-26 12:45:59,-82.5857,28.0799,   8.9,31926,-38.0,-67.2,-62.6,  3,  5, 0.53, 53, 6.8
2024-09-26 12:46:00,-82.5857,28.0799,   8.9,31934,-37.9,-67.1,-62.5,  3,  5, 0.53, 54, 6.6
2024-09-26 12:46:01,-82.5858,28.0799,   8.9,31942,-37.9,-67.1,-62.5,  3,  5, 0.54, 56, 6.5
2024-09-26 12:46:02,-82.5858,28.0799,   8.9,31949,-37.8,-67.0,-62.4,  3,  5, 0.54, 57, 6.3
2024-09-26 12:46:03,-82.5859,28.0798,   8.9,31957,-37.7,-67.0,-62.4,  3,  5, 0.54, 58, 6.1
2024-09-26 12:46:04,-82.5859,28.0798,   8.8,31967,-37.6,-66.9,-62.3,  3,  5, 0.56, 61, 5.8
2024-09-26 12:46:05,-82.5859,28.0798,   8.8,31973,-37.5,-66.8,-62.3,  3,  5, 0.56, 62, 5.7
2024-09-26 12:46:06,-82.5860,28.0798,   8.8,31980,-37.5,-66.8,-62.2,  3,  5, 0.56, 64, 5.5
2024-09-26 12:46:07,-82.5860,28.0798,   8.8,31988,-37.4,-66.7,-62.2,  3,  5, 0.57, 66, 5.3
2024-09-26 12:46:08,-82.5860,28.0798,   8.8,31996,-37.3,-66.7,-62.1,  3,  5, 0.57, 68, 5.2
2024-09-26 12:46:09,-82.5861,28.0798,   8.8,32004,-37.2,-66.6,-62.0,  3,  5, 0.58, 70, 5.0
2024-09-26 12:46:10,-82.5861,28.0798,   8.8,32012,-37.2,-66.5,-62.0,  3,  5, 0.58, 73, 4.8
2024-09-26 12:46:11,-82.5862,28.0798,   8.8,32020,-37.1,-66.5,-61.9,  3,  5, 0.59, 75, 4.6
2024-09-26 12:46:12,-82.5862,28.0798,   8.8,32028,-37.1,-66.4,-61.9,  3,  5, 0.59, 78, 4.4
2024-09-26 12:46:13,-82.5862,28.0798,   8.8,32036,-37.0,-66.4,-61.8,  3,  5, 0.59, 82, 4.2
2024-09-26 12:46:14,-82.5863,28.0798,   8.7,32045,-36.9,-66.4,-61.8,  3,  5, 0.60, 85, 4.0
2024-09-26 12:46:15,-82.5863,28.0798,   8.7,32053,-36.9,-66.3,-61.8,  3,  5, 0.61, 89, 3.8
2024-09-26 12:46:16,-82.5863,28.0798,   8.7,32061,-36.8,-66.3,-61.7,  3,  5, 0.61, 93, 3.7
2024-09-26 12:46:17,-82.5864,28.0798,   8.7,32069,-36.8,-66.2,-61.7,  3,  5, 0.62, 97, 3.5
2024-09-26 12:46:18,-82.5864,28.0798,   8.7,32077,-36.7,-66.2,-61.6,  3,  5, 0.62, 96, 3.4
2024-09-26 12:46:19,-82.5865,28.0798,   8.7,32086,-36.7,-66.1,-61.6,  3,  5, 0.62, 95, 3.4
2024-09-26 12:46:20,-82.5865,28.0798,   8.7,32094,-36.6,-66.1,-61.5,  3,  5, 0.63, 94, 3.3
2024-09-26 12:46:21,-82.5865,28.0798,   8.7,32103,-36.6,-66.0,-61.5,  3,  5, 0.63, 93, 3.3
2024-09-26 12:46:22,-82.5866,28.0797,   8.7,32111,-36.5,-65.9,-61.4,  3,  5, 0.64, 92, 3.3
2024-09-26 12:46:23,-82.5866,28.0797,   8.7,32119,-36.4,-65.9,-61.4,  3,  5, 0.64, 91, 3.2
2024-09-26 12:46:24,-82.5866,28.0797,   8.6,32128,-36.4,-65.8,-61.3,  3,  5, 0.65, 90, 3.2
2024-09-26 12:46:25,-82.5866,28.0797,   8.6,32136,-36.3,-65.8,-61.3,  3,  5, 0.66, 89, 3.2
2024-09-26 12:46:26,-82.5867,28.0797,   8.6,32145,-36.3,-65.8,-61.2,  3,  5, 0.66, 88, 3.1
2024-09-26 12:46:27,-82.5867,28.0797,   8.6,32154,-36.2,-65.7,-61.2,  3,  5, 0.67, 87, 3.1
2024-09-26 12:46:28,-82.5867,28.0796,   8.6,32162,-36.2,-65.7,-61.1,  3,  5, 0.67, 86, 3.0
2024-09-26 12:46:29,-82.5868,28.0796,   8.6,32171,-36.1,-65.6,-61.1,  3,  5, 0.68, 85, 3.0
2024-09-26 12:46:30,-82.5868,28.0796,   8.6,32179,-36.1,-65.6,-61.0,  3,  5, 0.68, 84, 3.0
2024-09-26 12:46:31,-82.5868,28.0796,   8.6,32187,-36.0,-65.5,-61.0,  3,  5, 0.68, 82, 2.9
2024-09-26 12:46:32,-82.5869,28.0796,   8.6,32195,-36.0,-65.5,-60.9,  3,  5, 0.69, 81, 2.9
2024-09-26 12:46:33,-82.5869,28.0796,   8.5,32204,-35.9,-65.4,-60.9,  3,  5, 0.70, 80, 2.8
2024-09-26 12:46:34,-82.5869,28.0795,   8.5,32212,-35.9,-65.4,-60.9,  3,  5, 0.70, 78, 2.8
2024-09-26 12:46:35,-82.5870,28.0795,   8.5,32220,-35.8,-65.3,-60.8,  3,  5, 0.71, 77, 2.7
2024-09-26 12:46:36,-82.5870,28.0795,   8.5,32228,-35.8,-65.3,-60.8,  3,  5, 0.71, 76, 2.7
2024-09-26 12:46:37,-82.5870,28.0795,   8.5,32237,-35.8,-65.3,-60.7,  3,  5, 0.72, 74, 2.7
2024-09-26 12:46:38,-82.5870,28.0795,   8.5,32245,-35.7,-65.2,-60.7,  3,  5, 0.72, 72, 2.8
2024-09-26 12:46:39,-82.5871,28.0795,   8.5,32253,-35.7,-65.2,-60.7,  3,  5, 0.72, 70, 2.9
2024-09-26 12:46:40,-82.5871,28.0794,   8.5,32262,-35.7,-65.2,-60.6,  3,  5, 0.73, 69, 3.0
2024-09-26 12:46:41,-82.5871,28.0794,   8.5,32270,-35.6,-65.1,-60.6,  3,  5, 0.73, 67, 3.1
2024-09-26 12:46:42,-82.5872,28.0794,   8.5,32279,-35.6,-65.1,-60.6,  3,  5, 0.73, 65, 3.2
2024-09-26 12:46:43,-82.5872,28.0794,   8.4,32287,-35.6,-65.1,-60.5,  3,  5, 0.74, 64, 3.3
2024-09-26 12:46:44,-82.5872,28.0794,   8.4,32296,-35.5,-65.0,-60.5,  3,  5, 0.75, 62, 3.4
2024-09-26 12:46:45,-82.5873,28.0794,   8.4,32305,-35.5,-65.0,-60.5,  3,  5, 0.75, 61, 3.6
2024-09-26 12:46:46,-82.5873,28.0793,   8.4,32314,-35.4,-64.9,-60.4,  3,  5, 0.76, 60, 3.7
2024-09-26 12:46:47,-82.5873,28.0793,   8.4,32322,-35.4,-64.9,-60.4,  3,  5, 0.76, 59, 3.8
2024-09-26 12:46:48,-82.5874,28.0793,   8.4,32331,-35.4,-64.9,-60.3,  3,  5, 0.76, 58, 3.9
2024-09-26 12:46:49,-82.5874,28.0793,   8.4,32340,-35.3,-64.8,-60.3,  3,  5, 0.77, 57, 4.0
2024-09-26 12:46:50,-82.5874,28.0793,   8.4,32348,-35.3,-64.8,-60.3,  3,  5, 0.77, 56, 4.1
2024-09-26 12:46:51,-82.5874,28.0792,   8.4,32357,-35.3,-64.8,-60.2,  3,  5, 0.78, 55, 4.2
2024-09-26 12:46:52,-82.5875,28.0793,   8.4,32366,-35.3,-64.7,-60.2,  3,  5, 0.78, 54, 4.3
2024-09-26 12:46:53,-82.5875,28.0793,   8.3,32374,-35.3,-64.7,-60.2,  3,  5, 0.79, 53, 4.4
2024-09-26 12:46:54,-82.5875,28.0793,   8.3,32383,-35.3,-64.7,-60.2,  3,  5, 0.79, 52, 4.5
2024-09-26 12:46:55,-82.5876,28.0793,   8.3,32392,-35.3,-64.7,-60.2,  3,  5, 0.79, 51, 4.6
2024-09-26 12:46:56,-82.5876,28.0793,   8.3,32401,-35.3,-64.7,-60.1,  3,  5, 0.79, 51, 4.8
2024-09-26 12:46:57,-82.5876,28.0793,   8.3,32410,-35.3,-64.6,-60.1,  3,  5, 0.80, 50, 4.9
2024-09-26 12:46:58,-82.5877,28.0793,   8.3,32419,-35.3,-64.6,-60.1,  3,  5, 0.80, 52, 4.8
2024-09-26 12:46:59,-82.5877,28.0793,   8.3,32428,-35.3,-64.6,-60.1,  3,  5, 0.80, 54, 4.7
2024-09-26 12:47:00,-82.5877,28.0794,   8.3,32437,-35.3,-64.6,-60.1,  3,  5, 0.80, 56, 4.7
2024-09-26 12:47:01,-82.5877,28.0794,   8.3,32446,-35.2,-64.5,-60.0,  4,  5, 0.81, 58, 4.6
2024-09-26 12:47:02,-82.5878,28.0794,   8.2,32455,-35.2,-64.5,-60.0,  4,  5, 0.82, 61, 4.5
2024-09-26 12:47:03,-82.5878,28.0794,   8.2,32467,-35.2,-64.5,-60.0,  4,  5, 0.83, 65, 4.4
2024-09-26 12:47:04,-82.5878,28.0794,   8.2,32472,-35.2,-64.5,-59.9,  4,  5, 0.83, 66, 4.4
2024-09-26 12:47:05,-82.5879,28.0794,   8.2,32481,-35.3,-64.4,-59.9,  4,  5, 0.83, 69, 4.3
2024-09-26 12:47:06,-82.5879,28.0794,   8.2,32489,-35.3,-64.4,-59.9,  4,  5, 0.83, 73, 4.2
2024-09-26 12:47:07,-82.5879,28.0795,   8.2,32497,-35.3,-64.4,-59.9,  4,  5, 0.83, 76, 4.2
2024-09-26 12:47:08,-82.5880,28.0795,   8.2,32506,-35.3,-64.4,-59.9,  4,  5, 0.83, 80, 4.1
2024-09-26 12:47:09,-82.5880,28.0795,   8.2,32514,-35.3,-64.4,-59.9,  4,  5, 0.83, 83, 4.0
2024-09-26 12:47:10,-82.5880,28.0795,   8.2,32523,-35.3,-64.4,-59.9,  4,  5, 0.84, 87, 3.9
2024-09-26 12:47:11,-82.5880,28.0795,   8.2,32531,-35.3,-64.3,-59.8,  4,  5, 0.84, 91, 3.9
2024-09-26 12:47:12,-82.5881,28.0795,   8.1,32539,-35.3,-64.3,-59.8,  4,  5, 0.85, 95, 3.8
2024-09-26 12:47:13,-82.5881,28.0795,   8.1,32548,-35.3,-64.3,-59.8,  4,  5, 0.85, 99, 3.7
2024-09-26 12:47:14,-82.5881,28.0795,   8.1,32556,-35.3,-64.3,-59.8,  4,  5, 0.85,103, 3.6
2024-09-26 12:47:15,-82.5882,28.0796,   8.1,32564,-35.4,-64.3,-59.8,  4,  5, 0.86,107, 3.6
2024-09-26 12:47:16,-82.5882,28.0796,   8.1,32573,-35.4,-64.3,-59.8,  4,  5, 0.86,111, 3.5
2024-09-26 12:47:17,-82.5882,28.0796,   8.1,32581,-35.4,-64.3,-59.8,  4,  5, 0.86,115, 3.4
2024-09-26 12:47:18,-82.5883,28.0796,   8.1,32590,-35.4,-64.3,-59.8,  4,  5, 0.86,120, 3.6
2024-09-26 12:47:19,-82.5883,28.0796,   8.1,32599,-35.4,-64.2,-59.7,  4,  5, 0.86,124, 3.8
2024-09-26 12:47:20,-82.5883,28.0796,   8.1,32607,-35.4,-64.2,-59.7,  4,  5, 0.86,128, 4.0
2024-09-26 12:47:21,-82.5884,28.0796,   8.1,32616,-35.4,-64.2,-59.7,  4,  5, 0.86,132, 4.2
2024-09-26 12:47:22,-82.5884,28.0797,   8.0,32625,-35.5,-64.2,-59.7,  4,  5, 0.87,136, 4.3
2024-09-26 12:47:23,-82.5884,28.0797,   8.0,32634,-35.5,-64.2,-59.7,  4,  5, 0.87,139, 4.5
2024-09-26 12:47:24,-82.5884,28.0798,   8.0,32643,-35.5,-64.2,-59.7,  4,  5, 0.87,142, 4.7
2024-09-26 12:47:25,-82.5884,28.0799,   8.0,32651,-35.5,-64.2,-59.7,  4,  5, 0.88,145, 4.9
2024-09-26 12:47:26,-82.5884,28.0800,   8.0,32660,-35.5,-64.2,-59.7,  4,  5, 0.88,148, 5.1
2024-09-26 12:47:27,-82.5884,28.0800,   8.0,32669,-35.5,-64.2,-59.7,  4,  5, 0.88,150, 5.3
2024-09-26 12:47:28,-82.5884,28.0801,   8.0,32678,-35.6,-64.1,-59.6,  4,  5, 0.88,153, 5.5
2024-09-26 12:47:29,-82.5884,28.0802,   8.0,32687,-35.6,-64.1,-59.6,  4,  5, 0.88,155, 5.7
2024-09-26 12:47:30,-82.5885,28.0803,   8.0,32696,-35.6,-64.1,-59.6,  4,  5, 0.89,156, 5.8
2024-09-26 12:47:31,-82.5885,28.0804,   8.0,32705,-35.6,-64.1,-59.6,  4,  5, 0.89,158, 6.0
2024-09-26 12:47:32,-82.5885,28.0804,   7.9,32714,-35.7,-64.1,-59.6,  4,  5, 0.90,160, 6.2
2024-09-26 12:47:33,-82.5885,28.0805,   7.9,32723,-35.7,-64.1,-59.6,  4,  6, 0.90,161, 6.4
2024-09-26 12:47:34,-82.5885,28.0806,   7.9,32732,-35.7,-64.1,-59.6,  4,  6, 0.90,163, 6.6
2024-09-26 12:47:35,-82.5885,28.0807,   7.9,32741,-35.8,-64.1,-59.6,  4,  6, 0.90,164, 6.8
2024-09-26 12:47:36,-82.5885,28.0808,   7.9,32750,-35.8,-64.1,-59.6,  4,  6, 0.90,165, 6.9
2024-09-26 12:47:37,-82.5885,28.0808,   7.9,32759,-35.8,-64.1,-59.6,  4,  6, 0.90,166, 7.1
2024-09-26 12:47:38,-82.5885,28.0809,   7.9,32768,-35.9,-64.1,-59.6,  4,  6, 0.90,167, 7.3
2024-09-26 12:47:39,-82.5885,28.0810,   7.9,32776,-35.9,-63.5,-59.0,  4,  6, 0.97,168, 7.4
2024-09-26 12:47:40,-82.5885,28.0811,   7.9,32785,-36.0,-62.6,-58.1,  5,  7, 1.09,169, 7.6
2024-09-26 12:47:41,-82.5886,28.0812,   7.9,32794,-36.0,-61.8,-57.4,  5,  8, 1.21,170, 7.7
2024-09-26 12:47:42,-82.5886,28.0812,   7.8,32803,-36.0,-61.1,-56.7,  6,  8, 1.34,171, 7.9
2024-09-26 12:47:43,-82.5886,28.0813,   7.8,32811,-36.1,-60.5,-56.1,  6,  9, 1.46,171, 8.0
2024-09-26 12:47:44,-82.5886,28.0814,   7.8,32819,-36.1,-59.9,-55.5,  7, 10, 1.57,172, 8.2
2024-09-26 12:47:45,-82.5886,28.0815,   7.8,32828,-36.2,-59.4,-55.0,  7, 11, 1.67,173, 8.4
2024-09-26 12:47:46,-82.5886,28.0816,   7.8,32836,-36.3,-58.9,-54.5,  8, 11, 1.77,173, 8.5
2024-09-26 12:47:47,-82.5886,28.0816,   7.8,32844,-36.4,-58.5,-54.1,  9, 12, 1.87,174, 8.7
2024-09-26 12:47:48,-82.5886,28.0817,   7.8,32851,-36.4,-58.0,-53.7,  9, 13, 1.97,175, 8.8
2024-09-26 12:47:49,-82.5886,28.0818,   7.8,32858,-36.5,-57.7,-53.4, 10, 14, 2.07,175, 9.0
