time,longitude,latitude,pressure_hPa,geopotential height_m,temperature_C,dew point temperature_C,ice point temperature_C,relative humidity_%,humidity wrt ice_%,mixing ratio_g/kg,wind direction_degree,wind speed_m/s
2025-10-09 23:02:42,-111.9548,40.7725, 872.2, 1289, 28.5,  5.4,  5.4, 23, 23, 6.46,156, 4.6
2025-10-09 23:02:43,-111.9549,40.7726, 871.7, 1291, 28.3,  4.9,  4.9, 23, 23, 6.26,142, 6.5
2025-10-09 23:02:44,-111.9549,40.7726, 871.3, 1295, 28.2,  4.5,  4.5, 22, 22, 6.07,142, 6.6
2025-10-09 23:02:45,-111.9550,40.7727, 870.8, 1300, 28.0,  4.1,  4.1, 22, 22, 5.88,142, 6.7
2025-10-09 23:02:46,-111.9551,40.7727, 870.4, 1305, 27.8,  3.6,  3.6, 21, 21, 5.70,142, 6.8
2025-10-09 23:02:47,-111.9552,40.7728, 870.0, 1310, 27.6,  3.1,  3.1, 21, 21, 5.52,143, 6.9
2025-10-09 23:02:48,-111.9553,40.7729, 869.5, 1315, 27.5,  2.7,  2.7, 20, 20, 5.34,143, 7.0
2025-10-09 23:02:49,-111.9554,40.7729, 868.9, 1321, 27.4,  2.2,  2.2, 20, 20, 5.18,143, 7.2
2025-10-09 23:02:50,-111.9554,40.7730, 868.3, 1326, 27.3,  2.3,  2.3, 20, 20, 5.20,144, 7.3
2025-10-09 23:02:51,-111.9555,40.7730, 867.8, 1333, 27.2,  2.3,  2.3, 20, 20, 5.22,144, 7.5
2025-10-09 23:02:52,-111.9556,40.7731, 867.2, 1339, 27.2,  2.4,  2.4, 20, 20, 5.24,144, 7.7
2025-10-09 23:02:53,-111.9557,40.7732, 866.6, 1345, 27.1,  2.4,  2.4, 20, 20, 5.26,145, 7.8
2025-10-09 23:02:54,-111.9558,40.7732, 866.0, 1351, 27.1,  2.5,  2.5, 20, 20, 5.28,145, 8.0
2025-10-09 23:02:55,-111.9559,40.7733, 865.5, 1357, 27.0,  2.5,  2.5, 21, 21, 5.31,145, 8.2
2025-10-09 23:02:56,-111.9559,40.7733, 865.0, 1363, 26.9,  2.6,  2.6, 21, 21, 5.32,146, 8.3
2025-10-09 23:02:57,-111.9560,40.7734, 864.5, 1368, 26.9,  2.6,  2.6, 21, 21, 5.35,146, 8.5
2025-10-09 23:02:58,-111.9560,40.7735, 863.9, 1373, 26.8,  2.7,  2.7, 21, 21, 5.37,147, 8.5
2025-10-09 23:02:59,-111.9560,40.7736, 863.4, 1378, 26.8,  2.7,  2.7, 21, 21, 5.39,147, 8.5
2025-10-09 23:03:00,-111.9561,40.7736, 862.9, 1383, 26.7,  2.7,  2.7, 21, 21, 5.41,148, 8.5
2025-10-09 23:03:01,-111.9561,40.7737, 862.4, 1388, 26.6,  2.8,  2.8, 21, 21, 5.42,149, 8.5
2025-10-09 23:03:02,-111.9562,40.7738, 861.9, 1393, 26.6,  2.8,  2.8, 22, 22, 5.44,149, 8.5
2025-10-09 23:03:03,-111.9562,40.7738, 861.4, 1398, 26.5,  2.8,  2.8, 22, 22, 5.44,150, 8.4
2025-10-09 23:03:04,-111.9562,40.7739, 860.9, 1403, 26.5,  2.8,  2.8, 22, 22, 5.45,151, 8.4
2025-10-09 23:03:05,-111.9563,40.7740, 860.5, 1408, 26.5,  2.8,  2.8, 22, 22, 5.45,151, 8.4
2025-10-09 23:03:06,-111.9563,40.7740, 860.0, 1413, 26.4,  2.8,  2.8, 22, 22, 5.45,152, 8.4
2025-10-09 23:03:07,-111.9563,40.7741, 859.5, 1417, 26.4,  2.8,  2.8, 22, 22, 5.45,153, 8.4
2025-10-09 23:03:08,-111.9564,40.7742, 859.1, 1422, 26.3,  2.8,  2.8, 22, 22, 5.46,153, 8.4
2025-10-09 23:03:09,-111.9564,40.7743, 858.6, 1427, 26.3,  2.8,  2.8, 22, 22, 5.46,154, 8.4
2025-10-09 23:03:10,-111.9565,40.7743, 858.2, 1431, 26.2,  2.8,  2.8, 22, 22, 5.47,155, 8.4
2025-10-09 23:03:11,-111.9565,40.7744, 857.7, 1436, 26.2,  2.8,  2.8, 22, 22, 5.47,155, 8.4
2025-10-09 23:03:12,-111.9565,40.7745, 857.3, 1440, 26.2,  2.8,  2.8, 22, 22, 5.47,156, 8.4
2025-10-09 23:03:13,-111.9566,40.7745, 856.8, 1445, 26.1,  2.8,  2.8, 22, 22, 5.48,156, 8.4
2025-10-09 23:03:14,-111.9566,40.7746, 856.4, 1449, 26.1,  2.8,  2.8, 22, 22, 5.48,156, 8.4
2025-10-09 23:03:15,-111.9566,40.7747, 855.9, 1454, 26.0,  2.8,  2.8, 22, 22, 5.48,157, 8.4
2025-10-09 23:03:16,-111.9567,40.7747, 855.5, 1458, 26.0,  2.8,  2.8, 22, 22, 5.48,157, 8.5
2025-10-09 23:03:17,-111.9567,40.7748, 855.1, 1463, 25.9,  2.8,  2.8, 22, 22, 5.48,158, 8.5
2025-10-09 23:03:18,-111.9567,40.7749, 854.6, 1468, 25.9,  2.8,  2.8, 22, 22, 5.48,158, 8.5
2025-10-09 23:03:19,-111.9568,40.7750, 854.2, 1472, 25.8,  2.8,  2.8, 22, 22, 5.48,158, 8.5
2025-10-09 23:03:20,-111.9568,40.7750, 853.7, 1477, 25.8,  2.8,  2.8, 23, 23, 5.48,159, 8.5
2025-10-09 23:03:21,-111.9569,40.7751, 853.2, 1482, 25.7,  2.8,  2.8, 23, 23, 5.48,159, 8.5
2025-10-09 23:03:22,-111.9569,40.7752, 852.7, 1486, 25.7,  2.8,  2.8, 23, 23, 5.48,160, 8.5
2025-10-09 23:03:23,-111.9569,40.7752, 852.3, 1491, 25.6,  2.8,  2.8, 23, 23, 5.48,160, 8.5
2025-10-09 23:03:24,-111.9570,40.7753, 851.8, 1496, 25.6,  2.8,  2.8, 23, 23, 5.48,161, 8.5
2025-10-09 23:03:25,-111.9570,40.7754, 851.5, 1500, 25.6,  2.8,  2.8, 23, 23, 5.48,161, 8.5
2025-10-09 23:03:26,-111.9570,40.7754, 850.8, 1507, 25.5,  2.7,  2.7, 23, 23, 5.48,161, 8.5
2025-10-09 23:03:27,-111.9571,40.7755, 850.3, 1513, 25.5,  2.7,  2.7, 23, 23, 5.48,162, 8.6
2025-10-09 23:03:28,-111.9571,40.7756, 850.0, 1516, 25.4,  2.7,  2.7, 23, 23, 5.48,162, 8.5
2025-10-09 23:03:29,-111.9571,40.7757, 849.3, 1523, 25.4,  2.7,  2.7, 23, 23, 5.49,162, 8.5
2025-10-09 23:03:30,-111.9572,40.7757, 848.8, 1527, 25.3,  2.7,  2.7, 23, 23, 5.48,162, 8.5
2025-10-09 23:03:31,-111.9572,40.7758, 848.4, 1531, 25.3,  2.7,  2.7, 23, 23, 5.49,162, 8.5
2025-10-09 23:03:32,-111.9572,40.7759, 848.0, 1535, 25.2,  2.7,  2.7, 23, 23, 5.49,162, 8.5
2025-10-09 23:03:33,-111.9573,40.7760, 847.6, 1539, 25.2,  2.7,  2.7, 23, 23, 5.48,162, 8.5
2025-10-09 23:03:34,-111.9573,40.7760, 847.2, 1544, 25.1,  2.7,  2.7, 23, 23, 5.49,162, 8.4
2025-10-09 23:03:35,-111.9573,40.7761, 846.8, 1548, 25.1,  2.7,  2.7, 23, 23, 5.49,162, 8.4
2025-10-09 23:03:36,-111.9574,40.7762, 846.4, 1553, 25.1,  2.7,  2.7, 23, 23, 5.48,162, 8.4
2025-10-09 23:03:37,-111.9574,40.7763, 845.9, 1557, 25.0,  2.7,  2.7, 23, 23, 5.49,162, 8.4
2025-10-09 23:03:38,-111.9574,40.7763, 845.5, 1562, 25.0,  2.7,  2.7, 23, 23, 5.49,162, 8.4
2025-10-09 23:03:39,-111.9574,40.7764, 845.1, 1566, 24.9,  2.7,  2.7, 23, 23, 5.49,162, 8.4
2025-10-09 23:03:40,-111.9575,40.7765, 844.6, 1571, 24.9,  2.6,  2.6, 24, 24, 5.48,162, 8.3
2025-10-09 23:03:41,-111.9575,40.7766, 844.2, 1575, 24.8,  2.6,  2.6, 24, 24, 5.49,162, 8.3
2025-10-09 23:03:42,-111.9575,40.7766, 843.7, 1580, 24.8,  2.6,  2.6, 24, 24, 5.49,162, 8.3
2025-10-09 23:03:43,-111.9576,40.7767, 843.3, 1584, 24.7,  2.6,  2.6, 24, 24, 5.49,162, 8.3
2025-10-09 23:03:44,-111.9576,40.7768, 842.9, 1589, 24.7,  2.6,  2.6, 24, 24, 5.49,162, 8.3
2025-10-09 23:03:45,-111.9576,40.7768, 842.5, 1594, 24.7,  2.6,  2.6, 24, 24, 5.49,162, 8.3
2025-10-09 23:03:46,-111.9577,40.7769, 842.1, 1598, 24.6,  2.6,  2.6, 24, 24, 5.49,162, 8.2
2025-10-09 23:03:47,-111.9577,40.7770, 841.7, 1602, 24.6,  2.6,  2.6, 24, 24, 5.50,162, 8.2
2025-10-09 23:03:48,-111.9577,40.7771, 841.3, 1605, 24.5,  2.6,  2.6, 24, 24, 5.49,162, 8.3
2025-10-09 23:03:49,-111.9578,40.7771, 840.9, 1609, 24.5,  2.6,  2.6, 24, 24, 5.50,162, 8.4
2025-10-09 23:03:50,-111.9578,40.7772, 840.5, 1613, 24.5,  2.6,  2.6, 24, 24, 5.50,162, 8.4
2025-10-09 23:03:51,-111.9578,40.7773, 840.2, 1617, 24.4,  2.6,  2.6, 24, 24, 5.50,162, 8.5
2025-10-09 23:03:52,-111.9579,40.7774, 839.8, 1621, 24.4,  2.6,  2.6, 24, 24, 5.50,162, 8.6
2025-10-09 23:03:53,-111.9579,40.7774, 839.4, 1625, 24.3,  2.6,  2.6, 24, 24, 5.50,161, 8.6
2025-10-09 23:03:54,-111.9579,40.7775, 839.0, 1629, 24.3,  2.6,  2.6, 24, 24, 5.51,161, 8.7
2025-10-09 23:03:55,-111.9579,40.7776, 838.6, 1633, 24.3,  2.6,  2.6, 24, 24, 5.50,161, 8.8
2025-10-09 23:03:56,-111.9580,40.7777, 838.2, 1637, 24.2,  2.6,  2.6, 24, 24, 5.51,161, 8.8
2025-10-09 23:03:57,-111.9580,40.7777, 837.8, 1641, 24.2,  2.6,  2.6, 24, 24, 5.51,161, 8.9
2025-10-09 23:03:58,-111.9580,40.7778, 837.4, 1645, 24.1,  2.6,  2.6, 24, 24, 5.50,161, 9.0
2025-10-09 23:03:59,-111.9581,40.7779, 837.0, 1649, 24.1,  2.6,  2.6, 25, 25, 5.51,161, 9.0
2025-10-09 23:04:00,-111.9581,40.7780, 836.6, 1654, 24.0,  2.6,  2.6, 25, 25, 5.51,161, 9.1
2025-10-09 23:04:01,-111.9581,40.7781, 836.2, 1658, 24.0,  2.6,  2.6, 25, 25, 5.50,161, 9.2
2025-10-09 23:04:02,-111.9582,40.7781, 835.8, 1662, 23.9,  2.6,  2.6, 25, 25, 5.51,161, 9.2
2025-10-09 23:04:03,-111.9582,40.7782, 835.3, 1667, 23.9,  2.5,  2.5, 25, 25, 5.51,161, 9.3
2025-10-09 23:04:04,-111.9582,40.7783, 834.9, 1672, 23.8,  2.5,  2.5, 25, 25, 5.51,161, 9.4
2025-10-09 23:04:05,-111.9583,40.7784, 834.4, 1676, 23.8,  2.5,  2.5, 25, 25, 5.50,161, 9.4
2025-10-09 23:04:06,-111.9583,40.7785, 834.0, 1681, 23.7,  2.5,  2.5, 25, 25, 5.50,161, 9.5
2025-10-09 23:04:07,-111.9583,40.7785, 833.5, 1686, 23.7,  2.5,  2.5, 25, 25, 5.51,161, 9.6
2025-10-09 23:04:08,-111.9583,40.7786, 833.0, 1691, 23.7,  2.5,  2.5, 25, 25, 5.51,161, 9.6
2025-10-09 23:04:09,-111.9584,40.7787, 832.6, 1696, 23.6,  2.5,  2.5, 25, 25, 5.50,161, 9.5
2025-10-09 23:04:10,-111.9584,40.7788, 832.1, 1701, 23.6,  2.5,  2.5, 25, 25, 5.51,161, 9.5
2025-10-09 23:04:11,-111.9584,40.7789, 831.6, 1706, 23.5,  2.5,  2.5, 25, 25, 5.51,162, 9.5
2025-10-09 23:04:12,-111.9585,40.7789, 831.1, 1712, 23.5,  2.5,  2.5, 25, 25, 5.52,162, 9.4
2025-10-09 23:04:13,-111.9585,40.7790, 830.7, 1717, 23.5,  2.5,  2.5, 25, 25, 5.52,162, 9.4
2025-10-09 23:04:14,-111.9585,40.7791, 830.4, 1722, 23.4,  2.5,  2.5, 25, 25, 5.52,162, 9.4
2025-10-09 23:04:15,-111.9586,40.7792, 830.0, 1725, 23.4,  2.5,  2.5, 25, 25, 5.52,163, 9.4
2025-10-09 23:04:16,-111.9586,40.7793, 829.7, 1728, 23.4,  2.5,  2.5, 25, 25, 5.52,163, 9.3
2025-10-09 23:04:17,-111.9586,40.7794, 829.3, 1731, 23.3,  2.5,  2.5, 26, 26, 5.52,163, 9.3
2025-10-09 23:04:18,-111.9587,40.7794, 829.0, 1734, 23.3,  2.5,  2.5, 26, 26, 5.53,163, 9.3
2025-10-09 23:04:19,-111.9587,40.7795, 828.7, 1737, 23.2,  2.5,  2.5, 26, 26, 5.53,163, 9.3
2025-10-09 23:04:20,-111.9587,40.7796, 828.5, 1739, 23.2,  2.5,  2.5, 26, 26, 5.53,164, 9.2
2025-10-09 23:04:21,-111.9588,40.7797, 828.2, 1742, 23.2,  2.5,  2.5, 26, 26, 5.53,164, 9.2
2025-10-09 23:04:22,-111.9588,40.7797, 827.9, 1745, 23.1,  2.5,  2.5, 26, 26, 5.53,164, 9.2
2025-10-09 23:04:23,-111.9588,40.7798, 827.7, 1748, 23.1,  2.5,  2.5, 26, 26, 5.53,164, 9.1
2025-10-09 23:04:24,-111.9588,40.7799, 827.4, 1750, 23.1,  2.5,  2.5, 26, 26, 5.53,164, 9.1
2025-10-09 23:04:25,-111.9589,40.7800, 827.0, 1754, 23.0,  2.4,  2.4, 26, 26, 5.52,165, 9.1
2025-10-09 23:04:26,-111.9589,40.7801, 826.6, 1758, 23.0,  2.4,  2.4, 26, 26, 5.52,165, 9.1
2025-10-09 23:04:27,-111.9590,40.7802, 826.2, 1763, 22.9,  2.4,  2.4, 26, 26, 5.52,165, 9.0
2025-10-09 23:04:28,-111.9590,40.7802, 825.7, 1768, 22.9,  2.4,  2.4, 26, 26, 5.51,165, 9.0
2025-10-09 23:04:29,-111.9590,40.7803, 825.3, 1772, 22.8,  2.4,  2.4, 26, 26, 5.51,165, 9.1
2025-10-09 23:04:30,-111.9590,40.7804, 824.9, 1777, 22.8,  2.4,  2.4, 26, 26, 5.51,165, 9.1
2025-10-09 23:04:31,-111.9591,40.7805, 824.4, 1782, 22.7,  2.4,  2.4, 26, 26, 5.50,165, 9.1
2025-10-09 23:04:32,-111.9591,40.7806, 823.9, 1787, 22.7,  2.3,  2.3, 26, 26, 5.50,165, 9.1
2025-10-09 23:04:33,-111.9591,40.7806, 823.4, 1792, 22.7,  2.3,  2.3, 26, 26, 5.50,166, 9.1
2025-10-09 23:04:34,-111.9591,40.7807, 822.9, 1797, 22.6,  2.3,  2.3, 26, 26, 5.49,166, 9.1
2025-10-09 23:04:35,-111.9592,40.7808, 822.7, 1800, 22.6,  2.3,  2.3, 26, 26, 5.49,166, 9.1
2025-10-09 23:04:36,-111.9592,40.7809, 822.0, 1808, 22.5,  2.3,  2.3, 26, 26, 5.49,166, 9.1
2025-10-09 23:04:37,-111.9592,40.7810, 821.6, 1812, 22.5,  2.3,  2.3, 26, 26, 5.48,166, 9.1
2025-10-09 23:04:38,-111.9592,40.7810, 821.1, 1817, 22.4,  2.3,  2.3, 27, 27, 5.49,166, 9.1
2025-10-09 23:04:39,-111.9593,40.7811, 820.7, 1821, 22.4,  2.2,  2.2, 27, 27, 5.49,166, 9.1
2025-10-09 23:04:40,-111.9593,40.7812, 820.3, 1826, 22.3,  2.2,  2.2, 27, 27, 5.49,166, 9.1
2025-10-09 23:04:41,-111.9593,40.7813, 819.9, 1830, 22.3,  2.2,  2.2, 27, 27, 5.49,166, 9.1
2025-10-09 23:04:42,-111.9594,40.7814, 819.5, 1834, 22.3,  2.2,  2.2, 27, 27, 5.49,166, 9.1
2025-10-09 23:04:43,-111.9594,40.7814, 819.1, 1838, 22.2,  2.2,  2.2, 27, 27, 5.49,166, 9.1
2025-10-09 23:04:44,-111.9594,40.7815, 818.8, 1841, 22.2,  2.2,  2.2, 27, 27, 5.49,166, 9.1
2025-10-09 23:04:45,-111.9594,40.7816, 818.4, 1845, 22.1,  2.2,  2.2, 27, 27, 5.49,166, 9.1
2025-10-09 23:04:46,-111.9595,40.7817, 818.1, 1848, 22.1,  2.2,  2.2, 27, 27, 5.49,166, 9.1
2025-10-09 23:04:47,-111.9595,40.7818, 817.8, 1852, 22.1,  2.2,  2.2, 27, 27, 5.49,166, 9.1
2025-10-09 23:04:48,-111.9595,40.7818, 817.4, 1856, 22.0,  2.2,  2.2, 27, 27, 5.49,166, 9.1
2025-10-09 23:04:49,-111.9595,40.7819, 817.1, 1859, 22.0,  2.2,  2.2, 27, 27, 5.49,166, 9.1
2025-10-09 23:04:50,-111.9596,40.7820, 816.7, 1863, 21.9,  2.2,  2.2, 27, 27, 5.49,166, 9.1
2025-10-09 23:04:51,-111.9596,40.7821, 816.4, 1867, 21.9,  2.2,  2.2, 27, 27, 5.48,166, 9.1
2025-10-09 23:04:52,-111.9596,40.7822, 816.0, 1870, 21.8,  2.2,  2.2, 27, 27, 5.48,166, 9.1
2025-10-09 23:04:53,-111.9596,40.7822, 815.7, 1874, 21.8,  2.1,  2.1, 27, 27, 5.48,166, 9.1
2025-10-09 23:04:54,-111.9597,40.7823, 815.3, 1878, 21.8,  2.1,  2.1, 27, 27, 5.48,166, 9.1
2025-10-09 23:04:55,-111.9597,40.7824, 814.9, 1882, 21.7,  2.1,  2.1, 27, 27, 5.48,166, 9.1
2025-10-09 23:04:56,-111.9597,40.7825, 814.5, 1886, 21.7,  2.1,  2.1, 27, 27, 5.48,166, 9.1
2025-10-09 23:04:57,-111.9597,40.7826, 814.1, 1890, 21.6,  2.1,  2.1, 28, 28, 5.48,166, 9.1
2025-10-09 23:04:58,-111.9598,40.7826, 813.7, 1895, 21.6,  2.1,  2.1, 28, 28, 5.47,166, 9.0
2025-10-09 23:04:59,-111.9598,40.7827, 813.3, 1899, 21.6,  2.1,  2.1, 28, 28, 5.47,166, 9.0
2025-10-09 23:05:00,-111.9598,40.7828, 812.9, 1904, 21.5,  2.1,  2.1, 28, 28, 5.47,166, 9.0
2025-10-09 23:05:01,-111.9599,40.7828, 812.5, 1908, 21.5,  2.1,  2.1, 28, 28, 5.47,165, 9.0
2025-10-09 23:05:02,-111.9599,40.7829, 812.0, 1913, 21.4,  2.1,  2.1, 28, 28, 5.47,165, 9.0
2025-10-09 23:05:03,-111.9599,40.7830, 811.6, 1918, 21.4,  2.0,  2.0, 28, 28, 5.47,165, 9.0
2025-10-09 23:05:04,-111.9599,40.7831, 811.2, 1922, 21.3,  2.0,  2.0, 28, 28, 5.47,165, 9.0
2025-10-09 23:05:05,-111.9600,40.7831, 810.7, 1927, 21.3,  2.0,  2.0, 28, 28, 5.47,165, 9.0
2025-10-09 23:05:06,-111.9600,40.7832, 810.3, 1931, 21.3,  2.0,  2.0, 28, 28, 5.47,165, 9.0
2025-10-09 23:05:07,-111.9600,40.7833, 809.9, 1936, 21.2,  2.0,  2.0, 28, 28, 5.46,165, 9.0
2025-10-09 23:05:08,-111.9600,40.7834, 809.5, 1941, 21.2,  2.0,  2.0, 28, 28, 5.46,165, 9.0
2025-10-09 23:05:09,-111.9600,40.7834, 809.0, 1945, 21.1,  2.0,  2.0, 28, 28, 5.46,165, 8.9
2025-10-09 23:05:10,-111.9601,40.7835, 808.6, 1950, 21.1,  2.0,  2.0, 28, 28, 5.46,165, 8.9
2025-10-09 23:05:11,-111.9601,40.7836, 808.2, 1954, 21.0,  2.0,  2.0, 28, 28, 5.46,165, 8.9
2025-10-09 23:05:12,-111.9601,40.7837, 807.7, 1959, 21.0,  1.9,  1.9, 28, 28, 5.46,165, 8.8
2025-10-09 23:05:13,-111.9601,40.7837, 807.3, 1963, 20.9,  1.9,  1.9, 28, 28, 5.45,165, 8.8
2025-10-09 23:05:14,-111.9602,40.7838, 806.9, 1968, 20.9,  1.9,  1.9, 28, 28, 5.45,166, 8.8
2025-10-09 23:05:15,-111.9602,40.7839, 806.4, 1973, 20.9,  1.9,  1.9, 28, 28, 5.45,166, 8.7
2025-10-09 23:05:16,-111.9602,40.7840, 806.0, 1977, 20.8,  1.9,  1.9, 29, 29, 5.45,166, 8.7
2025-10-09 23:05:17,-111.9602,40.7840, 805.6, 1982, 20.8,  1.9,  1.9, 29, 29, 5.45,166, 8.7
2025-10-09 23:05:18,-111.9603,40.7841, 805.2, 1987, 20.7,  1.9,  1.9, 29, 29, 5.45,166, 8.6
2025-10-09 23:05:19,-111.9603,40.7842, 804.7, 1992, 20.7,  1.9,  1.9, 29, 29, 5.45,166, 8.6
2025-10-09 23:05:20,-111.9603,40.7843, 804.2, 1996, 20.6,  1.9,  1.9, 29, 29, 5.44,166, 8.5
2025-10-09 23:05:21,-111.9603,40.7843, 803.8, 2001, 20.6,  1.8,  1.8, 29, 29, 5.44,166, 8.5
2025-10-09 23:05:22,-111.9604,40.7844, 803.3, 2006, 20.5,  1.8,  1.8, 29, 29, 5.44,166, 8.5
2025-10-09 23:05:23,-111.9604,40.7845, 802.8, 2011, 20.5,  1.8,  1.8, 29, 29, 5.44,166, 8.4
2025-10-09 23:05:24,-111.9604,40.7845, 802.4, 2016, 20.4,  1.8,  1.8, 29, 29, 5.44,166, 8.4
2025-10-09 23:05:25,-111.9604,40.7846, 801.9, 2021, 20.4,  1.8,  1.8, 29, 29, 5.44,166, 8.4
2025-10-09 23:05:26,-111.9605,40.7847, 801.4, 2026, 20.3,  1.8,  1.8, 29, 29, 5.43,166, 8.3
2025-10-09 23:05:27,-111.9605,40.7848, 801.0, 2031, 20.3,  1.8,  1.8, 29, 29, 5.43,166, 8.3
2025-10-09 23:05:28,-111.9605,40.7848, 800.5, 2037, 20.2,  1.8,  1.8, 29, 29, 5.43,166, 8.3
2025-10-09 23:05:29,-111.9605,40.7849, 800.0, 2042, 20.2,  1.7,  1.7, 29, 29, 5.43,166, 8.3
2025-10-09 23:05:30,-111.9606,40.7850, 799.5, 2047, 20.1,  1.7,  1.7, 29, 29, 5.43,166, 8.3
2025-10-09 23:05:31,-111.9606,40.7851, 799.0, 2053, 20.1,  1.7,  1.7, 29, 29, 5.43,166, 8.3
2025-10-09 23:05:32,-111.9606,40.7851, 798.5, 2058, 20.0,  1.7,  1.7, 30, 30, 5.42,165, 8.3
2025-10-09 23:05:33,-111.9607,40.7852, 798.0, 2063, 20.0,  1.7,  1.7, 30, 30, 5.42,165, 8.3
2025-10-09 23:05:34,-111.9607,40.7853, 797.5, 2068, 19.9,  1.7,  1.7, 30, 30, 5.42,165, 8.3
2025-10-09 23:05:35,-111.9607,40.7854, 797.0, 2074, 19.9,  1.7,  1.7, 30, 30, 5.42,165, 8.3
2025-10-09 23:05:36,-111.9607,40.7854, 796.6, 2079, 19.8,  1.7,  1.7, 30, 30, 5.42,165, 8.3
2025-10-09 23:05:37,-111.9608,40.7855, 796.1, 2084, 19.8,  1.7,  1.7, 30, 30, 5.42,164, 8.3
2025-10-09 23:05:38,-111.9608,40.7856, 795.6, 2090, 19.7,  1.6,  1.6, 30, 30, 5.42,164, 8.2
2025-10-09 23:05:39,-111.9608,40.7856, 795.1, 2095, 19.7,  1.6,  1.6, 30, 30, 5.42,164, 8.2
2025-10-09 23:05:40,-111.9608,40.7857, 794.7, 2100, 19.6,  1.6,  1.6, 30, 30, 5.42,164, 8.2
2025-10-09 23:05:41,-111.9609,40.7858, 794.1, 2105, 19.6,  1.6,  1.6, 30, 30, 5.42,164, 8.2
2025-10-09 23:05:42,-111.9609,40.7859, 793.6, 2111, 19.5,  1.6,  1.6, 30, 30, 5.42,163, 8.2
2025-10-09 23:05:43,-111.9609,40.7859, 793.2, 2116, 19.5,  1.6,  1.6, 30, 30, 5.42,163, 8.2
2025-10-09 23:05:44,-111.9609,40.7860, 792.7, 2121, 19.4,  1.6,  1.6, 30, 30, 5.42,163, 8.2
2025-10-09 23:05:45,-111.9610,40.7861, 792.2, 2126, 19.4,  1.6,  1.6, 30, 30, 5.42,163, 8.2
2025-10-09 23:05:46,-111.9610,40.7861, 791.7, 2131, 19.3,  1.6,  1.6, 31, 31, 5.42,163, 8.2
2025-10-09 23:05:47,-111.9610,40.7862, 791.2, 2137, 19.3,  1.6,  1.6, 31, 31, 5.43,162, 8.2
2025-10-09 23:05:48,-111.9611,40.7863, 790.8, 2142, 19.2,  1.6,  1.6, 31, 31, 5.43,163, 8.2
2025-10-09 23:05:49,-111.9611,40.7864, 790.3, 2147, 19.2,  1.6,  1.6, 31, 31, 5.43,163, 8.3
2025-10-09 23:05:50,-111.9611,40.7864, 789.8, 2153, 19.2,  1.6,  1.6, 31, 31, 5.43,163, 8.3
2025-10-09 23:05:51,-111.9611,40.7865, 789.4, 2158, 19.1,  1.6,  1.6, 31, 31, 5.44,163, 8.4
2025-10-09 23:05:52,-111.9612,40.7866, 788.9, 2162, 19.1,  1.6,  1.6, 31, 31, 5.44,163, 8.4
2025-10-09 23:05:53,-111.9612,40.7867, 788.4, 2167, 19.0,  1.6,  1.6, 31, 31, 5.44,164, 8.4
2025-10-09 23:05:54,-111.9612,40.7867, 788.0, 2172, 19.0,  1.6,  1.6, 31, 31, 5.44,164, 8.5
2025-10-09 23:05:55,-111.9613,40.7868, 787.5, 2177, 18.9,  1.6,  1.6, 31, 31, 5.44,164, 8.5
2025-10-09 23:05:56,-111.9613,40.7869, 787.1, 2182, 18.9,  1.6,  1.6, 31, 31, 5.44,164, 8.6
2025-10-09 23:05:57,-111.9613,40.7869, 786.7, 2186, 18.8,  1.6,  1.6, 31, 31, 5.45,164, 8.6
2025-10-09 23:05:58,-111.9613,40.7870, 786.3, 2191, 18.8,  1.5,  1.5, 32, 32, 5.44,164, 8.6
2025-10-09 23:05:59,-111.9614,40.7871, 785.8, 2196, 18.7,  1.5,  1.5, 32, 32, 5.44,165, 8.7
2025-10-09 23:06:00,-111.9614,40.7872, 785.4, 2200, 18.7,  1.5,  1.5, 32, 32, 5.44,165, 8.7
2025-10-09 23:06:01,-111.9614,40.7872, 784.9, 2205, 18.6,  1.5,  1.5, 32, 32, 5.43,165, 8.8
2025-10-09 23:06:02,-111.9614,40.7873, 784.5, 2210, 18.6,  1.5,  1.5, 32, 32, 5.43,165, 8.8
2025-10-09 23:06:03,-111.9615,40.7874, 784.0, 2215, 18.5,  1.4,  1.4, 32, 32, 5.42,165, 8.9
2025-10-09 23:06:04,-111.9615,40.7875, 783.5, 2221, 18.5,  1.4,  1.4, 32, 32, 5.42,165, 8.9
2025-10-09 23:06:05,-111.9615,40.7876, 783.0, 2226, 18.4,  1.4,  1.4, 32, 32, 5.42,165, 8.9
2025-10-09 23:06:06,-111.9615,40.7877, 782.6, 2231, 18.4,  1.4,  1.4, 32, 32, 5.41,166, 9.0
2025-10-09 23:06:07,-111.9616,40.7878, 782.1, 2237, 18.3,  1.4,  1.4, 32, 32, 5.41,166, 9.0
2025-10-09 23:06:08,-111.9616,40.7879, 781.6, 2242, 18.3,  1.4,  1.4, 32, 32, 5.41,166, 9.1
2025-10-09 23:06:09,-111.9616,40.7880, 781.2, 2247, 18.2,  1.3,  1.3, 32, 32, 5.40,166, 9.1
2025-10-09 23:06:10,-111.9616,40.7880, 780.7, 2252, 18.2,  1.3,  1.3, 32, 32, 5.40,166, 9.2
2025-10-09 23:06:11,-111.9616,40.7881, 780.2, 2257, 18.1,  1.3,  1.3, 32, 32, 5.40,166, 9.2
2025-10-09 23:06:12,-111.9617,40.7882, 779.8, 2262, 18.1,  1.3,  1.3, 32, 32, 5.40,167, 9.3
2025-10-09 23:06:13,-111.9617,40.7883, 779.2, 2267, 18.0,  1.3,  1.3, 33, 33, 5.40,167, 9.3
2025-10-09 23:06:14,-111.9617,40.7884, 778.7, 2273, 18.0,  1.3,  1.3, 33, 33, 5.40,167, 9.4
2025-10-09 23:06:15,-111.9617,40.7885, 778.2, 2278, 17.9,  1.3,  1.3, 33, 33, 5.40,167, 9.4
2025-10-09 23:06:16,-111.9618,40.7886, 777.7, 2284, 17.9,  1.3,  1.3, 33, 33, 5.40,167, 9.5
2025-10-09 23:06:17,-111.9618,40.7887, 777.2, 2290, 17.8,  1.3,  1.3, 33, 33, 5.40,167, 9.5
2025-10-09 23:06:18,-111.9618,40.7887, 776.7, 2296, 17.8,  1.3,  1.3, 33, 33, 5.40,167, 9.6
2025-10-09 23:06:19,-111.9618,40.7888, 776.2, 2301, 17.7,  1.3,  1.3, 33, 33, 5.41,167, 9.6
2025-10-09 23:06:20,-111.9619,40.7889, 775.7, 2307, 17.7,  1.3,  1.3, 33, 33, 5.41,168, 9.7
2025-10-09 23:06:21,-111.9619,40.7890, 775.2, 2312, 17.6,  1.2,  1.2, 33, 33, 5.41,168, 9.7
2025-10-09 23:06:22,-111.9619,40.7891, 774.7, 2318, 17.6,  1.2,  1.2, 33, 33, 5.41,168, 9.8
2025-10-09 23:06:23,-111.9619,40.7892, 774.2, 2324, 17.5,  1.2,  1.2, 33, 33, 5.41,168, 9.8
2025-10-09 23:06:24,-111.9620,40.7893, 773.7, 2329, 17.5,  1.2,  1.2, 34, 34, 5.41,168, 9.9
2025-10-09 23:06:25,-111.9620,40.7894, 773.1, 2335, 17.4,  1.2,  1.2, 34, 34, 5.41,168, 9.9
2025-10-09 23:06:26,-111.9620,40.7894, 772.6, 2340, 17.3,  1.2,  1.2, 34, 34, 5.41,168,10.0
2025-10-09 23:06:27,-111.9620,40.7895, 772.1, 2346, 17.3,  1.2,  1.2, 34, 34, 5.41,168,10.0
2025-10-09 23:06:28,-111.9620,40.7896, 771.6, 2352, 17.2,  1.2,  1.2, 34, 34, 5.41,169,10.0
2025-10-09 23:06:29,-111.9621,40.7897, 771.1, 2358, 17.2,  1.2,  1.2, 34, 34, 5.41,169,10.0
2025-10-09 23:06:30,-111.9621,40.7898, 770.6, 2363, 17.1,  1.2,  1.2, 34, 34, 5.41,169,10.0
2025-10-09 23:06:31,-111.9621,40.7899, 770.1, 2369, 17.1,  1.2,  1.2, 34, 34, 5.41,169,10.0
2025-10-09 23:06:32,-111.9621,40.7900, 769.5, 2375, 17.0,  1.1,  1.1, 34, 34, 5.41,169, 9.9
2025-10-09 23:06:33,-111.9622,40.7900, 769.0, 2380, 17.0,  1.1,  1.1, 34, 34, 5.41,170, 9.9
2025-10-09 23:06:34,-111.9622,40.7901, 768.5, 2386, 16.9,  1.1,  1.1, 34, 34, 5.41,170, 9.9
2025-10-09 23:06:35,-111.9622,40.7902, 768.0, 2392, 16.9,  1.1,  1.1, 35, 35, 5.41,170, 9.9
2025-10-09 23:06:36,-111.9622,40.7903, 767.5, 2397, 16.8,  1.1,  1.1, 35, 35, 5.41,170, 9.9
2025-10-09 23:06:37,-111.9622,40.7904, 767.0, 2403, 16.7,  1.1,  1.1, 35, 35, 5.41,170, 9.9
2025-10-09 23:06:38,-111.9622,40.7904, 766.5, 2408, 16.7,  1.1,  1.1, 35, 35, 5.40,171, 9.8
2025-10-09 23:06:39,-111.9623,40.7905, 766.0, 2414, 16.6,  1.1,  1.1, 35, 35, 5.40,171, 9.8
2025-10-09 23:06:40,-111.9623,40.7906, 765.5, 2419, 16.6,  1.0,  1.0, 35, 35, 5.39,171, 9.8
2025-10-09 23:06:41,-111.9623,40.7907, 765.0, 2425, 16.5,  1.0,  1.0, 35, 35, 5.39,171, 9.8
2025-10-09 23:06:42,-111.9623,40.7908, 764.6, 2430, 16.5,  1.0,  1.0, 35, 35, 5.38,171, 9.8
2025-10-09 23:06:43,-111.9623,40.7909, 764.1, 2435, 16.4,  1.0,  1.0, 35, 35, 5.38,172, 9.8
2025-10-09 23:06:44,-111.9624,40.7909, 763.6, 2440, 16.3,  1.0,  1.0, 35, 35, 5.37,172, 9.8
2025-10-09 23:06:45,-111.9624,40.7910, 763.1, 2446, 16.3,  0.9,  0.9, 35, 35, 5.37,172, 9.7
2025-10-09 23:06:46,-111.9624,40.7911, 762.6, 2451, 16.2,  0.9,  0.9, 35, 35, 5.37,172, 9.7
2025-10-09 23:06:47,-111.9624,40.7912, 762.1, 2456, 16.2,  0.9,  0.9, 36, 36, 5.36,172, 9.7
2025-10-09 23:06:48,-111.9624,40.7913, 761.6, 2463, 16.1,  0.9,  0.9, 36, 36, 5.36,172, 9.6
2025-10-09 23:06:49,-111.9624,40.7914, 761.0, 2469, 16.1,  0.9,  0.9, 36, 36, 5.35,172, 9.6
2025-10-09 23:06:50,-111.9625,40.7914, 760.5, 2476, 16.0,  0.8,  0.8, 36, 36, 5.35,172, 9.5
2025-10-09 23:06:51,-111.9625,40.7915, 759.9, 2482, 15.9,  0.8,  0.8, 36, 36, 5.35,172, 9.5
2025-10-09 23:06:52,-111.9625,40.7916, 759.4, 2489, 15.9,  0.8,  0.8, 36, 36, 5.35,172, 9.4
2025-10-09 23:06:53,-111.9625,40.7917, 758.8, 2495, 15.8,  0.8,  0.8, 36, 36, 5.35,172, 9.4
2025-10-09 23:06:54,-111.9625,40.7918, 758.2, 2500, 15.8,  0.8,  0.8, 36, 36, 5.35,171, 9.3
2025-10-09 23:06:55,-111.9626,40.7919, 757.7, 2506, 15.7,  0.8,  0.8, 36, 36, 5.35,171, 9.2
2025-10-09 23:06:56,-111.9626,40.7919, 757.2, 2512, 15.7,  0.8,  0.8, 36, 36, 5.35,171, 9.2
2025-10-09 23:06:57,-111.9626,40.7920, 756.7, 2518, 15.6,  0.7,  0.7, 36, 36, 5.34,171, 9.1
2025-10-09 23:06:58,-111.9626,40.7921, 756.2, 2523, 15.6,  0.7,  0.7, 36, 36, 5.34,171, 9.1
2025-10-09 23:06:59,-111.9626,40.7922, 755.7, 2529, 15.5,  0.7,  0.7, 37, 37, 5.34,171, 9.0
2025-10-09 23:07:00,-111.9626,40.7923, 755.2, 2534, 15.5,  0.7,  0.7, 37, 37, 5.34,170, 8.9
2025-10-09 23:07:01,-111.9627,40.7923, 754.7, 2540, 15.4,  0.7,  0.7, 37, 37, 5.34,170, 8.9
2025-10-09 23:07:02,-111.9627,40.7924, 754.2, 2545, 15.4,  0.7,  0.7, 37, 37, 5.34,170, 8.8
2025-10-09 23:07:03,-111.9627,40.7925, 753.8, 2551, 15.3,  0.7,  0.7, 37, 37, 5.34,170, 8.8
2025-10-09 23:07:04,-111.9627,40.7926, 753.3, 2556, 15.3,  0.7,  0.7, 37, 37, 5.34,170, 8.7
2025-10-09 23:07:05,-111.9627,40.7927, 752.8, 2561, 15.2,  0.7,  0.7, 37, 37, 5.34,170, 8.7
2025-10-09 23:07:06,-111.9628,40.7928, 752.3, 2567, 15.1,  0.7,  0.7, 37, 37, 5.34,169, 8.6
2025-10-09 23:07:07,-111.9628,40.7929, 751.9, 2572, 15.1,  0.7,  0.7, 37, 37, 5.34,169, 8.5
2025-10-09 23:07:08,-111.9628,40.7929, 751.4, 2577, 15.0,  0.6,  0.6, 37, 37, 5.34,169, 8.6
2025-10-09 23:07:09,-111.9629,40.7930, 750.9, 2582, 15.0,  0.6,  0.6, 38, 38, 5.34,169, 8.7
2025-10-09 23:07:10,-111.9629,40.7931, 750.4, 2588, 14.9,  0.6,  0.6, 38, 38, 5.34,169, 8.7
2025-10-09 23:07:11,-111.9629,40.7932, 749.9, 2594, 14.9,  0.6,  0.6, 38, 38, 5.34,169, 8.8
2025-10-09 23:07:12,-111.9629,40.7933, 749.4, 2599, 14.8,  0.6,  0.6, 38, 38, 5.35,168, 8.9
2025-10-09 23:07:13,-111.9629,40.7934, 748.9, 2605, 14.8,  0.6,  0.6, 38, 38, 5.35,168, 8.9
2025-10-09 23:07:14,-111.9630,40.7934, 748.4, 2611, 14.7,  0.6,  0.6, 38, 38, 5.35,168, 9.0
2025-10-09 23:07:15,-111.9630,40.7935, 747.9, 2616, 14.7,  0.6,  0.6, 38, 38, 5.35,168, 9.1
2025-10-09 23:07:16,-111.9630,40.7936, 747.5, 2622, 14.6,  0.6,  0.6, 38, 38, 5.35,168, 9.1
2025-10-09 23:07:17,-111.9630,40.7937, 747.0, 2627, 14.6,  0.6,  0.6, 39, 39, 5.35,168, 9.2
2025-10-09 23:07:18,-111.9631,40.7938, 746.5, 2633, 14.5,  0.6,  0.6, 39, 39, 5.35,167, 9.3
2025-10-09 23:07:19,-111.9631,40.7939, 746.0, 2638, 14.4,  0.6,  0.6, 39, 39, 5.35,167, 9.4
2025-10-09 23:07:20,-111.9631,40.7939, 745.5, 2644, 14.4,  0.6,  0.6, 39, 39, 5.35,167, 9.4
2025-10-09 23:07:21,-111.9631,40.7940, 745.0, 2650, 14.3,  0.5,  0.5, 39, 39, 5.34,167, 9.5
2025-10-09 23:07:22,-111.9632,40.7941, 744.5, 2655, 14.3,  0.5,  0.5, 39, 39, 5.34,167, 9.6
2025-10-09 23:07:23,-111.9632,40.7942, 744.0, 2660, 14.2,  0.5,  0.5, 39, 39, 5.34,167, 9.6
2025-10-09 23:07:24,-111.9632,40.7943, 743.6, 2666, 14.2,  0.5,  0.5, 39, 39, 5.33,167, 9.7
2025-10-09 23:07:25,-111.9632,40.7944, 743.1, 2671, 14.1,  0.5,  0.5, 39, 39, 5.33,166, 9.8
2025-10-09 23:07:26,-111.9633,40.7944, 742.6, 2676, 14.1,  0.5,  0.5, 39, 39, 5.33,166, 9.8
2025-10-09 23:07:27,-111.9633,40.7945, 742.2, 2682, 14.0,  0.4,  0.4, 39, 39, 5.33,166, 9.9
2025-10-09 23:07:28,-111.9633,40.7946, 741.7, 2687, 14.0,  0.4,  0.4, 40, 40, 5.33,166, 9.9
2025-10-09 23:07:29,-111.9633,40.7947, 741.2, 2692, 13.9,  0.4,  0.4, 40, 40, 5.32,167, 9.9
2025-10-09 23:07:30,-111.9634,40.7948, 740.7, 2698, 13.9,  0.4,  0.4, 40, 40, 5.32,167, 9.9
2025-10-09 23:07:31,-111.9634,40.7949, 740.3, 2703, 13.8,  0.4,  0.4, 40, 40, 5.32,167, 9.9
2025-10-09 23:07:32,-111.9634,40.7950, 739.8, 2708, 13.8,  0.4,  0.4, 40, 40, 5.32,167, 9.9
2025-10-09 23:07:33,-111.9634,40.7950, 739.3, 2714, 13.7,  0.4,  0.4, 40, 40, 5.32,167, 9.9
2025-10-09 23:07:34,-111.9634,40.7951, 738.9, 2719, 13.7,  0.4,  0.4, 40, 40, 5.32,167, 9.9
2025-10-09 23:07:35,-111.9635,40.7952, 738.4, 2724, 13.6,  0.4,  0.4, 40, 40, 5.32,168, 9.9
2025-10-09 23:07:36,-111.9635,40.7953, 737.9, 2730, 13.5,  0.4,  0.4, 40, 40, 5.33,168, 9.9
2025-10-09 23:07:37,-111.9635,40.7954, 737.5, 2735, 13.5,  0.3,  0.3, 41, 41, 5.32,168, 9.9
2025-10-09 23:07:38,-111.9635,40.7955, 737.0, 2740, 13.4,  0.3,  0.3, 41, 41, 5.33,168, 9.9
2025-10-09 23:07:39,-111.9635,40.7955, 736.5, 2746, 13.4,  0.3,  0.3, 41, 41, 5.33,168, 9.9
2025-10-09 23:07:40,-111.9635,40.7956, 736.0, 2752, 13.3,  0.3,  0.3, 41, 41, 5.33,168, 9.9
2025-10-09 23:07:41,-111.9635,40.7957, 735.5, 2757, 13.3,  0.3,  0.3, 41, 41, 5.33,169, 9.8
2025-10-09 23:07:42,-111.9635,40.7958, 735.0, 2763, 13.2,  0.3,  0.3, 41, 41, 5.33,169, 9.8
2025-10-09 23:07:43,-111.9636,40.7959, 734.5, 2769, 13.2,  0.3,  0.3, 41, 41, 5.33,169, 9.8
2025-10-09 23:07:44,-111.9636,40.7960, 734.0, 2775, 13.1,  0.3,  0.3, 41, 41, 5.34,169, 9.8
2025-10-09 23:07:45,-111.9636,40.7961, 733.5, 2780, 13.1,  0.3,  0.3, 42, 42, 5.34,169, 9.8
2025-10-09 23:07:46,-111.9636,40.7961, 733.0, 2786, 13.0,  0.3,  0.3, 42, 42, 5.34,170, 9.8
2025-10-09 23:07:47,-111.9636,40.7962, 732.5, 2792, 13.0,  0.3,  0.3, 42, 42, 5.34,170, 9.8
2025-10-09 23:07:48,-111.9636,40.7963, 732.0, 2797, 12.9,  0.3,  0.3, 42, 42, 5.34,170, 9.8
2025-10-09 23:07:49,-111.9637,40.7964, 731.5, 2803, 12.8,  0.3,  0.3, 42, 42, 5.34,170, 9.8
2025-10-09 23:07:50,-111.9637,40.7965, 731.0, 2809, 12.8,  0.3,  0.3, 42, 42, 5.34,171, 9.8
2025-10-09 23:07:51,-111.9637,40.7966, 730.6, 2814, 12.7,  0.2,  0.2, 42, 42, 5.34,171, 9.7
2025-10-09 23:07:52,-111.9637,40.7966, 730.1, 2820, 12.7,  0.2,  0.2, 42, 42, 5.34,171, 9.7
2025-10-09 23:07:53,-111.9637,40.7967, 729.6, 2825, 12.6,  0.2,  0.2, 43, 43, 5.34,171, 9.7
2025-10-09 23:07:54,-111.9637,40.7968, 729.1, 2831, 12.6,  0.2,  0.2, 43, 43, 5.34,172, 9.7
2025-10-09 23:07:55,-111.9637,40.7969, 728.6, 2836, 12.5,  0.2,  0.2, 43, 43, 5.34,172, 9.6
2025-10-09 23:07:56,-111.9638,40.7970, 728.2, 2842, 12.5,  0.2,  0.2, 43, 43, 5.33,172, 9.6
2025-10-09 23:07:57,-111.9638,40.7971, 727.7, 2847, 12.4,  0.2,  0.2, 43, 43, 5.33,172, 9.6
2025-10-09 23:07:58,-111.9638,40.7972, 727.2, 2853, 12.4,  0.2,  0.2, 43, 43, 5.33,173, 9.6
2025-10-09 23:07:59,-111.9638,40.7973, 726.7, 2858, 12.3,  0.2,  0.2, 43, 43, 5.33,173, 9.6
2025-10-09 23:08:00,-111.9638,40.7973, 726.2, 2864, 12.3,  0.1,  0.1, 43, 43, 5.33,173, 9.5
2025-10-09 23:08:01,-111.9638,40.7974, 725.8, 2869, 12.2,  0.1,  0.1, 43, 43, 5.32,174, 9.5
2025-10-09 23:08:02,-111.9638,40.7975, 725.3, 2875, 12.1,  0.1,  0.1, 44, 44, 5.32,174, 9.5
2025-10-09 23:08:03,-111.9639,40.7976, 724.8, 2880, 12.1,  0.1,  0.1, 44, 44, 5.32,174, 9.5
2025-10-09 23:08:04,-111.9639,40.7977, 724.3, 2886, 12.0,  0.1,  0.1, 44, 44, 5.31,174, 9.5
2025-10-09 23:08:05,-111.9639,40.7978, 723.8, 2892, 12.0,  0.1,  0.1, 44, 44, 5.31,175, 9.4
2025-10-09 23:08:06,-111.9639,40.7978, 723.3, 2898, 11.9,  0.0,  0.0, 44, 44, 5.31,175, 9.4
2025-10-09 23:08:07,-111.9639,40.7979, 722.8, 2904, 11.9,  0.0,  0.0, 44, 44, 5.30,175, 9.4
2025-10-09 23:08:08,-111.9639,40.7980, 722.3, 2910, 11.8, -0.0, -0.0, 44, 44, 5.30,175, 9.4
2025-10-09 23:08:09,-111.9639,40.7981, 721.7, 2916, 11.7, -0.0, -0.0, 44, 44, 5.30,175, 9.4
2025-10-09 23:08:10,-111.9639,40.7981, 721.2, 2922, 11.7, -0.0, -0.0, 44, 44, 5.30,175, 9.3
2025-10-09 23:08:11,-111.9639,40.7982, 720.7, 2928, 11.6, -0.1, -0.1, 44, 44, 5.29,175, 9.3
2025-10-09 23:08:12,-111.9639,40.7983, 720.2, 2934, 11.6, -0.1, -0.1, 45, 45, 5.29,175, 9.3
2025-10-09 23:08:13,-111.9639,40.7984, 719.7, 2940, 11.5, -0.1, -0.1, 45, 45, 5.29,176, 9.3
2025-10-09 23:08:14,-111.9639,40.7985, 719.2, 2946, 11.5, -0.1, -0.1, 45, 45, 5.29,176, 9.3
2025-10-09 23:08:15,-111.9639,40.7986, 718.7, 2952, 11.4, -0.1, -0.1, 45, 45, 5.28,176, 9.2
2025-10-09 23:08:16,-111.9639,40.7986, 718.2, 2958, 11.3, -0.1, -0.1, 45, 45, 5.28,176, 9.2
2025-10-09 23:08:17,-111.9639,40.7987, 717.7, 2963, 11.3, -0.1, -0.1, 45, 45, 5.28,176, 9.2
2025-10-09 23:08:18,-111.9639,40.7988, 717.2, 2969, 11.2, -0.2, -0.1, 45, 45, 5.28,176, 9.2
2025-10-09 23:08:19,-111.9639,40.7989, 716.7, 2975, 11.2, -0.2, -0.2, 46, 46, 5.28,176, 9.2
2025-10-09 23:08:20,-111.9639,40.7990, 716.2, 2981, 11.1, -0.2, -0.2, 46, 46, 5.28,176, 9.2
2025-10-09 23:08:21,-111.9639,40.7990, 715.7, 2986, 11.0, -0.2, -0.2, 46, 46, 5.28,176, 9.1
2025-10-09 23:08:22,-111.9639,40.7991, 715.2, 2992, 11.0, -0.2, -0.2, 46, 46, 5.27,176, 9.1
2025-10-09 23:08:23,-111.9640,40.7992, 714.7, 2998, 10.9, -0.2, -0.2, 46, 46, 5.27,176, 9.1
2025-10-09 23:08:24,-111.9640,40.7993, 714.2, 3004, 10.9, -0.2, -0.2, 46, 46, 5.27,176, 9.1
2025-10-09 23:08:25,-111.9640,40.7994, 713.7, 3009, 10.8, -0.3, -0.2, 46, 46, 5.27,176, 9.1
2025-10-09 23:08:26,-111.9640,40.7994, 713.1, 3015, 10.7, -0.3, -0.2, 46, 46, 5.27,176, 9.0
2025-10-09 23:08:27,-111.9640,40.7995, 712.6, 3022, 10.7, -0.3, -0.3, 47, 47, 5.26,176, 9.0
2025-10-09 23:08:28,-111.9640,40.7996, 712.0, 3028, 10.6, -0.3, -0.3, 47, 47, 5.26,176, 9.0
2025-10-09 23:08:29,-111.9640,40.7997, 711.5, 3035, 10.6, -0.3, -0.3, 47, 47, 5.26,176, 9.0
2025-10-09 23:08:30,-111.9640,40.7998, 710.9, 3042, 10.5, -0.3, -0.3, 47, 47, 5.26,177, 8.9
2025-10-09 23:08:31,-111.9640,40.7998, 710.4, 3048, 10.4, -0.3, -0.3, 47, 47, 5.26,177, 8.9
2025-10-09 23:08:32,-111.9640,40.7999, 709.9, 3054, 10.4, -0.4, -0.3, 47, 47, 5.26,177, 8.9
2025-10-09 23:08:33,-111.9640,40.8000, 709.4, 3061, 10.3, -0.4, -0.3, 47, 47, 5.26,177, 8.8
2025-10-09 23:08:34,-111.9640,40.8001, 708.8, 3067, 10.3, -0.4, -0.3, 48, 48, 5.26,177, 8.8
2025-10-09 23:08:35,-111.9640,40.8001, 708.3, 3073, 10.2, -0.4, -0.4, 48, 48, 5.25,178, 8.8
2025-10-09 23:08:36,-111.9640,40.8002, 707.8, 3079, 10.2, -0.4, -0.4, 48, 48, 5.25,178, 8.7
2025-10-09 23:08:37,-111.9640,40.8003, 707.3, 3085, 10.1, -0.4, -0.4, 48, 48, 5.25,178, 8.7
2025-10-09 23:08:38,-111.9640,40.8004, 706.8, 3090, 10.0, -0.4, -0.4, 48, 48, 5.25,178, 8.7
2025-10-09 23:08:39,-111.9640,40.8004, 706.4, 3096, 10.0, -0.4, -0.4, 48, 48, 5.25,178, 8.6
2025-10-09 23:08:40,-111.9640,40.8005, 705.9, 3101,  9.9, -0.5, -0.4, 48, 48, 5.25,179, 8.6
2025-10-09 23:08:41,-111.9640,40.8006, 705.5, 3106,  9.9, -0.5, -0.4, 49, 49, 5.25,179, 8.6
2025-10-09 23:08:42,-111.9640,40.8007, 705.0, 3112,  9.8, -0.5, -0.4, 49, 49, 5.25,179, 8.5
2025-10-09 23:08:43,-111.9641,40.8007, 704.6, 3116,  9.8, -0.5, -0.4, 49, 49, 5.25,179, 8.5
2025-10-09 23:08:44,-111.9641,40.8008, 704.2, 3121,  9.7, -0.5, -0.4, 49, 49, 5.25,179, 8.5
2025-10-09 23:08:45,-111.9641,40.8009, 703.8, 3125,  9.7, -0.5, -0.5, 49, 49, 5.24,180, 8.4
2025-10-09 23:08:46,-111.9641,40.8010, 703.5, 3130,  9.6, -0.5, -0.5, 49, 49, 5.24,180, 8.4
2025-10-09 23:08:47,-111.9641,40.8011, 703.1, 3134,  9.6, -0.5, -0.5, 49, 49, 5.24,180, 8.4
2025-10-09 23:08:48,-111.9641,40.8011, 702.7, 3139,  9.5, -0.5, -0.5, 49, 49, 5.24,180, 8.4
2025-10-09 23:08:49,-111.9641,40.8012, 702.3, 3144,  9.5, -0.6, -0.5, 49, 49, 5.24,180, 8.4
2025-10-09 23:08:50,-111.9641,40.8013, 701.9, 3149,  9.4, -0.6, -0.5, 50, 50, 5.24,179, 8.4
2025-10-09 23:08:51,-111.9641,40.8014, 701.4, 3154,  9.4, -0.6, -0.5, 50, 50, 5.24,179, 8.4
2025-10-09 23:08:52,-111.9641,40.8014, 701.0, 3159,  9.3, -0.6, -0.5, 50, 50, 5.23,179, 8.4
2025-10-09 23:08:53,-111.9641,40.8015, 700.6, 3164,  9.3, -0.6, -0.5, 50, 50, 5.23,179, 8.4
2025-10-09 23:08:54,-111.9641,40.8016, 700.0, 3171,  9.2, -0.6, -0.6, 50, 50, 5.23,179, 8.4
2025-10-09 23:08:55,-111.9641,40.8017, 699.7, 3174,  9.2, -0.6, -0.6, 50, 50, 5.23,179, 8.4
2025-10-09 23:08:56,-111.9641,40.8017, 699.3, 3179,  9.1, -0.6, -0.6, 50, 50, 5.23,178, 8.4
2025-10-09 23:08:57,-111.9641,40.8018, 698.8, 3184,  9.1, -0.6, -0.6, 51, 51, 5.23,178, 8.4
2025-10-09 23:08:58,-111.9641,40.8019, 698.4, 3190,  9.0, -0.7, -0.6, 51, 51, 5.23,178, 8.4
2025-10-09 23:08:59,-111.9641,40.8020, 697.9, 3195,  9.0, -0.7, -0.6, 51, 51, 5.22,178, 8.4
2025-10-09 23:09:00,-111.9641,40.8020, 697.5, 3200,  8.9, -0.7, -0.6, 51, 51, 5.22,178, 8.4
2025-10-09 23:09:01,-111.9641,40.8021, 697.1, 3206,  8.9, -0.7, -0.6, 51, 51, 5.22,178, 8.4
2025-10-09 23:09:02,-111.9641,40.8022, 696.6, 3211,  8.8, -0.7, -0.6, 51, 51, 5.22,177, 8.4
2025-10-09 23:09:03,-111.9641,40.8023, 696.2, 3216,  8.8, -0.7, -0.7, 51, 51, 5.22,177, 8.4
2025-10-09 23:09:04,-111.9641,40.8023, 695.8, 3221,  8.7, -0.7, -0.7, 51, 51, 5.22,177, 8.4
2025-10-09 23:09:05,-111.9641,40.8024, 695.3, 3226,  8.7, -0.8, -0.7, 51, 51, 5.21,177, 8.4
2025-10-09 23:09:06,-111.9641,40.8025, 694.9, 3231,  8.6, -0.8, -0.7, 52, 52, 5.21,177, 8.4
2025-10-09 23:09:07,-111.9642,40.8026, 694.4, 3237,  8.6, -0.8, -0.7, 52, 52, 5.21,177, 8.5
2025-10-09 23:09:08,-111.9642,40.8027, 694.0, 3242,  8.5, -0.8, -0.7, 52, 52, 5.21,176, 8.5
2025-10-09 23:09:09,-111.9642,40.8028, 693.6, 3247,  8.5, -0.8, -0.7, 52, 52, 5.21,176, 8.5
2025-10-09 23:09:10,-111.9642,40.8028, 693.1, 3252,  8.4, -0.8, -0.7, 52, 52, 5.21,176, 8.6
2025-10-09 23:09:11,-111.9642,40.8029, 692.7, 3258,  8.4, -0.8, -0.7, 52, 52, 5.21,176, 8.6
2025-10-09 23:09:12,-111.9642,40.8030, 692.3, 3263,  8.3, -0.8, -0.7, 52, 52, 5.20,176, 8.6
2025-10-09 23:09:13,-111.9642,40.8031, 691.8, 3268,  8.3, -0.8, -0.8, 53, 53, 5.20,176, 8.7
2025-10-09 23:09:14,-111.9642,40.8032, 691.4, 3273,  8.2, -0.9, -0.8, 53, 53, 5.20,176, 8.7
2025-10-09 23:09:15,-111.9643,40.8033, 691.0, 3278,  8.2, -0.9, -0.8, 53, 53, 5.20,175, 8.8
2025-10-09 23:09:16,-111.9643,40.8033, 690.5, 3283,  8.1, -0.9, -0.8, 53, 53, 5.20,175, 8.8
2025-10-09 23:09:17,-111.9643,40.8034, 690.1, 3288,  8.1, -0.9, -0.8, 53, 53, 5.20,175, 8.8
2025-10-09 23:09:18,-111.9643,40.8035, 689.7, 3294,  8.0, -0.9, -0.8, 53, 53, 5.20,175, 8.9
2025-10-09 23:09:19,-111.9643,40.8036, 689.2, 3299,  8.0, -0.9, -0.8, 53, 53, 5.20,175, 8.9
2025-10-09 23:09:20,-111.9643,40.8037, 688.7, 3305,  7.9, -0.9, -0.8, 54, 54, 5.20,175, 8.9
2025-10-09 23:09:21,-111.9643,40.8038, 688.3, 3311,  7.9, -0.9, -0.8, 54, 54, 5.20,175, 9.0
2025-10-09 23:09:22,-111.9643,40.8038, 687.8, 3316,  7.8, -0.9, -0.8, 54, 54, 5.20,175, 9.0
2025-10-09 23:09:23,-111.9643,40.8039, 687.3, 3322,  7.8, -1.0, -0.9, 54, 54, 5.20,174, 9.1
2025-10-09 23:09:24,-111.9643,40.8040, 686.8, 3328,  7.7, -1.0, -0.9, 54, 54, 5.19,174, 9.1
2025-10-09 23:09:25,-111.9644,40.8041, 686.4, 3333,  7.7, -1.0, -0.9, 54, 54, 5.19,174, 9.1
2025-10-09 23:09:26,-111.9644,40.8042, 686.0, 3338,  7.6, -1.0, -0.9, 54, 54, 5.19,174, 9.2
2025-10-09 23:09:27,-111.9644,40.8043, 685.5, 3344,  7.5, -1.0, -0.9, 55, 55, 5.19,174, 9.2
2025-10-09 23:09:28,-111.9644,40.8043, 685.1, 3349,  7.5, -1.0, -0.9, 55, 55, 5.19,174, 9.2
2025-10-09 23:09:29,-111.9644,40.8044, 684.6, 3354,  7.4, -1.0, -0.9, 55, 55, 5.19,174, 9.2
2025-10-09 23:09:30,-111.9644,40.8045, 684.2, 3360,  7.4, -1.0, -0.9, 55, 55, 5.19,174, 9.2
2025-10-09 23:09:31,-111.9644,40.8046, 683.8, 3365,  7.3, -1.0, -0.9, 55, 55, 5.19,174, 9.2
2025-10-09 23:09:32,-111.9644,40.8047, 683.3, 3370,  7.3, -1.1, -0.9, 55, 55, 5.19,174, 9.3
2025-10-09 23:09:33,-111.9645,40.8048, 682.9, 3375,  7.3, -1.1, -1.0, 55, 55, 5.18,174, 9.3
2025-10-09 23:09:34,-111.9645,40.8048, 682.5, 3380,  7.2, -1.1, -1.0, 56, 56, 5.18,175, 9.3
2025-10-09 23:09:35,-111.9644,40.8049, 682.0, 3385,  7.2, -1.1, -1.0, 56, 56, 5.18,175, 9.3
2025-10-09 23:09:36,-111.9644,40.8050, 681.6, 3391,  7.1, -1.1, -1.0, 56, 56, 5.18,175, 9.3
2025-10-09 23:09:37,-111.9644,40.8051, 681.1, 3396,  7.1, -1.1, -1.0, 56, 56, 5.18,175, 9.3
2025-10-09 23:09:38,-111.9644,40.8051, 680.7, 3402,  7.1, -1.1, -1.0, 56, 56, 5.18,175, 9.3
2025-10-09 23:09:39,-111.9644,40.8052, 680.2, 3408,  7.0, -1.1, -1.0, 56, 56, 5.18,175, 9.3
2025-10-09 23:09:40,-111.9644,40.8053, 679.7, 3413,  7.0, -1.2, -1.0, 56, 56, 5.17,175, 9.3
2025-10-09 23:09:41,-111.9644,40.8054, 679.3, 3419,  6.9, -1.2, -1.1, 56, 56, 5.17,175, 9.3
2025-10-09 23:09:42,-111.9643,40.8054, 678.8, 3424,  6.9, -1.2, -1.1, 56, 56, 5.17,175, 9.3
2025-10-09 23:09:43,-111.9643,40.8055, 678.4, 3429,  6.9, -1.2, -1.1, 56, 56, 5.17,175, 9.4
2025-10-09 23:09:44,-111.9643,40.8056, 678.0, 3434,  6.8, -1.2, -1.1, 57, 57, 5.17,175, 9.4
2025-10-09 23:09:45,-111.9643,40.8057, 677.6, 3439,  6.8, -1.2, -1.1, 57, 57, 5.16,175, 9.4
2025-10-09 23:09:46,-111.9643,40.8057, 677.2, 3444,  6.7, -1.3, -1.1, 57, 57, 5.15,176, 9.4
2025-10-09 23:09:47,-111.9643,40.8058, 676.8, 3449,  6.7, -1.3, -1.2, 57, 57, 5.14,176, 9.4
2025-10-09 23:09:48,-111.9643,40.8059, 676.4, 3454,  6.6, -1.4, -1.2, 57, 57, 5.12,177, 9.3
2025-10-09 23:09:49,-111.9642,40.8060, 675.9, 3460,  6.6, -1.4, -1.3, 57, 57, 5.11,177, 9.2
2025-10-09 23:09:50,-111.9642,40.8060, 675.4, 3466,  6.5, -1.4, -1.3, 57, 57, 5.10,178, 9.2
2025-10-09 23:09:51,-111.9642,40.8061, 674.9, 3471,  6.5, -1.5, -1.3, 57, 57, 5.09,179, 9.1
2025-10-09 23:09:52,-111.9642,40.8062, 674.5, 3477,  6.5, -1.5, -1.4, 57, 57, 5.08,180, 9.1
2025-10-09 23:09:53,-111.9642,40.8063, 674.0, 3483,  6.4, -1.6, -1.4, 57, 57, 5.07,181, 9.1
2025-10-09 23:09:54,-111.9642,40.8063, 673.5, 3489,  6.4, -1.6, -1.4, 57, 57, 5.05,182, 9.0
2025-10-09 23:09:55,-111.9642,40.8064, 673.0, 3495,  6.3, -1.6, -1.5, 57, 57, 5.04,183, 9.0
2025-10-09 23:09:56,-111.9641,40.8065, 672.5, 3501,  6.3, -1.7, -1.5, 57, 57, 5.03,184, 8.9
2025-10-09 23:09:57,-111.9641,40.8066, 672.0, 3507,  6.2, -1.7, -1.5, 57, 57, 5.02,185, 8.9
2025-10-09 23:09:58,-111.9641,40.8067, 671.5, 3513,  6.2, -1.8, -1.6, 57, 57, 5.01,186, 8.8
2025-10-09 23:09:59,-111.9641,40.8067, 671.0, 3519,  6.1, -1.8, -1.6, 57, 57, 5.00,188, 8.8
2025-10-09 23:10:00,-111.9641,40.8068, 670.5, 3525,  6.1, -1.8, -1.6, 57, 57, 5.00,189, 8.7
2025-10-09 23:10:01,-111.9641,40.8069, 670.1, 3531,  6.1, -1.8, -1.6, 57, 57, 4.99,190, 8.7
2025-10-09 23:10:02,-111.9641,40.8070, 669.6, 3537,  6.0, -1.9, -1.7, 57, 57, 4.99,191, 8.6
2025-10-09 23:10:03,-111.9640,40.8070, 669.2, 3543,  6.0, -1.9, -1.7, 57, 57, 4.98,192, 8.6
2025-10-09 23:10:04,-111.9640,40.8071, 668.7, 3548,  5.9, -1.9, -1.7, 57, 57, 4.98,193, 8.4
2025-10-09 23:10:05,-111.9640,40.8072, 668.3, 3553,  5.9, -1.9, -1.7, 57, 57, 4.97,194, 8.4
2025-10-09 23:10:06,-111.9640,40.8072, 667.8, 3558,  5.8, -2.0, -1.7, 57, 57, 4.97,195, 8.4
2025-10-09 23:10:07,-111.9639,40.8073, 667.4, 3563,  5.8, -2.0, -1.8, 57, 57, 4.96,196, 8.4
2025-10-09 23:10:08,-111.9639,40.8074, 667.0, 3568,  5.7, -2.0, -1.8, 57, 57, 4.96,197, 8.3
2025-10-09 23:10:09,-111.9639,40.8074, 666.6, 3573,  5.7, -2.0, -1.8, 58, 58, 4.95,197, 8.3
2025-10-09 23:10:10,-111.9638,40.8075, 666.2, 3578,  5.7, -2.0, -1.8, 58, 58, 4.95,197, 8.3
2025-10-09 23:10:11,-111.9638,40.8076, 665.8, 3583,  5.6, -2.1, -1.8, 58, 58, 4.94,197, 8.3
2025-10-09 23:10:12,-111.9638,40.8076, 665.4, 3588,  5.6, -2.1, -1.9, 58, 58, 4.93,197, 8.2
2025-10-09 23:10:13,-111.9637,40.8077, 665.0, 3593,  5.5, -2.1, -1.9, 58, 58, 4.93,198, 8.2
2025-10-09 23:10:14,-111.9637,40.8078, 664.6, 3598,  5.5, -2.2, -1.9, 58, 58, 4.92,198, 8.2
2025-10-09 23:10:15,-111.9637,40.8078, 664.1, 3603,  5.4, -2.2, -1.9, 58, 58, 4.91,198, 8.2
2025-10-09 23:10:16,-111.9636,40.8079, 663.7, 3608,  5.4, -2.2, -2.0, 58, 58, 4.91,198, 8.1
2025-10-09 23:10:17,-111.9636,40.8080, 663.3, 3614,  5.3, -2.2, -2.0, 58, 58, 4.90,198, 8.1
2025-10-09 23:10:18,-111.9635,40.8080, 662.8, 3620,  5.3, -2.3, -2.0, 58, 58, 4.89,199, 8.1
2025-10-09 23:10:19,-111.9635,40.8081, 662.3, 3626,  5.2, -2.3, -2.0, 58, 58, 4.88,199, 8.0
2025-10-09 23:10:20,-111.9635,40.8082, 661.8, 3632,  5.2, -2.3, -2.1, 58, 58, 4.88,199, 8.0
2025-10-09 23:10:21,-111.9634,40.8082, 661.4, 3639,  5.1, -2.4, -2.1, 59, 59, 4.87,199, 8.0
2025-10-09 23:10:22,-111.9634,40.8083, 660.9, 3645,  5.0, -2.4, -2.1, 59, 59, 4.86,199, 8.0
2025-10-09 23:10:23,-111.9634,40.8083, 660.4, 3651,  5.0, -2.4, -2.1, 59, 59, 4.86,200, 7.9
2025-10-09 23:10:24,-111.9633,40.8084, 659.9, 3656,  4.9, -2.4, -2.2, 59, 59, 4.85,200, 7.9
2025-10-09 23:10:25,-111.9633,40.8085, 659.5, 3661,  4.9, -2.5, -2.2, 59, 59, 4.84,200, 7.9
2025-10-09 23:10:26,-111.9633,40.8085, 659.0, 3666,  4.8, -2.5, -2.2, 59, 59, 4.84,200, 7.9
2025-10-09 23:10:27,-111.9632,40.8086, 658.6, 3671,  4.8, -2.5, -2.3, 59, 59, 4.82,200, 7.8
2025-10-09 23:10:28,-111.9632,40.8087, 658.2, 3676,  4.7, -2.6, -2.3, 59, 59, 4.81,201, 7.8
2025-10-09 23:10:29,-111.9632,40.8087, 657.8, 3682,  4.7, -2.6, -2.3, 59, 59, 4.80,201, 7.8
2025-10-09 23:10:30,-111.9631,40.8088, 657.3, 3688,  4.6, -2.6, -2.4, 59, 59, 4.79,202, 7.8
2025-10-09 23:10:31,-111.9631,40.8089, 656.9, 3694,  4.6, -2.7, -2.4, 59, 59, 4.79,202, 7.8
2025-10-09 23:10:32,-111.9631,40.8089, 656.4, 3700,  4.5, -2.7, -2.4, 59, 59, 4.78,203, 7.8
2025-10-09 23:10:33,-111.9630,40.8090, 655.9, 3706,  4.5, -2.8, -2.4, 59, 59, 4.77,203, 7.7
2025-10-09 23:10:34,-111.9630,40.8091, 655.4, 3712,  4.4, -2.8, -2.5, 59, 59, 4.76,204, 7.7
2025-10-09 23:10:35,-111.9629,40.8091, 654.9, 3718,  4.4, -2.8, -2.5, 59, 59, 4.75,204, 7.7
2025-10-09 23:10:36,-111.9629,40.8092, 654.4, 3724,  4.3, -2.9, -2.5, 60, 60, 4.74,205, 7.7
2025-10-09 23:10:37,-111.9628,40.8093, 653.9, 3730,  4.3, -2.9, -2.6, 60, 60, 4.73,205, 7.7
2025-10-09 23:10:38,-111.9628,40.8093, 653.5, 3735,  4.2, -2.9, -2.6, 60, 60, 4.72,206, 7.7
2025-10-09 23:10:39,-111.9627,40.8094, 653.0, 3741,  4.2, -3.0, -2.6, 60, 60, 4.71,206, 7.6
2025-10-09 23:10:40,-111.9627,40.8095, 652.6, 3746,  4.1, -3.0, -2.7, 60, 60, 4.70,207, 7.6
2025-10-09 23:10:41,-111.9626,40.8095, 652.1, 3752,  4.1, -3.0, -2.7, 60, 60, 4.70,207, 7.6
2025-10-09 23:10:42,-111.9626,40.8096, 651.7, 3758,  4.0, -3.1, -2.7, 60, 60, 4.69,208, 7.6
2025-10-09 23:10:43,-111.9626,40.8096, 651.2, 3764,  3.9, -3.1, -2.7, 60, 60, 4.68,208, 7.6
2025-10-09 23:10:44,-111.9625,40.8097, 650.7, 3770,  3.9, -3.1, -2.8, 60, 60, 4.68,209, 7.6
2025-10-09 23:10:45,-111.9625,40.8098, 650.2, 3776,  3.8, -3.1, -2.8, 60, 60, 4.67,209, 7.6
2025-10-09 23:10:46,-111.9624,40.8098, 649.7, 3782,  3.8, -3.2, -2.8, 60, 60, 4.66,210, 7.6
2025-10-09 23:10:47,-111.9624,40.8099, 649.3, 3788,  3.7, -3.2, -2.9, 61, 61, 4.65,210, 7.6
2025-10-09 23:10:48,-111.9623,40.8100, 648.8, 3794,  3.6, -3.2, -2.9, 61, 61, 4.64,210, 7.6
2025-10-09 23:10:49,-111.9622,40.8100, 648.3, 3801,  3.6, -3.3, -2.9, 61, 61, 4.64,210, 7.7
2025-10-09 23:10:50,-111.9622,40.8101, 647.7, 3808,  3.5, -3.3, -2.9, 61, 61, 4.63,210, 7.7
2025-10-09 23:10:51,-111.9622,40.8102, 647.2, 3814,  3.5, -3.3, -3.0, 61, 61, 4.62,210, 7.8
2025-10-09 23:10:52,-111.9621,40.8102, 646.7, 3821,  3.4, -3.4, -3.0, 61, 61, 4.61,210, 7.8
2025-10-09 23:10:53,-111.9621,40.8103, 646.2, 3827,  3.4, -3.4, -3.0, 61, 61, 4.61,210, 7.9
2025-10-09 23:10:54,-111.9620,40.8103, 645.6, 3834,  3.3, -3.4, -3.0, 61, 61, 4.60,210, 7.9
2025-10-09 23:10:55,-111.9620,40.8104, 645.1, 3840,  3.3, -3.5, -3.1, 61, 61, 4.60,210, 8.0
2025-10-09 23:10:56,-111.9619,40.8105, 644.6, 3846,  3.2, -3.5, -3.1, 61, 61, 4.59,210, 8.0
2025-10-09 23:10:57,-111.9619,40.8105, 644.2, 3852,  3.2, -3.5, -3.1, 62, 62, 4.58,210, 8.1
2025-10-09 23:10:58,-111.9618,40.8106, 643.7, 3859,  3.1, -3.5, -3.1, 62, 62, 4.58,210, 8.1
2025-10-09 23:10:59,-111.9618,40.8107, 643.2, 3865,  3.1, -3.6, -3.2, 62, 62, 4.57,210, 8.2
2025-10-09 23:11:00,-111.9617,40.8107, 642.7, 3871,  3.0, -3.6, -3.2, 62, 62, 4.57,210, 8.2
2025-10-09 23:11:01,-111.9617,40.8108, 642.1, 3878,  3.0, -3.6, -3.2, 62, 62, 4.56,210, 8.3
2025-10-09 23:11:02,-111.9616,40.8109, 641.6, 3884,  2.9, -3.7, -3.2, 62, 62, 4.55,210, 8.3
2025-10-09 23:11:03,-111.9616,40.8109, 641.1, 3891,  2.9, -3.7, -3.3, 62, 62, 4.55,210, 8.4
2025-10-09 23:11:04,-111.9615,40.8110, 640.6, 3897,  2.8, -3.7, -3.3, 62, 62, 4.54,210, 8.4
2025-10-09 23:11:05,-111.9615,40.8111, 640.1, 3903,  2.8, -3.8, -3.3, 62, 62, 4.53,210, 8.5
2025-10-09 23:11:06,-111.9614,40.8111, 639.6, 3910,  2.7, -3.8, -3.4, 62, 62, 4.53,210, 8.5
2025-10-09 23:11:07,-111.9613,40.8112, 639.1, 3916,  2.7, -3.8, -3.4, 62, 62, 4.52,209, 8.6
2025-10-09 23:11:08,-111.9613,40.8113, 638.6, 3923,  2.6, -3.8, -3.4, 62, 62, 4.51,210, 8.7
2025-10-09 23:11:09,-111.9612,40.8113, 638.1, 3929,  2.6, -3.9, -3.4, 63, 63, 4.51,211, 8.8
2025-10-09 23:11:10,-111.9611,40.8114, 637.6, 3935,  2.5, -3.9, -3.5, 63, 63, 4.50,211, 8.8
2025-10-09 23:11:11,-111.9610,40.8115, 637.1, 3942,  2.4, -3.9, -3.5, 63, 63, 4.49,212, 8.9
2025-10-09 23:11:12,-111.9609,40.8115, 636.6, 3948,  2.4, -4.0, -3.5, 63, 63, 4.49,213, 9.0
2025-10-09 23:11:13,-111.9609,40.8116, 636.1, 3954,  2.3, -4.0, -3.5, 63, 63, 4.48,213, 9.1
2025-10-09 23:11:14,-111.9608,40.8117, 635.6, 3960,  2.3, -4.0, -3.6, 63, 63, 4.47,214, 9.2
2025-10-09 23:11:15,-111.9607,40.8117, 635.1, 3967,  2.2, -4.0, -3.6, 63, 63, 4.47,214, 9.3
2025-10-09 23:11:16,-111.9606,40.8118, 634.6, 3973,  2.2, -4.1, -3.6, 63, 63, 4.46,215, 9.4
2025-10-09 23:11:17,-111.9605,40.8118, 634.1, 3979,  2.1, -4.1, -3.6, 63, 63, 4.45,216, 9.5
2025-10-09 23:11:18,-111.9605,40.8119, 633.7, 3985,  2.1, -4.1, -3.7, 63, 63, 4.45,216, 9.6
2025-10-09 23:11:19,-111.9604,40.8120, 633.2, 3992,  2.0, -4.2, -3.7, 64, 64, 4.44,217, 9.7
2025-10-09 23:11:20,-111.9603,40.8120, 632.7, 3998,  2.0, -4.2, -3.7, 64, 64, 4.43,217, 9.8
2025-10-09 23:11:21,-111.9602,40.8121, 632.3, 4004,  1.9, -4.2, -3.7, 64, 64, 4.43,218, 9.9
2025-10-09 23:11:22,-111.9601,40.8122, 631.8, 4009,  1.8, -4.2, -3.8, 64, 64, 4.42,218,10.0
2025-10-09 23:11:23,-111.9601,40.8122, 631.4, 4015,  1.8, -4.3, -3.8, 64, 64, 4.42,219,10.1
2025-10-09 23:11:24,-111.9600,40.8123, 630.9, 4021,  1.7, -4.3, -3.8, 64, 64, 4.41,219,10.2
2025-10-09 23:11:25,-111.9599,40.8124, 630.4, 4026,  1.7, -4.3, -3.8, 64, 64, 4.41,220,10.3
2025-10-09 23:11:26,-111.9598,40.8124, 630.0, 4032,  1.6, -4.3, -3.9, 65, 65, 4.40,220,10.4
2025-10-09 23:11:27,-111.9597,40.8125, 629.5, 4037,  1.6, -4.4, -3.9, 65, 65, 4.40,220,10.5
2025-10-09 23:11:28,-111.9597,40.8126, 629.1, 4043,  1.5, -4.4, -3.9, 65, 65, 4.39,221,10.4
2025-10-09 23:11:29,-111.9596,40.8126, 628.6, 4049,  1.4, -4.4, -3.9, 65, 65, 4.39,221,10.3
2025-10-09 23:11:30,-111.9595,40.8127, 628.2, 4055,  1.4, -4.5, -4.0, 65, 65, 4.38,221,10.2
2025-10-09 23:11:31,-111.9594,40.8128, 627.7, 4061,  1.3, -4.5, -4.0, 65, 65, 4.37,222,10.1
2025-10-09 23:11:32,-111.9593,40.8128, 627.1, 4068,  1.3, -4.5, -4.0, 65, 65, 4.37,222,10.0
2025-10-09 23:11:33,-111.9593,40.8129, 626.6, 4075,  1.2, -4.5, -4.0, 66, 66, 4.37,222, 9.9
2025-10-09 23:11:34,-111.9592,40.8130, 626.1, 4082,  1.2, -4.5, -4.0, 66, 66, 4.36,223, 9.8
2025-10-09 23:11:35,-111.9591,40.8130, 625.6, 4089,  1.1, -4.6, -4.1, 66, 66, 4.36,223, 9.7
2025-10-09 23:11:36,-111.9590,40.8131, 625.0, 4096,  1.0, -4.6, -4.1, 66, 66, 4.35,224, 9.6
2025-10-09 23:11:37,-111.9590,40.8131, 624.6, 4103,  1.0, -4.6, -4.1, 66, 66, 4.35,224, 9.5
2025-10-09 23:11:38,-111.9589,40.8132, 624.1, 4109,  0.9, -4.6, -4.1, 66, 66, 4.35,224, 9.4
2025-10-09 23:11:39,-111.9588,40.8133, 623.7, 4114,  0.9, -4.7, -4.1, 66, 66, 4.34,225, 9.3
2025-10-09 23:11:40,-111.9587,40.8133, 623.2, 4120,  0.8, -4.7, -4.2, 67, 67, 4.34,225, 9.2
2025-10-09 23:11:41,-111.9587,40.8134, 622.7, 4126,  0.8, -4.7, -4.2, 67, 67, 4.33,226, 9.1
2025-10-09 23:11:42,-111.9586,40.8135, 622.3, 4131,  0.7, -4.7, -4.2, 67, 67, 4.33,226, 9.0
2025-10-09 23:11:43,-111.9585,40.8135, 621.9, 4137,  0.6, -4.8, -4.2, 67, 67, 4.33,227, 8.9
2025-10-09 23:11:44,-111.9584,40.8136, 621.4, 4142,  0.6, -4.8, -4.2, 67, 67, 4.32,227, 8.8
2025-10-09 23:11:45,-111.9584,40.8137, 621.0, 4148,  0.5, -4.8, -4.3, 67, 67, 4.32,227, 8.7
2025-10-09 23:11:46,-111.9583,40.8137, 620.6, 4153,  0.5, -4.8, -4.3, 68, 68, 4.31,228, 8.6
2025-10-09 23:11:47,-111.9582,40.8138, 620.2, 4158,  0.4, -4.8, -4.3, 68, 68, 4.31,228, 8.5
2025-10-09 23:11:48,-111.9582,40.8138, 619.8, 4163,  0.4, -4.9, -4.3, 68, 68, 4.30,228, 8.6
2025-10-09 23:11:49,-111.9581,40.8139, 619.3, 4169,  0.3, -4.9, -4.3, 68, 68, 4.30,227, 8.7
2025-10-09 23:11:50,-111.9580,40.8140, 618.8, 4176,  0.2, -4.9, -4.4, 68, 68, 4.30,227, 8.7
2025-10-09 23:11:51,-111.9579,40.8140, 618.3, 4183,  0.2, -4.9, -4.4, 69, 69, 4.29,226, 8.8
2025-10-09 23:11:52,-111.9578,40.8141, 617.7, 4190,  0.1, -5.0, -4.4, 69, 69, 4.29,225, 8.9
2025-10-09 23:11:53,-111.9578,40.8142, 617.0, 4200,  0.0, -5.0, -4.4, 69, 69, 4.28,224, 9.0
2025-10-09 23:11:54,-111.9577,40.8142, 616.7, 4204, -0.0, -5.0, -4.4, 69, 69, 4.28,224, 9.0
2025-10-09 23:11:55,-111.9576,40.8143, 616.2, 4210, -0.1, -5.0, -4.5, 69, 69, 4.28,224, 9.1
2025-10-09 23:11:56,-111.9576,40.8144, 615.8, 4216, -0.1, -5.0, -4.5, 69, 69, 4.27,223, 9.2
2025-10-09 23:11:57,-111.9575,40.8144, 615.3, 4222, -0.2, -5.1, -4.5, 70, 70, 4.27,223, 9.3
2025-10-09 23:11:58,-111.9574,40.8145, 614.8, 4228, -0.2, -5.1, -4.5, 70, 70, 4.26,222, 9.4
2025-10-09 23:11:59,-111.9573,40.8145, 614.3, 4235, -0.3, -5.1, -4.5, 70, 70, 4.26,221, 9.4
2025-10-09 23:12:00,-111.9573,40.8146, 613.9, 4241, -0.4, -5.1, -4.6, 70, 70, 4.25,221, 9.5
2025-10-09 23:12:01,-111.9572,40.8147, 613.4, 4247, -0.4, -5.2, -4.6, 70, 71, 4.25,220, 9.6
2025-10-09 23:12:02,-111.9571,40.8147, 612.9, 4254, -0.5, -5.2, -4.6, 71, 71, 4.25,220, 9.7
2025-10-09 23:12:03,-111.9571,40.8148, 612.4, 4260, -0.5, -5.2, -4.6, 71, 71, 4.25,219, 9.8
2025-10-09 23:12:04,-111.9570,40.8148, 611.9, 4266, -0.6, -5.2, -4.6, 71, 71, 4.25,219, 9.9
2025-10-09 23:12:05,-111.9569,40.8149, 611.4, 4273, -0.6, -5.2, -4.6, 71, 72, 4.24,218,10.0
2025-10-09 23:12:06,-111.9568,40.8150, 610.9, 4279, -0.7, -5.2, -4.7, 71, 72, 4.24,218,10.0
2025-10-09 23:12:07,-111.9567,40.8151, 610.5, 4285, -0.8, -5.3, -4.7, 72, 72, 4.24,218,10.1
2025-10-09 23:12:08,-111.9567,40.8151, 610.1, 4290, -0.8, -5.3, -4.7, 72, 72, 4.24,218,10.1
2025-10-09 23:12:09,-111.9566,40.8152, 609.6, 4296, -0.9, -5.3, -4.7, 72, 73, 4.23,218,10.1
2025-10-09 23:12:10,-111.9565,40.8153, 609.2, 4302, -0.9, -5.3, -4.7, 72, 73, 4.23,217,10.1
2025-10-09 23:12:11,-111.9565,40.8154, 608.7, 4308, -1.0, -5.3, -4.7, 72, 73, 4.23,217,10.1
2025-10-09 23:12:12,-111.9564,40.8154, 608.3, 4314, -1.1, -5.4, -4.8, 73, 73, 4.22,217,10.1
2025-10-09 23:12:13,-111.9563,40.8155, 607.8, 4320, -1.1, -5.4, -4.8, 73, 74, 4.22,217,10.1
2025-10-09 23:12:14,-111.9562,40.8156, 607.4, 4326, -1.2, -5.4, -4.8, 73, 74, 4.22,217,10.1
2025-10-09 23:12:15,-111.9562,40.8157, 606.9, 4332, -1.2, -5.4, -4.8, 73, 74, 4.22,217,10.1
2025-10-09 23:12:16,-111.9561,40.8157, 606.5, 4338, -1.3, -5.4, -4.8, 73, 74, 4.22,217,10.1
2025-10-09 23:12:17,-111.9560,40.8158, 606.0, 4344, -1.3, -5.4, -4.8, 74, 75, 4.22,217,10.1
2025-10-09 23:12:18,-111.9559,40.8159, 605.5, 4350, -1.4, -5.4, -4.8, 74, 75, 4.22,217,10.1
2025-10-09 23:12:19,-111.9559,40.8160, 605.1, 4355, -1.4, -5.4, -4.8, 74, 75, 4.22,217,10.1
2025-10-09 23:12:20,-111.9558,40.8160, 604.7, 4361, -1.5, -5.5, -4.9, 74, 75, 4.21,217,10.1
2025-10-09 23:12:21,-111.9557,40.8161, 604.2, 4367, -1.6, -5.5, -4.9, 75, 76, 4.21,217,10.1
2025-10-09 23:12:22,-111.9557,40.8162, 603.8, 4373, -1.6, -5.5, -4.9, 75, 76, 4.21,217,10.1
2025-10-09 23:12:23,-111.9556,40.8163, 603.3, 4379, -1.7, -5.5, -4.9, 75, 76, 4.21,217,10.1
2025-10-09 23:12:24,-111.9555,40.8163, 602.9, 4385, -1.7, -5.5, -4.9, 75, 77, 4.21,217,10.1
2025-10-09 23:12:25,-111.9554,40.8164, 602.4, 4391, -1.8, -5.5, -4.9, 76, 77, 4.21,217,10.1
2025-10-09 23:12:26,-111.9554,40.8165, 602.0, 4397, -1.8, -5.5, -4.9, 76, 77, 4.21,217,10.1
2025-10-09 23:12:27,-111.9553,40.8166, 601.5, 4403, -1.9, -5.6, -4.9, 76, 77, 4.21,217,10.1
2025-10-09 23:12:28,-111.9552,40.8167, 601.1, 4409, -2.0, -5.6, -4.9, 76, 78, 4.21,217,10.1
2025-10-09 23:12:29,-111.9551,40.8167, 600.6, 4415, -2.0, -5.6, -5.0, 77, 78, 4.20,217,10.2
2025-10-09 23:12:30,-111.9551,40.8168, 600.2, 4421, -2.1, -5.6, -5.0, 77, 78, 4.20,217,10.2
2025-10-09 23:12:31,-111.9550,40.8169, 599.8, 4426, -2.1, -5.6, -5.0, 77, 79, 4.20,217,10.3
2025-10-09 23:12:32,-111.9549,40.8170, 599.3, 4432, -2.2, -5.6, -5.0, 77, 79, 4.20,217,10.3
2025-10-09 23:12:33,-111.9548,40.8170, 598.9, 4437, -2.2, -5.6, -5.0, 78, 79, 4.20,217,10.4
2025-10-09 23:12:34,-111.9548,40.8171, 598.5, 4443, -2.3, -5.6, -5.0, 78, 80, 4.20,217,10.4
2025-10-09 23:12:35,-111.9547,40.8172, 598.1, 4448, -2.4, -5.7, -5.0, 78, 80, 4.20,217,10.5
2025-10-09 23:12:36,-111.9546,40.8173, 597.7, 4454, -2.4, -5.7, -5.0, 78, 80, 4.19,217,10.6
2025-10-09 23:12:37,-111.9545,40.8173, 597.2, 4459, -2.5, -5.7, -5.1, 79, 80, 4.19,217,10.6
2025-10-09 23:12:38,-111.9545,40.8174, 596.8, 4465, -2.5, -5.7, -5.1, 79, 81, 4.19,217,10.7
2025-10-09 23:12:39,-111.9544,40.8175, 596.3, 4470, -2.6, -5.7, -5.1, 79, 81, 4.19,217,10.7
2025-10-09 23:12:40,-111.9543,40.8176, 595.9, 4477, -2.6, -5.7, -5.1, 79, 81, 4.19,217,10.8
2025-10-09 23:12:41,-111.9542,40.8177, 595.5, 4483, -2.7, -5.8, -5.1, 79, 82, 4.19,217,10.8
2025-10-09 23:12:42,-111.9541,40.8177, 595.0, 4489, -2.8, -5.8, -5.1, 80, 82, 4.18,217,10.9
2025-10-09 23:12:43,-111.9540,40.8178, 594.6, 4495, -2.8, -5.8, -5.1, 80, 82, 4.18,217,10.9
2025-10-09 23:12:44,-111.9539,40.8179, 594.1, 4501, -2.9, -5.8, -5.2, 80, 82, 4.17,217,11.0
2025-10-09 23:12:45,-111.9538,40.8180, 593.7, 4508, -2.9, -5.8, -5.2, 80, 83, 4.17,217,11.1
2025-10-09 23:12:46,-111.9537,40.8181, 593.2, 4514, -3.0, -5.9, -5.2, 80, 83, 4.16,217,11.1
2025-10-09 23:12:47,-111.9537,40.8181, 592.7, 4520, -3.0, -5.9, -5.2, 81, 83, 4.16,217,11.2
2025-10-09 23:12:48,-111.9536,40.8182, 592.3, 4526, -3.1, -5.9, -5.2, 81, 83, 4.16,217,11.2
2025-10-09 23:12:49,-111.9535,40.8183, 591.9, 4532, -3.1, -5.9, -5.3, 81, 83, 4.15,217,11.2
2025-10-09 23:12:50,-111.9534,40.8184, 591.4, 4538, -3.2, -6.0, -5.3, 81, 84, 4.15,218,11.3
2025-10-09 23:12:51,-111.9533,40.8185, 591.0, 4543, -3.3, -6.0, -5.3, 82, 84, 4.15,218,11.3
2025-10-09 23:12:52,-111.9532,40.8186, 590.6, 4549, -3.3, -6.0, -5.3, 82, 84, 4.14,218,11.3
2025-10-09 23:12:53,-111.9531,40.8186, 590.2, 4554, -3.4, -6.0, -5.3, 82, 85, 4.14,218,11.4
2025-10-09 23:12:54,-111.9531,40.8187, 589.7, 4560, -3.4, -6.0, -5.4, 82, 85, 4.14,218,11.4
2025-10-09 23:12:55,-111.9530,40.8188, 589.3, 4565, -3.4, -6.1, -5.4, 82, 85, 4.13,218,11.4
2025-10-09 23:12:56,-111.9529,40.8189, 588.9, 4571, -3.5, -6.1, -5.4, 82, 85, 4.12,218,11.4
2025-10-09 23:12:57,-111.9528,40.8190, 588.5, 4576, -3.5, -6.1, -5.4, 82, 85, 4.12,218,11.5
2025-10-09 23:12:58,-111.9527,40.8190, 588.1, 4581, -3.6, -6.1, -5.5, 82, 85, 4.11,218,11.5
2025-10-09 23:12:59,-111.9526,40.8191, 587.7, 4587, -3.6, -6.2, -5.5, 83, 85, 4.11,219,11.5
2025-10-09 23:13:00,-111.9525,40.8192, 587.3, 4592, -3.7, -6.2, -5.5, 83, 86, 4.11,219,11.6
2025-10-09 23:13:01,-111.9524,40.8193, 586.9, 4598, -3.7, -6.2, -5.5, 83, 86, 4.10,219,11.6
2025-10-09 23:13:02,-111.9523,40.8194, 586.5, 4603, -3.7, -6.2, -5.5, 83, 86, 4.10,219,11.6
2025-10-09 23:13:03,-111.9523,40.8194, 586.1, 4608, -3.8, -6.3, -5.6, 83, 86, 4.09,219,11.7
2025-10-09 23:13:04,-111.9522,40.8195, 585.7, 4614, -3.8, -6.3, -5.6, 83, 86, 4.09,219,11.7
2025-10-09 23:13:05,-111.9521,40.8196, 585.3, 4619, -3.9, -6.3, -5.6, 83, 86, 4.08,219,11.7
2025-10-09 23:13:06,-111.9520,40.8197, 584.9, 4624, -3.9, -6.3, -5.6, 83, 86, 4.08,219,11.8
2025-10-09 23:13:07,-111.9519,40.8198, 584.5, 4630, -3.9, -6.4, -5.6, 83, 87, 4.07,220,11.8
2025-10-09 23:13:08,-111.9518,40.8199, 584.1, 4635, -4.0, -6.4, -5.7, 83, 87, 4.06,219,11.8
2025-10-09 23:13:09,-111.9518,40.8200, 583.7, 4640, -4.0, -6.4, -5.7, 83, 87, 4.05,219,11.8
2025-10-09 23:13:10,-111.9517,40.8201, 583.3, 4646, -4.1, -6.5, -5.8, 83, 87, 4.04,219,11.9
2025-10-09 23:13:11,-111.9516,40.8202, 582.9, 4651, -4.1, -6.5, -5.8, 83, 87, 4.03,219,11.9
2025-10-09 23:13:12,-111.9515,40.8202, 582.5, 4657, -4.1, -6.6, -5.8, 83, 87, 4.02,218,11.9
2025-10-09 23:13:13,-111.9515,40.8203, 582.1, 4662, -4.2, -6.6, -5.9, 83, 87, 4.01,218,11.9
2025-10-09 23:13:14,-111.9514,40.8204, 581.8, 4668, -4.2, -6.7, -5.9, 83, 87, 3.99,218,11.9
2025-10-09 23:13:15,-111.9513,40.8205, 581.4, 4673, -4.3, -6.7, -6.0, 83, 87, 3.98,218,12.0
2025-10-09 23:13:16,-111.9512,40.8206, 581.0, 4678, -4.3, -6.8, -6.0, 83, 87, 3.97,217,12.0
2025-10-09 23:13:17,-111.9511,40.8207, 580.6, 4683, -4.3, -6.8, -6.0, 83, 87, 3.96,217,12.0
2025-10-09 23:13:18,-111.9511,40.8208, 580.2, 4689, -4.4, -6.8, -6.1, 83, 87, 3.95,217,12.0
2025-10-09 23:13:19,-111.9510,40.8209, 579.8, 4694, -4.4, -6.9, -6.1, 83, 87, 3.94,217,12.0
2025-10-09 23:13:20,-111.9509,40.8210, 579.4, 4699, -4.5, -6.9, -6.2, 83, 87, 3.93,216,12.1
2025-10-09 23:13:21,-111.9508,40.8211, 579.1, 4704, -4.5, -7.0, -6.2, 83, 87, 3.92,216,12.1
2025-10-09 23:13:22,-111.9507,40.8212, 578.7, 4709, -4.5, -7.0, -6.3, 83, 86, 3.90,216,12.1
2025-10-09 23:13:23,-111.9507,40.8213, 578.3, 4714, -4.6, -7.1, -6.3, 83, 86, 3.89,216,12.1
2025-10-09 23:13:24,-111.9506,40.8214, 578.0, 4719, -4.6, -7.1, -6.4, 82, 86, 3.87,215,12.1
2025-10-09 23:13:25,-111.9505,40.8215, 577.6, 4724, -4.6, -7.2, -6.4, 82, 86, 3.86,215,12.2
2025-10-09 23:13:26,-111.9504,40.8216, 577.3, 4728, -4.7, -7.3, -6.4, 82, 86, 3.84,215,12.2
2025-10-09 23:13:27,-111.9504,40.8217, 576.9, 4733, -4.7, -7.3, -6.5, 82, 86, 3.83,215,12.2
2025-10-09 23:13:28,-111.9503,40.8217, 576.5, 4737, -4.7, -7.4, -6.5, 82, 86, 3.82,214,12.2
2025-10-09 23:13:29,-111.9502,40.8218, 576.2, 4742, -4.8, -7.4, -6.6, 82, 86, 3.80,214,12.2
2025-10-09 23:13:30,-111.9501,40.8219, 575.8, 4748, -4.8, -7.5, -6.6, 82, 85, 3.79,214,12.3
2025-10-09 23:13:31,-111.9501,40.8220, 575.4, 4754, -4.8, -7.5, -6.7, 81, 85, 3.77,213,12.3
2025-10-09 23:13:32,-111.9500,40.8221, 574.9, 4760, -4.9, -7.6, -6.8, 81, 85, 3.76,213,12.3
2025-10-09 23:13:33,-111.9499,40.8222, 574.5, 4767, -4.9, -7.6, -6.8, 81, 85, 3.75,213,12.3
2025-10-09 23:13:34,-111.9498,40.8223, 574.0, 4773, -5.0, -7.7, -6.9, 81, 85, 3.73,212,12.3
2025-10-09 23:13:35,-111.9497,40.8224, 573.6, 4779, -5.0, -7.8, -6.9, 81, 85, 3.72,212,12.4
2025-10-09 23:13:36,-111.9497,40.8225, 573.1, 4785, -5.1, -7.8, -6.9, 81, 85, 3.71,212,12.4
2025-10-09 23:13:37,-111.9496,40.8226, 572.7, 4792, -5.1, -7.9, -7.0, 81, 85, 3.70,211,12.4
2025-10-09 23:13:38,-111.9495,40.8227, 572.2, 4798, -5.2, -7.9, -7.0, 81, 85, 3.68,211,12.4
2025-10-09 23:13:39,-111.9494,40.8228, 571.8, 4805, -5.2, -8.0, -7.1, 81, 85, 3.67,211,12.5
2025-10-09 23:13:40,-111.9493,40.8229, 571.4, 4811, -5.3, -8.0, -7.1, 81, 85, 3.66,210,12.5
2025-10-09 23:13:41,-111.9492,40.8230, 570.9, 4816, -5.3, -8.1, -7.2, 81, 85, 3.65,210,12.5
2025-10-09 23:13:42,-111.9491,40.8231, 570.5, 4822, -5.4, -8.1, -7.2, 81, 85, 3.64,210,12.5
2025-10-09 23:13:43,-111.9490,40.8232, 570.1, 4827, -5.4, -8.2, -7.3, 81, 85, 3.62,209,12.6
2025-10-09 23:13:44,-111.9490,40.8233, 569.7, 4833, -5.5, -8.2, -7.3, 81, 85, 3.61,209,12.6
2025-10-09 23:13:45,-111.9489,40.8234, 569.2, 4838, -5.5, -8.3, -7.4, 81, 85, 3.60,209,12.6
2025-10-09 23:13:46,-111.9488,40.8235, 568.8, 4843, -5.6, -8.3, -7.4, 81, 85, 3.59,208,12.6
2025-10-09 23:13:47,-111.9487,40.8236, 568.4, 4850, -5.6, -8.4, -7.5, 81, 85, 3.58,208,12.7
2025-10-09 23:13:48,-111.9486,40.8237, 568.0, 4856, -5.7, -8.4, -7.5, 81, 86, 3.58,208,12.7
2025-10-09 23:13:49,-111.9485,40.8238, 567.6, 4862, -5.7, -8.4, -7.5, 81, 86, 3.57,209,12.8
2025-10-09 23:13:50,-111.9485,40.8239, 567.1, 4868, -5.8, -8.5, -7.5, 81, 86, 3.56,209,12.8
2025-10-09 23:13:51,-111.9484,40.8240, 566.7, 4874, -5.8, -8.5, -7.5, 81, 86, 3.56,209,12.9
2025-10-09 23:13:52,-111.9483,40.8242, 566.3, 4880, -5.8, -8.5, -7.6, 81, 86, 3.55,210,13.0
2025-10-09 23:13:53,-111.9482,40.8243, 565.9, 4886, -5.9, -8.5, -7.6, 82, 86, 3.55,210,13.0
2025-10-09 23:13:54,-111.9481,40.8244, 565.4, 4891, -5.9, -8.6, -7.6, 82, 87, 3.54,210,13.1
2025-10-09 23:13:55,-111.9480,40.8245, 565.0, 4897, -6.0, -8.6, -7.6, 82, 87, 3.54,210,13.1
2025-10-09 23:13:56,-111.9479,40.8246, 564.6, 4902, -6.0, -8.6, -7.7, 82, 87, 3.53,211,13.2
2025-10-09 23:13:57,-111.9479,40.8247, 564.2, 4908, -6.1, -8.7, -7.7, 82, 87, 3.53,211,13.3
2025-10-09 23:13:58,-111.9478,40.8248, 563.8, 4914, -6.1, -8.7, -7.7, 82, 87, 3.52,211,13.3
2025-10-09 23:13:59,-111.9477,40.8249, 563.4, 4919, -6.2, -8.7, -7.7, 82, 87, 3.52,212,13.4
2025-10-09 23:14:00,-111.9476,40.8250, 562.9, 4926, -6.2, -8.8, -7.8, 82, 87, 3.51,212,13.5
2025-10-09 23:14:01,-111.9475,40.8251, 562.6, 4931, -6.2, -8.8, -7.8, 82, 87, 3.49,212,13.5
2025-10-09 23:14:02,-111.9474,40.8252, 562.2, 4937, -6.3, -8.9, -7.9, 82, 87, 3.47,212,13.6
2025-10-09 23:14:03,-111.9473,40.8253, 561.8, 4943, -6.3, -9.0, -8.0, 81, 86, 3.45,213,13.7
2025-10-09 23:14:04,-111.9472,40.8254, 561.4, 4949, -6.3, -9.1, -8.1, 81, 86, 3.43,213,13.7
2025-10-09 23:14:05,-111.9472,40.8255, 561.0, 4954, -6.3, -9.1, -8.1, 80, 85, 3.41,213,13.8
2025-10-09 23:14:06,-111.9471,40.8256, 560.6, 4959, -6.3, -9.2, -8.2, 80, 84, 3.39,213,13.8
2025-10-09 23:14:07,-111.9470,40.8257, 560.2, 4963, -6.3, -9.3, -8.3, 79, 84, 3.37,214,13.9
2025-10-09 23:14:08,-111.9469,40.8258, 559.9, 4968, -6.3, -9.4, -8.4, 79, 83, 3.35,214,14.0
2025-10-09 23:14:09,-111.9468,40.8259, 559.6, 4972, -6.3, -9.5, -8.5, 78, 83, 3.33,214,14.1
2025-10-09 23:14:10,-111.9466,40.8260, 559.2, 4977, -6.3, -9.6, -8.5, 78, 82, 3.31,215,14.2
2025-10-09 23:14:11,-111.9465,40.8261, 558.9, 4982, -6.3, -9.7, -8.6, 77, 82, 3.29,215,14.2
2025-10-09 23:14:12,-111.9464,40.8262, 558.5, 4987, -6.3, -9.8, -8.7, 77, 81, 3.27,216,14.3
2025-10-09 23:14:13,-111.9463,40.8263, 558.2, 4993, -6.3, -9.8, -8.8, 76, 81, 3.25,216,14.4
2025-10-09 23:14:14,-111.9461,40.8264, 557.8, 4998, -6.3, -9.9, -8.9, 76, 80, 3.22,216,14.5
2025-10-09 23:14:15,-111.9460,40.8265, 557.4, 5003, -6.4,-10.1, -9.0, 75, 80, 3.19,217,14.6
2025-10-09 23:14:16,-111.9459,40.8267, 557.0, 5009, -6.4,-10.2, -9.1, 74, 79, 3.16,217,14.7
2025-10-09 23:14:17,-111.9458,40.8268, 556.6, 5014, -6.4,-10.4, -9.2, 73, 78, 3.12,217,14.8
2025-10-09 23:14:18,-111.9457,40.8269, 556.2, 5019, -6.4,-10.5, -9.4, 73, 77, 3.09,218,14.9
2025-10-09 23:14:19,-111.9455,40.8270, 555.9, 5025, -6.4,-10.7, -9.5, 72, 77, 3.06,218,14.9
2025-10-09 23:14:20,-111.9454,40.8271, 555.5, 5030, -6.5,-10.8, -9.6, 71, 76, 3.02,218,15.0
2025-10-09 23:14:21,-111.9453,40.8272, 555.1, 5036, -6.5,-10.9, -9.8, 71, 75, 2.99,219,15.1
2025-10-09 23:14:22,-111.9452,40.8273, 554.7, 5041, -6.5,-11.1, -9.9, 70, 74, 2.96,219,15.2
2025-10-09 23:14:23,-111.9450,40.8274, 554.3, 5046, -6.5,-11.2,-10.0, 69, 74, 2.92,219,15.3
2025-10-09 23:14:24,-111.9449,40.8275, 554.0, 5052, -6.5,-11.4,-10.2, 68, 73, 2.89,220,15.4
2025-10-09 23:14:25,-111.9448,40.8276, 553.6, 5057, -6.6,-11.5,-10.3, 68, 72, 2.86,220,15.5
2025-10-09 23:14:26,-111.9447,40.8277, 553.2, 5062, -6.6,-11.7,-10.4, 67, 71, 2.82,220,15.6
2025-10-09 23:14:27,-111.9446,40.8278, 552.9, 5067, -6.6,-11.9,-10.6, 66, 71, 2.79,221,15.7
2025-10-09 23:14:28,-111.9444,40.8279, 552.5, 5072, -6.6,-12.0,-10.7, 66, 70, 2.76,221,15.7
2025-10-09 23:14:29,-111.9443,40.8280, 552.2, 5077, -6.7,-12.1,-10.8, 65, 70, 2.74,221,15.7
2025-10-09 23:14:30,-111.9442,40.8281, 551.8, 5082, -6.7,-12.2,-10.9, 65, 69, 2.72,221,15.6
2025-10-09 23:14:31,-111.9441,40.8282, 551.5, 5087, -6.7,-12.3,-10.9, 65, 69, 2.71,221,15.6
2025-10-09 23:14:32,-111.9439,40.8283, 551.2, 5091, -6.7,-12.4,-11.0, 64, 69, 2.69,222,15.6
2025-10-09 23:14:33,-111.9438,40.8284, 550.8, 5096, -6.8,-12.4,-11.1, 64, 68, 2.67,222,15.6
2025-10-09 23:14:34,-111.9437,40.8285, 550.5, 5101, -6.8,-12.5,-11.2, 64, 68, 2.65,222,15.6
2025-10-09 23:14:35,-111.9436,40.8286, 550.2, 5105, -6.8,-12.6,-11.3, 63, 68, 2.64,222,15.6
2025-10-09 23:14:36,-111.9434,40.8287, 549.9, 5109, -6.8,-12.7,-11.3, 63, 67, 2.62,222,15.6
2025-10-09 23:14:37,-111.9433,40.8288, 549.6, 5113, -6.9,-12.8,-11.4, 63, 67, 2.60,223,15.6
2025-10-09 23:14:38,-111.9432,40.8289, 549.3, 5118, -6.9,-12.9,-11.5, 62, 67, 2.59,223,15.6
2025-10-09 23:14:39,-111.9431,40.8290, 549.0, 5122, -6.9,-13.0,-11.6, 62, 66, 2.57,223,15.5
2025-10-09 23:14:40,-111.9429,40.8291, 548.7, 5125, -6.9,-13.0,-11.6, 62, 66, 2.55,223,15.5
2025-10-09 23:14:41,-111.9428,40.8292, 548.4, 5130, -6.9,-13.1,-11.7, 61, 66, 2.54,223,15.5
2025-10-09 23:14:42,-111.9427,40.8293, 548.1, 5135, -6.9,-13.3,-11.9, 60, 65, 2.50,223,15.5
2025-10-09 23:14:43,-111.9425,40.8294, 547.7, 5141, -6.9,-13.5,-12.0, 60, 64, 2.47,224,15.5
2025-10-09 23:14:44,-111.9424,40.8295, 547.4, 5146, -6.9,-13.6,-12.2, 59, 63, 2.44,224,15.5
2025-10-09 23:14:45,-111.9423,40.8296, 547.0, 5151, -6.9,-13.8,-12.3, 58, 62, 2.41,224,15.5
2025-10-09 23:14:46,-111.9421,40.8297, 546.7, 5156, -6.9,-14.0,-12.5, 57, 61, 2.38,224,15.5
2025-10-09 23:14:47,-111.9420,40.8298, 546.3, 5161, -6.9,-14.1,-12.6, 57, 60, 2.35,224,15.5
2025-10-09 23:14:48,-111.9419,40.8299, 546.0, 5165, -6.9,-14.3,-12.8, 56, 60, 2.31,224,15.4
2025-10-09 23:14:49,-111.9417,40.8300, 545.7, 5170, -6.9,-14.5,-12.9, 55, 59, 2.28,225,15.4
2025-10-09 23:14:50,-111.9416,40.8301, 545.4, 5175, -6.9,-14.7,-13.1, 54, 58, 2.25,225,15.4
2025-10-09 23:14:51,-111.9415,40.8302, 545.0, 5179, -6.9,-14.8,-13.3, 53, 57, 2.22,225,15.4
2025-10-09 23:14:52,-111.9414,40.8303, 544.7, 5184, -6.9,-15.0,-13.4, 53, 56, 2.19,225,15.4
2025-10-09 23:14:53,-111.9412,40.8304, 544.4, 5187, -6.9,-15.2,-13.6, 52, 55, 2.15,225,15.4
2025-10-09 23:14:54,-111.9410,40.8305, 544.1, 5191, -7.0,-15.4,-13.8, 51, 54, 2.12,225,15.3
2025-10-09 23:14:55,-111.9410,40.8306, 543.7, 5197, -7.0,-15.7,-14.1, 50, 53, 2.06,225,15.3
2025-10-09 23:14:56,-111.9408,40.8307, 543.5, 5199, -7.0,-15.7,-14.1, 50, 53, 2.07,225,15.3
2025-10-09 23:14:57,-111.9407,40.8307, 543.2, 5203, -7.0,-15.7,-14.1, 50, 54, 2.07,225,15.3
2025-10-09 23:14:58,-111.9406,40.8308, 542.9, 5207, -7.1,-15.7,-14.0, 50, 54, 2.07,225,15.3
2025-10-09 23:14:59,-111.9404,40.8309, 542.6, 5213, -7.1,-15.7,-14.0, 50, 54, 2.08,225,15.2
2025-10-09 23:15:00,-111.9403,40.8310, 542.3, 5218, -7.1,-15.7,-14.0, 50, 54, 2.08,226,15.2
2025-10-09 23:15:01,-111.9402,40.8311, 542.0, 5223, -7.1,-15.7,-14.0, 51, 54, 2.09,226,15.2
2025-10-09 23:15:02,-111.9401,40.8312, 541.6, 5228, -7.2,-15.6,-14.0, 51, 54, 2.09,226,15.2
2025-10-09 23:15:03,-111.9399,40.8313, 541.3, 5233, -7.2,-15.6,-14.0, 51, 55, 2.09,226,15.2
2025-10-09 23:15:04,-111.9398,40.8314, 541.0, 5238, -7.2,-15.6,-14.0, 51, 55, 2.10,226,15.2
2025-10-09 23:15:05,-111.9397,40.8315, 540.6, 5242, -7.2,-15.6,-14.0, 51, 55, 2.10,226,15.1
2025-10-09 23:15:06,-111.9395,40.8316, 540.3, 5247, -7.3,-15.6,-13.9, 51, 55, 2.10,226,15.1
2025-10-09 23:15:07,-111.9394,40.8317, 540.0, 5251, -7.3,-15.6,-13.9, 52, 55, 2.11,226,15.1
2025-10-09 23:15:08,-111.9393,40.8318, 539.7, 5256, -7.3,-15.6,-13.9, 52, 55, 2.11,226,15.1
2025-10-09 23:15:09,-111.9391,40.8319, 539.4, 5260, -7.3,-15.5,-13.9, 52, 56, 2.11,226,15.1
2025-10-09 23:15:10,-111.9390,40.8320, 539.0, 5265, -7.4,-15.7,-14.0, 51, 55, 2.10,226,15.1
2025-10-09 23:15:11,-111.9389,40.8321, 538.7, 5269, -7.4,-15.8,-14.1, 51, 55, 2.08,226,15.1
2025-10-09 23:15:12,-111.9388,40.8322, 538.4, 5274, -7.4,-15.9,-14.2, 51, 55, 2.06,226,15.1
2025-10-09 23:15:13,-111.9386,40.8323, 538.1, 5278, -7.4,-16.0,-14.3, 50, 54, 2.05,226,15.1
2025-10-09 23:15:14,-111.9385,40.8324, 537.9, 5283, -7.5,-16.1,-14.4, 50, 54, 2.03,226,15.1
2025-10-09 23:15:15,-111.9384,40.8325, 537.6, 5287, -7.5,-16.2,-14.5, 50, 54, 2.01,226,15.1
2025-10-09 23:15:16,-111.9382,40.8326, 537.3, 5291, -7.5,-16.3,-14.6, 49, 53, 2.00,226,15.1
2025-10-09 23:15:17,-111.9381,40.8326, 537.1, 5294, -7.5,-16.4,-14.6, 49, 53, 1.98,226,15.1
2025-10-09 23:15:18,-111.9380,40.8327, 536.8, 5297, -7.6,-16.5,-14.7, 49, 53, 1.97,226,15.1
2025-10-09 23:15:19,-111.9378,40.8328, 536.6, 5300, -7.6,-16.6,-14.8, 49, 52, 1.95,226,15.1
2025-10-09 23:15:20,-111.9377,40.8329, 536.3, 5303, -7.6,-16.7,-14.9, 48, 52, 1.94,226,15.1
2025-10-09 23:15:21,-111.9376,40.8330, 536.0, 5307, -7.6,-16.8,-15.0, 48, 52, 1.92,226,15.2
2025-10-09 23:15:22,-111.9375,40.8331, 535.8, 5310, -7.6,-16.9,-15.1, 48, 51, 1.90,226,15.2
2025-10-09 23:15:23,-111.9373,40.8332, 535.5, 5315, -7.7,-17.1,-15.3, 47, 50, 1.87,226,15.2
2025-10-09 23:15:24,-111.9372,40.8333, 535.3, 5319, -7.7,-17.4,-15.6, 46, 49, 1.83,226,15.2
2025-10-09 23:15:25,-111.9371,40.8334, 535.0, 5324, -7.7,-17.7,-15.8, 45, 48, 1.78,226,15.2
2025-10-09 23:15:26,-111.9369,40.8335, 534.7, 5328, -7.7,-18.0,-16.1, 44, 47, 1.74,226,15.2
2025-10-09 23:15:27,-111.9368,40.8336, 534.4, 5332, -7.8,-18.3,-16.4, 43, 46, 1.70,226,15.2
2025-10-09 23:15:28,-111.9367,40.8337, 534.1, 5337, -7.8,-18.6,-16.7, 42, 45, 1.65,226,15.2
2025-10-09 23:15:29,-111.9365,40.8338, 533.8, 5340, -7.8,-18.9,-16.9, 41, 44, 1.61,226,15.2
2025-10-09 23:15:30,-111.9364,40.8339, 533.6, 5344, -7.8,-19.2,-17.2, 40, 43, 1.57,226,15.2
2025-10-09 23:15:31,-111.9363,40.8340, 533.3, 5348, -7.9,-19.5,-17.5, 39, 42, 1.53,226,15.3
2025-10-09 23:15:32,-111.9362,40.8341, 533.1, 5352, -7.9,-19.9,-17.8, 38, 40, 1.48,226,15.3
2025-10-09 23:15:33,-111.9360,40.8342, 532.8, 5356, -7.9,-20.2,-18.2, 36, 39, 1.44,226,15.3
2025-10-09 23:15:34,-111.9359,40.8343, 532.6, 5360, -7.9,-20.6,-18.5, 35, 38, 1.40,226,15.3
2025-10-09 23:15:35,-111.9358,40.8344, 532.3, 5363, -7.9,-20.9,-18.8, 34, 37, 1.36,226,15.3
2025-10-09 23:15:36,-111.9356,40.8344, 532.1, 5366, -8.0,-21.3,-19.1, 33, 36, 1.32,226,15.4
2025-10-09 23:15:37,-111.9355,40.8345, 531.9, 5369, -8.0,-21.4,-19.2, 33, 36, 1.31,226,15.4
2025-10-09 23:15:38,-111.9353,40.8346, 531.7, 5372, -8.0,-21.5,-19.3, 33, 36, 1.30,226,15.4
2025-10-09 23:15:39,-111.9352,40.8347, 531.5, 5374, -8.0,-21.6,-19.4, 33, 35, 1.29,226,15.4
2025-10-09 23:15:40,-111.9351,40.8348, 531.3, 5377, -8.0,-21.6,-19.5, 33, 35, 1.28,226,15.4
2025-10-09 23:15:41,-111.9349,40.8349, 531.1, 5380, -8.0,-21.7,-19.6, 32, 35, 1.27,226,15.5
2025-10-09 23:15:42,-111.9348,40.8350, 530.9, 5383, -8.1,-21.8,-19.6, 32, 35, 1.26,227,15.5
2025-10-09 23:15:43,-111.9346,40.8351, 530.7, 5386, -8.1,-21.9,-19.7, 32, 34, 1.25,227,15.5
2025-10-09 23:15:44,-111.9345,40.8352, 530.5, 5389, -8.1,-22.0,-19.8, 32, 34, 1.24,227,15.5
2025-10-09 23:15:45,-111.9343,40.8353, 530.3, 5392, -8.1,-22.1,-19.9, 31, 34, 1.23,227,15.5
2025-10-09 23:15:46,-111.9342,40.8354, 530.1, 5395, -8.1,-22.2,-20.0, 31, 34, 1.22,227,15.6
2025-10-09 23:15:47,-111.9340,40.8355, 529.9, 5398, -8.1,-22.3,-20.1, 31, 33, 1.20,227,15.6
2025-10-09 23:15:48,-111.9339,40.8356, 529.7, 5401, -8.2,-22.4,-20.2, 31, 33, 1.19,227,15.7
2025-10-09 23:15:49,-111.9338,40.8357, 529.4, 5405, -8.2,-22.5,-20.3, 31, 33, 1.18,227,15.7
2025-10-09 23:15:50,-111.9336,40.8358, 529.3, 5407, -8.2,-22.6,-20.3, 30, 33, 1.18,227,15.8
2025-10-09 23:15:51,-111.9334,40.8359, 529.0, 5412, -8.2,-22.4,-20.1, 31, 34, 1.20,227,15.9
2025-10-09 23:15:52,-111.9333,40.8360, 528.7, 5415, -8.2,-22.2,-20.0, 31, 34, 1.22,228,16.0
2025-10-09 23:15:53,-111.9331,40.8361, 528.5, 5419, -8.3,-22.1,-19.9, 32, 35, 1.23,228,16.0
2025-10-09 23:15:54,-111.9330,40.8362, 528.2, 5422, -8.3,-22.0,-19.8, 32, 35, 1.25,228,16.1
2025-10-09 23:15:55,-111.9328,40.8363, 528.0, 5425, -8.3,-21.8,-19.6, 33, 36, 1.26,228,16.2
2025-10-09 23:15:56,-111.9327,40.8364, 527.9, 5427, -8.3,-21.7,-19.5, 33, 36, 1.28,228,16.3
2025-10-09 23:15:57,-111.9325,40.8365, 527.7, 5430, -8.4,-21.6,-19.4, 34, 36, 1.29,228,16.4
2025-10-09 23:15:58,-111.9324,40.8366, 527.5, 5433, -8.4,-21.4,-19.3, 34, 37, 1.31,229,16.4
2025-10-09 23:15:59,-111.9322,40.8367, 527.3, 5436, -8.4,-21.3,-19.1, 35, 37, 1.33,229,16.5
2025-10-09 23:16:00,-111.9321,40.8368, 527.1, 5439, -8.4,-21.2,-19.0, 35, 38, 1.34,229,16.6
2025-10-09 23:16:01,-111.9319,40.8369, 526.9, 5442, -8.4,-21.0,-18.9, 35, 38, 1.36,229,16.7
2025-10-09 23:16:02,-111.9318,40.8370, 526.7, 5444, -8.4,-20.9,-18.8, 36, 39, 1.37,229,16.8
2025-10-09 23:16:03,-111.9316,40.8371, 526.5, 5447, -8.4,-20.8,-18.6, 36, 39, 1.39,229,16.8
2025-10-09 23:16:04,-111.9315,40.8372, 526.3, 5450, -8.5,-20.6,-18.5, 37, 40, 1.41,230,16.9
2025-10-09 23:16:05,-111.9313,40.8373, 526.1, 5453, -8.5,-20.4,-18.3, 38, 41, 1.44,230,17.0
2025-10-09 23:16:06,-111.9312,40.8374, 525.9, 5456, -8.5,-20.2,-18.2, 38, 41, 1.46,230,17.1
2025-10-09 23:16:07,-111.9310,40.8375, 525.7, 5459, -8.5,-20.0,-18.0, 39, 42, 1.48,230,17.2
2025-10-09 23:16:08,-111.9309,40.8376, 525.6, 5461, -8.5,-19.9,-17.8, 39, 43, 1.50,230,17.1
2025-10-09 23:16:09,-111.9307,40.8377, 525.4, 5464, -8.5,-19.7,-17.7, 40, 43, 1.53,230,17.1
2025-10-09 23:16:10,-111.9306,40.8377, 525.2, 5467, -8.5,-19.5,-17.5, 41, 44, 1.55,230,17.0
2025-10-09 23:16:11,-111.9304,40.8378, 525.0, 5469, -8.5,-19.4,-17.4, 41, 45, 1.57,230,17.0
2025-10-09 23:16:12,-111.9303,40.8379, 524.9, 5472, -8.5,-19.2,-17.2, 42, 45, 1.59,231,16.9
2025-10-09 23:16:13,-111.9302,40.8380, 524.7, 5474, -8.6,-19.1,-17.1, 42, 46, 1.62,231,16.9
2025-10-09 23:16:14,-111.9300,40.8381, 524.6, 5476, -8.6,-19.0,-17.0, 43, 46, 1.63,231,16.9
2025-10-09 23:16:15,-111.9298,40.8382, 524.3, 5479, -8.5,-18.7,-16.8, 44, 47, 1.67,231,16.8
2025-10-09 23:16:16,-111.9297,40.8383, 524.1, 5482, -8.5,-18.5,-16.6, 44, 48, 1.69,231,16.8
2025-10-09 23:16:17,-111.9295,40.8384, 523.9, 5485, -8.5,-18.3,-16.4, 45, 49, 1.73,231,16.7
2025-10-09 23:16:18,-111.9293,40.8384, 523.7, 5489, -8.5,-18.1,-16.2, 46, 50, 1.76,231,16.7
2025-10-09 23:16:19,-111.9292,40.8385, 523.5, 5492, -8.5,-17.9,-16.0, 47, 51, 1.79,231,16.6
2025-10-09 23:16:20,-111.9290,40.8386, 523.3, 5495, -8.5,-17.7,-15.8, 48, 52, 1.83,231,16.6
2025-10-09 23:16:21,-111.9289,40.8387, 523.1, 5498, -8.5,-17.4,-15.6, 48, 52, 1.86,231,16.5
2025-10-09 23:16:22,-111.9287,40.8388, 522.9, 5502, -8.5,-17.2,-15.4, 49, 53, 1.89,231,16.5
2025-10-09 23:16:23,-111.9286,40.8389, 522.6, 5505, -8.5,-17.0,-15.3, 50, 54, 1.93,232,16.4
2025-10-09 23:16:24,-111.9284,40.8390, 522.4, 5508, -8.4,-16.8,-15.1, 51, 55, 1.96,232,16.4
2025-10-09 23:16:25,-111.9283,40.8390, 522.2, 5511, -8.4,-16.6,-14.9, 52, 56, 1.99,232,16.4
2025-10-09 23:16:26,-111.9281,40.8391, 522.0, 5514, -8.4,-16.4,-14.7, 52, 57, 2.03,232,16.3
2025-10-09 23:16:27,-111.9280,40.8392, 521.8, 5518, -8.4,-16.2,-14.5, 53, 58, 2.07,232,16.3
2025-10-09 23:16:28,-111.9278,40.8393, 521.6, 5521, -8.4,-16.1,-14.4, 54, 59, 2.09,232,16.2
2025-10-09 23:16:29,-111.9276,40.8394, 521.4, 5524, -8.4,-15.9,-14.2, 55, 59, 2.12,232,16.2
2025-10-09 23:16:30,-111.9276,40.8394, 521.2, 5527, -8.5,-15.8,-14.1, 56, 60, 2.15,232,16.2
2025-10-09 23:16:31,-111.9273,40.8396, 521.0, 5528, -8.5,-15.7,-14.0, 56, 61, 2.17,233,16.2
2025-10-09 23:16:32,-111.9272,40.8396, 520.8, 5533, -8.5,-15.8,-14.1, 56, 60, 2.15,233,16.2
2025-10-09 23:16:33,-111.9270,40.8397, 520.6, 5536, -8.5,-15.9,-14.2, 55, 60, 2.13,233,16.1
2025-10-09 23:16:34,-111.9269,40.8398, 520.4, 5538, -8.5,-16.0,-14.3, 55, 60, 2.11,233,16.1
2025-10-09 23:16:35,-111.9267,40.8399, 520.2, 5541, -8.5,-16.1,-14.4, 55, 59, 2.10,233,16.1
2025-10-09 23:16:36,-111.9266,40.8400, 520.0, 5544, -8.6,-16.2,-14.5, 54, 59, 2.09,233,16.1
2025-10-09 23:16:37,-111.9264,40.8401, 519.9, 5546, -8.6,-16.3,-14.5, 54, 58, 2.07,234,16.1
2025-10-09 23:16:38,-111.9263,40.8402, 519.7, 5549, -8.6,-16.3,-14.6, 53, 58, 2.05,234,16.0
2025-10-09 23:16:39,-111.9261,40.8403, 519.5, 5551, -8.6,-16.4,-14.7, 53, 58, 2.04,234,16.0
2025-10-09 23:16:40,-111.9260,40.8404, 519.4, 5553, -8.6,-16.5,-14.8, 53, 57, 2.02,234,16.0
2025-10-09 23:16:41,-111.9258,40.8405, 519.2, 5556, -8.6,-16.6,-14.9, 52, 57, 2.01,234,16.0
2025-10-09 23:16:42,-111.9257,40.8405, 519.1, 5558, -8.6,-16.7,-15.0, 52, 57, 1.99,234,16.0
2025-10-09 23:16:43,-111.9256,40.8406, 518.9, 5560, -8.7,-16.8,-15.1, 52, 56, 1.97,235,15.9
2025-10-09 23:16:44,-111.9254,40.8407, 518.8, 5562, -8.7,-16.9,-15.2, 51, 56, 1.96,235,15.9
2025-10-09 23:16:45,-111.9253,40.8408, 518.6, 5565, -8.7,-17.1,-15.3, 51, 55, 1.94,235,15.9
2025-10-09 23:16:46,-111.9251,40.8409, 518.5, 5567, -8.7,-17.2,-15.4, 50, 55, 1.92,235,15.9
2025-10-09 23:16:47,-111.9250,40.8410, 518.3, 5569, -8.8,-17.3,-15.5, 50, 54, 1.90,235,15.9
2025-10-09 23:16:48,-111.9249,40.8411, 518.2, 5571, -8.8,-17.5,-15.6, 49, 54, 1.88,235,15.8
2025-10-09 23:16:49,-111.9247,40.8412, 518.0, 5573, -8.8,-17.6,-15.8, 49, 53, 1.85,234,15.8
2025-10-09 23:16:50,-111.9246,40.8413, 517.9, 5576, -8.8,-17.7,-15.9, 48, 53, 1.83,234,15.8
2025-10-09 23:16:51,-111.9244,40.8414, 517.7, 5578, -8.8,-17.9,-16.0, 48, 52, 1.81,234,15.8
2025-10-09 23:16:52,-111.9243,40.8415, 517.5, 5581, -8.8,-18.0,-16.1, 47, 52, 1.79,233,15.8
2025-10-09 23:16:53,-111.9241,40.8416, 517.4, 5583, -8.9,-18.1,-16.3, 47, 51, 1.77,233,15.8
2025-10-09 23:16:54,-111.9240,40.8417, 517.2, 5585, -8.9,-18.3,-16.4, 46, 51, 1.75,232,15.8
2025-10-09 23:16:55,-111.9239,40.8418, 517.0, 5588, -8.9,-18.4,-16.5, 46, 50, 1.73,232,15.8
2025-10-09 23:16:56,-111.9237,40.8419, 516.8, 5591, -8.9,-18.5,-16.6, 45, 50, 1.71,232,15.8
2025-10-09 23:16:57,-111.9236,40.8420, 516.6, 5594, -8.9,-18.8,-16.8, 45, 49, 1.68,231,15.8
2025-10-09 23:16:58,-111.9234,40.8421, 516.4, 5597, -8.9,-19.2,-17.2, 43, 47, 1.63,231,15.8
2025-10-09 23:16:59,-111.9233,40.8422, 516.2, 5600, -8.9,-19.6,-17.5, 42, 46, 1.57,231,15.8
2025-10-09 23:17:00,-111.9231,40.8422, 516.0, 5603, -8.9,-20.0,-17.9, 40, 44, 1.52,230,15.8
2025-10-09 23:17:01,-111.9230,40.8423, 515.8, 5607, -8.9,-20.4,-18.3, 39, 42, 1.46,230,15.8
2025-10-09 23:17:02,-111.9228,40.8424, 515.5, 5612, -8.9,-20.9,-18.7, 37, 41, 1.41,229,15.8
2025-10-09 23:17:03,-111.9227,40.8425, 515.2, 5616, -8.9,-21.3,-19.2, 36, 39, 1.35,229,15.8
2025-10-09 23:17:04,-111.9226,40.8426, 514.9, 5620, -8.9,-21.8,-19.6, 34, 38, 1.30,229,15.8
2025-10-09 23:17:05,-111.9224,40.8427, 514.6, 5624, -8.9,-22.3,-20.1, 33, 36, 1.24,228,15.8
2025-10-09 23:17:06,-111.9223,40.8428, 514.3, 5629, -9.0,-22.8,-20.5, 32, 34, 1.19,228,15.8
2025-10-09 23:17:07,-111.9221,40.8429, 514.2, 5630, -9.0,-23.2,-20.9, 31, 33, 1.15,228,15.8
2025-10-09 23:17:08,-111.9220,40.8430, 514.0, 5634, -9.0,-23.9,-21.6, 29, 31, 1.08,227,15.9
2025-10-09 23:17:09,-111.9218,40.8431, 513.9, 5636, -8.9,-24.5,-22.1, 27, 30, 1.02,227,16.0
2025-10-09 23:17:10,-111.9217,40.8432, 513.7, 5639, -8.9,-25.1,-22.7, 26, 28, 0.97,227,16.1
2025-10-09 23:17:11,-111.9215,40.8433, 513.5, 5641, -8.9,-25.7,-23.2, 24, 27, 0.92,227,16.2
2025-10-09 23:17:12,-111.9214,40.8434, 513.4, 5643, -8.9,-26.1,-23.6, 23, 26, 0.89,227,16.3
2025-10-09 23:17:13,-111.9213,40.8435, 513.3, 5645, -8.9,-26.5,-24.0, 23, 25, 0.85,227,16.3
2025-10-09 23:17:14,-111.9211,40.8436, 513.1, 5647, -8.9,-27.0,-24.4, 22, 24, 0.82,227,16.4
2025-10-09 23:17:15,-111.9210,40.8438, 513.0, 5649, -8.9,-27.5,-24.8, 21, 23, 0.78,227,16.5
2025-10-09 23:17:16,-111.9208,40.8439, 512.9, 5651, -8.9,-27.9,-25.3, 20, 22, 0.75,227,16.6
2025-10-09 23:17:17,-111.9207,40.8440, 512.8, 5652, -8.9,-28.5,-25.7, 19, 21, 0.71,226,16.7
2025-10-09 23:17:18,-111.9205,40.8441, 512.6, 5654, -8.9,-29.0,-26.2, 18, 20, 0.68,226,16.8
2025-10-09 23:17:19,-111.9204,40.8442, 512.5, 5656, -8.9,-29.5,-26.7, 17, 19, 0.65,226,16.9
2025-10-09 23:17:20,-111.9202,40.8443, 512.4, 5658, -8.9,-30.1,-27.3, 16, 18, 0.61,226,17.0
2025-10-09 23:17:21,-111.9201,40.8444, 512.2, 5660, -8.9,-30.7,-27.8, 15, 17, 0.58,226,17.1
2025-10-09 23:17:22,-111.9199,40.8445, 512.1, 5662, -8.9,-31.4,-28.5, 14, 16, 0.54,226,17.2
2025-10-09 23:17:23,-111.9198,40.8446, 512.0, 5664, -8.9,-32.1,-29.1, 13, 15, 0.51,226,17.2
2025-10-09 23:17:24,-111.9196,40.8447, 511.8, 5666, -8.9,-32.8,-29.8, 12, 14, 0.47,226,17.3
2025-10-09 23:17:25,-111.9195,40.8448, 511.7, 5669, -8.8,-33.1,-30.0, 12, 13, 0.46,226,17.4
2025-10-09 23:17:26,-111.9193,40.8450, 511.5, 5671, -8.8,-33.1,-30.1, 12, 13, 0.46,226,17.5
2025-10-09 23:17:27,-111.9192,40.8451, 511.4, 5673, -8.8,-33.2,-30.1, 12, 13, 0.46,226,17.6
2025-10-09 23:17:28,-111.9190,40.8452, 511.2, 5675, -8.8,-33.2,-30.1, 12, 13, 0.46,226,17.6
2025-10-09 23:17:29,-111.9189,40.8453, 511.1, 5678, -8.8,-33.2,-30.2, 12, 13, 0.46,226,17.6
2025-10-09 23:17:30,-111.9187,40.8454, 510.9, 5680, -8.8,-33.3,-30.2, 12, 13, 0.45,226,17.6
2025-10-09 23:17:31,-111.9186,40.8455, 510.8, 5682, -8.8,-33.3,-30.2, 12, 13, 0.45,226,17.5
2025-10-09 23:17:32,-111.9184,40.8456, 510.6, 5685, -8.8,-33.3,-30.3, 12, 13, 0.45,226,17.5
2025-10-09 23:17:33,-111.9183,40.8457, 510.5, 5687, -8.8,-33.4,-30.3, 12, 13, 0.45,226,17.5
2025-10-09 23:17:34,-111.9181,40.8458, 510.3, 5689, -8.8,-33.4,-30.3, 12, 13, 0.45,226,17.5
2025-10-09 23:17:35,-111.9180,40.8459, 510.2, 5691, -8.8,-33.5,-30.4, 12, 13, 0.45,226,17.5
2025-10-09 23:17:36,-111.9178,40.8460, 510.1, 5693, -8.8,-33.5,-30.4, 12, 13, 0.44,226,17.4
2025-10-09 23:17:37,-111.9177,40.8461, 509.9, 5695, -8.7,-33.5,-30.5, 11, 12, 0.44,225,17.4
2025-10-09 23:17:38,-111.9175,40.8463, 509.8, 5697, -8.7,-33.6,-30.5, 11, 12, 0.44,225,17.4
2025-10-09 23:17:39,-111.9174,40.8464, 509.6, 5699, -8.7,-33.1,-30.0, 12, 13, 0.46,225,17.4
2025-10-09 23:17:40,-111.9173,40.8465, 509.5, 5701, -8.7,-32.7,-29.7, 12, 14, 0.48,225,17.4
2025-10-09 23:17:41,-111.9172,40.8466, 509.3, 5704, -8.7,-32.3,-29.3, 13, 14, 0.50,225,17.4
2025-10-09 23:17:42,-111.9170,40.8467, 509.2, 5707, -8.7,-32.0,-29.0, 13, 14, 0.52,225,17.3
2025-10-09 23:17:43,-111.9169,40.8468, 509.0, 5710, -8.7,-31.6,-28.6, 14, 15, 0.54,225,17.3
2025-10-09 23:17:44,-111.9168,40.8469, 508.8, 5713, -8.7,-31.2,-28.3, 14, 15, 0.55,225,17.3
2025-10-09 23:17:45,-111.9167,40.8471, 508.6, 5715, -8.7,-30.9,-28.0, 15, 16, 0.57,225,17.3
2025-10-09 23:17:46,-111.9166,40.8471, 508.4, 5718, -8.6,-30.6,-27.7, 15, 16, 0.59,225,17.3
2025-10-09 23:17:47,-111.9164,40.8473, 508.2, 5721, -8.6,-30.4,-27.5, 15, 17, 0.60,225,17.2
2025-10-09 23:17:48,-111.9163,40.8474, 507.9, 5725, -8.7,-30.0,-27.1, 16, 17, 0.63,225,17.2
2025-10-09 23:17:49,-111.9162,40.8475, 507.7, 5729, -8.7,-29.7,-26.9, 17, 18, 0.64,225,17.2
2025-10-09 23:17:50,-111.9160,40.8476, 507.5, 5733, -8.7,-29.4,-26.6, 17, 18, 0.66,224,17.1
2025-10-09 23:17:51,-111.9159,40.8477, 507.3, 5736, -8.7,-29.1,-26.4, 17, 19, 0.68,224,17.1
2025-10-09 23:17:52,-111.9158,40.8479, 507.0, 5739, -8.8,-28.9,-26.1, 18, 20, 0.69,224,17.0
2025-10-09 23:17:53,-111.9156,40.8480, 506.8, 5743, -8.8,-28.6,-25.9, 18, 20, 0.71,224,17.0
2025-10-09 23:17:54,-111.9155,40.8481, 506.6, 5746, -8.8,-28.3,-25.6, 19, 21, 0.73,223,17.0
2025-10-09 23:17:55,-111.9154,40.8482, 506.4, 5750, -8.8,-28.0,-25.3, 20, 21, 0.75,223,16.9
2025-10-09 23:17:56,-111.9153,40.8483, 506.2, 5753, -8.8,-27.7,-25.0, 20, 22, 0.77,223,16.9
2025-10-09 23:17:57,-111.9151,40.8484, 506.0, 5756, -8.9,-27.4,-24.8, 21, 22, 0.80,222,16.9
2025-10-09 23:17:58,-111.9150,40.8485, 505.8, 5760, -8.9,-27.2,-24.5, 21, 23, 0.82,222,16.8
2025-10-09 23:17:59,-111.9149,40.8486, 505.6, 5762, -8.9,-26.9,-24.3, 22, 24, 0.84,222,16.8
2025-10-09 23:18:00,-111.9148,40.8488, 505.4, 5765, -8.9,-26.7,-24.1, 22, 24, 0.86,222,16.8
2025-10-09 23:18:01,-111.9146,40.8489, 505.2, 5767, -8.9,-26.4,-23.8, 23, 25, 0.88,221,16.7
2025-10-09 23:18:02,-111.9145,40.8490, 505.1, 5770, -8.9,-26.1,-23.6, 23, 26, 0.90,221,16.7
2025-10-09 23:18:03,-111.9144,40.8491, 504.9, 5772, -8.9,-25.9,-23.4, 24, 26, 0.92,221,16.7
2025-10-09 23:18:04,-111.9142,40.8492, 504.8, 5774, -8.9,-25.6,-23.1, 24, 27, 0.94,220,16.6
2025-10-09 23:18:05,-111.9141,40.8493, 504.6, 5776, -8.9,-25.4,-22.9, 25, 27, 0.96,220,16.6
2025-10-09 23:18:06,-111.9140,40.8494, 504.5, 5779, -8.9,-25.2,-22.7, 25, 28, 0.98,220,16.6
2025-10-09 23:18:07,-111.9139,40.8496, 504.3, 5781, -9.0,-25.2,-22.7, 26, 28, 0.98,219,16.5
2025-10-09 23:18:08,-111.9138,40.8497, 504.2, 5783, -9.0,-25.1,-22.7, 26, 28, 0.99,219,16.5
2025-10-09 23:18:09,-111.9136,40.8498, 504.1, 5785, -9.0,-25.1,-22.6, 26, 28, 0.99,219,16.4
2025-10-09 23:18:10,-111.9135,40.8499, 503.9, 5787, -9.0,-25.1,-22.6, 26, 28, 0.99,219,16.4
2025-10-09 23:18:11,-111.9134,40.8500, 503.8, 5789, -9.0,-25.0,-22.6, 26, 28, 1.00,219,16.4
2025-10-09 23:18:12,-111.9133,40.8501, 503.7, 5791, -9.0,-25.0,-22.5, 26, 28, 1.00,219,16.3
2025-10-09 23:18:13,-111.9131,40.8503, 503.5, 5793, -9.0,-25.0,-22.5, 26, 29, 1.00,218,16.3
2025-10-09 23:18:14,-111.9131,40.8504, 503.3, 5796, -9.0,-24.9,-22.4, 26, 29, 1.01,218,16.2
2025-10-09 23:18:15,-111.9130,40.8505, 503.2, 5797, -9.0,-24.9,-22.4, 26, 29, 1.01,218,16.2
2025-10-09 23:18:16,-111.9129,40.8506, 503.1, 5799, -9.0,-24.8,-22.4, 26, 29, 1.02,218,16.2
2025-10-09 23:18:17,-111.9128,40.8507, 502.9, 5802, -9.0,-24.8,-22.3, 27, 29, 1.02,218,16.1
2025-10-09 23:18:18,-111.9126,40.8508, 502.8, 5804, -8.9,-24.7,-22.3, 27, 29, 1.03,217,16.1
2025-10-09 23:18:19,-111.9125,40.8509, 502.6, 5807, -8.9,-24.7,-22.2, 27, 29, 1.03,217,16.0
2025-10-09 23:18:20,-111.9124,40.8511, 502.5, 5809, -8.9,-25.0,-22.6, 26, 28, 1.00,217,16.0
2025-10-09 23:18:21,-111.9123,40.8512, 502.3, 5812, -8.9,-25.4,-22.9, 25, 27, 0.97,217,16.0
2025-10-09 23:18:22,-111.9122,40.8513, 502.1, 5814, -8.9,-25.8,-23.3, 24, 26, 0.93,217,15.9
2025-10-09 23:18:23,-111.9121,40.8514, 502.0, 5817, -8.9,-26.2,-23.6, 23, 25, 0.90,216,15.9
2025-10-09 23:18:24,-111.9120,40.8515, 501.8, 5819, -8.9,-26.6,-24.0, 22, 24, 0.87,216,15.9
2025-10-09 23:18:25,-111.9119,40.8516, 501.7, 5822, -8.9,-27.0,-24.4, 21, 23, 0.84,216,15.8
2025-10-09 23:18:26,-111.9118,40.8518, 501.5, 5825, -8.8,-27.4,-24.8, 21, 22, 0.80,216,15.8
2025-10-09 23:18:27,-111.9117,40.8518, 501.3, 5827, -8.8,-27.9,-25.2, 20, 22, 0.77,216,15.7
2025-10-09 23:18:28,-111.9116,40.8520, 501.2, 5829, -8.8,-28.3,-25.5, 19, 21, 0.75,215,15.7
2025-10-09 23:18:29,-111.9115,40.8521, 501.0, 5832, -8.8,-28.9,-26.1, 18, 20, 0.70,215,15.7
2025-10-09 23:18:30,-111.9114,40.8522, 500.8, 5835, -8.8,-29.4,-26.6, 17, 19, 0.67,215,15.7
2025-10-09 23:18:31,-111.9112,40.8524, 500.7, 5837, -8.8,-30.0,-27.2, 16, 18, 0.63,215,15.7
2025-10-09 23:18:32,-111.9112,40.8524, 500.5, 5841, -8.8,-30.8,-27.9, 15, 16, 0.59,215,15.7
2025-10-09 23:18:33,-111.9111,40.8526, 500.4, 5842, -8.8,-30.8,-27.9, 15, 16, 0.59,215,15.7
2025-10-09 23:18:34,-111.9109,40.8527, 500.2, 5845, -8.8,-30.8,-27.9, 15, 16, 0.59,215,15.7
2025-10-09 23:18:35,-111.9109,40.8528, 500.0, 5848, -8.8,-30.8,-27.9, 15, 16, 0.59,214,15.7
2025-10-09 23:18:36,-111.9108,40.8529, 499.9, 5849, -8.9,-30.8,-27.9, 15, 16, 0.59,214,15.7
2025-10-09 23:18:37,-111.9107,40.8530, 499.8, 5851, -8.9,-30.8,-27.9, 15, 16, 0.59,214,15.7
2025-10-09 23:18:38,-111.9105,40.8531, 499.6, 5853, -8.9,-30.7,-27.8, 15, 17, 0.59,214,15.7
2025-10-09 23:18:39,-111.9104,40.8533, 499.5, 5855, -8.9,-30.7,-27.8, 15, 17, 0.59,214,15.6
2025-10-09 23:18:40,-111.9103,40.8534, 499.3, 5858, -8.9,-30.7,-27.8, 15, 17, 0.59,214,15.6
2025-10-09 23:18:41,-111.9102,40.8535, 499.2, 5860, -8.9,-30.7,-27.8, 15, 17, 0.59,214,15.6
2025-10-09 23:18:42,-111.9101,40.8536, 499.0, 5863, -8.9,-30.7,-27.8, 15, 17, 0.60,214,15.6
2025-10-09 23:18:43,-111.9100,40.8537, 498.8, 5866, -8.9,-30.7,-27.8, 15, 17, 0.60,214,15.6
2025-10-09 23:18:44,-111.9099,40.8539, 498.6, 5868, -8.9,-30.7,-27.8, 15, 17, 0.60,213,15.6
2025-10-09 23:18:45,-111.9098,40.8540, 498.4, 5871, -8.9,-30.7,-27.8, 15, 17, 0.60,213,15.6
2025-10-09 23:18:46,-111.9097,40.8541, 498.3, 5874, -8.9,-30.6,-27.7, 15, 17, 0.60,213,15.6
2025-10-09 23:18:47,-111.9096,40.8542, 498.1, 5877, -8.9,-30.5,-27.6, 16, 17, 0.61,213,15.6
2025-10-09 23:18:48,-111.9095,40.8543, 497.9, 5880, -8.9,-30.3,-27.4, 16, 17, 0.62,213,15.6
2025-10-09 23:18:49,-111.9094,40.8545, 497.7, 5883, -8.9,-30.2,-27.3, 16, 18, 0.63,213,15.7
2025-10-09 23:18:50,-111.9093,40.8546, 497.5, 5886, -8.9,-30.0,-27.2, 16, 18, 0.64,213,15.7
2025-10-09 23:18:51,-111.9092,40.8547, 497.3, 5889, -9.0,-29.8,-27.0, 17, 18, 0.65,213,15.7
2025-10-09 23:18:52,-111.9091,40.8548, 497.1, 5892, -9.0,-29.7,-26.9, 17, 18, 0.66,213,15.8
2025-10-09 23:18:53,-111.9090,40.8549, 496.9, 5895, -9.0,-29.6,-26.7, 17, 19, 0.67,213,15.8
2025-10-09 23:18:54,-111.9088,40.8551, 496.7, 5898, -9.0,-29.4,-26.6, 17, 19, 0.68,213,15.8
2025-10-09 23:18:55,-111.9087,40.8552, 496.5, 5901, -9.0,-29.3,-26.5, 18, 19, 0.68,213,15.9
2025-10-09 23:18:56,-111.9086,40.8553, 496.4, 5904, -9.0,-29.2,-26.4, 18, 20, 0.69,213,15.9
2025-10-09 23:18:57,-111.9085,40.8554, 496.2, 5907, -9.1,-29.0,-26.3, 18, 20, 0.70,213,15.9
2025-10-09 23:18:58,-111.9084,40.8556, 496.0, 5910, -9.1,-28.9,-26.2, 18, 20, 0.71,214,16.0
2025-10-09 23:18:59,-111.9083,40.8557, 495.8, 5913, -9.1,-28.8,-26.0, 19, 20, 0.72,214,16.0
2025-10-09 23:19:00,-111.9082,40.8558, 495.6, 5916, -9.2,-28.7,-25.9, 19, 21, 0.72,214,16.1
2025-10-09 23:19:01,-111.9081,40.8559, 495.4, 5919, -9.2,-28.6,-25.8, 19, 21, 0.73,214,16.1
2025-10-09 23:19:02,-111.9080,40.8560, 495.2, 5922, -9.2,-28.4,-25.7, 19, 21, 0.74,214,16.1
2025-10-09 23:19:03,-111.9079,40.8562, 494.9, 5926, -9.3,-28.3,-25.6, 20, 21, 0.75,214,16.2
2025-10-09 23:19:04,-111.9078,40.8563, 494.7, 5929, -9.3,-28.2,-25.5, 20, 22, 0.76,214,16.2
2025-10-09 23:19:05,-111.9077,40.8564, 494.5, 5933, -9.3,-28.1,-25.4, 20, 22, 0.77,214,16.2
2025-10-09 23:19:06,-111.9076,40.8565, 494.3, 5936, -9.4,-28.0,-25.3, 20, 22, 0.78,214,16.3
2025-10-09 23:19:07,-111.9075,40.8566, 494.1, 5940, -9.4,-27.9,-25.2, 21, 23, 0.78,214,16.3
2025-10-09 23:19:08,-111.9074,40.8568, 493.9, 5943, -9.4,-27.7,-25.1, 21, 23, 0.79,214,16.3
2025-10-09 23:19:09,-111.9073,40.8569, 493.7, 5946, -9.5,-27.6,-25.0, 21, 23, 0.80,214,16.3
2025-10-09 23:19:10,-111.9071,40.8570, 493.5, 5950, -9.5,-27.5,-24.9, 22, 24, 0.81,214,16.3
2025-10-09 23:19:11,-111.9070,40.8571, 493.2, 5953, -9.5,-27.4,-24.8, 22, 24, 0.82,214,16.3
2025-10-09 23:19:12,-111.9069,40.8572, 493.0, 5956, -9.6,-27.3,-24.7, 22, 24, 0.83,214,16.3
2025-10-09 23:19:13,-111.9068,40.8574, 492.8, 5960, -9.6,-27.3,-24.6, 22, 24, 0.83,214,16.3
2025-10-09 23:19:14,-111.9067,40.8575, 492.6, 5963, -9.6,-27.2,-24.6, 22, 25, 0.83,214,16.2
2025-10-09 23:19:15,-111.9066,40.8576, 492.3, 5967, -9.7,-27.2,-24.6, 22, 25, 0.84,214,16.2
2025-10-09 23:19:16,-111.9065,40.8577, 492.1, 5971, -9.7,-27.2,-24.6, 23, 25, 0.84,214,16.2
2025-10-09 23:19:17,-111.9064,40.8578, 491.9, 5974, -9.7,-27.2,-24.5, 23, 25, 0.84,214,16.2
2025-10-09 23:19:18,-111.9063,40.8579, 491.6, 5978, -9.8,-27.1,-24.5, 23, 25, 0.84,214,16.2
2025-10-09 23:19:19,-111.9062,40.8581, 491.4, 5982, -9.8,-27.1,-24.5, 23, 25, 0.84,214,16.2
2025-10-09 23:19:20,-111.9061,40.8582, 491.2, 5985, -9.8,-27.1,-24.5, 23, 25, 0.85,214,16.2
2025-10-09 23:19:21,-111.9060,40.8583, 490.9, 5989, -9.9,-27.1,-24.5, 23, 25, 0.85,214,16.2
2025-10-09 23:19:22,-111.9059,40.8584, 490.7, 5992, -9.9,-27.1,-24.4, 23, 26, 0.85,214,16.2
2025-10-09 23:19:23,-111.9058,40.8585, 490.5, 5996,-10.0,-27.1,-24.4, 23, 26, 0.85,214,16.2
2025-10-09 23:19:24,-111.9057,40.8586, 490.2, 6000,-10.0,-25.6,-23.1, 27, 30, 0.98,215,16.2
2025-10-09 23:19:25,-111.9056,40.8588, 490.0, 6004,-10.0,-25.6,-23.0, 27, 30, 0.98,215,16.1
2025-10-09 23:19:26,-111.9055,40.8589, 489.7, 6008,-10.1,-25.5,-23.0, 27, 30, 0.98,215,16.1
2025-10-09 23:19:27,-111.9053,40.8590, 489.5, 6012,-10.1,-25.5,-23.0, 27, 30, 0.98,215,16.1
2025-10-09 23:19:28,-111.9052,40.8591, 489.2, 6016,-10.2,-25.5,-23.0, 27, 30, 0.98,215,16.1
2025-10-09 23:19:29,-111.9051,40.8592, 489.0, 6020,-10.2,-25.5,-23.0, 27, 30, 0.99,215,16.0
2025-10-09 23:19:30,-111.9050,40.8593, 488.7, 6024,-10.2,-25.4,-22.9, 28, 31, 0.99,215,16.0
2025-10-09 23:19:31,-111.9049,40.8594, 488.4, 6028,-10.3,-25.4,-22.9, 28, 31, 0.99,215,15.9
2025-10-09 23:19:32,-111.9048,40.8596, 488.2, 6032,-10.3,-25.4,-22.9, 28, 31, 1.00,214,15.9
2025-10-09 23:19:33,-111.9047,40.8597, 487.9, 6036,-10.4,-25.3,-22.8, 28, 31, 1.00,214,15.8
2025-10-09 23:19:34,-111.9046,40.8598, 487.6, 6041,-10.4,-25.3,-22.8, 28, 31, 1.00,214,15.8
2025-10-09 23:19:35,-111.9045,40.8599, 487.3, 6045,-10.4,-25.3,-22.8, 29, 32, 1.01,214,15.7
2025-10-09 23:19:36,-111.9044,40.8600, 487.1, 6050,-10.5,-25.2,-22.8, 29, 32, 1.01,214,15.7
2025-10-09 23:19:37,-111.9043,40.8601, 486.8, 6054,-10.5,-25.2,-22.7, 29, 32, 1.01,214,15.6
2025-10-09 23:19:38,-111.9042,40.8603, 486.6, 6058,-10.5,-25.2,-22.7, 29, 32, 1.02,214,15.6
2025-10-09 23:19:39,-111.9041,40.8603, 486.3, 6062,-10.6,-25.1,-22.7, 29, 32, 1.02,214,15.5
2025-10-09 23:19:40,-111.9040,40.8605, 486.2, 6064,-10.6,-25.1,-22.7, 29, 32, 1.02,214,15.5
2025-10-09 23:19:41,-111.9039,40.8606, 485.8, 6070,-10.7,-25.2,-22.7, 29, 32, 1.02,214,15.4
2025-10-09 23:19:42,-111.9038,40.8607, 485.6, 6074,-10.7,-25.3,-22.8, 29, 32, 1.01,214,15.4
2025-10-09 23:19:43,-111.9037,40.8608, 485.3, 6077,-10.7,-25.3,-22.8, 29, 32, 1.01,214,15.3
2025-10-09 23:19:44,-111.9036,40.8610, 485.1, 6081,-10.8,-25.4,-22.9, 29, 32, 1.00,214,15.3
2025-10-09 23:19:45,-111.9035,40.8611, 484.8, 6085,-10.8,-25.4,-22.9, 29, 32, 1.00,214,15.3
2025-10-09 23:19:46,-111.9034,40.8612, 484.6, 6089,-10.8,-25.5,-23.0, 29, 32, 0.99,214,15.2
2025-10-09 23:19:47,-111.9033,40.8613, 484.4, 6093,-10.9,-25.5,-23.0, 29, 32, 0.99,214,15.2
2025-10-09 23:19:48,-111.9032,40.8614, 484.1, 6096,-10.9,-25.6,-23.1, 29, 32, 0.99,214,15.2
2025-10-09 23:19:49,-111.9031,40.8615, 483.9, 6100,-10.9,-25.6,-23.1, 29, 32, 0.98,214,15.2
2025-10-09 23:19:50,-111.9030,40.8617, 483.6, 6104,-11.0,-25.7,-23.2, 29, 32, 0.98,214,15.2
2025-10-09 23:19:51,-111.9029,40.8618, 483.3, 6108,-11.0,-25.7,-23.2, 29, 32, 0.97,214,15.2
2025-10-09 23:19:52,-111.9028,40.8619, 483.1, 6113,-11.0,-25.8,-23.3, 29, 32, 0.97,214,15.2
2025-10-09 23:19:53,-111.9027,40.8620, 482.8, 6117,-11.1,-25.8,-23.3, 28, 32, 0.97,214,15.3
2025-10-09 23:19:54,-111.9026,40.8621, 482.5, 6122,-11.1,-26.0,-23.5, 28, 31, 0.95,214,15.3
2025-10-09 23:19:55,-111.9025,40.8622, 482.3, 6126,-11.1,-26.2,-23.6, 28, 31, 0.94,214,15.3
2025-10-09 23:19:56,-111.9024,40.8624, 482.0, 6130,-11.2,-26.3,-23.8, 27, 31, 0.92,214,15.3
2025-10-09 23:19:57,-111.9023,40.8625, 481.7, 6135,-11.2,-26.5,-23.9, 27, 30, 0.91,214,15.3
2025-10-09 23:19:58,-111.9022,40.8626, 481.4, 6139,-11.2,-26.7,-24.1, 27, 30, 0.90,214,15.4
2025-10-09 23:19:59,-111.9021,40.8627, 481.2, 6144,-11.3,-26.9,-24.2, 26, 29, 0.88,213,15.4
2025-10-09 23:20:00,-111.9020,40.8628, 480.9, 6148,-11.3,-27.0,-24.4, 26, 29, 0.87,213,15.4
2025-10-09 23:20:01,-111.9019,40.8629, 480.6, 6152,-11.3,-27.2,-24.6, 26, 29, 0.86,213,15.4
2025-10-09 23:20:02,-111.9018,40.8631, 480.3, 6157,-11.3,-27.4,-24.7, 25, 28, 0.84,213,15.4
2025-10-09 23:20:03,-111.9017,40.8632, 480.0, 6161,-11.4,-27.6,-24.9, 25, 28, 0.83,213,15.5
2025-10-09 23:20:04,-111.9016,40.8633, 479.8, 6166,-11.4,-27.8,-25.1, 25, 27, 0.82,213,15.5
2025-10-09 23:20:05,-111.9015,40.8634, 479.5, 6170,-11.4,-27.9,-25.3, 24, 27, 0.80,213,15.5
2025-10-09 23:20:06,-111.9014,40.8635, 479.2, 6175,-11.5,-28.1,-25.4, 24, 27, 0.79,213,15.5
2025-10-09 23:20:07,-111.9013,40.8636, 479.0, 6179,-11.5,-28.3,-25.5, 24, 26, 0.78,213,15.5
2025-10-09 23:20:08,-111.9012,40.8637, 478.7, 6183,-11.5,-28.3,-25.6, 24, 26, 0.78,213,15.5
2025-10-09 23:20:09,-111.9011,40.8639, 478.4, 6187,-11.6,-28.3,-25.6, 24, 26, 0.77,213,15.5
2025-10-09 23:20:10,-111.9010,40.8640, 478.2, 6191,-11.6,-28.4,-25.7, 23, 26, 0.77,213,15.5
2025-10-09 23:20:11,-111.9009,40.8641, 477.9, 6196,-11.6,-28.4,-25.7, 23, 26, 0.77,213,15.5
2025-10-09 23:20:12,-111.9008,40.8642, 477.6, 6200,-11.7,-28.5,-25.8, 23, 26, 0.76,213,15.5
2025-10-09 23:20:13,-111.9007,40.8643, 477.4, 6204,-11.7,-28.5,-25.8, 23, 26, 0.76,213,15.5
2025-10-09 23:20:14,-111.9006,40.8644, 477.1, 6209,-11.7,-28.6,-25.9, 23, 26, 0.76,213,15.5
2025-10-09 23:20:15,-111.9005,40.8646, 476.8, 6213,-11.8,-28.7,-25.9, 23, 26, 0.75,213,15.5
2025-10-09 23:20:16,-111.9004,40.8647, 476.5, 6218,-11.8,-28.7,-26.0, 23, 26, 0.75,213,15.5
2025-10-09 23:20:17,-111.9003,40.8648, 476.2, 6222,-11.9,-28.8,-26.0, 23, 26, 0.75,213,15.5
2025-10-09 23:20:18,-111.9002,40.8649, 476.0, 6227,-11.9,-28.8,-26.1, 23, 26, 0.74,213,15.5
2025-10-09 23:20:19,-111.9001,40.8650, 475.7, 6232,-11.9,-28.9,-26.1, 23, 26, 0.74,213,15.5
2025-10-09 23:20:20,-111.9000,40.8651, 475.4, 6236,-12.0,-29.0,-26.2, 23, 26, 0.74,213,15.5
2025-10-09 23:20:21,-111.8999,40.8652, 475.1, 6241,-12.0,-28.9,-26.1, 23, 26, 0.74,213,15.5
2025-10-09 23:20:22,-111.8998,40.8654, 474.8, 6245,-12.1,-28.8,-26.1, 23, 26, 0.75,213,15.5
2025-10-09 23:20:23,-111.8997,40.8655, 474.5, 6250,-12.1,-28.7,-26.0, 24, 27, 0.75,213,15.5
2025-10-09 23:20:24,-111.8996,40.8656, 474.2, 6255,-12.1,-28.7,-25.9, 24, 27, 0.76,212,15.5
2025-10-09 23:20:25,-111.8995,40.8657, 473.9, 6259,-12.2,-28.6,-25.9, 24, 27, 0.76,212,15.5
2025-10-09 23:20:26,-111.8994,40.8658, 473.7, 6264,-12.2,-28.6,-25.8, 24, 27, 0.77,212,15.5
2025-10-09 23:20:27,-111.8993,40.8659, 473.4, 6268,-12.3,-28.5,-25.8, 25, 28, 0.77,212,15.5
2025-10-09 23:20:28,-111.8992,40.8661, 473.1, 6273,-12.3,-28.4,-25.7, 25, 28, 0.78,212,15.5
2025-10-09 23:20:29,-111.8991,40.8662, 472.8, 6278,-12.4,-28.4,-25.7, 25, 28, 0.78,213,15.5
2025-10-09 23:20:30,-111.8990,40.8663, 472.5, 6282,-12.4,-28.3,-25.6, 25, 28, 0.79,213,15.4
2025-10-09 23:20:31,-111.8989,40.8664, 472.2, 6287,-12.4,-28.3,-25.6, 25, 29, 0.79,213,15.4
2025-10-09 23:20:32,-111.8988,40.8665, 471.9, 6292,-12.5,-28.2,-25.5, 26, 29, 0.79,213,15.4
2025-10-09 23:20:33,-111.8987,40.8666, 471.7, 6296,-12.5,-28.2,-25.5, 26, 29, 0.80,213,15.4
2025-10-09 23:20:34,-111.8986,40.8667, 471.4, 6301,-12.6,-28.1,-25.4, 26, 29, 0.80,213,15.4
2025-10-09 23:20:35,-111.8985,40.8669, 471.1, 6306,-12.6,-28.1,-25.4, 26, 30, 0.80,213,15.4
2025-10-09 23:20:36,-111.8984,40.8670, 470.8, 6310,-12.7,-28.1,-25.4, 26, 30, 0.80,213,15.4
2025-10-09 23:20:37,-111.8983,40.8671, 470.5, 6315,-12.7,-28.1,-25.4, 26, 30, 0.80,213,15.4
2025-10-09 23:20:38,-111.8982,40.8672, 470.2, 6319,-12.8,-28.1,-25.4, 26, 30, 0.81,214,15.4
2025-10-09 23:20:39,-111.8981,40.8673, 470.0, 6324,-12.8,-28.1,-25.4, 27, 30, 0.81,214,15.4
2025-10-09 23:20:40,-111.8980,40.8674, 469.7, 6328,-12.8,-28.1,-25.4, 27, 30, 0.81,214,15.3
2025-10-09 23:20:41,-111.8979,40.8675, 469.4, 6333,-12.9,-28.1,-25.4, 27, 30, 0.81,214,15.3
2025-10-09 23:20:42,-111.8978,40.8677, 469.1, 6337,-12.9,-28.1,-25.4, 27, 31, 0.81,214,15.3
2025-10-09 23:20:43,-111.8977,40.8678, 468.8, 6342,-13.0,-28.0,-25.3, 27, 31, 0.81,214,15.3
2025-10-09 23:20:44,-111.8976,40.8679, 468.5, 6346,-13.0,-28.0,-25.3, 27, 31, 0.81,214,15.3
2025-10-09 23:20:45,-111.8975,40.8680, 468.3, 6351,-13.0,-28.0,-25.3, 27, 31, 0.81,214,15.3
2025-10-09 23:20:46,-111.8974,40.8681, 468.0, 6356,-13.1,-28.0,-25.3, 27, 31, 0.82,214,15.3
2025-10-09 23:20:47,-111.8972,40.8682, 467.7, 6360,-13.1,-28.0,-25.3, 28, 31, 0.82,214,15.3
2025-10-09 23:20:48,-111.8971,40.8683, 467.4, 6366,-13.2,-28.2,-25.5, 27, 31, 0.81,214,15.3
2025-10-09 23:20:49,-111.8970,40.8685, 467.1, 6370,-13.2,-28.3,-25.6, 27, 31, 0.80,214,15.3
2025-10-09 23:20:50,-111.8969,40.8686, 466.8, 6375,-13.2,-28.4,-25.7, 27, 30, 0.79,215,15.3
2025-10-09 23:20:51,-111.8968,40.8687, 466.5, 6380,-13.3,-28.6,-25.8, 26, 30, 0.78,215,15.3
2025-10-09 23:20:52,-111.8967,40.8688, 466.2, 6385,-13.3,-28.7,-26.0, 26, 30, 0.77,215,15.3
2025-10-09 23:20:53,-111.8966,40.8689, 465.9, 6390,-13.4,-28.9,-26.1, 26, 30, 0.76,215,15.4
2025-10-09 23:20:54,-111.8965,40.8690, 465.6, 6395,-13.4,-29.0,-26.2, 26, 29, 0.75,215,15.4
2025-10-09 23:20:55,-111.8964,40.8691, 465.3, 6400,-13.5,-29.2,-26.4, 25, 29, 0.74,215,15.4
2025-10-09 23:20:56,-111.8963,40.8693, 465.0, 6405,-13.5,-29.3,-26.5, 25, 29, 0.73,215,15.4
2025-10-09 23:20:57,-111.8962,40.8694, 464.7, 6410,-13.5,-29.4,-26.6, 25, 28, 0.72,215,15.4
2025-10-09 23:20:58,-111.8961,40.8695, 464.3, 6415,-13.6,-29.6,-26.8, 25, 28, 0.71,215,15.4
2025-10-09 23:20:59,-111.8960,40.8696, 464.0, 6420,-13.6,-29.7,-26.9, 24, 28, 0.70,215,15.4
2025-10-09 23:21:00,-111.8959,40.8697, 463.7, 6425,-13.7,-29.9,-27.1, 24, 28, 0.69,215,15.4
2025-10-09 23:21:01,-111.8958,40.8698, 463.4, 6430,-13.7,-30.1,-27.2, 24, 27, 0.68,215,15.4
2025-10-09 23:21:02,-111.8957,40.8699, 463.1, 6435,-13.8,-30.2,-27.4, 24, 27, 0.67,215,15.5
2025-10-09 23:21:03,-111.8955,40.8701, 462.8, 6440,-13.8,-30.4,-27.6, 23, 27, 0.66,215,15.5
2025-10-09 23:21:04,-111.8954,40.8702, 462.5, 6445,-13.9,-30.6,-27.7, 23, 26, 0.65,215,15.5
2025-10-09 23:21:05,-111.8953,40.8703, 462.2, 6450,-13.9,-30.8,-27.9, 23, 26, 0.64,215,15.5
2025-10-09 23:21:06,-111.8952,40.8704, 461.9, 6455,-14.0,-31.0,-28.1, 22, 26, 0.63,215,15.5
2025-10-09 23:21:07,-111.8951,40.8705, 461.6, 6460,-14.0,-31.2,-28.2, 22, 25, 0.62,215,15.5
2025-10-09 23:21:08,-111.8950,40.8706, 461.3, 6465,-14.0,-31.4,-28.4, 22, 25, 0.60,215,15.5
2025-10-09 23:21:09,-111.8949,40.8708, 461.0, 6470,-14.1,-31.6,-28.6, 21, 24, 0.59,215,15.6
2025-10-09 23:21:10,-111.8948,40.8709, 460.7, 6475,-14.1,-31.8,-28.8, 21, 24, 0.58,215,15.6
2025-10-09 23:21:11,-111.8947,40.8710, 460.4, 6480,-14.2,-31.9,-29.0, 21, 24, 0.57,215,15.6
2025-10-09 23:21:12,-111.8946,40.8711, 460.1, 6485,-14.2,-32.2,-29.2, 20, 23, 0.56,215,15.7
2025-10-09 23:21:13,-111.8945,40.8712, 459.8, 6490,-14.3,-32.4,-29.3, 20, 23, 0.55,215,15.7
2025-10-09 23:21:14,-111.8944,40.8713, 459.4, 6495,-14.3,-32.5,-29.5, 20, 23, 0.54,215,15.7
2025-10-09 23:21:15,-111.8942,40.8715, 459.1, 6500,-14.4,-32.7,-29.7, 20, 23, 0.53,215,15.8
2025-10-09 23:21:16,-111.8941,40.8716, 458.8, 6506,-14.4,-32.8,-29.8, 19, 22, 0.53,215,15.8
2025-10-09 23:21:17,-111.8940,40.8717, 458.5, 6511,-14.5,-33.0,-29.9, 19, 22, 0.52,215,15.8
2025-10-09 23:21:18,-111.8939,40.8718, 458.2, 6517,-14.5,-33.1,-30.1, 19, 22, 0.51,215,15.9
2025-10-09 23:21:19,-111.8938,40.8719, 457.8, 6523,-14.6,-33.3,-30.2, 19, 22, 0.51,215,15.9
2025-10-09 23:21:20,-111.8937,40.8721, 457.5, 6528,-14.6,-33.4,-30.3, 19, 21, 0.50,215,15.9
2025-10-09 23:21:21,-111.8935,40.8722, 457.2, 6534,-14.7,-33.6,-30.5, 18, 21, 0.49,215,16.0
2025-10-09 23:21:22,-111.8934,40.8723, 456.8, 6539,-14.7,-33.7,-30.6, 18, 21, 0.49,216,16.0
2025-10-09 23:21:23,-111.8933,40.8724, 456.5, 6545,-14.8,-33.9,-30.8, 18, 21, 0.48,216,16.0
2025-10-09 23:21:24,-111.8932,40.8725, 456.2, 6550,-14.8,-34.0,-30.9, 18, 21, 0.47,216,16.1
2025-10-09 23:21:25,-111.8931,40.8726, 455.8, 6555,-14.9,-34.2,-31.0, 18, 20, 0.47,216,16.1
2025-10-09 23:21:26,-111.8929,40.8728, 455.5, 6561,-14.9,-34.3,-31.2, 17, 20, 0.46,216,16.1
2025-10-09 23:21:27,-111.8928,40.8729, 455.2, 6566,-15.0,-34.5,-31.3, 17, 20, 0.45,216,16.1
2025-10-09 23:21:28,-111.8927,40.8730, 454.9, 6571,-15.0,-34.6,-31.5, 17, 20, 0.45,216,16.2
2025-10-09 23:21:29,-111.8926,40.8731, 454.6, 6577,-15.1,-34.8,-31.6, 17, 20, 0.44,216,16.2
2025-10-09 23:21:30,-111.8925,40.8732, 454.2, 6582,-15.1,-35.0,-31.8, 17, 19, 0.43,216,16.2
2025-10-09 23:21:31,-111.8924,40.8734, 453.9, 6587,-15.1,-35.1,-31.9, 16, 19, 0.43,216,16.3
2025-10-09 23:21:32,-111.8923,40.8735, 453.6, 6593,-15.2,-35.3,-32.1, 16, 19, 0.42,216,16.3
2025-10-09 23:21:33,-111.8921,40.8736, 453.3, 6598,-15.2,-35.5,-32.3, 16, 19, 0.41,216,16.3
2025-10-09 23:21:34,-111.8920,40.8737, 453.0, 6603,-15.3,-35.6,-32.4, 16, 18, 0.41,216,16.4
2025-10-09 23:21:35,-111.8919,40.8738, 452.7, 6608,-15.3,-35.8,-32.6, 16, 18, 0.40,216,16.4
2025-10-09 23:21:36,-111.8918,40.8740, 452.3, 6614,-15.4,-36.0,-32.7, 15, 18, 0.39,216,16.4
2025-10-09 23:21:37,-111.8917,40.8741, 452.0, 6619,-15.4,-36.2,-32.9, 15, 18, 0.39,217,16.5
2025-10-09 23:21:38,-111.8916,40.8742, 451.7, 6625,-15.5,-36.3,-33.1, 15, 17, 0.38,217,16.5
2025-10-09 23:21:39,-111.8914,40.8743, 451.3, 6631,-15.5,-36.5,-33.2, 15, 17, 0.37,217,16.5
2025-10-09 23:21:40,-111.8913,40.8744, 451.0, 6636,-15.6,-36.7,-33.4, 15, 17, 0.37,217,16.6
2025-10-09 23:21:41,-111.8912,40.8746, 450.6, 6642,-15.6,-36.9,-33.6, 14, 17, 0.36,217,16.6
2025-10-09 23:21:42,-111.8911,40.8747, 450.3, 6648,-15.7,-37.0,-33.7, 14, 17, 0.36,217,16.6
2025-10-09 23:21:43,-111.8910,40.8748, 450.0, 6654,-15.7,-37.1,-33.8, 14, 17, 0.35,217,16.6
2025-10-09 23:21:44,-111.8908,40.8749, 449.6, 6659,-15.8,-37.2,-33.9, 14, 16, 0.35,217,16.7
2025-10-09 23:21:45,-111.8907,40.8750, 449.3, 6664,-15.8,-37.3,-34.0, 14, 16, 0.35,217,16.7
2025-10-09 23:21:46,-111.8906,40.8752, 449.0, 6670,-15.9,-37.4,-34.1, 14, 16, 0.34,217,16.7
2025-10-09 23:21:47,-111.8905,40.8753, 448.6, 6675,-15.9,-37.6,-34.2, 14, 16, 0.34,217,16.8
2025-10-09 23:21:48,-111.8903,40.8754, 448.3, 6681,-15.9,-37.7,-34.3, 14, 16, 0.33,217,16.8
2025-10-09 23:21:49,-111.8902,40.8755, 448.0, 6686,-16.0,-37.8,-34.4, 13, 16, 0.33,217,16.8
2025-10-09 23:21:50,-111.8901,40.8757, 447.7, 6691,-16.0,-37.9,-34.6, 13, 16, 0.33,218,16.8
2025-10-09 23:21:51,-111.8899,40.8758, 447.4, 6696,-16.1,-38.0,-34.7, 13, 16, 0.32,218,16.9
2025-10-09 23:21:52,-111.8898,40.8759, 447.1, 6702,-16.1,-38.2,-34.8, 13, 15, 0.32,218,16.9
2025-10-09 23:21:53,-111.8897,40.8760, 446.8, 6707,-16.2,-38.3,-34.9, 13, 15, 0.32,218,16.9
2025-10-09 23:21:54,-111.8896,40.8761, 446.4, 6712,-16.2,-38.4,-35.0, 13, 15, 0.31,218,17.0
2025-10-09 23:21:55,-111.8894,40.8763, 446.1, 6718,-16.3,-38.4,-35.0, 13, 15, 0.31,218,17.0
2025-10-09 23:21:56,-111.8893,40.8764, 445.8, 6723,-16.3,-38.5,-35.1, 13, 15, 0.31,218,17.0
2025-10-09 23:21:57,-111.8892,40.8765, 445.5, 6729,-16.4,-38.5,-35.1, 13, 15, 0.31,218,17.0
2025-10-09 23:21:58,-111.8891,40.8766, 445.2, 6734,-16.4,-38.5,-35.1, 13, 15, 0.31,218,17.1
2025-10-09 23:21:59,-111.8889,40.8768, 444.8, 6740,-16.5,-38.6,-35.2, 13, 15, 0.31,218,17.1
2025-10-09 23:22:00,-111.8888,40.8769, 444.5, 6745,-16.5,-38.6,-35.2, 13, 15, 0.31,218,17.1
2025-10-09 23:22:01,-111.8887,40.8770, 444.2, 6750,-16.6,-38.6,-35.2, 13, 15, 0.31,218,17.1
2025-10-09 23:22:02,-111.8886,40.8771, 443.9, 6755,-16.6,-38.7,-35.3, 13, 15, 0.30,218,17.2
2025-10-09 23:22:03,-111.8884,40.8772, 443.6, 6760,-16.7,-38.7,-35.3, 13, 15, 0.30,218,17.2
2025-10-09 23:22:04,-111.8883,40.8774, 443.3, 6766,-16.7,-38.7,-35.3, 13, 15, 0.30,218,17.2
2025-10-09 23:22:05,-111.8882,40.8775, 443.0, 6771,-16.8,-38.8,-35.4, 13, 15, 0.30,218,17.2
2025-10-09 23:22:06,-111.8881,40.8776, 442.7, 6776,-16.8,-38.8,-35.4, 13, 15, 0.30,218,17.3
2025-10-09 23:22:07,-111.8879,40.8777, 442.4, 6781,-16.9,-38.8,-35.4, 13, 15, 0.30,218,17.3
2025-10-09 23:22:08,-111.8878,40.8779, 442.1, 6786,-16.9,-38.9,-35.4, 13, 15, 0.30,218,17.3
2025-10-09 23:22:09,-111.8877,40.8780, 441.7, 6792,-17.0,-38.9,-35.4, 13, 16, 0.30,218,17.3
2025-10-09 23:22:10,-111.8876,40.8781, 441.4, 6797,-17.0,-38.9,-35.4, 13, 16, 0.30,218,17.4
2025-10-09 23:22:11,-111.8874,40.8782, 441.1, 6802,-17.1,-38.9,-35.4, 13, 16, 0.30,218,17.4
2025-10-09 23:22:12,-111.8873,40.8784, 440.8, 6808,-17.1,-38.9,-35.4, 13, 16, 0.30,218,17.4
2025-10-09 23:22:13,-111.8872,40.8785, 440.5, 6813,-17.2,-38.9,-35.4, 13, 16, 0.30,218,17.4
2025-10-09 23:22:14,-111.8870,40.8786, 440.2, 6818,-17.2,-38.9,-35.4, 13, 16, 0.30,218,17.4
2025-10-09 23:22:15,-111.8869,40.8787, 439.9, 6824,-17.3,-38.9,-35.5, 13, 16, 0.30,218,17.5
2025-10-09 23:22:16,-111.8868,40.8788, 439.6, 6829,-17.3,-38.9,-35.5, 14, 16, 0.30,218,17.5
2025-10-09 23:22:17,-111.8867,40.8790, 439.3, 6834,-17.4,-38.9,-35.5, 14, 16, 0.30,218,17.5
2025-10-09 23:22:18,-111.8865,40.8791, 439.0, 6839,-17.4,-38.9,-35.5, 14, 16, 0.30,218,17.5
2025-10-09 23:22:19,-111.8864,40.8792, 438.7, 6844,-17.5,-38.9,-35.5, 14, 16, 0.30,218,17.6
2025-10-09 23:22:20,-111.8863,40.8794, 438.4, 6849,-17.5,-38.9,-35.5, 14, 16, 0.30,218,17.6
2025-10-09 23:22:21,-111.8861,40.8795, 438.1, 6855,-17.6,-38.9,-35.5, 14, 16, 0.30,218,17.6
2025-10-09 23:22:22,-111.8860,40.8796, 437.8, 6860,-17.7,-39.0,-35.5, 14, 16, 0.30,218,17.6
2025-10-09 23:22:23,-111.8859,40.8797, 437.5, 6865,-17.7,-39.0,-35.6, 14, 16, 0.30,218,17.6
2025-10-09 23:22:24,-111.8857,40.8799, 437.2, 6870,-17.8,-39.1,-35.6, 14, 16, 0.30,217,17.7
2025-10-09 23:22:25,-111.8856,40.8800, 436.9, 6875,-17.8,-39.1,-35.7, 14, 16, 0.30,217,17.7
2025-10-09 23:22:26,-111.8855,40.8801, 436.5, 6880,-17.9,-39.1,-35.7, 14, 16, 0.30,217,17.7
2025-10-09 23:22:27,-111.8853,40.8802, 436.2, 6885,-17.9,-39.2,-35.7, 14, 16, 0.29,217,17.7
2025-10-09 23:22:28,-111.8852,40.8803, 435.9, 6891,-18.0,-39.2,-35.8, 14, 16, 0.29,217,17.7
2025-10-09 23:22:29,-111.8851,40.8805, 435.6, 6896,-18.0,-39.3,-35.8, 14, 16, 0.29,218,17.7
2025-10-09 23:22:30,-111.8850,40.8806, 435.3, 6902,-18.1,-39.3,-35.9, 14, 16, 0.29,218,17.7
2025-10-09 23:22:31,-111.8848,40.8807, 435.0, 6908,-18.1,-39.4,-35.9, 14, 16, 0.29,218,17.7
2025-10-09 23:22:32,-111.8847,40.8809, 434.6, 6913,-18.2,-39.4,-36.0, 14, 16, 0.29,218,17.7
2025-10-09 23:22:33,-111.8846,40.8810, 434.3, 6919,-18.2,-39.5,-36.0, 14, 16, 0.29,218,17.7
2025-10-09 23:22:34,-111.8844,40.8811, 434.0, 6924,-18.3,-39.5,-36.0, 14, 16, 0.29,218,17.7
2025-10-09 23:22:35,-111.8843,40.8812, 433.7, 6930,-18.3,-39.6,-36.1, 14, 16, 0.28,218,17.7
2025-10-09 23:22:36,-111.8842,40.8814, 433.4, 6935,-18.4,-39.6,-36.1, 14, 16, 0.28,218,17.7
2025-10-09 23:22:37,-111.8840,40.8815, 433.0, 6941,-18.4,-39.7,-36.2, 14, 16, 0.28,218,17.7
2025-10-09 23:22:38,-111.8839,40.8816, 432.7, 6946,-18.5,-39.7,-36.2, 14, 16, 0.28,218,17.8
2025-10-09 23:22:39,-111.8838,40.8817, 432.4, 6952,-18.5,-39.8,-36.3, 14, 16, 0.28,218,17.8
2025-10-09 23:22:40,-111.8836,40.8819, 432.0, 6958,-18.6,-39.8,-36.3, 14, 16, 0.28,219,17.8
2025-10-09 23:22:41,-111.8835,40.8820, 431.7, 6963,-18.7,-39.8,-36.4, 14, 16, 0.28,219,17.8
2025-10-09 23:22:42,-111.8834,40.8821, 431.4, 6969,-18.7,-39.9,-36.4, 14, 16, 0.28,219,17.8
2025-10-09 23:22:43,-111.8833,40.8822, 431.1, 6975,-18.8,-39.9,-36.5, 14, 16, 0.28,219,17.8
2025-10-09 23:22:44,-111.8831,40.8824, 430.7, 6980,-18.8,-40.0,-36.5, 14, 16, 0.27,219,17.8
2025-10-09 23:22:45,-111.8830,40.8825, 430.4, 6987,-18.9,-40.0,-36.5, 14, 16, 0.27,219,17.8
2025-10-09 23:22:46,-111.8828,40.8826, 430.0, 6993,-18.9,-40.1,-36.6, 14, 16, 0.27,219,17.8
2025-10-09 23:22:47,-111.8827,40.8827, 429.7, 6999,-19.0,-40.1,-36.6, 14, 16, 0.27,219,17.8
2025-10-09 23:22:48,-111.8825,40.8828, 429.3, 7005,-19.0,-40.2,-36.7, 14, 16, 0.27,219,17.8
2025-10-09 23:22:49,-111.8824,40.8829, 429.0, 7011,-19.1,-40.2,-36.7, 14, 16, 0.27,220,17.8
2025-10-09 23:22:50,-111.8822,40.8831, 428.6, 7017,-19.2,-40.2,-36.7, 14, 17, 0.27,220,17.8
2025-10-09 23:22:51,-111.8821,40.8832, 428.3, 7023,-19.2,-40.3,-36.8, 14, 17, 0.27,220,17.8
2025-10-09 23:22:52,-111.8819,40.8833, 427.9, 7029,-19.3,-40.3,-36.8, 14, 17, 0.27,220,17.8
2025-10-09 23:22:53,-111.8818,40.8834, 427.6, 7035,-19.3,-40.3,-36.8, 14, 17, 0.27,220,17.8
2025-10-09 23:22:54,-111.8816,40.8835, 427.3, 7041,-19.4,-40.4,-36.8, 14, 17, 0.27,221,17.8
2025-10-09 23:22:55,-111.8815,40.8837, 426.9, 7046,-19.4,-40.4,-36.9, 14, 17, 0.27,221,17.8
2025-10-09 23:22:56,-111.8813,40.8838, 426.6, 7052,-19.5,-40.4,-36.9, 14, 17, 0.26,221,17.8
2025-10-09 23:22:57,-111.8812,40.8839, 426.3, 7058,-19.5,-40.5,-36.9, 14, 17, 0.26,221,17.8
2025-10-09 23:22:58,-111.8810,40.8840, 425.9, 7064,-19.6,-40.5,-37.0, 14, 17, 0.26,221,17.8
2025-10-09 23:22:59,-111.8809,40.8841, 425.6, 7070,-19.7,-40.5,-37.0, 14, 17, 0.26,222,17.8
2025-10-09 23:23:00,-111.8807,40.8842, 425.2, 7076,-19.7,-40.6,-37.0, 14, 17, 0.26,222,17.8
2025-10-09 23:23:01,-111.8806,40.8844, 424.9, 7082,-19.8,-40.6,-37.1, 14, 17, 0.26,222,17.9
2025-10-09 23:23:02,-111.8804,40.8845, 424.6, 7088,-19.8,-40.6,-37.1, 14, 17, 0.26,222,17.9
2025-10-09 23:23:03,-111.8803,40.8846, 424.2, 7094,-19.9,-40.6,-37.1, 14, 17, 0.26,223,17.9
2025-10-09 23:23:04,-111.8802,40.8847, 423.9, 7100,-19.9,-40.6,-37.1, 14, 17, 0.26,223,17.9
2025-10-09 23:23:05,-111.8800,40.8848, 423.5, 7106,-20.0,-40.6,-37.1, 14, 17, 0.26,223,17.9
2025-10-09 23:23:06,-111.8799,40.8850, 423.2, 7112,-20.0,-40.6,-37.1, 14, 17, 0.26,223,17.9
2025-10-09 23:23:07,-111.8797,40.8851, 422.8, 7118,-20.1,-40.7,-37.1, 14, 17, 0.26,223,17.9
2025-10-09 23:23:08,-111.8796,40.8852, 422.5, 7124,-20.2,-40.7,-37.1, 14, 17, 0.26,224,18.0
2025-10-09 23:23:09,-111.8794,40.8853, 422.2, 7130,-20.2,-40.7,-37.1, 14, 17, 0.26,224,18.0
2025-10-09 23:23:10,-111.8793,40.8854, 421.8, 7136,-20.3,-40.7,-37.2, 14, 18, 0.26,224,18.1
2025-10-09 23:23:11,-111.8791,40.8855, 421.5, 7142,-20.3,-40.7,-37.2, 14, 18, 0.26,224,18.2
2025-10-09 23:23:12,-111.8790,40.8857, 421.1, 7148,-20.4,-40.7,-37.2, 15, 18, 0.26,224,18.2
2025-10-09 23:23:13,-111.8788,40.8858, 420.8, 7154,-20.4,-40.7,-37.2, 15, 18, 0.26,224,18.3
2025-10-09 23:23:14,-111.8786,40.8859, 420.5, 7160,-20.5,-40.7,-37.2, 15, 18, 0.26,224,18.4
2025-10-09 23:23:15,-111.8785,40.8860, 420.1, 7166,-20.6,-40.7,-37.2, 15, 18, 0.26,224,18.5
2025-10-09 23:23:16,-111.8783,40.8862, 419.8, 7172,-20.6,-40.6,-37.1, 15, 18, 0.26,225,18.5
2025-10-09 23:23:17,-111.8781,40.8863, 419.5, 7177,-20.7,-40.6,-37.0, 15, 19, 0.27,225,18.6
2025-10-09 23:23:18,-111.8779,40.8864, 419.1, 7183,-20.7,-40.5,-37.0, 15, 19, 0.27,225,18.7
2025-10-09 23:23:19,-111.8778,40.8865, 418.8, 7189,-20.8,-40.4,-36.9, 16, 19, 0.27,225,18.7
2025-10-09 23:23:20,-111.8776,40.8866, 418.4, 7195,-20.9,-40.3,-36.8, 16, 19, 0.27,225,18.8
2025-10-09 23:23:21,-111.8774,40.8868, 418.1, 7201,-20.9,-40.3,-36.8, 16, 20, 0.27,225,18.9
2025-10-09 23:23:22,-111.8773,40.8869, 417.7, 7207,-21.0,-40.2,-36.7, 16, 20, 0.28,225,18.9
2025-10-09 23:23:23,-111.8771,40.8870, 417.4, 7213,-21.0,-40.1,-36.6, 16, 20, 0.28,225,19.0
2025-10-09 23:23:24,-111.8769,40.8871, 417.1, 7220,-21.1,-40.1,-36.6, 17, 20, 0.28,226,19.1
2025-10-09 23:23:25,-111.8768,40.8873, 416.7, 7226,-21.1,-40.0,-36.5, 17, 21, 0.28,226,19.1
2025-10-09 23:23:26,-111.8766,40.8874, 416.4, 7232,-21.2,-39.9,-36.4, 17, 21, 0.29,226,19.2
2025-10-09 23:23:27,-111.8764,40.8875, 416.0, 7238,-21.3,-39.9,-36.4, 17, 21, 0.29,226,19.3
2025-10-09 23:23:28,-111.8762,40.8876, 415.7, 7244,-21.3,-39.8,-36.3, 17, 21, 0.29,226,19.3
2025-10-09 23:23:29,-111.8761,40.8878, 415.3, 7251,-21.4,-39.2,-35.8, 18, 23, 0.31,226,19.4
2025-10-09 23:23:30,-111.8759,40.8879, 415.0, 7257,-21.4,-38.7,-35.2, 20, 24, 0.33,226,19.4
2025-10-09 23:23:31,-111.8757,40.8880, 414.6, 7263,-21.5,-38.1,-34.8, 21, 26, 0.34,226,19.5
2025-10-09 23:23:32,-111.8756,40.8881, 414.2, 7269,-21.5,-37.7,-34.3, 22, 27, 0.36,226,19.5
2025-10-09 23:23:33,-111.8754,40.8882, 413.9, 7276,-21.6,-37.2,-33.9, 23, 29, 0.38,226,19.6
2025-10-09 23:23:34,-111.8752,40.8884, 413.5, 7282,-21.6,-36.8,-33.5, 24, 30, 0.40,226,19.6
2025-10-09 23:23:35,-111.8751,40.8885, 413.2, 7289,-21.7,-36.3,-33.1, 25, 31, 0.41,226,19.7
2025-10-09 23:23:36,-111.8749,40.8886, 412.8, 7295,-21.7,-36.0,-32.7, 27, 33, 0.43,226,19.7
2025-10-09 23:23:37,-111.8747,40.8887, 412.5, 7301,-21.8,-35.6,-32.3, 28, 34, 0.45,226,19.8
2025-10-09 23:23:38,-111.8745,40.8889, 412.2, 7307,-21.9,-35.2,-32.0, 29, 36, 0.46,226,19.8
2025-10-09 23:23:39,-111.8744,40.8890, 411.8, 7313,-21.9,-34.9,-31.7, 30, 37, 0.48,226,19.9
2025-10-09 23:23:40,-111.8742,40.8891, 411.5, 7318,-22.0,-34.5,-31.3, 31, 39, 0.50,226,19.9
2025-10-09 23:23:41,-111.8740,40.8892, 411.2, 7324,-22.0,-34.1,-30.9, 33, 41, 0.52,226,19.9
2025-10-09 23:23:42,-111.8739,40.8894, 410.9, 7330,-22.1,-33.7,-30.6, 34, 42, 0.54,226,20.0
2025-10-09 23:23:43,-111.8737,40.8895, 410.6, 7335,-22.1,-33.3,-30.3, 36, 44, 0.56,226,20.0
2025-10-09 23:23:44,-111.8735,40.8896, 410.3, 7341,-22.2,-33.0,-29.9, 37, 46, 0.58,227,20.1
2025-10-09 23:23:45,-111.8733,40.8897, 409.9, 7346,-22.2,-32.7,-29.6, 38, 48, 0.60,227,20.1
2025-10-09 23:23:46,-111.8732,40.8899, 409.6, 7352,-22.3,-32.3,-29.3, 40, 49, 0.62,227,20.2
2025-10-09 23:23:47,-111.8730,40.8900, 409.3, 7357,-22.3,-32.0,-29.0, 41, 51, 0.64,227,20.2
2025-10-09 23:23:48,-111.8728,40.8901, 409.0, 7363,-22.4,-31.7,-28.8, 42, 53, 0.66,227,20.3
2025-10-09 23:23:49,-111.8726,40.8903, 408.7, 7369,-22.4,-31.5,-28.5, 44, 54, 0.68,227,20.3
2025-10-09 23:23:50,-111.8724,40.8904, 408.4, 7374,-22.5,-31.2,-28.3, 45, 56, 0.69,227,20.3
2025-10-09 23:23:51,-111.8723,40.8905, 408.1, 7380,-22.5,-30.9,-28.0, 46, 58, 0.71,226,20.4
2025-10-09 23:23:52,-111.8721,40.8907, 407.7, 7386,-22.6,-30.7,-27.8, 48, 60, 0.73,226,20.4
2025-10-09 23:23:53,-111.8719,40.8908, 407.4, 7392,-22.6,-30.4,-27.6, 49, 61, 0.75,226,20.4
2025-10-09 23:23:54,-111.8717,40.8909, 407.1, 7398,-22.7,-30.2,-27.3, 50, 63, 0.77,226,20.4
2025-10-09 23:23:55,-111.8715,40.8910, 406.8, 7403,-22.7,-30.0,-27.1, 52, 65, 0.78,226,20.5
2025-10-09 23:23:56,-111.8714,40.8912, 406.4, 7409,-22.8,-29.7,-26.9, 53, 66, 0.80,226,20.5
2025-10-09 23:23:57,-111.8712,40.8913, 406.1, 7415,-22.8,-29.6,-26.8, 54, 68, 0.81,226,20.5
2025-10-09 23:23:58,-111.8710,40.8914, 405.8, 7420,-22.9,-29.6,-26.8, 54, 68, 0.81,226,20.6
2025-10-09 23:23:59,-111.8708,40.8916, 405.5, 7426,-22.9,-29.6,-26.8, 55, 68, 0.81,226,20.6
2025-10-09 23:24:00,-111.8706,40.8917, 405.2, 7432,-23.0,-29.6,-26.8, 55, 69, 0.81,226,20.6
2025-10-09 23:24:01,-111.8705,40.8918, 404.8, 7438,-23.0,-29.6,-26.8, 55, 69, 0.82,226,20.7
2025-10-09 23:24:02,-111.8703,40.8920, 404.5, 7444,-23.1,-29.6,-26.8, 55, 69, 0.82,226,20.7
2025-10-09 23:24:03,-111.8701,40.8921, 404.2, 7450,-23.1,-29.6,-26.7, 56, 70, 0.82,226,20.7
2025-10-09 23:24:04,-111.8699,40.8922, 403.8, 7456,-23.2,-29.6,-26.7, 56, 70, 0.82,226,20.8
2025-10-09 23:24:05,-111.8697,40.8924, 403.5, 7462,-23.2,-29.6,-26.7, 56, 70, 0.82,226,20.8
2025-10-09 23:24:06,-111.8696,40.8925, 403.2, 7468,-23.3,-29.5,-26.7, 56, 71, 0.82,226,20.8
2025-10-09 23:24:07,-111.8694,40.8926, 402.9, 7474,-23.3,-29.5,-26.7, 57, 71, 0.82,226,20.8
2025-10-09 23:24:08,-111.8692,40.8927, 402.6, 7480,-23.3,-29.5,-26.7, 57, 71, 0.82,226,20.9
2025-10-09 23:24:09,-111.8690,40.8929, 402.2, 7486,-23.4,-29.5,-26.7, 57, 72, 0.82,226,21.0
2025-10-09 23:24:10,-111.8689,40.8930, 401.9, 7493,-23.4,-29.5,-26.7, 57, 72, 0.82,226,21.0
2025-10-09 23:24:11,-111.8687,40.8931, 401.6, 7497,-23.5,-29.6,-26.8, 57, 72, 0.82,226,21.1
2025-10-09 23:24:12,-111.8685,40.8933, 401.3, 7503,-23.5,-29.7,-26.8, 57, 72, 0.82,226,21.1
2025-10-09 23:24:13,-111.8683,40.8934, 401.0, 7508,-23.6,-29.7,-26.9, 57, 72, 0.81,226,21.2
2025-10-09 23:24:14,-111.8681,40.8935, 400.7, 7514,-23.6,-29.8,-27.0, 57, 71, 0.81,226,21.2
2025-10-09 23:24:15,-111.8679,40.8937, 400.4, 7519,-23.7,-29.9,-27.0, 57, 71, 0.80,226,21.3
2025-10-09 23:24:16,-111.8677,40.8938, 400.0, 7526,-23.7,-30.0,-27.1, 56, 71, 0.79,226,21.4
2025-10-09 23:24:17,-111.8675,40.8939, 399.8, 7530,-23.8,-30.0,-27.2, 56, 71, 0.79,226,21.4
2025-10-09 23:24:18,-111.8673,40.8941, 399.5, 7536,-23.8,-30.1,-27.3, 56, 71, 0.79,226,21.5
2025-10-09 23:24:19,-111.8672,40.8942, 399.2, 7542,-23.8,-30.2,-27.3, 56, 71, 0.78,226,21.5
2025-10-09 23:24:20,-111.8670,40.8944, 398.8, 7547,-23.9,-30.3,-27.4, 56, 70, 0.78,226,21.6
2025-10-09 23:24:21,-111.8668,40.8945, 398.5, 7553,-23.9,-30.3,-27.5, 56, 70, 0.77,226,21.6
2025-10-09 23:24:22,-111.8666,40.8946, 398.2, 7559,-24.0,-30.4,-27.5, 55, 70, 0.77,227,21.7
2025-10-09 23:24:23,-111.8665,40.8947, 397.9, 7564,-24.0,-30.5,-27.6, 55, 70, 0.76,227,21.8
2025-10-09 23:24:24,-111.8662,40.8949, 397.7, 7568,-24.1,-30.5,-27.6, 55, 70, 0.76,227,21.8
2025-10-09 23:24:25,-111.8660,40.8950, 397.3, 7575,-24.1,-30.6,-27.7, 55, 70, 0.76,227,21.9
2025-10-09 23:24:26,-111.8658,40.8952, 397.0, 7581,-24.2,-30.6,-27.7, 55, 70, 0.76,227,21.9
2025-10-09 23:24:27,-111.8656,40.8953, 396.7, 7586,-24.2,-30.6,-27.7, 56, 70, 0.75,227,22.0
2025-10-09 23:24:28,-111.8654,40.8954, 396.4, 7591,-24.3,-30.6,-27.8, 56, 70, 0.75,227,22.0
2025-10-09 23:24:29,-111.8652,40.8956, 396.1, 7597,-24.3,-30.7,-27.8, 56, 71, 0.75,227,22.0
2025-10-09 23:24:30,-111.8650,40.8957, 395.8, 7602,-24.4,-30.7,-27.8, 56, 71, 0.75,227,22.0
2025-10-09 23:24:31,-111.8648,40.8958, 395.6, 7608,-24.4,-30.7,-27.8, 56, 71, 0.75,227,22.0
2025-10-09 23:24:32,-111.8646,40.8960, 395.3, 7613,-24.5,-30.8,-27.9, 56, 71, 0.75,227,22.1
2025-10-09 23:24:33,-111.8645,40.8961, 395.0, 7619,-24.5,-30.8,-27.9, 56, 71, 0.74,227,22.1
2025-10-09 23:24:34,-111.8643,40.8963, 394.7, 7624,-24.6,-30.8,-27.9, 56, 71, 0.74,227,22.1
2025-10-09 23:24:35,-111.8641,40.8964, 394.4, 7629,-24.6,-30.9,-27.9, 56, 72, 0.74,227,22.1
2025-10-09 23:24:36,-111.8638,40.8966, 394.1, 7634,-24.7,-30.9,-28.0, 56, 72, 0.74,227,22.1
2025-10-09 23:24:37,-111.8637,40.8967, 393.8, 7641,-24.7,-30.9,-28.0, 56, 72, 0.74,227,22.1
2025-10-09 23:24:38,-111.8635,40.8968, 393.5, 7645,-24.8,-31.0,-28.1, 56, 72, 0.73,227,22.1
2025-10-09 23:24:39,-111.8633,40.8969, 393.3, 7650,-24.8,-31.1,-28.2, 56, 71, 0.72,227,22.2
2025-10-09 23:24:40,-111.8631,40.8971, 393.0, 7655,-24.9,-31.2,-28.3, 55, 71, 0.72,227,22.2
2025-10-09 23:24:41,-111.8629,40.8972, 392.7, 7660,-24.9,-31.3,-28.4, 55, 70, 0.71,227,22.2
2025-10-09 23:24:42,-111.8627,40.8973, 392.4, 7666,-24.9,-31.4,-28.5, 55, 70, 0.71,227,22.2
2025-10-09 23:24:43,-111.8625,40.8975, 392.1, 7671,-25.0,-31.5,-28.6, 54, 69, 0.70,227,22.2
2025-10-09 23:24:44,-111.8623,40.8976, 391.8, 7676,-25.0,-31.7,-28.7, 54, 69, 0.69,227,22.2
2025-10-09 23:24:45,-111.8621,40.8978, 391.5, 7681,-25.1,-31.8,-28.8, 54, 69, 0.69,227,22.2
2025-10-09 23:24:46,-111.8619,40.8979, 391.3, 7687,-25.1,-31.9,-28.9, 53, 68, 0.68,227,22.3
2025-10-09 23:24:47,-111.8617,40.8980, 391.0, 7692,-25.1,-32.0,-29.0, 53, 68, 0.67,227,22.3
2025-10-09 23:24:48,-111.8615,40.8982, 390.7, 7698,-25.2,-32.1,-29.1, 53, 67, 0.67,227,22.3
2025-10-09 23:24:49,-111.8613,40.8983, 390.4, 7703,-25.2,-32.2,-29.2, 52, 67, 0.66,227,22.4
2025-10-09 23:24:50,-111.8611,40.8984, 390.1, 7709,-25.3,-32.3,-29.3, 52, 66, 0.65,227,22.4
2025-10-09 23:24:51,-111.8609,40.8986, 389.8, 7714,-25.3,-32.4,-29.4, 52, 66, 0.65,227,22.4
2025-10-09 23:24:52,-111.8607,40.8987, 389.5, 7720,-25.4,-32.5,-29.5, 51, 66, 0.64,228,22.5
2025-10-09 23:24:53,-111.8605,40.8989, 389.2, 7725,-25.4,-32.8,-29.7, 50, 64, 0.62,228,22.5
2025-10-09 23:24:54,-111.8602,40.8990, 388.9, 7730,-25.4,-33.1,-30.0, 49, 63, 0.61,228,22.6
2025-10-09 23:24:55,-111.8600,40.8991, 388.6, 7736,-25.5,-33.3,-30.2, 48, 61, 0.59,228,22.6
2025-10-09 23:24:56,-111.8598,40.8993, 388.4, 7741,-25.5,-33.6,-30.5, 47, 60, 0.58,228,22.6
2025-10-09 23:24:57,-111.8596,40.8994, 388.1, 7746,-25.5,-33.9,-30.8, 46, 58, 0.56,228,22.7
2025-10-09 23:24:58,-111.8594,40.8996, 387.8, 7751,-25.6,-34.2,-31.0, 44, 57, 0.55,228,22.7
2025-10-09 23:24:59,-111.8592,40.8997, 387.5, 7757,-25.6,-34.5,-31.3, 43, 56, 0.53,228,22.8
2025-10-09 23:25:00,-111.8590,40.8998, 387.2, 7762,-25.6,-34.8,-31.6, 42, 54, 0.52,228,22.8
2025-10-09 23:25:01,-111.8588,40.9000, 387.0, 7767,-25.7,-35.1,-31.9, 41, 53, 0.50,228,22.9
2025-10-09 23:25:02,-111.8586,40.9001, 386.7, 7772,-25.7,-35.4,-32.2, 40, 51, 0.49,228,22.9
2025-10-09 23:25:03,-111.8584,40.9002, 386.4, 7777,-25.7,-35.7,-32.5, 39, 50, 0.47,228,22.9
2025-10-09 23:25:04,-111.8582,40.9004, 386.1, 7783,-25.8,-36.1,-32.8, 38, 48, 0.46,228,23.0
2025-10-09 23:25:05,-111.8580,40.9005, 385.9, 7788,-25.8,-36.4,-33.1, 36, 47, 0.44,228,23.0
2025-10-09 23:25:06,-111.8578,40.9007, 385.6, 7793,-25.8,-36.8,-33.5, 35, 45, 0.42,228,23.1
2025-10-09 23:25:07,-111.8576,40.9008, 385.3, 7798,-25.9,-37.2,-33.8, 34, 44, 0.41,228,23.1
2025-10-09 23:25:08,-111.8573,40.9009, 385.0, 7803,-25.9,-37.5,-34.2, 33, 42, 0.39,228,23.1
2025-10-09 23:25:09,-111.8572,40.9011, 384.8, 7808,-26.0,-37.9,-34.6, 32, 41, 0.38,228,23.2
2025-10-09 23:25:10,-111.8569,40.9012, 384.5, 7814,-26.0,-38.4,-35.0, 30, 39, 0.36,228,23.2
2025-10-09 23:25:11,-111.8567,40.9014, 384.2, 7819,-26.1,-38.8,-35.4, 29, 38, 0.35,229,23.3
2025-10-09 23:25:12,-111.8565,40.9015, 383.9, 7824,-26.1,-39.2,-35.8, 28, 36, 0.33,229,23.3
2025-10-09 23:25:13,-111.8563,40.9016, 383.6, 7830,-26.1,-39.7,-36.2, 27, 35, 0.32,229,23.4
2025-10-09 23:25:14,-111.8561,40.9018, 383.3, 7835,-26.2,-40.2,-36.7, 26, 33, 0.30,229,23.4
2025-10-09 23:25:15,-111.8559,40.9019, 383.1, 7840,-26.2,-40.7,-37.1, 25, 32, 0.29,229,23.5
2025-10-09 23:25:16,-111.8557,40.9020, 382.8, 7846,-26.3,-41.2,-37.6, 23, 30, 0.27,229,23.5
2025-10-09 23:25:17,-111.8555,40.9022, 382.5, 7851,-26.3,-41.7,-38.1, 22, 29, 0.26,229,23.6
2025-10-09 23:25:18,-111.8552,40.9023, 382.2, 7856,-26.4,-42.3,-38.7, 21, 27, 0.24,229,23.6
2025-10-09 23:25:19,-111.8550,40.9025, 381.9, 7862,-26.4,-42.9,-39.3, 20, 25, 0.23,229,23.7
2025-10-09 23:25:20,-111.8548,40.9026, 381.7, 7867,-26.4,-43.6,-39.9, 18, 24, 0.21,229,23.7
2025-10-09 23:25:21,-111.8546,40.9027, 381.4, 7872,-26.5,-44.2,-40.5, 17, 22, 0.20,229,23.8
2025-10-09 23:25:22,-111.8543,40.9029, 381.1, 7877,-26.5,-44.4,-40.6, 17, 22, 0.20,229,23.8
2025-10-09 23:25:23,-111.8541,40.9030, 380.8, 7882,-26.6,-44.5,-40.8, 17, 22, 0.19,229,23.9
2025-10-09 23:25:24,-111.8539,40.9032, 380.6, 7887,-26.6,-44.6,-40.9, 17, 22, 0.19,230,23.9
2025-10-09 23:25:25,-111.8537,40.9033, 380.3, 7893,-26.7,-44.8,-41.0, 17, 21, 0.19,230,24.0
2025-10-09 23:25:26,-111.8535,40.9034, 380.0, 7898,-26.7,-44.9,-41.1, 16, 21, 0.18,230,24.0
2025-10-09 23:25:27,-111.8532,40.9036, 379.8, 7903,-26.8,-45.0,-41.3, 16, 21, 0.18,230,24.1
2025-10-09 23:25:28,-111.8530,40.9037, 379.5, 7908,-26.8,-45.2,-41.4, 16, 21, 0.18,230,24.1
2025-10-09 23:25:29,-111.8528,40.9038, 379.2, 7913,-26.9,-45.3,-41.5, 16, 21, 0.18,230,24.1
2025-10-09 23:25:30,-111.8526,40.9040, 379.0, 7918,-26.9,-45.5,-41.7, 16, 20, 0.17,230,24.1
2025-10-09 23:25:31,-111.8524,40.9041, 378.7, 7923,-26.9,-45.6,-41.8, 15, 20, 0.17,230,24.1
2025-10-09 23:25:32,-111.8521,40.9043, 378.4, 7928,-27.0,-45.7,-41.9, 15, 20, 0.17,230,24.1
2025-10-09 23:25:33,-111.8518,40.9045, 378.2, 7933,-27.0,-45.9,-42.1, 15, 20, 0.17,230,24.1
2025-10-09 23:25:34,-111.8517,40.9045, 377.8, 7941,-27.1,-46.1,-42.3, 15, 19, 0.16,230,24.2
2025-10-09 23:25:35,-111.8515,40.9047, 377.6, 7943,-27.1,-46.1,-42.3, 15, 19, 0.16,230,24.2
2025-10-09 23:25:36,-111.8512,40.9048, 377.4, 7948,-27.2,-46.1,-42.3, 15, 19, 0.16,230,24.2
2025-10-09 23:25:37,-111.8510,40.9050, 377.1, 7954,-27.2,-46.1,-42.3, 15, 20, 0.16,230,24.2
2025-10-09 23:25:38,-111.8508,40.9051, 376.9, 7959,-27.3,-46.1,-42.3, 15, 20, 0.16,230,24.2
2025-10-09 23:25:39,-111.8506,40.9052, 376.6, 7964,-27.3,-46.1,-42.3, 15, 20, 0.16,230,24.2
2025-10-09 23:25:40,-111.8504,40.9054, 376.3, 7969,-27.4,-46.2,-42.3, 15, 20, 0.16,230,24.2
2025-10-09 23:25:41,-111.8501,40.9055, 376.1, 7974,-27.4,-46.2,-42.3, 15, 20, 0.16,230,24.3
2025-10-09 23:25:42,-111.8499,40.9057, 375.8, 7978,-27.5,-46.2,-42.4, 15, 20, 0.16,230,24.3
2025-10-09 23:25:43,-111.8497,40.9058, 375.6, 7983,-27.5,-46.2,-42.4, 15, 20, 0.16,230,24.3
2025-10-09 23:25:44,-111.8495,40.9059, 375.3, 7988,-27.6,-46.2,-42.4, 15, 20, 0.16,230,24.3
2025-10-09 23:25:45,-111.8492,40.9061, 375.0, 7993,-27.6,-46.2,-42.4, 15, 20, 0.16,230,24.3
2025-10-09 23:25:46,-111.8490,40.9062, 374.8, 7997,-27.7,-46.2,-42.4, 15, 20, 0.16,230,24.3
2025-10-09 23:25:47,-111.8488,40.9064, 374.5, 8002,-27.7,-46.2,-42.4, 15, 20, 0.16,230,24.3
2025-10-09 23:25:48,-111.8485,40.9065, 374.3, 8007,-27.7,-46.2,-42.4, 16, 20, 0.16,230,24.4
2025-10-09 23:25:49,-111.8483,40.9067, 374.0, 8012,-27.8,-45.8,-42.0, 16, 21, 0.17,230,24.4
2025-10-09 23:25:50,-111.8481,40.9068, 373.8, 8017,-27.8,-45.4,-41.6, 17, 22, 0.18,230,24.5
2025-10-09 23:25:51,-111.8478,40.9070, 373.5, 8022,-27.9,-45.1,-41.3, 18, 23, 0.18,230,24.5
2025-10-09 23:25:52,-111.8476,40.9071, 373.2, 8027,-27.9,-44.7,-41.0, 19, 24, 0.19,230,24.5
2025-10-09 23:25:53,-111.8474,40.9073, 373.0, 8033,-27.9,-44.4,-40.6, 19, 25, 0.20,230,24.6
2025-10-09 23:25:54,-111.8471,40.9074, 372.7, 8038,-28.0,-44.0,-40.3, 20, 26, 0.21,230,24.6
2025-10-09 23:25:55,-111.8469,40.9076, 372.4, 8043,-28.0,-43.7,-40.0, 21, 27, 0.21,230,24.7
2025-10-09 23:25:56,-111.8467,40.9077, 372.2, 8048,-28.1,-43.4,-39.8, 22, 28, 0.22,230,24.7
2025-10-09 23:25:57,-111.8464,40.9079, 371.9, 8053,-28.1,-43.2,-39.5, 22, 29, 0.23,230,24.7
2025-10-09 23:25:58,-111.8462,40.9080, 371.7, 8058,-28.2,-42.9,-39.2, 23, 30, 0.23,230,24.8
2025-10-09 23:25:59,-111.8460,40.9082, 371.4, 8063,-28.2,-42.6,-39.0, 24, 31, 0.24,230,24.8
2025-10-09 23:26:00,-111.8458,40.9083, 371.1, 8068,-28.2,-42.4,-38.7, 25, 32, 0.25,230,24.9
2025-10-09 23:26:01,-111.8455,40.9084, 370.9, 8073,-28.3,-42.2,-38.5, 25, 33, 0.25,230,24.9
2025-10-09 23:26:02,-111.8453,40.9086, 370.6, 8078,-28.3,-42.0,-38.4, 26, 34, 0.26,230,24.9
2025-10-09 23:26:03,-111.8451,40.9087, 370.4, 8083,-28.3,-41.8,-38.2, 26, 35, 0.26,230,25.0
2025-10-09 23:26:04,-111.8448,40.9089, 370.1, 8087,-28.4,-41.6,-38.0, 27, 36, 0.27,230,25.0
2025-10-09 23:26:05,-111.8446,40.9090, 369.9, 8092,-28.4,-41.5,-37.9, 28, 36, 0.27,230,25.1
2025-10-09 23:26:06,-111.8444,40.9092, 369.7, 8097,-28.4,-41.3,-37.7, 28, 37, 0.28,230,25.1
2025-10-09 23:26:07,-111.8441,40.9093, 369.4, 8102,-28.5,-41.1,-37.6, 29, 38, 0.28,230,25.1
2025-10-09 23:26:08,-111.8439,40.9095, 369.1, 8106,-28.5,-41.0,-37.4, 29, 39, 0.29,230,25.3
2025-10-09 23:26:09,-111.8436,40.9096, 368.9, 8112,-28.5,-40.8,-37.3, 30, 39, 0.29,230,25.4
2025-10-09 23:26:10,-111.8434,40.9098, 368.6, 8117,-28.6,-40.7,-37.1, 30, 40, 0.30,230,25.5
2025-10-09 23:26:11,-111.8432,40.9099, 368.4, 8122,-28.6,-40.5,-37.0, 31, 41, 0.30,230,25.7
2025-10-09 23:26:12,-111.8430,40.9101, 368.1, 8127,-28.6,-40.4,-36.8, 32, 42, 0.31,230,25.8
2025-10-09 23:26:13,-111.8427,40.9102, 367.8, 8132,-28.7,-40.2,-36.7, 32, 43, 0.31,230,25.9
2025-10-09 23:26:14,-111.8425,40.9104, 367.5, 8137,-28.7,-40.1,-36.6, 33, 43, 0.32,230,26.0
2025-10-09 23:26:15,-111.8422,40.9105, 367.3, 8142,-28.8,-39.9,-36.5, 33, 44, 0.32,230,26.2
2025-10-09 23:26:16,-111.8420,40.9107, 367.0, 8148,-28.8,-39.8,-36.3, 34, 45, 0.33,230,26.3
2025-10-09 23:26:17,-111.8417,40.9109, 366.7, 8154,-28.8,-39.7,-36.2, 34, 46, 0.33,230,26.4
2025-10-09 23:26:18,-111.8414,40.9110, 366.4, 8160,-28.9,-39.6,-36.1, 35, 46, 0.34,230,26.5
2025-10-09 23:26:19,-111.8412,40.9112, 366.1, 8166,-28.9,-39.4,-36.0, 36, 47, 0.34,230,26.7
2025-10-09 23:26:20,-111.8409,40.9113, 365.8, 8171,-28.9,-39.3,-35.9, 36, 48, 0.35,230,26.8
2025-10-09 23:26:21,-111.8406,40.9115, 365.6, 8177,-29.0,-39.2,-35.8, 37, 49, 0.35,230,26.9
2025-10-09 23:26:22,-111.8404,40.9117, 365.2, 8183,-29.0,-39.3,-35.9, 36, 48, 0.35,230,27.0
2025-10-09 23:26:23,-111.8401,40.9118, 365.0, 8188,-29.0,-39.4,-36.0, 36, 48, 0.34,230,27.2
2025-10-09 23:26:24,-111.8398,40.9120, 364.7, 8194,-29.1,-39.5,-36.1, 36, 48, 0.34,230,27.3
2025-10-09 23:26:25,-111.8396,40.9122, 364.4, 8199,-29.1,-39.6,-36.2, 36, 47, 0.34,230,27.4
2025-10-09 23:26:26,-111.8393,40.9123, 364.1, 8205,-29.1,-39.7,-36.3, 35, 47, 0.33,230,27.5
2025-10-09 23:26:27,-111.8391,40.9125, 363.9, 8210,-29.2,-39.8,-36.4, 35, 47, 0.33,230,27.7
2025-10-09 23:26:28,-111.8388,40.9127, 363.6, 8215,-29.2,-39.9,-36.5, 35, 46, 0.33,230,27.7
2025-10-09 23:26:29,-111.8385,40.9128, 363.3, 8220,-29.2,-40.1,-36.6, 34, 46, 0.32,230,27.8
2025-10-09 23:26:30,-111.8383,40.9130, 363.1, 8225,-29.3,-40.2,-36.6, 34, 46, 0.32,230,27.9
2025-10-09 23:26:31,-111.8380,40.9132, 362.8, 8230,-29.3,-40.3,-36.8, 34, 45, 0.32,230,28.0
2025-10-09 23:26:32,-111.8377,40.9133, 362.5, 8235,-29.3,-40.4,-36.8, 34, 45, 0.31,230,28.1
2025-10-09 23:26:33,-111.8375,40.9135, 362.3, 8241,-29.4,-40.5,-37.0, 33, 44, 0.31,230,28.2
2025-10-09 23:26:34,-111.8373,40.9136, 362.0, 8246,-29.4,-40.6,-37.1, 33, 44, 0.31,230,28.3
2025-10-09 23:26:35,-111.8369,40.9138, 361.9, 8249,-29.4,-40.6,-37.1, 33, 44, 0.31,230,28.3
2025-10-09 23:26:36,-111.8367,40.9140, 361.5, 8257,-29.4,-40.1,-36.6, 35, 47, 0.32,231,28.5
2025-10-09 23:26:37,-111.8364,40.9142, 361.2, 8262,-29.5,-39.7,-36.2, 37, 49, 0.34,231,28.6
2025-10-09 23:26:38,-111.8361,40.9143, 360.9, 8268,-29.5,-39.4,-35.9, 38, 51, 0.35,231,28.7
2025-10-09 23:26:39,-111.8359,40.9145, 360.7, 8273,-29.5,-39.0,-35.6, 39, 53, 0.36,231,28.7
2025-10-09 23:26:40,-111.8356,40.9147, 360.4, 8278,-29.6,-38.7,-35.3, 41, 55, 0.37,231,28.8
2025-10-09 23:26:41,-111.8354,40.9148, 360.1, 8284,-29.6,-38.4,-35.0, 42, 56, 0.39,231,28.9
2025-10-09 23:26:42,-111.8351,40.9150, 359.9, 8289,-29.6,-38.1,-34.7, 44, 58, 0.40,231,29.0
2025-10-09 23:26:43,-111.8348,40.9151, 359.6, 8294,-29.6,-37.8,-34.4, 45, 60, 0.41,231,29.1
2025-10-09 23:26:44,-111.8346,40.9153, 359.4, 8299,-29.6,-37.5,-34.1, 47, 62, 0.42,231,29.2
2025-10-09 23:26:45,-111.8343,40.9155, 359.1, 8303,-29.6,-37.2,-33.9, 48, 64, 0.44,231,29.3
2025-10-09 23:26:46,-111.8340,40.9157, 358.9, 8308,-29.7,-36.9,-33.6, 49, 66, 0.45,231,29.4
2025-10-09 23:26:47,-111.8338,40.9158, 358.7, 8312,-29.7,-36.7,-33.4, 51, 68, 0.46,231,29.5
2025-10-09 23:26:48,-111.8335,40.9160, 358.4, 8317,-29.7,-36.4,-33.1, 52, 70, 0.47,231,29.4
2025-10-09 23:26:49,-111.8332,40.9162, 358.2, 8322,-29.7,-36.2,-32.9, 53, 71, 0.49,231,29.4
2025-10-09 23:26:50,-111.8330,40.9163, 358.0, 8326,-29.7,-35.9,-32.7, 55, 73, 0.50,231,29.4
2025-10-09 23:26:51,-111.8327,40.9165, 357.7, 8331,-29.8,-35.7,-32.5, 56, 75, 0.51,231,29.4
2025-10-09 23:26:52,-111.8324,40.9167, 357.5, 8336,-29.8,-35.6,-32.3, 57, 77, 0.52,231,29.4
2025-10-09 23:26:53,-111.8322,40.9168, 357.3, 8340,-29.8,-35.4,-32.2, 58, 78, 0.53,231,29.4
2025-10-09 23:26:54,-111.8319,40.9170, 357.0, 8345,-29.8,-35.2,-32.0, 60, 80, 0.54,231,29.4
2025-10-09 23:26:55,-111.8316,40.9172, 356.8, 8349,-29.8,-35.0,-31.8, 61, 81, 0.55,231,29.3
2025-10-09 23:26:56,-111.8314,40.9173, 356.6, 8354,-29.8,-34.8,-31.6, 62, 83, 0.56,231,29.3
2025-10-09 23:26:57,-111.8311,40.9175, 356.3, 8359,-29.8,-34.6,-31.5, 63, 84, 0.57,230,29.3
2025-10-09 23:26:58,-111.8309,40.9177, 356.1, 8364,-29.8,-34.5,-31.3, 64, 86, 0.58,230,29.3
2025-10-09 23:26:59,-111.8306,40.9179, 355.8, 8369,-29.8,-34.3,-31.1, 65, 87, 0.59,230,29.3
2025-10-09 23:27:00,-111.8303,40.9180, 355.6, 8374,-29.8,-34.1,-31.0, 66, 89, 0.60,230,29.3
2025-10-09 23:27:01,-111.8301,40.9182, 355.4, 8379,-29.9,-34.0,-30.8, 67, 90, 0.61,230,29.2
2025-10-09 23:27:02,-111.8298,40.9184, 355.1, 8383,-29.9,-33.8,-30.7, 69, 92, 0.62,230,29.2
2025-10-09 23:27:03,-111.8295,40.9185, 354.9, 8388,-29.9,-33.6,-30.5, 70, 93, 0.63,230,29.2
2025-10-09 23:27:04,-111.8293,40.9187, 354.7, 8393,-29.9,-33.5,-30.4, 71, 95, 0.64,230,29.2
2025-10-09 23:27:05,-111.8290,40.9189, 354.4, 8397,-29.9,-33.5,-30.4, 71, 95, 0.64,230,29.2
2025-10-09 23:27:06,-111.8287,40.9190, 354.2, 8402,-29.9,-33.5,-30.4, 71, 95, 0.64,230,29.2
2025-10-09 23:27:07,-111.8285,40.9192, 354.0, 8406,-29.9,-33.5,-30.4, 71, 95, 0.64,230,29.2
2025-10-09 23:27:08,-111.8282,40.9194, 353.8, 8410,-29.9,-33.5,-30.4, 71, 95, 0.64,230,29.2
2025-10-09 23:27:09,-111.8280,40.9196, 353.7, 8413,-29.9,-33.5,-30.4, 71, 96, 0.64,230,29.2
2025-10-09 23:27:10,-111.8277,40.9197, 353.5, 8417,-29.9,-33.5,-30.4, 71, 96, 0.64,230,29.2
2025-10-09 23:27:11,-111.8274,40.9199, 353.3, 8420,-29.9,-33.5,-30.4, 71, 96, 0.64,230,29.2
2025-10-09 23:27:12,-111.8272,40.9201, 353.1, 8424,-29.9,-33.4,-30.4, 71, 96, 0.65,230,29.2
2025-10-09 23:27:13,-111.8269,40.9202, 352.9, 8427,-29.9,-33.4,-30.4, 72, 96, 0.65,230,29.3
2025-10-09 23:27:14,-111.8266,40.9204, 352.7, 8431,-29.9,-33.4,-30.4, 72, 96, 0.65,229,29.3
2025-10-09 23:27:15,-111.8264,40.9206, 352.5, 8435,-30.0,-33.4,-30.4, 72, 96, 0.65,229,29.3
2025-10-09 23:27:16,-111.8261,40.9207, 352.3, 8439,-30.0,-33.4,-30.4, 72, 96, 0.65,229,29.3
2025-10-09 23:27:17,-111.8259,40.9209, 352.2, 8443,-30.0,-33.4,-30.3, 72, 96, 0.65,229,29.3
2025-10-09 23:27:18,-111.8256,40.9211, 352.0, 8446,-30.0,-33.4,-30.3, 72, 96, 0.65,229,29.4
2025-10-09 23:27:19,-111.8253,40.9213, 351.7, 8451,-30.0,-33.5,-30.4, 71, 95, 0.64,229,29.4
2025-10-09 23:27:20,-111.8250,40.9215, 351.5, 8455,-30.0,-33.6,-30.5, 71, 95, 0.64,229,29.4
2025-10-09 23:27:21,-111.8248,40.9216, 351.3, 8459,-30.0,-33.7,-30.6, 70, 94, 0.63,229,29.4
2025-10-09 23:27:22,-111.8245,40.9218, 351.1, 8464,-30.0,-33.8,-30.6, 70, 94, 0.63,228,29.4
2025-10-09 23:27:23,-111.8242,40.9220, 350.9, 8468,-30.0,-33.8,-30.7, 69, 93, 0.63,228,29.5
2025-10-09 23:27:24,-111.8239,40.9222, 350.7, 8473,-30.1,-33.9,-30.8, 69, 93, 0.62,228,29.5
2025-10-09 23:27:25,-111.8237,40.9224, 350.5, 8477,-30.1,-34.0,-30.9, 69, 92, 0.62,228,29.5
2025-10-09 23:27:26,-111.8234,40.9225, 350.3, 8481,-30.1,-34.1,-30.9, 68, 91, 0.61,228,29.5
2025-10-09 23:27:27,-111.8231,40.9227, 350.1, 8485,-30.1,-34.2,-31.0, 68, 91, 0.61,228,29.5
2025-10-09 23:27:28,-111.8229,40.9229, 349.9, 8489,-30.1,-34.2,-31.1, 67, 90, 0.60,228,29.6
2025-10-09 23:27:29,-111.8226,40.9231, 349.7, 8493,-30.1,-34.3,-31.2, 67, 90, 0.60,228,29.6
2025-10-09 23:27:30,-111.8223,40.9233, 349.5, 8496,-30.1,-34.4,-31.3, 66, 89, 0.59,228,29.7
2025-10-09 23:27:31,-111.8221,40.9234, 349.3, 8500,-30.2,-34.5,-31.3, 66, 88, 0.59,228,29.7
2025-10-09 23:27:32,-111.8218,40.9236, 349.1, 8504,-30.2,-34.6,-31.5, 65, 87, 0.58,228,29.8
2025-10-09 23:27:33,-111.8215,40.9238, 349.0, 8508,-30.2,-34.8,-31.6, 64, 86, 0.57,228,29.8
2025-10-09 23:27:34,-111.8212,40.9240, 348.8, 8511,-30.2,-34.9,-31.7, 64, 85, 0.57,228,29.9
2025-10-09 23:27:35,-111.8210,40.9241, 348.6, 8515,-30.2,-35.1,-31.9, 63, 84, 0.56,228,29.9
2025-10-09 23:27:36,-111.8207,40.9243, 348.4, 8519,-30.3,-35.2,-32.0, 62, 83, 0.55,229,30.0
2025-10-09 23:27:37,-111.8204,40.9245, 348.2, 8523,-30.3,-35.4,-32.1, 61, 82, 0.54,229,30.0
2025-10-09 23:27:38,-111.8202,40.9247, 348.0, 8526,-30.3,-35.5,-32.3, 60, 81, 0.54,229,30.1
2025-10-09 23:27:39,-111.8199,40.9249, 347.9, 8530,-30.3,-35.7,-32.4, 60, 80, 0.53,229,30.1
2025-10-09 23:27:40,-111.8196,40.9250, 347.7, 8534,-30.3,-35.8,-32.6, 59, 79, 0.52,229,30.2
2025-10-09 23:27:41,-111.8194,40.9252, 347.5, 8537,-30.4,-36.0,-32.7, 58, 78, 0.51,229,30.2
2025-10-09 23:27:42,-111.8191,40.9254, 347.3, 8541,-30.4,-36.1,-32.9, 57, 77, 0.50,229,30.3
2025-10-09 23:27:43,-111.8188,40.9256, 347.2, 8545,-30.4,-36.3,-33.0, 57, 76, 0.50,229,30.3
2025-10-09 23:27:44,-111.8185,40.9258, 347.0, 8548,-30.4,-36.4,-33.2, 56, 75, 0.49,229,30.4
2025-10-09 23:27:45,-111.8183,40.9259, 346.8, 8552,-30.5,-36.6,-33.3, 55, 74, 0.48,229,30.4
2025-10-09 23:27:46,-111.8180,40.9261, 346.6, 8555,-30.5,-36.8,-33.5, 54, 73, 0.47,229,30.5
2025-10-09 23:27:47,-111.8177,40.9263, 346.4, 8559,-30.5,-37.0,-33.7, 53, 71, 0.46,229,30.5
2025-10-09 23:27:48,-111.8174,40.9265, 346.3, 8563,-30.5,-37.2,-33.9, 52, 70, 0.45,229,30.6
2025-10-09 23:27:49,-111.8171,40.9266, 346.1, 8566,-30.5,-37.5,-34.1, 51, 68, 0.44,230,30.6
2025-10-09 23:27:50,-111.8169,40.9268, 345.9, 8570,-30.5,-37.7,-34.3, 50, 67, 0.43,230,30.6
2025-10-09 23:27:51,-111.8166,40.9270, 345.7, 8574,-30.5,-37.9,-34.6, 49, 65, 0.42,230,30.6
2025-10-09 23:27:52,-111.8163,40.9272, 345.6, 8577,-30.6,-38.2,-34.8, 47, 64, 0.41,230,30.6
2025-10-09 23:27:53,-111.8160,40.9273, 345.4, 8581,-30.6,-38.4,-35.0, 46, 62, 0.40,230,30.6
2025-10-09 23:27:54,-111.8158,40.9275, 345.2, 8584,-30.6,-38.7,-35.2, 45, 61, 0.39,230,30.7
2025-10-09 23:27:55,-111.8155,40.9277, 345.0, 8588,-30.6,-38.9,-35.5, 44, 59, 0.38,230,30.7
2025-10-09 23:27:56,-111.8152,40.9279, 344.9, 8591,-30.6,-39.2,-35.7, 43, 58, 0.37,230,30.7
2025-10-09 23:27:57,-111.8149,40.9280, 344.7, 8595,-30.6,-39.4,-36.0, 42, 56, 0.36,230,30.7
2025-10-09 23:27:58,-111.8146,40.9282, 344.5, 8599,-30.6,-39.7,-36.2, 41, 55, 0.35,230,30.7
2025-10-09 23:27:59,-111.8144,40.9284, 344.3, 8602,-30.6,-40.0,-36.5, 40, 53, 0.34,230,30.7
2025-10-09 23:28:00,-111.8141,40.9286, 344.2, 8606,-30.7,-40.3,-36.8, 38, 52, 0.33,230,30.7
2025-10-09 23:28:01,-111.8138,40.9287, 344.0, 8610,-30.7,-40.6,-37.1, 37, 50, 0.32,230,30.8
2025-10-09 23:28:02,-111.8135,40.9289, 343.8, 8613,-30.7,-40.9,-37.4, 36, 49, 0.31,230,30.8
2025-10-09 23:28:03,-111.8132,40.9291, 343.7, 8617,-30.7,-41.2,-37.7, 35, 47, 0.30,230,30.8
2025-10-09 23:28:04,-111.8130,40.9293, 343.5, 8620,-30.7,-41.6,-38.0, 34, 46, 0.29,230,30.8
2025-10-09 23:28:05,-111.8127,40.9294, 343.3, 8624,-30.7,-41.9,-38.3, 33, 44, 0.28,230,30.8
2025-10-09 23:28:06,-111.8124,40.9296, 343.1, 8627,-30.7,-42.3,-38.6, 32, 43, 0.27,230,30.8
2025-10-09 23:28:07,-111.8121,40.9298, 343.0, 8631,-30.8,-42.6,-39.0, 30, 41, 0.26,230,30.9
2025-10-09 23:28:08,-111.8118,40.9300, 342.8, 8634,-30.8,-43.0,-39.3, 29, 39, 0.25,230,30.8
2025-10-09 23:28:09,-111.8116,40.9301, 342.6, 8638,-30.8,-43.4,-39.7, 28, 38, 0.24,230,30.8
2025-10-09 23:28:10,-111.8113,40.9303, 342.5, 8641,-30.8,-43.8,-40.1, 27, 36, 0.23,230,30.7
2025-10-09 23:28:11,-111.8110,40.9305, 342.3, 8645,-30.8,-44.2,-40.5, 26, 35, 0.22,230,30.7
2025-10-09 23:28:12,-111.8107,40.9307, 342.1, 8648,-30.8,-44.7,-40.9, 25, 33, 0.21,230,30.6
2025-10-09 23:28:13,-111.8105,40.9308, 342.0, 8652,-30.8,-45.2,-41.4, 23, 32, 0.20,230,30.6
2025-10-09 23:28:14,-111.8102,40.9310, 341.8, 8655,-30.9,-45.7,-41.9, 22, 30, 0.19,230,30.5
2025-10-09 23:28:15,-111.8099,40.9312, 341.6, 8658,-30.9,-46.2,-42.4, 21, 28, 0.18,230,30.5
2025-10-09 23:28:16,-111.8096,40.9314, 341.5, 8662,-30.9,-46.8,-42.9, 20, 27, 0.17,230,30.4
2025-10-09 23:28:17,-111.8094,40.9315, 341.3, 8665,-30.9,-47.4,-43.5, 19, 25, 0.16,230,30.4
2025-10-09 23:28:18,-111.8091,40.9317, 341.1, 8669,-31.0,-48.0,-44.1, 17, 23, 0.15,231,30.3
2025-10-09 23:28:19,-111.8088,40.9319, 341.0, 8673,-31.0,-48.7,-44.7, 16, 22, 0.14,231,30.3
2025-10-09 23:28:20,-111.8085,40.9320, 340.8, 8676,-31.0,-49.4,-45.4, 15, 20, 0.13,231,30.2
2025-10-09 23:28:21,-111.8083,40.9322, 340.6, 8680,-31.0,-50.2,-46.2, 14, 18, 0.11,231,30.2
2025-10-09 23:28:22,-111.8080,40.9324, 340.4, 8683,-31.1,-51.1,-47.0, 12, 17, 0.10,231,30.1
2025-10-09 23:28:23,-111.8077,40.9326, 340.3, 8687,-31.1,-51.9,-47.8, 11, 15, 0.09,231,30.1
2025-10-09 23:28:24,-111.8075,40.9327, 340.1, 8690,-31.1,-52.0,-48.0, 11, 15, 0.09,231,30.1
2025-10-09 23:28:25,-111.8072,40.9329, 339.9, 8693,-31.1,-52.2,-48.1, 11, 15, 0.09,231,30.0
2025-10-09 23:28:26,-111.8069,40.9331, 339.8, 8697,-31.2,-52.4,-48.3, 11, 14, 0.09,231,30.0
2025-10-09 23:28:27,-111.8066,40.9332, 339.6, 8700,-31.2,-52.5,-48.4, 11, 14, 0.09,231,29.9
2025-10-09 23:28:28,-111.8064,40.9334, 339.5, 8704,-31.2,-52.7,-48.6, 10, 14, 0.09,231,29.9
2025-10-09 23:28:29,-111.8061,40.9336, 339.3, 8707,-31.2,-52.9,-48.7, 10, 14, 0.08,231,29.9
2025-10-09 23:28:30,-111.8058,40.9337, 339.1, 8710,-31.3,-53.0,-48.9, 10, 14, 0.08,231,29.9
2025-10-09 23:28:31,-111.8055,40.9339, 339.0, 8714,-31.3,-53.2,-49.1, 10, 13, 0.08,231,29.9
2025-10-09 23:28:32,-111.8053,40.9341, 338.8, 8717,-31.3,-53.4,-49.2, 10, 13, 0.08,231,29.9
2025-10-09 23:28:33,-111.8050,40.9343, 338.6, 8721,-31.3,-53.6,-49.4,  9, 13, 0.08,231,29.8
2025-10-09 23:28:34,-111.8047,40.9344, 338.5, 8725,-31.3,-53.8,-49.6,  9, 13, 0.08,231,29.8
2025-10-09 23:28:35,-111.8045,40.9346, 338.3, 8728,-31.4,-54.0,-49.8,  9, 12, 0.07,230,29.8
2025-10-09 23:28:36,-111.8042,40.9348, 338.1, 8732,-31.4,-54.1,-50.0,  9, 12, 0.07,230,29.8
2025-10-09 23:28:37,-111.8039,40.9349, 337.9, 8735,-31.4,-54.3,-50.1,  9, 12, 0.07,230,29.8
2025-10-09 23:28:38,-111.8037,40.9351, 337.8, 8739,-31.4,-54.4,-50.2,  9, 12, 0.07,230,29.8
2025-10-09 23:28:39,-111.8034,40.9353, 337.6, 8743,-31.5,-54.4,-50.3,  9, 12, 0.07,230,29.8
2025-10-09 23:28:40,-111.8031,40.9355, 337.4, 8746,-31.5,-54.5,-50.3,  9, 12, 0.07,230,29.8
2025-10-09 23:28:41,-111.8028,40.9356, 337.2, 8750,-31.5,-54.6,-50.4,  8, 12, 0.07,230,29.7
2025-10-09 23:28:42,-111.8026,40.9358, 337.1, 8754,-31.5,-54.7,-50.5,  8, 11, 0.07,230,29.7
2025-10-09 23:28:43,-111.8023,40.9360, 336.9, 8757,-31.6,-54.8,-50.6,  8, 11, 0.07,230,29.7
2025-10-09 23:28:44,-111.8020,40.9361, 336.7, 8761,-31.6,-54.9,-50.7,  8, 11, 0.07,230,29.7
2025-10-09 23:28:45,-111.8017,40.9363, 336.5, 8765,-31.6,-55.0,-50.8,  8, 11, 0.07,230,29.7
2025-10-09 23:28:46,-111.8015,40.9365, 336.4, 8768,-31.6,-55.1,-50.9,  8, 11, 0.07,230,29.7
2025-10-09 23:28:47,-111.8012,40.9367, 336.2, 8772,-31.6,-55.2,-50.9,  8, 11, 0.06,230,29.7
2025-10-09 23:28:48,-111.8009,40.9368, 336.0, 8775,-31.7,-55.3,-51.0,  8, 11, 0.06,230,29.7
2025-10-09 23:28:49,-111.8007,40.9370, 335.9, 8779,-31.7,-55.3,-51.1,  8, 11, 0.06,230,29.7
2025-10-09 23:28:50,-111.8004,40.9372, 335.7, 8783,-31.7,-55.4,-51.2,  8, 11, 0.06,230,29.8
2025-10-09 23:28:51,-111.8001,40.9374, 335.5, 8786,-31.7,-55.5,-51.2,  8, 11, 0.06,230,29.8
2025-10-09 23:28:52,-111.7999,40.9376, 335.4, 8790,-31.8,-55.5,-51.3,  8, 11, 0.06,230,29.8
2025-10-09 23:28:53,-111.7996,40.9378, 335.2, 8793,-31.8,-55.5,-51.3,  8, 11, 0.06,229,29.8
2025-10-09 23:28:54,-111.7993,40.9379, 335.0, 8797,-31.8,-55.6,-51.3,  8, 11, 0.06,229,29.9
2025-10-09 23:28:55,-111.7990,40.9381, 334.9, 8800,-31.8,-55.6,-51.4,  8, 11, 0.06,229,29.9
2025-10-09 23:28:56,-111.7988,40.9383, 334.7, 8804,-31.8,-55.6,-51.4,  8, 11, 0.06,229,29.9
2025-10-09 23:28:57,-111.7985,40.9385, 334.5, 8807,-31.9,-55.6,-51.4,  8, 11, 0.06,229,29.9
2025-10-09 23:28:58,-111.7982,40.9387, 334.4, 8811,-31.9,-55.7,-51.4,  8, 11, 0.06,229,30.0
2025-10-09 23:28:59,-111.7980,40.9388, 334.2, 8814,-31.9,-55.7,-51.5,  8, 11, 0.06,229,30.0
2025-10-09 23:29:00,-111.7977,40.9390, 334.0, 8818,-31.9,-55.7,-51.5,  8, 11, 0.06,229,30.0
2025-10-09 23:29:01,-111.7974,40.9392, 333.8, 8822,-32.0,-55.8,-51.5,  8, 11, 0.06,229,30.1
2025-10-09 23:29:02,-111.7971,40.9394, 333.7, 8825,-32.0,-55.8,-51.6,  8, 10, 0.06,229,30.1
2025-10-09 23:29:03,-111.7969,40.9396, 333.4, 8830,-32.0,-55.9,-51.6,  8, 10, 0.06,229,30.1
2025-10-09 23:29:04,-111.7966,40.9398, 333.3, 8833,-32.0,-55.8,-51.6,  8, 11, 0.06,229,30.1
2025-10-09 23:29:05,-111.7963,40.9399, 333.1, 8837,-32.1,-55.8,-51.6,  8, 11, 0.06,229,30.2
2025-10-09 23:29:06,-111.7961,40.9401, 332.9, 8841,-32.1,-55.8,-51.5,  8, 11, 0.06,229,30.2
2025-10-09 23:29:07,-111.7958,40.9403, 332.8, 8845,-32.1,-55.7,-51.5,  8, 11, 0.06,229,30.2
2025-10-09 23:29:08,-111.7955,40.9405, 332.6, 8848,-32.1,-55.7,-51.5,  8, 11, 0.06,228,30.3
2025-10-09 23:29:09,-111.7952,40.9407, 332.4, 8852,-32.2,-55.7,-51.4,  8, 11, 0.06,228,30.3
2025-10-09 23:29:10,-111.7950,40.9408, 332.2, 8856,-32.2,-55.7,-51.4,  8, 11, 0.06,228,30.3
2025-10-09 23:29:11,-111.7947,40.9410, 332.0, 8860,-32.2,-55.6,-51.4,  8, 11, 0.06,228,30.4
2025-10-09 23:29:12,-111.7944,40.9412, 331.9, 8864,-32.2,-55.6,-51.4,  8, 11, 0.06,228,30.4
2025-10-09 23:29:13,-111.7942,40.9414, 331.7, 8868,-32.3,-55.6,-51.3,  8, 11, 0.06,228,30.5
2025-10-09 23:29:14,-111.7939,40.9416, 331.5, 8872,-32.3,-55.6,-51.3,  8, 11, 0.06,228,30.5
2025-10-09 23:29:15,-111.7936,40.9417, 331.3, 8876,-32.3,-55.5,-51.3,  8, 11, 0.06,228,30.6
2025-10-09 23:29:16,-111.7934,40.9419, 331.1, 8879,-32.3,-55.5,-51.3,  8, 11, 0.06,228,30.6
2025-10-09 23:29:17,-111.7931,40.9421, 330.9, 8883,-32.4,-55.5,-51.2,  8, 11, 0.06,228,30.7
2025-10-09 23:29:18,-111.7928,40.9423, 330.7, 8887,-32.4,-55.5,-51.2,  8, 11, 0.06,228,30.7
2025-10-09 23:29:19,-111.7925,40.9425, 330.6, 8891,-32.4,-55.5,-51.2,  8, 11, 0.06,228,30.8
2025-10-09 23:29:20,-111.7923,40.9427, 330.4, 8895,-32.5,-55.4,-51.2,  8, 12, 0.06,228,30.8
2025-10-09 23:29:21,-111.7920,40.9429, 330.2, 8899,-32.5,-55.4,-51.2,  8, 12, 0.06,228,30.8
2025-10-09 23:29:22,-111.7917,40.9431, 330.0, 8903,-32.5,-55.4,-51.2,  8, 12, 0.06,228,30.9
2025-10-09 23:29:23,-111.7914,40.9432, 329.9, 8906,-32.6,-55.4,-51.2,  9, 12, 0.06,228,30.9
2025-10-09 23:29:24,-111.7912,40.9434, 329.7, 8910,-32.6,-55.4,-51.2,  9, 12, 0.06,228,31.0
2025-10-09 23:29:25,-111.7909,40.9436, 329.5, 8914,-32.6,-55.4,-51.2,  9, 12, 0.06,228,31.0
2025-10-09 23:29:26,-111.7906,40.9438, 329.3, 8918,-32.7,-55.4,-51.2,  9, 12, 0.06,228,31.1
2025-10-09 23:29:27,-111.7904,40.9440, 329.1, 8922,-32.7,-55.4,-51.2,  9, 12, 0.06,228,31.1
2025-10-09 23:29:28,-111.7901,40.9442, 329.0, 8925,-32.7,-55.4,-51.2,  9, 12, 0.06,228,31.1
2025-10-09 23:29:29,-111.7898,40.9444, 328.8, 8929,-32.8,-55.4,-51.2,  9, 12, 0.06,228,31.1
2025-10-09 23:29:30,-111.7895,40.9445, 328.6, 8933,-32.8,-55.4,-51.2,  9, 12, 0.06,228,31.1
2025-10-09 23:29:31,-111.7893,40.9447, 328.5, 8936,-32.8,-55.4,-51.2,  9, 12, 0.06,228,31.1
2025-10-09 23:29:32,-111.7890,40.9449, 328.3, 8940,-32.9,-55.4,-51.2,  9, 12, 0.06,228,31.1
2025-10-09 23:29:33,-111.7887,40.9451, 328.1, 8943,-32.9,-55.4,-51.1,  9, 12, 0.06,228,31.0
2025-10-09 23:29:34,-111.7884,40.9453, 328.0, 8947,-32.9,-55.4,-51.1,  9, 12, 0.06,228,31.0
2025-10-09 23:29:35,-111.7882,40.9455, 327.8, 8950,-33.0,-55.3,-51.1,  9, 12, 0.07,228,31.0
2025-10-09 23:29:36,-111.7879,40.9457, 327.6, 8954,-33.0,-55.3,-51.1,  9, 12, 0.07,228,31.0
2025-10-09 23:29:37,-111.7876,40.9459, 327.5, 8958,-33.0,-55.3,-51.1,  9, 12, 0.07,228,31.0
2025-10-09 23:29:38,-111.7873,40.9460, 327.3, 8962,-33.1,-55.3,-51.1,  9, 12, 0.07,228,31.0
2025-10-09 23:29:39,-111.7871,40.9462, 327.1, 8965,-33.1,-55.3,-51.1,  9, 13, 0.07,228,31.0
2025-10-09 23:29:40,-111.7868,40.9464, 326.9, 8969,-33.1,-55.3,-51.1,  9, 13, 0.07,228,31.0
2025-10-09 23:29:41,-111.7865,40.9466, 326.8, 8973,-33.2,-55.3,-51.1,  9, 13, 0.07,228,31.0
2025-10-09 23:29:42,-111.7862,40.9468, 326.6, 8977,-33.2,-55.3,-51.1,  9, 13, 0.07,228,30.9
2025-10-09 23:29:43,-111.7860,40.9470, 326.4, 8980,-33.2,-55.3,-51.1,  9, 13, 0.07,228,30.9
2025-10-09 23:29:44,-111.7857,40.9472, 326.2, 8984,-33.3,-55.3,-51.0,  9, 13, 0.07,228,30.9
2025-10-09 23:29:45,-111.7854,40.9473, 326.1, 8988,-33.3,-55.2,-51.0,  9, 13, 0.07,228,30.9
2025-10-09 23:29:46,-111.7852,40.9475, 325.9, 8992,-33.3,-55.2,-51.0,  9, 13, 0.07,228,30.9
2025-10-09 23:29:47,-111.7849,40.9477, 325.7, 8995,-33.4,-55.2,-51.0,  9, 13, 0.07,228,30.9
2025-10-09 23:29:48,-111.7846,40.9479, 325.5, 8999,-33.4,-55.1,-50.9, 10, 13, 0.07,228,30.9
2025-10-09 23:29:49,-111.7843,40.9481, 325.4, 9002,-33.4,-55.1,-50.9, 10, 13, 0.07,228,30.9
2025-10-09 23:29:50,-111.7840,40.9483, 325.2, 9006,-33.5,-55.1,-50.9, 10, 13, 0.07,228,30.9
2025-10-09 23:29:51,-111.7838,40.9485, 325.0, 9009,-33.5,-55.1,-50.8, 10, 14, 0.07,228,30.9
2025-10-09 23:29:52,-111.7835,40.9487, 324.9, 9013,-33.5,-55.0,-50.8, 10, 14, 0.07,228,31.0
2025-10-09 23:29:53,-111.7832,40.9488, 324.7, 9017,-33.6,-55.0,-50.8, 10, 14, 0.07,228,31.0
2025-10-09 23:29:54,-111.7829,40.9490, 324.5, 9020,-33.6,-55.0,-50.8, 10, 14, 0.07,228,31.0
2025-10-09 23:29:55,-111.7827,40.9492, 324.4, 9024,-33.6,-54.9,-50.7, 10, 14, 0.07,228,31.0
2025-10-09 23:29:56,-111.7824,40.9494, 324.2, 9028,-33.7,-54.9,-50.7, 10, 14, 0.07,228,31.0
2025-10-09 23:29:57,-111.7821,40.9496, 324.0, 9032,-33.7,-54.9,-50.7, 10, 14, 0.07,228,31.0
2025-10-09 23:29:58,-111.7818,40.9498, 323.9, 9035,-33.7,-54.8,-50.6, 10, 14, 0.07,228,31.0
2025-10-09 23:29:59,-111.7815,40.9500, 323.7, 9039,-33.8,-54.6,-50.4, 11, 15, 0.07,228,31.0
2025-10-09 23:30:00,-111.7813,40.9502, 323.5, 9043,-33.8,-54.5,-50.3, 11, 15, 0.07,228,31.1
2025-10-09 23:30:01,-111.7810,40.9503, 323.3, 9046,-33.8,-54.4,-50.2, 11, 15, 0.07,228,31.1
2025-10-09 23:30:02,-111.7807,40.9505, 323.2, 9050,-33.9,-54.3,-50.1, 11, 15, 0.07,228,31.1
2025-10-09 23:30:03,-111.7804,40.9507, 323.0, 9054,-33.9,-54.2,-50.0, 11, 16, 0.08,228,31.1
2025-10-09 23:30:04,-111.7802,40.9509, 322.8, 9058,-33.9,-54.0,-49.9, 11, 16, 0.08,228,31.1
2025-10-09 23:30:05,-111.7799,40.9511, 322.6, 9062,-34.0,-53.9,-49.8, 12, 16, 0.08,228,31.1
2025-10-09 23:30:06,-111.7796,40.9513, 322.5, 9066,-34.0,-53.8,-49.7, 12, 16, 0.08,228,31.1
2025-10-09 23:30:07,-111.7793,40.9515, 322.3, 9070,-34.0,-53.7,-49.6, 12, 17, 0.08,228,31.2
2025-10-09 23:30:08,-111.7790,40.9517, 322.1, 9074,-34.1,-53.6,-49.5, 12, 17, 0.08,228,31.2
2025-10-09 23:30:09,-111.7788,40.9519, 321.9, 9078,-34.1,-53.5,-49.4, 12, 17, 0.08,228,31.3
2025-10-09 23:30:10,-111.7785,40.9520, 321.7, 9081,-34.1,-53.4,-49.3, 13, 18, 0.08,228,31.3
2025-10-09 23:30:11,-111.7782,40.9522, 321.6, 9085,-34.1,-53.3,-49.1, 13, 18, 0.08,228,31.4
2025-10-09 23:30:12,-111.7779,40.9524, 321.4, 9089,-34.2,-53.1,-48.9, 13, 18, 0.09,228,31.4
2025-10-09 23:30:13,-111.7776,40.9526, 321.2, 9093,-34.2,-52.9,-48.8, 13, 19, 0.09,228,31.5
2025-10-09 23:30:14,-111.7774,40.9528, 321.0, 9097,-34.2,-52.7,-48.6, 14, 19, 0.09,228,31.5
2025-10-09 23:30:15,-111.7771,40.9530, 320.8, 9101,-34.3,-52.5,-48.4, 14, 20, 0.09,228,31.6
2025-10-09 23:30:16,-111.7768,40.9532, 320.7, 9105,-34.3,-52.4,-48.3, 14, 20, 0.09,228,31.6
2025-10-09 23:30:17,-111.7765,40.9534, 320.5, 9109,-34.3,-52.2,-48.1, 15, 21, 0.10,228,31.7
2025-10-09 23:30:18,-111.7762,40.9536, 320.3, 9112,-34.4,-52.1,-48.0, 15, 21, 0.10,228,31.7
2025-10-09 23:30:19,-111.7760,40.9538, 320.1, 9116,-34.4,-51.9,-47.8, 15, 22, 0.10,228,31.8
2025-10-09 23:30:20,-111.7757,40.9540, 320.0, 9120,-34.4,-51.8,-47.7, 16, 22, 0.10,228,31.9
2025-10-09 23:30:21,-111.7754,40.9542, 319.8, 9124,-34.5,-51.6,-47.5, 16, 23, 0.10,228,31.9
2025-10-09 23:30:22,-111.7751,40.9544, 319.6, 9128,-34.5,-51.5,-47.4, 16, 23, 0.11,228,32.0
2025-10-09 23:30:23,-111.7748,40.9546, 319.4, 9132,-34.5,-51.3,-47.3, 17, 23, 0.11,228,32.0
2025-10-09 23:30:24,-111.7746,40.9548, 319.2, 9136,-34.6,-51.2,-47.1, 17, 24, 0.11,228,32.1
2025-10-09 23:30:25,-111.7743,40.9550, 319.1, 9140,-34.6,-51.0,-47.0, 17, 24, 0.11,228,32.1
2025-10-09 23:30:26,-111.7740,40.9552, 318.9, 9144,-34.6,-50.9,-46.8, 18, 25, 0.11,228,32.2
2025-10-09 23:30:27,-111.7737,40.9554, 318.7, 9147,-34.7,-50.7,-46.7, 18, 26, 0.12,228,32.2
2025-10-09 23:30:28,-111.7734,40.9556, 318.5, 9151,-34.7,-50.5,-46.5, 19, 26, 0.12,228,32.2
2025-10-09 23:30:29,-111.7732,40.9558, 318.3, 9155,-34.7,-50.4,-46.4, 19, 27, 0.12,228,32.3
2025-10-09 23:30:30,-111.7729,40.9560, 318.2, 9159,-34.8,-50.2,-46.2, 19, 27, 0.12,227,32.3
2025-10-09 23:30:31,-111.7726,40.9562, 318.0, 9163,-34.8,-50.1,-46.1, 20, 28, 0.12,227,32.3
2025-10-09 23:30:32,-111.7723,40.9564, 317.8, 9167,-34.9,-50.0,-46.0, 20, 28, 0.13,227,32.3
2025-10-09 23:30:33,-111.7720,40.9566, 317.6, 9171,-34.9,-49.8,-45.8, 21, 29, 0.13,227,32.3
2025-10-09 23:30:34,-111.7718,40.9568, 317.4, 9176,-34.9,-49.7,-45.7, 21, 29, 0.13,227,32.3
2025-10-09 23:30:35,-111.7715,40.9570, 317.2, 9180,-35.0,-49.6,-45.6, 21, 30, 0.13,227,32.3
2025-10-09 23:30:36,-111.7712,40.9572, 317.0, 9184,-35.0,-49.4,-45.5, 22, 31, 0.13,227,32.4
2025-10-09 23:30:37,-111.7709,40.9574, 316.8, 9188,-35.1,-49.3,-45.3, 22, 31, 0.14,227,32.4
2025-10-09 23:30:38,-111.7706,40.9576, 316.6, 9193,-35.1,-49.2,-45.3, 22, 32, 0.14,227,32.4
2025-10-09 23:30:39,-111.7704,40.9578, 316.5, 9197,-35.1,-49.2,-45.2, 23, 32, 0.14,227,32.4
2025-10-09 23:30:40,-111.7701,40.9580, 316.3, 9201,-35.2,-49.2,-45.2, 23, 32, 0.14,227,32.4
2025-10-09 23:30:41,-111.7698,40.9582, 316.1, 9205,-35.2,-49.1,-45.2, 23, 32, 0.14,227,32.4
2025-10-09 23:30:42,-111.7695,40.9584, 315.9, 9209,-35.3,-49.1,-45.1, 23, 33, 0.14,227,32.5
2025-10-09 23:30:43,-111.7692,40.9586, 315.7, 9213,-35.3,-49.1,-45.1, 23, 33, 0.14,227,32.5
2025-10-09 23:30:44,-111.7690,40.9588, 315.5, 9218,-35.3,-49.0,-45.1, 23, 33, 0.14,226,32.5
2025-10-09 23:30:45,-111.7687,40.9590, 315.3, 9222,-35.4,-49.0,-45.1, 24, 33, 0.14,226,32.5
2025-10-09 23:30:46,-111.7684,40.9592, 315.1, 9226,-35.4,-49.0,-45.0, 24, 34, 0.14,226,32.5
2025-10-09 23:30:47,-111.7681,40.9594, 315.0, 9230,-35.5,-49.0,-45.0, 24, 34, 0.14,226,32.5
2025-10-09 23:30:48,-111.7678,40.9596, 314.8, 9234,-35.5,-48.9,-45.0, 24, 34, 0.14,226,32.6
2025-10-09 23:30:49,-111.7676,40.9598, 314.6, 9238,-35.5,-48.9,-45.0, 24, 34, 0.14,226,32.6
2025-10-09 23:30:50,-111.7673,40.9600, 314.4, 9242,-35.6,-48.9,-44.9, 24, 35, 0.14,226,32.6
2025-10-09 23:30:51,-111.7670,40.9602, 314.2, 9247,-35.6,-48.9,-44.9, 25, 35, 0.14,226,32.6
2025-10-09 23:30:52,-111.7667,40.9604, 314.0, 9251,-35.7,-49.0,-45.0, 24, 35, 0.14,226,32.6
2025-10-09 23:30:53,-111.7665,40.9606, 313.8, 9256,-35.7,-49.1,-45.1, 24, 34, 0.14,226,32.7
2025-10-09 23:30:54,-111.7662,40.9608, 313.6, 9260,-35.7,-49.2,-45.2, 24, 34, 0.14,226,32.7
2025-10-09 23:30:55,-111.7659,40.9610, 313.4, 9265,-35.8,-49.3,-45.3, 24, 34, 0.14,226,32.7
2025-10-09 23:30:56,-111.7656,40.9612, 313.2, 9269,-35.8,-49.3,-45.4, 24, 34, 0.14,226,32.7
2025-10-09 23:30:57,-111.7653,40.9615, 313.0, 9274,-35.9,-49.4,-45.5, 24, 34, 0.14,226,32.8
2025-10-09 23:30:58,-111.7651,40.9617, 312.8, 9278,-35.9,-49.5,-45.5, 23, 33, 0.13,226,32.8
2025-10-09 23:30:59,-111.7648,40.9619, 312.6, 9283,-35.9,-49.6,-45.6, 23, 33, 0.13,226,32.8
2025-10-09 23:31:00,-111.7645,40.9621, 312.4, 9287,-36.0,-49.7,-45.7, 23, 33, 0.13,226,32.8
2025-10-09 23:31:01,-111.7642,40.9623, 312.2, 9292,-36.0,-49.8,-45.8, 23, 33, 0.13,226,32.9
2025-10-09 23:31:02,-111.7640,40.9625, 312.0, 9296,-36.1,-49.9,-45.9, 23, 32, 0.13,226,32.9
2025-10-09 23:31:03,-111.7637,40.9627, 311.8, 9301,-36.1,-50.0,-46.0, 23, 32, 0.13,226,32.9
2025-10-09 23:31:04,-111.7634,40.9629, 311.6, 9305,-36.1,-50.1,-46.1, 23, 32, 0.13,226,32.9
2025-10-09 23:31:05,-111.7631,40.9631, 311.4, 9309,-36.2,-50.2,-46.2, 22, 32, 0.12,226,32.9
2025-10-09 23:31:06,-111.7629,40.9633, 311.2, 9314,-36.2,-50.4,-46.4, 22, 31, 0.12,225,33.0
2025-10-09 23:31:07,-111.7626,40.9636, 311.0, 9318,-36.2,-50.5,-46.5, 22, 31, 0.12,225,33.0
2025-10-09 23:31:08,-111.7623,40.9638, 310.8, 9322,-36.3,-50.7,-46.6, 21, 31, 0.12,225,33.0
2025-10-09 23:31:09,-111.7620,40.9640, 310.6, 9327,-36.3,-50.8,-46.8, 21, 30, 0.12,225,33.0
2025-10-09 23:31:10,-111.7617,40.9642, 310.4, 9331,-36.4,-51.0,-46.9, 21, 30, 0.11,225,33.0
2025-10-09 23:31:11,-111.7615,40.9644, 310.2, 9335,-36.4,-51.1,-47.1, 21, 29, 0.11,225,33.0
2025-10-09 23:31:12,-111.7612,40.9646, 310.0, 9340,-36.4,-51.3,-47.2, 20, 29, 0.11,225,33.0
2025-10-09 23:31:13,-111.7609,40.9648, 309.8, 9344,-36.5,-51.4,-47.4, 20, 29, 0.11,225,33.0
2025-10-09 23:31:14,-111.7606,40.9650, 309.6, 9348,-36.5,-51.6,-47.5, 20, 28, 0.11,225,33.0
2025-10-09 23:31:15,-111.7604,40.9652, 309.4, 9353,-36.5,-51.7,-47.7, 19, 28, 0.11,225,33.0
2025-10-09 23:31:16,-111.7601,40.9654, 309.2, 9357,-36.6,-51.9,-47.8, 19, 27, 0.10,225,33.0
2025-10-09 23:31:17,-111.7598,40.9656, 309.0, 9362,-36.6,-52.1,-48.0, 19, 27, 0.10,225,33.0
2025-10-09 23:31:18,-111.7595,40.9659, 308.9, 9365,-36.6,-52.2,-48.1, 19, 27, 0.10,225,33.1
2025-10-09 23:31:19,-111.7592,40.9661, 308.7, 9370,-36.7,-52.0,-47.9, 19, 27, 0.10,225,33.1
2025-10-09 23:31:20,-111.7590,40.9663, 308.5, 9374,-36.7,-51.9,-47.8, 19, 28, 0.10,225,33.1
2025-10-09 23:31:21,-111.7587,40.9665, 308.3, 9378,-36.8,-51.8,-47.7, 20, 28, 0.11,225,33.1
2025-10-09 23:31:22,-111.7584,40.9667, 308.1, 9382,-36.8,-51.6,-47.6, 20, 29, 0.11,224,33.1
2025-10-09 23:31:23,-111.7581,40.9669, 307.9, 9386,-36.8,-51.5,-47.4, 21, 29, 0.11,224,33.1
2025-10-09 23:31:24,-111.7579,40.9671, 307.8, 9390,-36.9,-51.4,-47.3, 21, 30, 0.11,224,33.1
2025-10-09 23:31:25,-111.7576,40.9673, 307.6, 9394,-36.9,-51.3,-47.2, 21, 31, 0.11,224,33.1
2025-10-09 23:31:26,-111.7573,40.9675, 307.4, 9398,-36.9,-51.2,-47.1, 22, 31, 0.11,224,33.1
2025-10-09 23:31:27,-111.7570,40.9678, 307.2, 9402,-37.0,-51.0,-47.0, 22, 32, 0.12,224,33.1
2025-10-09 23:31:28,-111.7567,40.9680, 307.0, 9406,-37.0,-50.9,-46.9, 22, 32, 0.12,224,33.1
2025-10-09 23:31:29,-111.7565,40.9682, 306.9, 9410,-37.1,-50.8,-46.8, 23, 33, 0.12,224,33.1
2025-10-09 23:31:30,-111.7562,40.9684, 306.7, 9415,-37.1,-50.7,-46.7, 23, 33, 0.12,224,33.1
2025-10-09 23:31:31,-111.7559,40.9686, 306.5, 9419,-37.1,-50.6,-46.6, 23, 34, 0.12,224,33.1
2025-10-09 23:31:32,-111.7556,40.9688, 306.3, 9424,-37.2,-50.5,-46.5, 24, 34, 0.12,224,33.1
2025-10-09 23:31:33,-111.7553,40.9690, 306.1, 9428,-37.2,-50.4,-46.4, 24, 35, 0.12,224,33.0
2025-10-09 23:31:34,-111.7551,40.9692, 305.9, 9433,-37.2,-50.2,-46.2, 25, 36, 0.13,224,33.0
2025-10-09 23:31:35,-111.7548,40.9694, 305.7, 9437,-37.3,-50.1,-46.1, 25, 36, 0.13,224,33.0
2025-10-09 23:31:36,-111.7545,40.9697, 305.5, 9441,-37.3,-50.0,-46.0, 26, 37, 0.13,225,33.0
2025-10-09 23:31:37,-111.7542,40.9699, 305.3, 9445,-37.4,-49.9,-45.9, 26, 38, 0.13,225,33.0
2025-10-09 23:31:38,-111.7540,40.9701, 305.1, 9449,-37.4,-49.7,-45.7, 27, 38, 0.13,225,33.0
2025-10-09 23:31:39,-111.7537,40.9703, 304.9, 9453,-37.4,-49.6,-45.6, 27, 39, 0.14,225,33.0
2025-10-09 23:31:40,-111.7534,40.9705, 304.8, 9457,-37.5,-49.5,-45.5, 28, 40, 0.14,225,33.0
2025-10-09 23:31:41,-111.7531,40.9707, 304.6, 9462,-37.5,-49.4,-45.4, 28, 40, 0.14,225,33.0
2025-10-09 23:31:42,-111.7528,40.9709, 304.4, 9466,-37.5,-49.3,-45.3, 29, 41, 0.14,225,32.9
2025-10-09 23:31:43,-111.7526,40.9711, 304.1, 9471,-37.6,-49.1,-45.2, 29, 42, 0.14,225,32.9
2025-10-09 23:31:44,-111.7523,40.9713, 303.9, 9476,-37.6,-49.0,-45.1, 29, 43, 0.15,225,32.9
2025-10-09 23:31:45,-111.7520,40.9715, 303.7, 9480,-37.6,-48.9,-45.0, 30, 43, 0.15,225,32.9
2025-10-09 23:31:46,-111.7517,40.9718, 303.5, 9486,-37.7,-48.8,-44.9, 30, 44, 0.15,225,32.9
2025-10-09 23:31:47,-111.7515,40.9720, 303.2, 9492,-37.7,-48.7,-44.8, 31, 45, 0.15,225,32.9
2025-10-09 23:31:48,-111.7511,40.9722, 303.0, 9498,-37.7,-48.6,-44.7, 31, 45, 0.15,225,32.9
2025-10-09 23:31:49,-111.7508,40.9724, 302.8, 9504,-37.8,-48.5,-44.6, 32, 46, 0.16,225,33.0
2025-10-09 23:31:50,-111.7506,40.9726, 302.6, 9510,-37.8,-48.4,-44.5, 32, 47, 0.16,225,33.0
2025-10-09 23:31:51,-111.7503,40.9728, 302.3, 9515,-37.8,-48.3,-44.4, 33, 47, 0.16,226,33.1
2025-10-09 23:31:52,-111.7499,40.9730, 302.1, 9519,-37.8,-48.2,-44.3, 33, 48, 0.16,226,33.2
2025-10-09 23:31:53,-111.7497,40.9732, 301.9, 9524,-37.8,-48.1,-44.2, 34, 49, 0.16,226,33.2
2025-10-09 23:31:54,-111.7494,40.9734, 301.7, 9528,-37.9,-48.0,-44.1, 34, 49, 0.17,226,33.3
2025-10-09 23:31:55,-111.7490,40.9736, 301.5, 9532,-37.9,-47.9,-44.0, 35, 50, 0.17,226,33.3
2025-10-09 23:31:56,-111.7488,40.9738, 301.3, 9537,-37.9,-47.8,-43.9, 35, 51, 0.17,226,33.4
2025-10-09 23:31:57,-111.7485,40.9740, 301.2, 9541,-37.9,-47.7,-43.8, 35, 51, 0.17,226,33.4
2025-10-09 23:31:58,-111.7482,40.9742, 301.0, 9544,-37.9,-47.6,-43.7, 36, 52, 0.17,226,33.5
2025-10-09 23:31:59,-111.7478,40.9744, 300.8, 9548,-37.9,-47.5,-43.6, 36, 53, 0.18,226,33.6
2025-10-09 23:32:00,-111.7475,40.9747, 300.6, 9552,-38.0,-47.4,-43.5, 37, 53, 0.18,227,33.6
2025-10-09 23:32:01,-111.7473,40.9748, 300.4, 9557,-38.0,-47.2,-43.4, 37, 54, 0.18,227,33.7
2025-10-09 23:32:02,-111.7469,40.9750, 300.3, 9559,-38.0,-47.2,-43.3, 38, 55, 0.18,227,33.7
2025-10-09 23:32:03,-111.7467,40.9752, 300.1, 9563,-38.0,-47.1,-43.2, 38, 55, 0.18,227,33.8
2025-10-09 23:32:04,-111.7464,40.9754, 300.0, 9566,-38.0,-47.0,-43.1, 38, 56, 0.19,227,33.8
2025-10-09 23:32:05,-111.7460,40.9756, 299.8, 9571,-38.0,-46.9,-43.0, 39, 57, 0.19,227,33.9
2025-10-09 23:32:06,-111.7458,40.9758, 299.6, 9575,-38.0,-46.8,-42.9, 40, 57, 0.19,227,33.9
2025-10-09 23:32:07,-111.7455,40.9760, 299.5, 9579,-38.0,-46.7,-42.8, 40, 58, 0.19,227,34.0
2025-10-09 23:32:08,-111.7452,40.9762, 299.3, 9583,-38.0,-46.6,-42.7, 40, 59, 0.20,228,34.0
2025-10-09 23:32:09,-111.7448,40.9764, 299.1, 9587,-38.0,-46.5,-42.6, 41, 59, 0.20,228,34.0
2025-10-09 23:32:10,-111.7446,40.9766, 298.9, 9591,-38.0,-46.4,-42.5, 41, 60, 0.20,228,34.0
2025-10-09 23:32:11,-111.7443,40.9768, 298.8, 9594,-38.0,-46.3,-42.4, 42, 61, 0.20,228,34.1
2025-10-09 23:32:12,-111.7439,40.9770, 298.6, 9598,-38.0,-46.2,-42.3, 42, 61, 0.20,228,34.1
2025-10-09 23:32:13,-111.7437,40.9772, 298.4, 9602,-38.0,-46.1,-42.3, 43, 62, 0.21,228,34.1
2025-10-09 23:32:14,-111.7434,40.9774, 298.3, 9606,-38.0,-46.0,-42.2, 43, 63, 0.21,228,34.1
2025-10-09 23:32:15,-111.7430,40.9776, 298.1, 9609,-38.0,-45.9,-42.1, 44, 63, 0.21,228,34.1
2025-10-09 23:32:16,-111.7428,40.9778, 297.9, 9614,-38.0,-46.1,-42.3, 43, 62, 0.21,229,34.1
2025-10-09 23:32:17,-111.7425,40.9780, 297.8, 9618,-38.0,-46.3,-42.4, 42, 61, 0.20,229,34.1
2025-10-09 23:32:18,-111.7421,40.9782, 297.6, 9622,-38.0,-46.4,-42.6, 41, 60, 0.20,229,34.2
2025-10-09 23:32:19,-111.7418,40.9784, 297.4, 9625,-38.0,-46.6,-42.8, 40, 58, 0.20,229,34.2
2025-10-09 23:32:20,-111.7415,40.9786, 297.3, 9629,-38.0,-46.8,-42.9, 40, 57, 0.19,229,34.2
2025-10-09 23:32:21,-111.7411,40.9788, 297.1, 9633,-38.1,-47.0,-43.1, 39, 56, 0.19,229,34.2
2025-10-09 23:32:22,-111.7408,40.9790, 297.0, 9637,-38.1,-47.2,-43.3, 38, 55, 0.18,229,34.2
2025-10-09 23:32:23,-111.7405,40.9792, 296.8, 9640,-38.1,-47.4,-43.5, 37, 54, 0.18,230,34.2
2025-10-09 23:32:24,-111.7401,40.9794, 296.6, 9644,-38.1,-47.6,-43.7, 36, 53, 0.18,230,34.2
2025-10-09 23:32:25,-111.7398,40.9796, 296.5, 9648,-38.1,-47.8,-43.9, 36, 52, 0.17,230,34.3
2025-10-09 23:32:26,-111.7395,40.9797, 296.3, 9652,-38.1,-48.0,-44.1, 35, 51, 0.17,230,34.3
2025-10-09 23:32:27,-111.7391,40.9799, 296.1, 9656,-38.1,-48.2,-44.3, 34, 49, 0.17,230,34.3
2025-10-09 23:32:28,-111.7388,40.9801, 296.0, 9659,-38.1,-48.4,-44.5, 33, 48, 0.16,230,34.3
2025-10-09 23:32:29,-111.7385,40.9803, 295.8, 9663,-38.1,-48.6,-44.7, 33, 47, 0.16,230,34.4
2025-10-09 23:32:30,-111.7382,40.9805, 295.6, 9667,-38.2,-48.9,-44.9, 32, 46, 0.15,231,34.4
2025-10-09 23:32:31,-111.7378,40.9807, 295.5, 9671,-38.2,-49.1,-45.1, 31, 45, 0.15,231,34.5
2025-10-09 23:32:32,-111.7375,40.9809, 295.3, 9675,-38.2,-49.4,-45.4, 30, 44, 0.15,231,34.5
2025-10-09 23:32:33,-111.7371,40.9811, 295.1, 9679,-38.2,-49.6,-45.6, 29, 43, 0.14,231,34.5
2025-10-09 23:32:34,-111.7368,40.9813, 295.0, 9683,-38.2,-49.9,-45.9, 29, 42, 0.14,231,34.6
2025-10-09 23:32:35,-111.7365,40.9814, 294.8, 9686,-38.3,-50.1,-46.1, 28, 40, 0.13,232,34.6
2025-10-09 23:32:36,-111.7362,40.9816, 294.6, 9691,-38.3,-50.4,-46.4, 27, 39, 0.13,232,34.7
2025-10-09 23:32:37,-111.7358,40.9818, 294.4, 9696,-38.3,-50.7,-46.7, 26, 38, 0.13,232,34.7
2025-10-09 23:32:38,-111.7355,40.9820, 294.2, 9701,-38.3,-51.0,-46.9, 25, 37, 0.12,232,34.7
2025-10-09 23:32:39,-111.7352,40.9822, 294.0, 9705,-38.3,-51.3,-47.2, 25, 36, 0.12,232,34.8
2025-10-09 23:32:40,-111.7348,40.9824, 293.8, 9710,-38.4,-51.6,-47.5, 24, 35, 0.11,233,34.8
2025-10-09 23:32:41,-111.7345,40.9826, 293.6, 9715,-38.4,-51.9,-47.8, 23, 33, 0.11,233,34.9
2025-10-09 23:32:42,-111.7341,40.9828, 293.4, 9720,-38.4,-52.2,-48.1, 22, 32, 0.10,233,34.9
2025-10-09 23:32:43,-111.7338,40.9830, 293.2, 9725,-38.4,-52.6,-48.5, 21, 31, 0.10,233,35.0
2025-10-09 23:32:44,-111.7335,40.9831, 293.0, 9729,-38.5,-52.9,-48.8, 21, 30, 0.10,233,35.0
2025-10-09 23:32:45,-111.7332,40.9833, 292.8, 9734,-38.5,-53.3,-49.2, 20, 29, 0.09,233,35.1
2025-10-09 23:32:46,-111.7328,40.9835, 292.6, 9739,-38.5,-53.7,-49.5, 19, 27, 0.09,234,35.1
2025-10-09 23:32:47,-111.7325,40.9837, 292.4, 9743,-38.5,-54.1,-49.9, 18, 26, 0.08,234,35.2
2025-10-09 23:32:48,-111.7321,40.9839, 292.2, 9748,-38.6,-54.5,-50.3, 17, 25, 0.08,234,35.2
2025-10-09 23:32:49,-111.7318,40.9841, 292.0, 9753,-38.6,-55.0,-50.8, 16, 24, 0.08,234,35.2
2025-10-09 23:32:50,-111.7314,40.9842, 291.8, 9758,-38.6,-55.4,-51.2, 16, 23, 0.07,234,35.3
2025-10-09 23:32:51,-111.7311,40.9844, 291.6, 9763,-38.7,-55.9,-51.7, 15, 21, 0.07,234,35.3
2025-10-09 23:32:52,-111.7307,40.9846, 291.4, 9768,-38.7,-56.3,-52.1, 14, 20, 0.06,234,35.4
2025-10-09 23:32:53,-111.7304,40.9848, 291.2, 9772,-38.7,-56.5,-52.2, 14, 20, 0.06,235,35.4
2025-10-09 23:32:54,-111.7300,40.9850, 291.0, 9776,-38.7,-56.6,-52.4, 14, 20, 0.06,235,35.5
2025-10-09 23:32:55,-111.7296,40.9851, 290.8, 9780,-38.8,-56.8,-52.5, 13, 19, 0.06,235,35.5
2025-10-09 23:32:56,-111.7293,40.9853, 290.7, 9784,-38.8,-56.9,-52.7, 13, 19, 0.06,235,35.6
2025-10-09 23:32:57,-111.7289,40.9855, 290.5, 9788,-38.8,-57.1,-52.8, 13, 19, 0.06,235,35.6
2025-10-09 23:32:58,-111.7286,40.9857, 290.3, 9791,-38.8,-57.3,-53.0, 13, 19, 0.06,235,35.6
2025-10-09 23:32:59,-111.7282,40.9858, 290.2, 9795,-38.9,-57.4,-53.1, 12, 18, 0.06,235,35.7
2025-10-09 23:33:00,-111.7279,40.9860, 290.0, 9799,-38.9,-57.6,-53.3, 12, 18, 0.06,235,35.7
2025-10-09 23:33:01,-111.7275,40.9862, 289.9, 9802,-38.9,-57.8,-53.4, 12, 18, 0.05,236,35.8
2025-10-09 23:33:02,-111.7272,40.9864, 289.7, 9806,-39.0,-57.9,-53.6, 12, 17, 0.05,236,35.8
2025-10-09 23:33:03,-111.7268,40.9866, 289.6, 9810,-39.0,-58.1,-53.8, 12, 17, 0.05,236,35.9
2025-10-09 23:33:04,-111.7264,40.9867, 289.4, 9814,-39.0,-58.3,-53.9, 11, 17, 0.05,236,35.9
2025-10-09 23:33:05,-111.7261,40.9869, 289.2, 9817,-39.0,-58.4,-54.1, 11, 16, 0.05,236,36.0
2025-10-09 23:33:06,-111.7257,40.9871, 289.1, 9821,-39.1,-58.5,-54.2, 11, 16, 0.05,236,36.0
2025-10-09 23:33:07,-111.7254,40.9873, 288.9, 9825,-39.1,-58.6,-54.3, 11, 16, 0.05,236,36.1
2025-10-09 23:33:08,-111.7250,40.9874, 288.8, 9828,-39.1,-58.7,-54.4, 11, 16, 0.05,236,36.1
2025-10-09 23:33:09,-111.7247,40.9876, 288.6, 9832,-39.1,-58.8,-54.5, 11, 16, 0.05,236,36.0
2025-10-09 23:33:10,-111.7243,40.9878, 288.5, 9836,-39.2,-58.9,-54.6, 11, 16, 0.05,236,36.0
2025-10-09 23:33:11,-111.7240,40.9880, 288.3, 9839,-39.2,-59.0,-54.7, 11, 16, 0.05,236,36.0
2025-10-09 23:33:12,-111.7236,40.9882, 288.2, 9843,-39.2,-59.1,-54.8, 10, 15, 0.05,236,36.0
2025-10-09 23:33:13,-111.7232,40.9883, 288.0, 9847,-39.3,-59.2,-54.9, 10, 15, 0.05,236,36.0
2025-10-09 23:33:14,-111.7229,40.9885, 287.8, 9850,-39.3,-59.3,-55.0, 10, 15, 0.05,236,36.0
2025-10-09 23:33:15,-111.7225,40.9887, 287.7, 9854,-39.3,-59.5,-55.1, 10, 15, 0.04,236,36.0
2025-10-09 23:33:16,-111.7222,40.9889, 287.5, 9858,-39.4,-59.6,-55.2, 10, 15, 0.04,236,36.0
2025-10-09 23:33:17,-111.7218,40.9890, 287.4, 9862,-39.4,-59.7,-55.3, 10, 15, 0.04,236,36.0
2025-10-09 23:33:18,-111.7215,40.9892, 287.2, 9866,-39.4,-59.8,-55.4, 10, 14, 0.04,236,36.0
2025-10-09 23:33:19,-111.7211,40.9894, 287.0, 9870,-39.4,-59.9,-55.5, 10, 14, 0.04,236,36.0
2025-10-09 23:33:20,-111.7207,40.9896, 286.8, 9874,-39.5,-60.0,-55.6, 10, 14, 0.04,236,36.0
2025-10-09 23:33:21,-111.7204,40.9898, 286.7, 9878,-39.5,-60.1,-55.7, 10, 14, 0.04,236,36.0
2025-10-09 23:33:22,-111.7200,40.9900, 286.5, 9882,-39.5,-60.2,-55.8,  9, 14, 0.04,236,36.0
2025-10-09 23:33:23,-111.7197,40.9901, 286.3, 9887,-39.6,-60.3,-55.9,  9, 14, 0.04,236,36.0
2025-10-09 23:33:24,-111.7193,40.9903, 286.2, 9891,-39.6,-60.4,-56.0,  9, 14, 0.04,236,36.0
2025-10-09 23:33:25,-111.7189,40.9905, 286.0, 9895,-39.6,-60.5,-56.1,  9, 13, 0.04,236,36.0
2025-10-09 23:33:26,-111.7186,40.9907, 285.8, 9899,-39.7,-60.7,-56.3,  9, 13, 0.04,236,36.0
2025-10-09 23:33:27,-111.7182,40.9909, 285.7, 9902,-39.7,-60.8,-56.4,  9, 13, 0.04,236,36.0
2025-10-09 23:33:28,-111.7179,40.9911, 285.5, 9906,-39.7,-60.9,-56.5,  9, 13, 0.04,236,36.0
2025-10-09 23:33:29,-111.7175,40.9912, 285.4, 9910,-39.8,-61.0,-56.6,  9, 13, 0.04,236,36.0
2025-10-09 23:33:30,-111.7171,40.9914, 285.2, 9913,-39.8,-61.1,-56.7,  9, 13, 0.04,236,36.1
2025-10-09 23:33:31,-111.7168,40.9916, 285.1, 9917,-39.8,-61.2,-56.8,  9, 13, 0.04,236,36.1
2025-10-09 23:33:32,-111.7164,40.9918, 284.9, 9921,-39.9,-61.4,-56.9,  8, 12, 0.04,236,36.1
2025-10-09 23:33:33,-111.7160,40.9920, 284.8, 9924,-39.9,-61.4,-57.0,  8, 12, 0.04,236,36.1
2025-10-09 23:33:34,-111.7157,40.9922, 284.6, 9928,-39.9,-61.5,-57.1,  8, 12, 0.03,236,36.2
2025-10-09 23:33:35,-111.7153,40.9923, 284.5, 9931,-40.0,-61.6,-57.2,  8, 12, 0.03,236,36.2
2025-10-09 23:33:36,-111.7150,40.9925, 284.3, 9935,-40.0,-61.7,-57.2,  8, 12, 0.03,236,36.2
2025-10-09 23:33:37,-111.7146,40.9927, 284.1, 9939,-40.0,-61.7,-57.3,  8, 12, 0.03,236,36.3
2025-10-09 23:33:38,-111.7143,40.9929, 284.0, 9943,-40.0,-61.8,-57.4,  8, 12, 0.03,236,36.3
2025-10-09 23:33:39,-111.7139,40.9931, 283.8, 9947,-40.1,-61.9,-57.4,  8, 12, 0.03,236,36.3
2025-10-09 23:33:40,-111.7135,40.9933, 283.6, 9951,-40.1,-61.9,-57.5,  8, 12, 0.03,236,36.3
2025-10-09 23:33:41,-111.7132,40.9934, 283.4, 9956,-40.1,-62.0,-57.6,  8, 12, 0.03,236,36.4
2025-10-09 23:33:42,-111.7128,40.9936, 283.3, 9960,-40.1,-62.1,-57.6,  8, 12, 0.03,236,36.4
2025-10-09 23:33:43,-111.7124,40.9938, 283.1, 9964,-40.2,-62.1,-57.7,  8, 12, 0.03,236,36.4
2025-10-09 23:33:44,-111.7121,40.9940, 283.0, 9967,-40.2,-62.2,-57.8,  8, 12, 0.03,236,36.5
2025-10-09 23:33:45,-111.7117,40.9942, 282.9, 9970,-40.2,-62.3,-57.8,  8, 12, 0.03,236,36.5
2025-10-09 23:33:46,-111.7114,40.9944, 282.7, 9974,-40.2,-62.3,-57.9,  8, 11, 0.03,236,36.5
2025-10-09 23:33:47,-111.7110,40.9945, 282.6, 9977,-40.3,-62.4,-58.0,  8, 11, 0.03,236,36.5
2025-10-09 23:33:48,-111.7106,40.9947, 282.4, 9980,-40.3,-62.5,-58.0,  8, 11, 0.03,236,36.6
2025-10-09 23:33:49,-111.7103,40.9949, 282.3, 9983,-40.3,-62.5,-58.1,  8, 11, 0.03,236,36.7
2025-10-09 23:33:50,-111.7099,40.9951, 282.2, 9987,-40.3,-62.6,-58.1,  8, 11, 0.03,236,36.7
2025-10-09 23:33:51,-111.7095,40.9953, 282.0, 9990,-40.4,-62.7,-58.2,  8, 11, 0.03,236,36.8
2025-10-09 23:33:52,-111.7092,40.9955, 281.9, 9993,-40.4,-62.7,-58.3,  7, 11, 0.03,236,36.8
2025-10-09 23:33:53,-111.7088,40.9957, 281.8, 9997,-40.4,-62.8,-58.3,  7, 11, 0.03,236,36.9
2025-10-09 23:33:54,-111.7084,40.9959, 281.6,10000,-40.4,-62.9,-58.4,  7, 11, 0.03,236,37.0
2025-10-09 23:33:55,-111.7081,40.9961, 281.5,10003,-40.5,-62.9,-58.5,  7, 11, 0.03,236,37.0
2025-10-09 23:33:56,-111.7077,40.9963, 281.3,10006,-40.5,-63.0,-58.5,  7, 11, 0.03,236,37.1
2025-10-09 23:33:57,-111.7073,40.9965, 281.2,10010,-40.5,-63.1,-58.6,  7, 11, 0.03,236,37.1
2025-10-09 23:33:58,-111.7070,40.9967, 281.1,10013,-40.5,-63.1,-58.7,  7, 11, 0.03,236,37.2
2025-10-09 23:33:59,-111.7066,40.9969, 280.9,10016,-40.6,-63.2,-58.7,  7, 11, 0.03,235,37.3
2025-10-09 23:34:00,-111.7062,40.9970, 280.8,10020,-40.6,-63.3,-58.8,  7, 11, 0.03,235,37.3
2025-10-09 23:34:01,-111.7058,40.9972, 280.7,10023,-40.6,-63.3,-58.9,  7, 11, 0.03,235,37.4
2025-10-09 23:34:02,-111.7055,40.9974, 280.5,10026,-40.6,-63.4,-58.9,  7, 10, 0.03,235,37.4
2025-10-09 23:34:03,-111.7051,40.9976, 280.4,10030,-40.7,-63.5,-59.0,  7, 10, 0.03,235,37.5
2025-10-09 23:34:04,-111.7047,40.9978, 280.2,10033,-40.7,-63.5,-59.1,  7, 10, 0.03,235,37.6
2025-10-09 23:34:05,-111.7044,40.9980, 280.1,10036,-40.7,-63.6,-59.1,  7, 10, 0.03,235,37.6
2025-10-09 23:34:06,-111.7040,40.9982, 280.0,10040,-40.7,-63.7,-59.2,  7, 10, 0.03,235,37.7
2025-10-09 23:34:07,-111.7036,40.9984, 279.8,10043,-40.8,-63.7,-59.3,  7, 10, 0.03,235,37.7
2025-10-09 23:34:08,-111.7033,40.9986, 279.7,10046,-40.8,-63.8,-59.3,  7, 10, 0.03,235,37.8
2025-10-09 23:34:09,-111.7029,40.9988, 279.6,10050,-40.8,-63.9,-59.4,  7, 10, 0.03,235,37.8
2025-10-09 23:34:10,-111.7025,40.9990, 279.4,10053,-40.8,-64.0,-59.5,  7, 10, 0.03,235,37.8
2025-10-09 23:34:11,-111.7022,40.9992, 279.3,10056,-40.9,-64.0,-59.5,  7, 10, 0.03,235,37.9
2025-10-09 23:34:12,-111.7018,40.9994, 279.2,10059,-40.9,-64.1,-59.6,  7, 10, 0.03,235,37.9
2025-10-09 23:34:13,-111.7014,40.9996, 279.0,10063,-40.9,-64.1,-59.6,  7, 10, 0.03,235,37.9
2025-10-09 23:34:14,-111.7011,40.9998, 278.9,10066,-40.9,-64.2,-59.7,  7, 10, 0.03,235,38.0
2025-10-09 23:34:15,-111.7007,41.0000, 278.7,10070,-41.0,-64.2,-59.7,  7, 10, 0.03,235,38.0
2025-10-09 23:34:16,-111.7003,41.0002, 278.6,10073,-41.0,-64.3,-59.8,  7, 10, 0.02,235,38.0
2025-10-09 23:34:17,-111.7000,41.0004, 278.5,10077,-41.0,-64.3,-59.8,  7, 10, 0.02,235,38.1
2025-10-09 23:34:18,-111.6996,41.0005, 278.3,10080,-41.1,-64.3,-59.8,  6, 10, 0.02,235,38.1
2025-10-09 23:34:19,-111.6992,41.0007, 278.2,10083,-41.1,-64.4,-59.9,  6, 10, 0.02,235,38.1
2025-10-09 23:34:20,-111.6988,41.0009, 278.0,10087,-41.1,-64.4,-59.9,  6, 10, 0.02,235,38.2
2025-10-09 23:34:21,-111.6985,41.0011, 277.9,10090,-41.1,-64.5,-60.0,  6, 10, 0.02,235,38.2
2025-10-09 23:34:22,-111.6981,41.0013, 277.8,10093,-41.2,-64.5,-60.0,  6, 10, 0.02,235,38.2
2025-10-09 23:34:23,-111.6977,41.0015, 277.6,10097,-41.2,-64.6,-60.0,  6, 10, 0.02,235,38.3
2025-10-09 23:34:24,-111.6974,41.0017, 277.5,10100,-41.2,-64.6,-60.1,  6, 10, 0.02,235,38.3
2025-10-09 23:34:25,-111.6970,41.0019, 277.4,10103,-41.2,-64.6,-60.1,  6, 10, 0.02,235,38.3
2025-10-09 23:34:26,-111.6966,41.0022, 277.2,10107,-41.3,-64.7,-60.2,  6, 10, 0.02,235,38.3
2025-10-09 23:34:27,-111.6962,41.0023, 277.1,10110,-41.3,-64.7,-60.2,  6,  9, 0.02,235,38.4
2025-10-09 23:34:28,-111.6959,41.0026, 277.0,10113,-41.3,-64.8,-60.3,  6,  9, 0.02,235,38.4
2025-10-09 23:34:29,-111.6955,41.0028, 276.8,10116,-41.4,-64.8,-60.3,  6,  9, 0.02,235,38.4
2025-10-09 23:34:30,-111.6951,41.0030, 276.7,10120,-41.4,-64.8,-60.3,  6,  9, 0.02,235,38.4
2025-10-09 23:34:31,-111.6947,41.0032, 276.5,10123,-41.4,-64.9,-60.4,  6,  9, 0.02,235,38.4
2025-10-09 23:34:32,-111.6944,41.0034, 276.4,10127,-41.4,-64.9,-60.4,  6,  9, 0.02,235,38.4
2025-10-09 23:34:33,-111.6940,41.0036, 276.3,10130,-41.5,-65.0,-60.4,  6,  9, 0.02,235,38.4
2025-10-09 23:34:34,-111.6936,41.0038, 276.1,10134,-41.5,-65.0,-60.5,  6,  9, 0.02,235,38.4
2025-10-09 23:34:35,-111.6933,41.0040, 276.0,10137,-41.5,-65.0,-60.5,  6,  9, 0.02,235,38.4
2025-10-09 23:34:36,-111.6929,41.0042, 275.8,10140,-41.5,-65.1,-60.6,  6,  9, 0.02,235,38.4
2025-10-09 23:34:37,-111.6925,41.0044, 275.7,10144,-41.6,-65.1,-60.6,  6,  9, 0.02,235,38.4
2025-10-09 23:34:38,-111.6922,41.0045, 275.6,10147,-41.6,-65.2,-60.6,  6,  9, 0.02,234,38.4
2025-10-09 23:34:39,-111.6918,41.0048, 275.5,10150,-41.6,-65.2,-60.7,  6,  9, 0.02,234,38.4
2025-10-09 23:34:40,-111.6914,41.0050, 275.3,10153,-41.6,-65.2,-60.7,  6,  9, 0.02,234,38.4
2025-10-09 23:34:41,-111.6910,41.0052, 275.2,10156,-41.7,-65.3,-60.7,  6,  9, 0.02,234,38.4
2025-10-09 23:34:42,-111.6907,41.0054, 275.1,10159,-41.7,-65.3,-60.8,  6,  9, 0.02,234,38.4
2025-10-09 23:34:43,-111.6903,41.0056, 275.0,10162,-41.7,-65.3,-60.8,  6,  9, 0.02,234,38.4
2025-10-09 23:34:44,-111.6899,41.0058, 274.9,10165,-41.7,-65.3,-60.8,  6,  9, 0.02,234,38.4
2025-10-09 23:34:45,-111.6895,41.0060, 274.7,10168,-41.8,-65.4,-60.8,  6,  9, 0.02,234,38.4
2025-10-09 23:34:46,-111.6892,41.0062, 274.6,10171,-41.8,-65.4,-60.8,  6,  9, 0.02,234,38.4
2025-10-09 23:34:47,-111.6888,41.0064, 274.5,10174,-41.8,-65.4,-60.9,  6,  9, 0.02,234,38.4
2025-10-09 23:34:48,-111.6884,41.0066, 274.4,10177,-41.8,-65.4,-60.9,  6,  9, 0.02,234,38.5
2025-10-09 23:34:49,-111.6881,41.0068, 274.2,10180,-41.9,-65.5,-60.9,  6,  9, 0.02,234,38.5
2025-10-09 23:34:50,-111.6877,41.0070, 274.1,10183,-41.9,-65.5,-60.9,  6,  9, 0.02,234,38.5
2025-10-09 23:34:51,-111.6873,41.0072, 274.0,10186,-41.9,-65.5,-61.0,  6,  9, 0.02,234,38.5
2025-10-09 23:34:52,-111.6869,41.0074, 273.9,10190,-41.9,-65.5,-61.0,  6,  9, 0.02,234,38.6
2025-10-09 23:34:53,-111.6866,41.0076, 273.7,10193,-42.0,-65.5,-61.0,  6,  9, 0.02,234,38.6
2025-10-09 23:34:54,-111.6862,41.0078, 273.6,10196,-42.0,-65.6,-61.0,  6,  9, 0.02,234,38.6
2025-10-09 23:34:55,-111.6858,41.0080, 273.5,10199,-42.0,-65.6,-61.0,  6,  9, 0.02,234,38.6
2025-10-09 23:34:56,-111.6855,41.0082, 273.4,10202,-42.0,-65.6,-61.1,  6,  9, 0.02,234,38.6
2025-10-09 23:34:57,-111.6851,41.0084, 273.2,10205,-42.1,-65.6,-61.1,  6,  9, 0.02,234,38.7
2025-10-09 23:34:58,-111.6847,41.0086, 273.1,10208,-42.1,-65.6,-61.1,  6,  9, 0.02,234,38.7
2025-10-09 23:34:59,-111.6843,41.0088, 273.0,10211,-42.1,-65.6,-61.1,  6,  9, 0.02,234,38.7
2025-10-09 23:35:00,-111.6840,41.0091, 272.8,10214,-42.2,-65.7,-61.1,  6,  9, 0.02,234,38.7
2025-10-09 23:35:01,-111.6836,41.0093, 272.7,10218,-42.2,-65.7,-61.1,  6,  9, 0.02,234,38.7
2025-10-09 23:35:02,-111.6832,41.0095, 272.6,10221,-42.2,-65.7,-61.1,  6,  9, 0.02,234,38.8
2025-10-09 23:35:03,-111.6829,41.0097, 272.5,10224,-42.2,-65.7,-61.2,  6,  9, 0.02,234,38.8
2025-10-09 23:35:04,-111.6825,41.0099, 272.3,10227,-42.3,-65.7,-61.2,  6,  9, 0.02,234,38.8
2025-10-09 23:35:05,-111.6821,41.0101, 272.2,10231,-42.3,-65.7,-61.2,  6,  9, 0.02,234,38.8
2025-10-09 23:35:06,-111.6817,41.0103, 272.1,10234,-42.3,-65.7,-61.2,  6,  9, 0.02,234,38.8
2025-10-09 23:35:07,-111.6814,41.0105, 271.9,10237,-42.4,-65.7,-61.2,  6,  9, 0.02,234,38.9
2025-10-09 23:35:08,-111.6810,41.0107, 271.8,10241,-42.4,-65.7,-61.2,  6,  9, 0.02,234,38.9
2025-10-09 23:35:09,-111.6806,41.0109, 271.6,10244,-42.4,-65.7,-61.2,  6,  9, 0.02,234,38.9
2025-10-09 23:35:10,-111.6803,41.0111, 271.5,10248,-42.4,-65.7,-61.2,  6,  9, 0.02,234,38.9
2025-10-09 23:35:11,-111.6799,41.0113, 271.4,10251,-42.5,-65.7,-61.2,  6,  9, 0.02,234,38.9
2025-10-09 23:35:12,-111.6795,41.0115, 271.2,10255,-42.5,-65.7,-61.2,  6, 10, 0.02,234,38.9
2025-10-09 23:35:13,-111.6791,41.0118, 271.1,10258,-42.5,-65.7,-61.2,  6, 10, 0.02,233,38.9
2025-10-09 23:35:14,-111.6788,41.0120, 271.0,10262,-42.6,-65.7,-61.2,  6, 10, 0.02,233,38.9
2025-10-09 23:35:15,-111.6784,41.0122, 270.8,10265,-42.6,-65.7,-61.2,  6, 10, 0.02,233,38.9
2025-10-09 23:35:16,-111.6780,41.0124, 270.7,10269,-42.6,-65.7,-61.2,  6, 10, 0.02,233,38.9
2025-10-09 23:35:17,-111.6776,41.0126, 270.5,10272,-42.6,-65.7,-61.2,  6, 10, 0.02,233,38.9
2025-10-09 23:35:18,-111.6773,41.0128, 270.4,10275,-42.7,-65.7,-61.2,  6, 10, 0.02,233,38.9
2025-10-09 23:35:19,-111.6769,41.0130, 270.3,10279,-42.7,-65.7,-61.2,  6, 10, 0.02,233,38.9
2025-10-09 23:35:20,-111.6765,41.0132, 270.1,10282,-42.7,-65.6,-61.1,  7, 10, 0.02,233,38.9
2025-10-09 23:35:21,-111.6762,41.0134, 270.0,10285,-42.7,-65.6,-61.1,  7, 10, 0.02,233,38.9
2025-10-09 23:35:22,-111.6758,41.0136, 269.9,10288,-42.8,-65.5,-61.0,  7, 10, 0.02,233,38.9
2025-10-09 23:35:23,-111.6754,41.0138, 269.7,10292,-42.8,-65.5,-61.0,  7, 10, 0.02,233,38.9
2025-10-09 23:35:24,-111.6750,41.0141, 269.6,10295,-42.8,-65.4,-60.9,  7, 10, 0.02,233,38.9
2025-10-09 23:35:25,-111.6747,41.0143, 269.5,10299,-42.9,-65.4,-60.9,  7, 10, 0.02,233,38.9
2025-10-09 23:35:26,-111.6743,41.0145, 269.3,10302,-42.9,-65.4,-60.8,  7, 10, 0.02,233,38.9
2025-10-09 23:35:27,-111.6739,41.0147, 269.2,10306,-42.9,-65.3,-60.8,  7, 11, 0.02,233,38.9
2025-10-09 23:35:28,-111.6735,41.0149, 269.0,10310,-43.0,-65.3,-60.7,  7, 11, 0.02,233,39.0
2025-10-09 23:35:29,-111.6732,41.0151, 268.9,10313,-43.0,-65.2,-60.7,  7, 11, 0.02,233,39.0
2025-10-09 23:35:30,-111.6728,41.0153, 268.7,10317,-43.0,-65.2,-60.7,  7, 11, 0.02,233,39.0
2025-10-09 23:35:31,-111.6724,41.0155, 268.6,10320,-43.0,-65.1,-60.6,  7, 11, 0.02,233,39.1
2025-10-09 23:35:32,-111.6720,41.0157, 268.5,10324,-43.1,-65.1,-60.6,  7, 11, 0.02,233,39.1
2025-10-09 23:35:33,-111.6716,41.0160, 268.3,10328,-43.1,-65.0,-60.5,  7, 11, 0.02,233,39.2
2025-10-09 23:35:34,-111.6713,41.0162, 268.2,10331,-43.1,-64.9,-60.4,  7, 11, 0.02,233,39.2
2025-10-09 23:35:35,-111.6709,41.0164, 268.0,10335,-43.2,-64.9,-60.4,  8, 12, 0.02,233,39.2
2025-10-09 23:35:36,-111.6705,41.0166, 267.9,10339,-43.2,-64.8,-60.3,  8, 12, 0.02,233,39.3
2025-10-09 23:35:37,-111.6702,41.0168, 267.7,10342,-43.2,-64.7,-60.2,  8, 12, 0.02,233,39.3
2025-10-09 23:35:38,-111.6698,41.0170, 267.6,10346,-43.3,-64.7,-60.2,  8, 12, 0.02,233,39.3
2025-10-09 23:35:39,-111.6694,41.0172, 267.4,10350,-43.3,-64.6,-60.1,  8, 12, 0.02,233,39.4
2025-10-09 23:35:40,-111.6690,41.0174, 267.3,10353,-43.3,-64.5,-60.0,  8, 12, 0.03,233,39.4
2025-10-09 23:35:41,-111.6686,41.0176, 267.1,10357,-43.3,-64.5,-59.9,  8, 12, 0.03,233,39.5
2025-10-09 23:35:42,-111.6683,41.0179, 267.0,10361,-43.4,-64.4,-59.9,  8, 13, 0.03,233,39.5
2025-10-09 23:35:43,-111.6679,41.0181, 266.8,10365,-43.4,-64.3,-59.8,  8, 13, 0.03,233,39.5
2025-10-09 23:35:44,-111.6675,41.0183, 266.7,10369,-43.4,-64.3,-59.8,  8, 13, 0.03,233,39.6
2025-10-09 23:35:45,-111.6671,41.0185, 266.5,10373,-43.5,-64.2,-59.7,  9, 13, 0.03,233,39.6
2025-10-09 23:35:46,-111.6668,41.0187, 266.4,10376,-43.5,-64.1,-59.6,  9, 13, 0.03,233,39.6
2025-10-09 23:35:47,-111.6664,41.0189, 266.2,10380,-43.5,-64.1,-59.6,  9, 13, 0.03,233,39.7
2025-10-09 23:35:48,-111.6660,41.0191, 266.1,10384,-43.5,-64.1,-59.6,  9, 13, 0.03,233,39.7
2025-10-09 23:35:49,-111.6656,41.0193, 265.9,10388,-43.6,-64.0,-59.5,  9, 14, 0.03,233,39.7
2025-10-09 23:35:50,-111.6653,41.0196, 265.8,10391,-43.6,-64.0,-59.5,  9, 14, 0.03,233,39.7
2025-10-09 23:35:51,-111.6649,41.0198, 265.6,10395,-43.6,-64.0,-59.5,  9, 14, 0.03,233,39.6
2025-10-09 23:35:52,-111.6645,41.0200, 265.5,10399,-43.7,-63.9,-59.4,  9, 14, 0.03,233,39.6
2025-10-09 23:35:53,-111.6641,41.0202, 265.3,10403,-43.7,-63.9,-59.4,  9, 14, 0.03,233,39.6
2025-10-09 23:35:54,-111.6637,41.0204, 265.2,10407,-43.7,-63.9,-59.4,  9, 14, 0.03,233,39.6
2025-10-09 23:35:55,-111.6634,41.0206, 265.0,10411,-43.7,-63.8,-59.3,  9, 14, 0.03,233,39.6
2025-10-09 23:35:56,-111.6630,41.0208, 264.9,10415,-43.8,-63.8,-59.3,  9, 14, 0.03,233,39.6
2025-10-09 23:35:57,-111.6626,41.0210, 264.7,10419,-43.8,-63.8,-59.3,  9, 14, 0.03,234,39.6
2025-10-09 23:35:58,-111.6622,41.0212, 264.6,10422,-43.8,-63.7,-59.2,  9, 14, 0.03,234,39.6
2025-10-09 23:35:59,-111.6619,41.0215, 264.4,10426,-43.9,-63.7,-59.2, 10, 15, 0.03,234,39.6
2025-10-09 23:36:00,-111.6615,41.0217, 264.2,10430,-43.9,-63.6,-59.2, 10, 15, 0.03,234,39.5
2025-10-09 23:36:01,-111.6611,41.0219, 264.1,10434,-43.9,-63.6,-59.1, 10, 15, 0.03,234,39.5
2025-10-09 23:36:02,-111.6607,41.0221, 263.9,10438,-43.9,-63.5,-59.1, 10, 15, 0.03,234,39.5
2025-10-09 23:36:03,-111.6603,41.0223, 263.8,10442,-44.0,-63.5,-59.0, 10, 15, 0.03,234,39.5
2025-10-09 23:36:04,-111.6600,41.0225, 263.6,10446,-44.0,-63.5,-59.0, 10, 15, 0.03,234,39.5
2025-10-09 23:36:05,-111.6596,41.0227, 263.5,10450,-44.0,-63.4,-58.9, 10, 15, 0.03,234,39.5
2025-10-09 23:36:06,-111.6592,41.0229, 263.3,10454,-44.1,-63.4,-58.9, 10, 16, 0.03,234,39.5
2025-10-09 23:36:07,-111.6588,41.0231, 263.2,10458,-44.1,-63.3,-58.9, 10, 16, 0.03,234,39.5
2025-10-09 23:36:08,-111.6584,41.0233, 263.0,10462,-44.1,-63.3,-58.8, 10, 16, 0.03,234,39.5
2025-10-09 23:36:09,-111.6581,41.0236, 262.8,10466,-44.2,-63.3,-58.8, 10, 16, 0.03,234,39.5
2025-10-09 23:36:10,-111.6577,41.0238, 262.7,10470,-44.2,-63.2,-58.7, 11, 16, 0.03,234,39.5
2025-10-09 23:36:11,-111.6573,41.0240, 262.5,10474,-44.2,-63.2,-58.7, 11, 16, 0.03,234,39.6
2025-10-09 23:36:12,-111.6569,41.0242, 262.3,10479,-44.3,-63.1,-58.7, 11, 16, 0.03,234,39.6
2025-10-09 23:36:13,-111.6565,41.0244, 262.2,10483,-44.3,-63.1,-58.6, 11, 17, 0.03,234,39.6
2025-10-09 23:36:14,-111.6561,41.0246, 262.0,10487,-44.3,-63.1,-58.6, 11, 17, 0.03,234,39.6
2025-10-09 23:36:15,-111.6558,41.0248, 261.9,10491,-44.4,-63.0,-58.6, 11, 17, 0.03,234,39.7
2025-10-09 23:36:16,-111.6554,41.0250, 261.7,10495,-44.4,-63.0,-58.5, 11, 17, 0.03,234,39.7
2025-10-09 23:36:17,-111.6550,41.0252, 261.5,10499,-44.4,-63.0,-58.5, 11, 17, 0.03,233,39.7
2025-10-09 23:36:18,-111.6546,41.0255, 261.4,10503,-44.5,-63.0,-58.5, 11, 17, 0.03,233,39.7
2025-10-09 23:36:19,-111.6543,41.0257, 261.2,10508,-44.5,-62.9,-58.5, 11, 17, 0.03,233,39.7
2025-10-09 23:36:20,-111.6539,41.0259, 261.0,10512,-44.6,-62.9,-58.4, 11, 18, 0.03,233,39.8
2025-10-09 23:36:21,-111.6535,41.0261, 260.9,10516,-44.6,-62.9,-58.4, 11, 18, 0.03,233,39.8
2025-10-09 23:36:22,-111.6531,41.0263, 260.7,10520,-44.6,-62.9,-58.4, 12, 18, 0.03,233,39.8
2025-10-09 23:36:23,-111.6527,41.0265, 260.5,10525,-44.7,-62.8,-58.4, 12, 18, 0.03,233,39.8
2025-10-09 23:36:24,-111.6524,41.0268, 260.4,10529,-44.7,-62.8,-58.3, 12, 18, 0.03,233,39.9
2025-10-09 23:36:25,-111.6520,41.0270, 260.2,10533,-44.8,-62.8,-58.3, 12, 18, 0.03,233,39.9
2025-10-09 23:36:26,-111.6516,41.0272, 260.0,10538,-44.8,-62.8,-58.3, 12, 18, 0.03,233,39.9
2025-10-09 23:36:27,-111.6512,41.0274, 259.9,10542,-44.8,-62.7,-58.3, 12, 19, 0.03,233,39.9
2025-10-09 23:36:28,-111.6508,41.0277, 259.7,10546,-44.9,-62.7,-58.2, 12, 19, 0.03,233,40.0
2025-10-09 23:36:29,-111.6505,41.0279, 259.5,10551,-44.9,-62.6,-58.2, 12, 19, 0.03,233,40.0
2025-10-09 23:36:30,-111.6501,41.0281, 259.4,10555,-45.0,-62.6,-58.2, 12, 19, 0.03,233,40.0
2025-10-09 23:36:31,-111.6497,41.0283, 259.2,10559,-45.0,-62.6,-58.1, 12, 19, 0.03,233,40.0
2025-10-09 23:36:32,-111.6493,41.0285, 259.0,10564,-45.0,-62.5,-58.1, 13, 19, 0.03,233,40.1
2025-10-09 23:36:33,-111.6489,41.0288, 258.9,10568,-45.1,-62.5,-58.1, 13, 20, 0.03,233,40.1
2025-10-09 23:36:34,-111.6486,41.0290, 258.7,10572,-45.1,-62.5,-58.0, 13, 20, 0.03,233,40.1
2025-10-09 23:36:35,-111.6482,41.0292, 258.5,10577,-45.1,-62.4,-58.0, 13, 20, 0.03,233,40.2
2025-10-09 23:36:36,-111.6478,41.0294, 258.4,10581,-45.2,-62.4,-57.9, 13, 20, 0.03,233,40.2
2025-10-09 23:36:37,-111.6474,41.0297, 258.2,10585,-45.2,-62.4,-57.9, 13, 20, 0.03,233,40.2
2025-10-09 23:36:38,-111.6470,41.0299, 258.0,10589,-45.2,-62.3,-57.9, 13, 20, 0.03,232,40.2
2025-10-09 23:36:39,-111.6467,41.0301, 257.9,10593,-45.2,-62.3,-57.8, 13, 21, 0.03,232,40.3
2025-10-09 23:36:40,-111.6463,41.0303, 257.7,10598,-45.3,-62.2,-57.8, 13, 21, 0.04,232,40.3
2025-10-09 23:36:41,-111.6459,41.0305, 257.6,10602,-45.3,-62.2,-57.7, 14, 21, 0.04,232,40.3
2025-10-09 23:36:42,-111.6455,41.0308, 257.4,10606,-45.3,-62.1,-57.7, 14, 21, 0.04,232,40.4
2025-10-09 23:36:43,-111.6451,41.0310, 257.2,10610,-45.4,-62.1,-57.7, 14, 21, 0.04,232,40.4
2025-10-09 23:36:44,-111.6447,41.0312, 257.1,10615,-45.4,-62.0,-57.6, 14, 22, 0.04,232,40.4
2025-10-09 23:36:45,-111.6444,41.0314, 256.9,10619,-45.4,-62.0,-57.6, 14, 22, 0.04,232,40.4
2025-10-09 23:36:46,-111.6440,41.0317, 256.7,10623,-45.5,-61.9,-57.5, 14, 22, 0.04,232,40.5
2025-10-09 23:36:47,-111.6436,41.0319, 256.6,10627,-45.5,-61.9,-57.5, 14, 22, 0.04,232,40.5
2025-10-09 23:36:48,-111.6432,41.0321, 256.4,10632,-45.5,-61.8,-57.4, 14, 23, 0.04,232,40.5
2025-10-09 23:36:49,-111.6428,41.0323, 256.2,10636,-45.6,-61.8,-57.4, 15, 23, 0.04,232,40.6
2025-10-09 23:36:50,-111.6425,41.0325, 256.1,10640,-45.6,-61.8,-57.3, 15, 23, 0.04,232,40.6
2025-10-09 23:36:51,-111.6421,41.0328, 255.9,10645,-45.6,-61.7,-57.3, 15, 23, 0.04,232,40.6
2025-10-09 23:36:52,-111.6417,41.0330, 255.7,10649,-45.7,-61.7,-57.2, 15, 23, 0.04,232,40.7
2025-10-09 23:36:53,-111.6413,41.0332, 255.5,10654,-45.7,-61.7,-57.2, 15, 24, 0.04,232,40.7
2025-10-09 23:36:54,-111.6409,41.0335, 255.4,10658,-45.7,-61.7,-57.2, 15, 24, 0.04,232,40.7
2025-10-09 23:36:55,-111.6406,41.0337, 255.2,10663,-45.7,-61.6,-57.2, 15, 24, 0.04,232,40.7
2025-10-09 23:36:56,-111.6402,41.0339, 255.0,10668,-45.8,-61.6,-57.2, 15, 24, 0.04,232,40.8
2025-10-09 23:36:57,-111.6398,41.0342, 254.9,10672,-45.8,-61.6,-57.2, 15, 24, 0.04,232,40.8
2025-10-09 23:36:58,-111.6394,41.0344, 254.7,10677,-45.8,-61.6,-57.2, 15, 24, 0.04,232,40.8
2025-10-09 23:36:59,-111.6390,41.0346, 254.5,10681,-45.9,-61.6,-57.2, 15, 24, 0.04,232,40.9
2025-10-09 23:37:00,-111.6386,41.0349, 254.3,10686,-45.9,-61.6,-57.2, 15, 24, 0.04,232,40.9
2025-10-09 23:37:01,-111.6382,41.0351, 254.2,10690,-45.9,-61.6,-57.2, 16, 24, 0.04,232,40.9
2025-10-09 23:37:02,-111.6379,41.0353, 254.0,10695,-45.9,-61.6,-57.2, 16, 24, 0.04,232,41.0
2025-10-09 23:37:03,-111.6375,41.0356, 253.8,10699,-46.0,-61.6,-57.2, 16, 25, 0.04,232,41.0
2025-10-09 23:37:04,-111.6371,41.0358, 253.6,10704,-46.0,-61.6,-57.2, 16, 25, 0.04,232,41.0
2025-10-09 23:37:05,-111.6367,41.0360, 253.5,10708,-46.0,-61.6,-57.2, 16, 25, 0.04,232,41.1
2025-10-09 23:37:06,-111.6363,41.0362, 253.3,10713,-46.0,-61.6,-57.2, 16, 25, 0.04,232,41.1
2025-10-09 23:37:07,-111.6360,41.0365, 253.1,10717,-46.1,-61.6,-57.2, 16, 25, 0.04,232,41.1
2025-10-09 23:37:08,-111.6356,41.0367, 252.9,10722,-46.1,-61.6,-57.2, 16, 25, 0.04,232,41.1
2025-10-09 23:37:09,-111.6352,41.0369, 252.8,10727,-46.1,-61.7,-57.2, 16, 25, 0.04,231,41.2
2025-10-09 23:37:10,-111.6348,41.0372, 252.6,10731,-46.2,-61.7,-57.2, 16, 25, 0.04,231,41.2
2025-10-09 23:37:11,-111.6344,41.0374, 252.4,10736,-46.2,-61.7,-57.2, 16, 25, 0.04,231,41.2
2025-10-09 23:37:12,-111.6340,41.0376, 252.3,10740,-46.2,-61.7,-57.3, 16, 25, 0.04,231,41.2
2025-10-09 23:37:13,-111.6337,41.0379, 252.1,10745,-46.2,-61.7,-57.3, 16, 25, 0.04,231,41.3
2025-10-09 23:37:14,-111.6333,41.0381, 251.9,10749,-46.3,-61.7,-57.3, 16, 25, 0.04,231,41.3
2025-10-09 23:37:15,-111.6329,41.0383, 251.7,10754,-46.3,-61.7,-57.3, 16, 25, 0.04,231,41.3
2025-10-09 23:37:16,-111.6325,41.0386, 251.6,10758,-46.3,-61.7,-57.3, 16, 25, 0.04,231,41.3
2025-10-09 23:37:17,-111.6321,41.0388, 251.4,10763,-46.3,-61.7,-57.3, 16, 25, 0.04,231,41.4
2025-10-09 23:37:18,-111.6317,41.0390, 251.2,10768,-46.4,-61.7,-57.3, 16, 25, 0.04,231,41.4
2025-10-09 23:37:19,-111.6313,41.0393, 251.0,10773,-46.4,-61.8,-57.3, 16, 25, 0.04,231,41.4
2025-10-09 23:37:20,-111.6310,41.0395, 250.8,10778,-46.4,-61.8,-57.3, 16, 25, 0.04,231,41.4
2025-10-09 23:37:21,-111.6306,41.0397, 250.7,10782,-46.4,-61.8,-57.3, 16, 25, 0.04,231,41.5
2025-10-09 23:37:22,-111.6302,41.0400, 250.5,10787,-46.5,-61.8,-57.3, 16, 25, 0.04,231,41.5
2025-10-09 23:37:23,-111.6298,41.0402, 250.3,10792,-46.5,-61.8,-57.3, 16, 26, 0.04,231,41.5
2025-10-09 23:37:24,-111.6296,41.0403, 250.1,10797,-46.5,-61.8,-57.3, 16, 26, 0.04,231,41.5
2025-10-09 23:37:25,-111.6290,41.0407, 250.0,10800,-46.5,-61.8,-57.3, 16, 26, 0.04,231,41.6
2025-10-09 23:37:26,-111.6286,41.0409, 249.7,10807,-46.6,-61.8,-57.3, 16, 26, 0.04,231,41.6
2025-10-09 23:37:27,-111.6282,41.0411, 249.5,10812,-46.6,-61.8,-57.3, 16, 26, 0.04,231,41.6
2025-10-09 23:37:28,-111.6278,41.0414, 249.4,10817,-46.6,-61.8,-57.4, 16, 26, 0.04,231,41.6
2025-10-09 23:37:29,-111.6274,41.0416, 249.2,10822,-46.7,-61.8,-57.4, 17, 26, 0.04,231,41.7
2025-10-09 23:37:30,-111.6271,41.0418, 249.0,10827,-46.7,-61.8,-57.4, 17, 26, 0.04,231,41.7
2025-10-09 23:37:31,-111.6267,41.0421, 248.8,10832,-46.7,-61.8,-57.4, 17, 26, 0.04,231,41.7
2025-10-09 23:37:32,-111.6263,41.0423, 248.6,10837,-46.7,-61.8,-57.4, 17, 26, 0.04,231,41.7
2025-10-09 23:37:33,-111.6259,41.0425, 248.4,10842,-46.8,-61.8,-57.4, 17, 26, 0.04,231,41.7
2025-10-09 23:37:34,-111.6255,41.0428, 248.2,10847,-46.8,-61.8,-57.3, 17, 27, 0.04,231,41.7
2025-10-09 23:37:35,-111.6251,41.0430, 248.0,10852,-46.8,-61.7,-57.3, 17, 27, 0.04,231,41.7
2025-10-09 23:37:36,-111.6247,41.0432, 247.8,10858,-46.9,-61.6,-57.2, 17, 27, 0.04,231,41.8
2025-10-09 23:37:37,-111.6243,41.0434, 247.6,10863,-46.9,-61.6,-57.2, 17, 27, 0.04,231,41.8
2025-10-09 23:37:38,-111.6239,41.0437, 247.5,10868,-46.9,-61.5,-57.1, 18, 28, 0.04,231,41.8
2025-10-09 23:37:39,-111.6235,41.0439, 247.3,10873,-47.0,-61.5,-57.1, 18, 28, 0.04,231,41.8
2025-10-09 23:37:40,-111.6231,41.0442, 247.1,10878,-47.0,-61.4,-57.0, 18, 28, 0.04,231,41.8
2025-10-09 23:37:41,-111.6227,41.0444, 246.9,10882,-47.0,-61.4,-57.0, 18, 29, 0.04,231,41.8
2025-10-09 23:37:42,-111.6223,41.0446, 246.7,10887,-47.1,-61.3,-56.9, 18, 29, 0.04,232,41.9
2025-10-09 23:37:43,-111.6220,41.0449, 246.5,10892,-47.1,-61.3,-56.9, 19, 29, 0.04,232,41.9
2025-10-09 23:37:44,-111.6216,41.0451, 246.4,10897,-47.2,-61.3,-56.8, 19, 30, 0.04,232,41.9
2025-10-09 23:37:45,-111.6212,41.0453, 246.2,10902,-47.2,-61.2,-56.8, 19, 30, 0.04,232,41.9
2025-10-09 23:37:46,-111.6208,41.0456, 246.0,10906,-47.2,-61.2,-56.7, 19, 30, 0.04,232,41.9
2025-10-09 23:37:47,-111.6204,41.0458, 245.8,10911,-47.3,-61.2,-56.7, 19, 30, 0.04,232,41.9
2025-10-09 23:37:48,-111.6200,41.0460, 245.7,10916,-47.3,-61.2,-56.7, 19, 31, 0.04,232,42.0
2025-10-09 23:37:49,-111.6196,41.0463, 245.5,10921,-47.4,-61.2,-56.7, 19, 31, 0.04,232,42.0
2025-10-09 23:37:50,-111.6192,41.0465, 245.3,10925,-47.4,-61.2,-56.8, 19, 31, 0.04,232,42.0
2025-10-09 23:37:51,-111.6188,41.0467, 245.1,10930,-47.4,-61.2,-56.8, 19, 31, 0.04,232,42.1
2025-10-09 23:37:52,-111.6184,41.0470, 244.9,10935,-47.5,-61.2,-56.8, 20, 31, 0.04,232,42.1
2025-10-09 23:37:53,-111.6180,41.0472, 244.7,10940,-47.5,-61.2,-56.8, 20, 31, 0.04,232,42.2
2025-10-09 23:37:54,-111.6176,41.0474, 244.6,10945,-47.6,-61.2,-56.8, 20, 31, 0.04,232,42.2
2025-10-09 23:37:55,-111.6172,41.0477, 244.4,10950,-47.6,-61.2,-56.8, 20, 31, 0.04,232,42.2
2025-10-09 23:37:56,-111.6168,41.0479, 244.2,10955,-47.6,-61.2,-56.8, 20, 31, 0.04,232,42.3
2025-10-09 23:37:57,-111.6164,41.0481, 244.0,10960,-47.7,-61.2,-56.8, 20, 32, 0.04,232,42.3
2025-10-09 23:37:58,-111.6160,41.0484, 243.9,10964,-47.7,-61.2,-56.8, 20, 32, 0.04,232,42.3
2025-10-09 23:37:59,-111.6156,41.0486, 243.7,10969,-47.8,-61.3,-56.8, 20, 32, 0.04,232,42.4
2025-10-09 23:38:00,-111.6152,41.0488, 243.5,10973,-47.8,-61.3,-56.8, 20, 32, 0.04,232,42.4
2025-10-09 23:38:01,-111.6148,41.0491, 243.3,10978,-47.8,-61.3,-56.9, 20, 32, 0.04,232,42.5
2025-10-09 23:38:02,-111.6144,41.0493, 243.2,10983,-47.9,-61.3,-56.9, 20, 32, 0.04,232,42.5
2025-10-09 23:38:03,-111.6139,41.0495, 243.0,10988,-47.9,-61.3,-56.9, 20, 32, 0.04,232,42.5
2025-10-09 23:38:04,-111.6135,41.0498, 242.8,10992,-48.0,-61.4,-56.9, 20, 32, 0.04,232,42.6
2025-10-09 23:38:05,-111.6131,41.0500, 242.7,10997,-48.0,-61.4,-57.0, 20, 32, 0.04,232,42.6
2025-10-09 23:38:06,-111.6127,41.0502, 242.5,11002,-48.0,-61.4,-57.0, 20, 32, 0.04,232,42.6
2025-10-09 23:38:07,-111.6123,41.0505, 242.3,11006,-48.1,-61.4,-57.0, 20, 32, 0.04,232,42.7
2025-10-09 23:38:08,-111.6119,41.0507, 242.1,11011,-48.1,-61.4,-57.0, 20, 32, 0.04,232,42.7
2025-10-09 23:38:09,-111.6115,41.0510, 242.0,11016,-48.1,-61.5,-57.0, 20, 32, 0.04,232,42.8
2025-10-09 23:38:10,-111.6111,41.0512, 241.8,11020,-48.2,-61.5,-57.1, 20, 32, 0.04,232,42.8
2025-10-09 23:38:11,-111.6107,41.0514, 241.6,11025,-48.2,-61.5,-57.1, 20, 33, 0.04,232,42.9
2025-10-09 23:38:12,-111.6103,41.0517, 241.5,11030,-48.2,-61.5,-57.1, 20, 33, 0.04,232,42.9
2025-10-09 23:38:13,-111.6099,41.0519, 241.3,11034,-48.3,-61.5,-57.1, 20, 33, 0.04,232,42.9
2025-10-09 23:38:14,-111.6095,41.0521, 241.1,11039,-48.3,-61.6,-57.2, 20, 33, 0.04,232,43.0
2025-10-09 23:38:15,-111.6091,41.0524, 240.9,11044,-48.3,-61.6,-57.2, 20, 33, 0.04,232,43.0
2025-10-09 23:38:16,-111.6087,41.0526, 240.8,11048,-48.4,-61.7,-57.2, 20, 33, 0.04,232,43.1
2025-10-09 23:38:17,-111.6082,41.0528, 240.6,11053,-48.4,-61.7,-57.3, 20, 32, 0.04,232,43.1
2025-10-09 23:38:18,-111.6078,41.0531, 240.4,11058,-48.4,-61.8,-57.3, 20, 32, 0.04,232,43.2
2025-10-09 23:38:19,-111.6074,41.0533, 240.3,11062,-48.5,-61.8,-57.4, 20, 32, 0.04,232,43.2
2025-10-09 23:38:20,-111.6070,41.0535, 240.1,11066,-48.5,-61.8,-57.4, 20, 32, 0.04,232,43.3
2025-10-09 23:38:21,-111.6066,41.0538, 240.0,11071,-48.5,-61.9,-57.4, 20, 32, 0.04,232,43.3
2025-10-09 23:38:22,-111.6062,41.0540, 239.8,11075,-48.6,-61.9,-57.5, 20, 32, 0.04,233,43.3
2025-10-09 23:38:23,-111.6058,41.0543, 239.6,11079,-48.6,-61.9,-57.5, 20, 32, 0.04,233,43.4
2025-10-09 23:38:24,-111.6053,41.0545, 239.5,11084,-48.6,-62.0,-57.5, 20, 32, 0.04,233,43.4
2025-10-09 23:38:25,-111.6049,41.0547, 239.3,11088,-48.6,-62.0,-57.6, 20, 32, 0.04,233,43.5
2025-10-09 23:38:26,-111.6045,41.0550, 239.2,11093,-48.7,-62.1,-57.6, 20, 32, 0.04,233,43.5
2025-10-09 23:38:27,-111.6040,41.0552, 239.0,11097,-48.7,-62.1,-57.6, 20, 32, 0.04,233,43.6
2025-10-09 23:38:28,-111.6036,41.0555, 238.8,11102,-48.7,-62.1,-57.7, 20, 32, 0.04,233,43.7
2025-10-09 23:38:29,-111.6032,41.0557, 238.7,11106,-48.8,-62.1,-57.7, 20, 32, 0.04,233,43.8
2025-10-09 23:38:30,-111.6027,41.0560, 238.5,11111,-48.8,-62.1,-57.7, 20, 32, 0.04,233,43.9
2025-10-09 23:38:31,-111.6023,41.0562, 238.3,11116,-48.8,-62.1,-57.7, 20, 32, 0.04,233,43.9
2025-10-09 23:38:32,-111.6019,41.0565, 238.1,11120,-48.8,-62.1,-57.7, 20, 32, 0.04,233,44.0
2025-10-09 23:38:33,-111.6014,41.0567, 238.0,11125,-48.9,-62.1,-57.7, 20, 32, 0.04,233,44.1
2025-10-09 23:38:34,-111.6010,41.0569, 237.8,11130,-48.9,-62.2,-57.7, 20, 33, 0.04,233,44.2
2025-10-09 23:38:35,-111.6006,41.0572, 237.6,11135,-48.9,-62.2,-57.7, 20, 33, 0.04,233,44.3
2025-10-09 23:38:36,-111.6001,41.0574, 237.5,11139,-48.9,-62.2,-57.7, 20, 33, 0.04,233,44.4
2025-10-09 23:38:37,-111.5997,41.0577, 237.3,11144,-49.0,-62.2,-57.7, 20, 33, 0.04,233,44.5
2025-10-09 23:38:38,-111.5993,41.0579, 237.1,11149,-49.0,-62.2,-57.7, 20, 33, 0.04,233,44.6
2025-10-09 23:38:39,-111.5989,41.0582, 237.0,11153,-49.0,-62.2,-57.7, 20, 33, 0.04,233,44.7
2025-10-09 23:38:40,-111.5984,41.0584, 236.8,11158,-49.0,-62.2,-57.8, 20, 33, 0.04,233,44.8
2025-10-09 23:38:41,-111.5980,41.0587, 236.6,11162,-49.1,-62.2,-57.8, 20, 33, 0.04,233,44.9
2025-10-09 23:38:42,-111.5976,41.0589, 236.5,11167,-49.1,-62.3,-57.8, 20, 33, 0.04,233,45.0
2025-10-09 23:38:43,-111.5971,41.0591, 236.3,11172,-49.1,-62.3,-57.9, 20, 33, 0.04,233,45.1
2025-10-09 23:38:44,-111.5967,41.0594, 236.1,11176,-49.1,-62.4,-57.9, 20, 33, 0.04,233,45.2
2025-10-09 23:38:45,-111.5963,41.0596, 236.0,11181,-49.2,-62.4,-57.9, 20, 33, 0.04,233,45.3
2025-10-09 23:38:46,-111.5958,41.0599, 235.8,11185,-49.2,-62.4,-58.0, 20, 33, 0.04,233,45.4
2025-10-09 23:38:47,-111.5954,41.0601, 235.6,11190,-49.2,-62.5,-58.0, 20, 33, 0.04,233,45.5
2025-10-09 23:38:48,-111.5950,41.0603, 235.5,11194,-49.3,-62.5,-58.1, 20, 33, 0.04,233,45.5
2025-10-09 23:38:49,-111.5945,41.0606, 235.3,11199,-49.3,-62.5,-58.1, 20, 32, 0.04,233,45.6
2025-10-09 23:38:50,-111.5941,41.0608, 235.2,11203,-49.3,-62.6,-58.1, 20, 32, 0.04,233,45.7
2025-10-09 23:38:51,-111.5937,41.0611, 235.0,11208,-49.3,-62.6,-58.2, 20, 32, 0.04,233,45.7
2025-10-09 23:38:52,-111.5932,41.0613, 234.9,11212,-49.4,-62.7,-58.2, 20, 32, 0.04,233,45.8
2025-10-09 23:38:53,-111.5928,41.0616, 234.7,11216,-49.4,-62.7,-58.2, 20, 32, 0.04,233,45.9
2025-10-09 23:38:54,-111.5923,41.0618, 234.6,11220,-49.4,-62.7,-58.3, 20, 32, 0.04,233,45.9
2025-10-09 23:38:55,-111.5919,41.0621, 234.4,11224,-49.5,-62.7,-58.3, 20, 32, 0.04,233,46.0
2025-10-09 23:38:56,-111.5914,41.0624, 234.3,11228,-49.5,-62.8,-58.3, 20, 32, 0.04,233,46.0
2025-10-09 23:38:57,-111.5910,41.0626, 234.1,11232,-49.5,-62.8,-58.3, 20, 32, 0.04,233,46.1
2025-10-09 23:38:58,-111.5905,41.0629, 234.0,11235,-49.5,-62.8,-58.3, 20, 32, 0.04,233,46.2
2025-10-09 23:38:59,-111.5901,41.0631, 233.9,11239,-49.6,-62.8,-58.3, 20, 33, 0.04,233,46.2
2025-10-09 23:39:00,-111.5896,41.0634, 233.7,11243,-49.6,-62.8,-58.4, 20, 33, 0.04,233,46.3
2025-10-09 23:39:01,-111.5892,41.0636, 233.6,11247,-49.6,-62.8,-58.4, 20, 33, 0.04,233,46.4
2025-10-09 23:39:02,-111.5887,41.0639, 233.4,11251,-49.6,-62.9,-58.4, 20, 33, 0.04,233,46.4
2025-10-09 23:39:03,-111.5883,41.0642, 233.3,11255,-49.7,-62.9,-58.4, 20, 33, 0.04,233,46.5
2025-10-09 23:39:04,-111.5878,41.0644, 233.2,11259,-49.7,-62.9,-58.4, 20, 33, 0.04,233,46.5
2025-10-09 23:39:05,-111.5874,41.0647, 233.0,11263,-49.7,-62.9,-58.4, 20, 33, 0.04,233,46.6
2025-10-09 23:39:06,-111.5869,41.0649, 232.9,11267,-49.8,-62.9,-58.5, 20, 33, 0.04,233,46.7
2025-10-09 23:39:07,-111.5865,41.0652, 232.8,11270,-49.8,-62.9,-58.5, 20, 33, 0.04,233,46.7
2025-10-09 23:39:08,-111.5861,41.0654, 232.6,11274,-49.8,-62.9,-58.5, 20, 33, 0.04,233,46.8
2025-10-09 23:39:09,-111.5856,41.0657, 232.5,11278,-49.8,-62.9,-58.5, 20, 33, 0.04,233,46.8
2025-10-09 23:39:10,-111.5851,41.0659, 232.3,11282,-49.9,-62.9,-58.5, 20, 33, 0.04,233,46.9
2025-10-09 23:39:11,-111.5847,41.0662, 232.2,11286,-49.9,-62.9,-58.5, 20, 33, 0.04,233,47.0
2025-10-09 23:39:12,-111.5842,41.0664, 232.0,11290,-49.9,-63.0,-58.5, 20, 33, 0.04,233,47.0
2025-10-09 23:39:13,-111.5838,41.0667, 231.9,11294,-49.9,-63.0,-58.5, 21, 33, 0.04,233,47.1
2025-10-09 23:39:14,-111.5833,41.0670, 231.8,11298,-50.0,-63.0,-58.5, 21, 33, 0.04,233,47.1
2025-10-09 23:39:15,-111.5829,41.0672, 231.6,11302,-50.0,-63.0,-58.5, 21, 34, 0.04,233,47.2
2025-10-09 23:39:16,-111.5825,41.0675, 231.5,11306,-50.0,-63.0,-58.5, 21, 34, 0.04,233,47.3
2025-10-09 23:39:17,-111.5820,41.0677, 231.3,11310,-50.0,-63.0,-58.5, 21, 34, 0.04,233,47.3
2025-10-09 23:39:18,-111.5816,41.0680, 231.2,11314,-50.1,-63.0,-58.5, 21, 34, 0.04,233,47.4
2025-10-09 23:39:19,-111.5811,41.0682, 231.1,11318,-50.1,-63.0,-58.5, 21, 34, 0.04,233,47.4
2025-10-09 23:39:20,-111.5807,41.0685, 230.9,11322,-50.1,-63.0,-58.5, 21, 34, 0.04,233,47.5
2025-10-09 23:39:21,-111.5802,41.0687, 230.8,11326,-50.1,-63.0,-58.6, 21, 34, 0.04,233,47.6
2025-10-09 23:39:22,-111.5798,41.0690, 230.7,11329,-50.2,-63.0,-58.6, 21, 34, 0.04,233,47.6
2025-10-09 23:39:23,-111.5793,41.0692, 230.5,11333,-50.2,-63.1,-58.6, 21, 34, 0.04,233,47.7
2025-10-09 23:39:24,-111.5789,41.0695, 230.4,11337,-50.2,-63.1,-58.6, 21, 34, 0.04,233,47.7
2025-10-09 23:39:25,-111.5784,41.0697, 230.3,11340,-50.2,-63.1,-58.7, 21, 34, 0.03,233,47.8
2025-10-09 23:39:26,-111.5779,41.0700, 230.1,11344,-50.3,-63.2,-58.7, 21, 34, 0.03,233,47.9
2025-10-09 23:39:27,-111.5775,41.0702, 230.0,11348,-50.3,-63.2,-58.7, 21, 34, 0.03,233,47.9
2025-10-09 23:39:28,-111.5770,41.0705, 229.9,11351,-50.3,-63.2,-58.7, 21, 34, 0.03,233,47.9
2025-10-09 23:39:29,-111.5766,41.0707, 229.8,11355,-50.3,-63.2,-58.8, 21, 34, 0.03,233,47.8
2025-10-09 23:39:30,-111.5761,41.0710, 229.6,11359,-50.4,-63.3,-58.8, 21, 34, 0.03,233,47.8
2025-10-09 23:39:31,-111.5757,41.0712, 229.5,11363,-50.4,-63.3,-58.8, 21, 34, 0.03,233,47.7
2025-10-09 23:39:32,-111.5752,41.0714, 229.4,11366,-50.4,-63.3,-58.8, 21, 34, 0.03,233,47.7
2025-10-09 23:39:33,-111.5748,41.0717, 229.2,11370,-50.4,-63.3,-58.8, 21, 34, 0.03,234,47.6
2025-10-09 23:39:34,-111.5743,41.0719, 229.1,11374,-50.5,-63.3,-58.9, 21, 34, 0.03,234,47.6
2025-10-09 23:39:35,-111.5739,41.0722, 228.9,11378,-50.5,-63.3,-58.9, 21, 34, 0.03,234,47.5
2025-10-09 23:39:36,-111.5734,41.0724, 228.8,11382,-50.5,-63.3,-58.9, 21, 34, 0.03,234,47.5
2025-10-09 23:39:37,-111.5730,41.0727, 228.7,11386,-50.5,-63.3,-58.9, 21, 34, 0.03,234,47.4
2025-10-09 23:39:38,-111.5725,41.0729, 228.6,11389,-50.6,-63.3,-58.9, 21, 34, 0.03,234,47.4
2025-10-09 23:39:39,-111.5721,41.0732, 228.4,11393,-50.6,-63.3,-58.9, 21, 34, 0.03,234,47.3
2025-10-09 23:39:40,-111.5716,41.0734, 228.3,11397,-50.6,-63.3,-58.9, 21, 34, 0.03,234,47.2
2025-10-09 23:39:41,-111.5711,41.0737, 228.2,11401,-50.6,-63.3,-58.9, 21, 35, 0.03,234,47.2
2025-10-09 23:39:42,-111.5707,41.0739, 228.0,11404,-50.6,-63.3,-58.8, 21, 35, 0.03,234,47.1
2025-10-09 23:39:43,-111.5702,41.0742, 227.9,11408,-50.7,-63.3,-58.8, 21, 35, 0.03,234,47.1
2025-10-09 23:39:44,-111.5698,41.0744, 227.8,11411,-50.7,-63.3,-58.8, 21, 35, 0.03,234,47.0
2025-10-09 23:39:45,-111.5695,41.0746, 227.7,11415,-50.7,-63.3,-58.8, 21, 35, 0.03,234,47.0
2025-10-09 23:39:46,-111.5689,41.0749, 227.6,11417,-50.7,-63.3,-58.8, 21, 35, 0.03,234,47.0
2025-10-09 23:39:47,-111.5684,41.0751, 227.4,11421,-50.7,-63.4,-58.9, 21, 35, 0.03,234,46.9
2025-10-09 23:39:48,-111.5680,41.0754, 227.3,11425,-50.7,-63.4,-58.9, 21, 35, 0.03,234,46.8
2025-10-09 23:39:49,-111.5675,41.0756, 227.2,11428,-50.8,-63.4,-59.0, 21, 35, 0.03,234,46.8
2025-10-09 23:39:50,-111.5671,41.0759, 227.1,11432,-50.8,-63.5,-59.0, 21, 35, 0.03,234,46.8
2025-10-09 23:39:51,-111.5666,41.0761, 227.0,11435,-50.8,-63.5,-59.0, 21, 35, 0.03,234,46.7
2025-10-09 23:39:52,-111.5662,41.0764, 226.8,11438,-50.8,-63.6,-59.1, 21, 34, 0.03,234,46.7
2025-10-09 23:39:53,-111.5657,41.0766, 226.7,11441,-50.8,-63.6,-59.1, 21, 34, 0.03,234,46.6
2025-10-09 23:39:54,-111.5653,41.0768, 226.6,11445,-50.9,-63.6,-59.1, 21, 34, 0.03,234,46.6
2025-10-09 23:39:55,-111.5649,41.0771, 226.5,11448,-50.9,-63.7,-59.2, 21, 34, 0.03,234,46.6
2025-10-09 23:39:56,-111.5644,41.0773, 226.4,11451,-50.9,-63.7,-59.2, 21, 34, 0.03,234,46.5
2025-10-09 23:39:57,-111.5640,41.0776, 226.3,11454,-50.9,-63.7,-59.2, 21, 34, 0.03,234,46.5
2025-10-09 23:39:58,-111.5636,41.0778, 226.2,11458,-50.9,-63.8,-59.3, 21, 34, 0.03,234,46.4
2025-10-09 23:39:59,-111.5631,41.0780, 226.1,11461,-50.9,-63.8,-59.3, 21, 34, 0.03,234,46.4
2025-10-09 23:40:00,-111.5627,41.0783, 225.9,11464,-50.9,-63.8,-59.3, 21, 34, 0.03,234,46.3
2025-10-09 23:40:01,-111.5622,41.0785, 225.8,11467,-50.9,-63.9,-59.4, 20, 34, 0.03,234,46.3
2025-10-09 23:40:02,-111.5618,41.0788, 225.7,11471,-51.0,-63.9,-59.4, 20, 34, 0.03,234,46.3
2025-10-09 23:40:03,-111.5614,41.0790, 225.6,11474,-51.0,-63.9,-59.4, 20, 33, 0.03,234,46.2
2025-10-09 23:40:04,-111.5609,41.0792, 225.5,11477,-51.0,-64.0,-59.5, 20, 33, 0.03,234,46.2
2025-10-09 23:40:05,-111.5605,41.0795, 225.3,11481,-51.0,-64.0,-59.5, 20, 33, 0.03,234,46.1
2025-10-09 23:40:06,-111.5601,41.0797, 225.2,11485,-51.0,-64.0,-59.5, 20, 33, 0.03,234,46.1
2025-10-09 23:40:07,-111.5596,41.0799, 225.1,11488,-51.0,-64.1,-59.6, 20, 33, 0.03,234,46.0
2025-10-09 23:40:08,-111.5592,41.0802, 225.0,11492,-51.0,-64.1,-59.6, 20, 33, 0.03,234,46.0
2025-10-09 23:40:09,-111.5588,41.0804, 224.8,11496,-51.1,-64.1,-59.6, 20, 33, 0.03,234,45.9
2025-10-09 23:40:10,-111.5583,41.0807, 224.7,11500,-51.1,-64.2,-59.7, 20, 33, 0.03,234,45.8
2025-10-09 23:40:11,-111.5579,41.0809, 224.6,11503,-51.1,-64.2,-59.7, 20, 33, 0.03,234,45.8
2025-10-09 23:40:12,-111.5575,41.0811, 224.5,11507,-51.1,-64.2,-59.7, 20, 33, 0.03,234,45.7
2025-10-09 23:40:13,-111.5570,41.0814, 224.3,11511,-51.1,-64.3,-59.8, 20, 33, 0.03,234,45.6
2025-10-09 23:40:14,-111.5566,41.0816, 224.2,11515,-51.1,-64.3,-59.8, 20, 32, 0.03,234,45.6
2025-10-09 23:40:15,-111.5562,41.0819, 224.1,11518,-51.1,-64.3,-59.8, 20, 32, 0.03,234,45.5
2025-10-09 23:40:16,-111.5557,41.0821, 223.9,11522,-51.2,-64.4,-59.9, 20, 32, 0.03,234,45.4
2025-10-09 23:40:17,-111.5553,41.0823, 223.8,11526,-51.2,-64.4,-59.9, 20, 32, 0.03,234,45.4
2025-10-09 23:40:18,-111.5549,41.0826, 223.7,11529,-51.2,-64.4,-59.9, 20, 32, 0.03,234,45.3
2025-10-09 23:40:19,-111.5544,41.0828, 223.6,11533,-51.2,-64.4,-59.9, 19, 32, 0.03,234,45.2
2025-10-09 23:40:20,-111.5540,41.0830, 223.4,11537,-51.2,-64.5,-60.0, 19, 32, 0.03,234,45.2
2025-10-09 23:40:21,-111.5536,41.0833, 223.3,11540,-51.2,-64.5,-60.0, 19, 32, 0.03,234,45.1
2025-10-09 23:40:22,-111.5531,41.0835, 223.2,11544,-51.2,-64.5,-60.0, 19, 32, 0.03,234,45.0
2025-10-09 23:40:23,-111.5527,41.0838, 223.1,11547,-51.2,-64.6,-60.0, 19, 32, 0.03,234,45.0
2025-10-09 23:40:24,-111.5523,41.0840, 222.9,11551,-51.2,-64.6,-60.1, 19, 32, 0.03,234,44.9
2025-10-09 23:40:25,-111.5519,41.0842, 222.8,11555,-51.2,-64.6,-60.1, 19, 31, 0.03,234,44.8
2025-10-09 23:40:26,-111.5515,41.0845, 222.7,11558,-51.2,-64.6,-60.1, 19, 31, 0.03,234,44.8
2025-10-09 23:40:27,-111.5510,41.0847, 222.6,11562,-51.2,-64.6,-60.1, 19, 31, 0.03,233,44.7
2025-10-09 23:40:28,-111.5506,41.0849, 222.4,11565,-51.2,-64.7,-60.1, 19, 31, 0.03,233,44.6
2025-10-09 23:40:29,-111.5502,41.0852, 222.3,11569,-51.2,-64.7,-60.2, 19, 31, 0.03,233,44.5
2025-10-09 23:40:30,-111.5497,41.0854, 222.2,11572,-51.2,-64.7,-60.2, 19, 31, 0.03,233,44.5
2025-10-09 23:40:31,-111.5494,41.0856, 222.1,11576,-51.2,-64.7,-60.2, 19, 31, 0.03,233,44.4
2025-10-09 23:40:32,-111.5490,41.0859, 222.0,11579,-51.2,-64.7,-60.2, 19, 31, 0.03,233,44.3
2025-10-09 23:40:33,-111.5485,41.0861, 221.9,11583,-51.2,-64.7,-60.2, 19, 31, 0.03,233,44.2
2025-10-09 23:40:34,-111.5481,41.0863, 221.8,11586,-51.2,-64.7,-60.2, 19, 31, 0.03,233,44.1
2025-10-09 23:40:35,-111.5477,41.0866, 221.6,11589,-51.2,-64.7,-60.2, 19, 31, 0.03,233,44.1
2025-10-09 23:40:36,-111.5473,41.0868, 221.5,11592,-51.2,-64.7,-60.2, 19, 31, 0.03,233,44.0
2025-10-09 23:40:37,-111.5469,41.0870, 221.4,11595,-51.2,-64.7,-60.2, 19, 31, 0.03,233,43.9
2025-10-09 23:40:38,-111.5465,41.0873, 221.3,11598,-51.2,-64.7,-60.2, 19, 31, 0.03,233,43.8
2025-10-09 23:40:39,-111.5461,41.0875, 221.2,11602,-51.1,-64.7,-60.2, 19, 31, 0.03,233,43.8
2025-10-09 23:40:40,-111.5456,41.0877, 221.1,11605,-51.1,-64.7,-60.2, 19, 31, 0.03,233,43.7
2025-10-09 23:40:41,-111.5452,41.0880, 221.0,11608,-51.1,-64.8,-60.3, 18, 30, 0.03,233,43.6
2025-10-09 23:40:42,-111.5448,41.0882, 220.9,11612,-51.1,-64.8,-60.3, 18, 30, 0.03,233,43.5
2025-10-09 23:40:43,-111.5444,41.0884, 220.8,11615,-51.1,-64.9,-60.4, 18, 30, 0.03,233,43.5
2025-10-09 23:40:44,-111.5440,41.0886, 220.6,11618,-51.1,-64.9,-60.4, 18, 30, 0.03,233,43.4
2025-10-09 23:40:45,-111.5436,41.0889, 220.5,11622,-51.1,-65.0,-60.5, 18, 29, 0.03,233,43.3
2025-10-09 23:40:46,-111.5431,41.0891, 220.4,11625,-51.1,-65.0,-60.5, 18, 29, 0.03,233,43.2
2025-10-09 23:40:47,-111.5427,41.0893, 220.3,11628,-51.1,-65.1,-60.6, 18, 29, 0.03,233,43.2
2025-10-09 23:40:48,-111.5423,41.0896, 220.2,11631,-51.1,-65.1,-60.6, 17, 29, 0.03,233,43.2
2025-10-09 23:40:49,-111.5419,41.0898, 220.1,11634,-51.0,-65.2,-60.7, 17, 28, 0.03,233,43.2
2025-10-09 23:40:50,-111.5415,41.0900, 220.0,11638,-51.0,-65.3,-60.7, 17, 28, 0.03,233,43.2
2025-10-09 23:40:51,-111.5411,41.0903, 219.9,11641,-51.0,-65.3,-60.8, 17, 28, 0.03,233,43.2
2025-10-09 23:40:52,-111.5406,41.0905, 219.8,11644,-51.0,-65.4,-60.8, 17, 28, 0.03,233,43.2
2025-10-09 23:40:53,-111.5402,41.0907, 219.6,11648,-51.0,-65.4,-60.9, 17, 28, 0.03,233,43.2
2025-10-09 23:40:54,-111.5398,41.0909, 219.5,11651,-51.0,-65.4,-60.9, 17, 27, 0.03,233,43.3
2025-10-09 23:40:55,-111.5394,41.0912, 219.4,11654,-51.0,-65.5,-61.0, 17, 27, 0.03,233,43.3
2025-10-09 23:40:56,-111.5390,41.0914, 219.3,11658,-51.0,-65.5,-61.0, 16, 27, 0.03,233,43.3
2025-10-09 23:40:57,-111.5386,41.0916, 219.2,11662,-51.0,-65.6,-61.0, 16, 27, 0.03,234,43.3
2025-10-09 23:40:58,-111.5382,41.0918, 219.1,11665,-50.9,-65.6,-61.1, 16, 27, 0.03,234,43.3
2025-10-09 23:40:59,-111.5378,41.0920, 218.9,11669,-50.9,-65.6,-61.1, 16, 26, 0.03,234,43.3
2025-10-09 23:41:00,-111.5373,41.0922, 218.8,11672,-50.9,-65.7,-61.1, 16, 26, 0.03,234,43.3
2025-10-09 23:41:01,-111.5369,41.0925, 218.7,11676,-50.9,-65.7,-61.2, 16, 26, 0.03,234,43.4
2025-10-09 23:41:02,-111.5365,41.0927, 218.6,11680,-50.9,-65.8,-61.2, 16, 26, 0.03,234,43.4
2025-10-09 23:41:03,-111.5361,41.0929, 218.5,11683,-50.9,-65.8,-61.3, 16, 26, 0.03,234,43.4
2025-10-09 23:41:04,-111.5357,41.0931, 218.3,11687,-50.9,-65.8,-61.3, 16, 26, 0.03,234,43.4
2025-10-09 23:41:05,-111.5353,41.0934, 218.2,11690,-50.9,-65.9,-61.3, 16, 25, 0.03,234,43.4
2025-10-09 23:41:06,-111.5349,41.0936, 218.1,11694,-50.8,-65.9,-61.4, 15, 25, 0.03,234,43.4
2025-10-09 23:41:07,-111.5344,41.0938, 218.0,11697,-50.8,-66.0,-61.4, 15, 25, 0.03,234,43.4
2025-10-09 23:41:08,-111.5340,41.0940, 217.9,11701,-50.8,-66.0,-61.5, 15, 25, 0.03,234,43.4
2025-10-09 23:41:09,-111.5336,41.0942, 217.7,11705,-50.8,-66.0,-61.5, 15, 25, 0.03,234,43.3
2025-10-09 23:41:10,-111.5332,41.0944, 217.6,11708,-50.8,-66.1,-61.5, 15, 25, 0.03,234,43.2
2025-10-09 23:41:11,-111.5328,41.0947, 217.5,11712,-50.8,-66.1,-61.6, 15, 24, 0.02,234,43.1
2025-10-09 23:41:12,-111.5324,41.0949, 217.4,11715,-50.8,-66.2,-61.6, 15, 24, 0.02,235,43.0
2025-10-09 23:41:13,-111.5320,41.0951, 217.2,11719,-50.8,-66.2,-61.7, 15, 24, 0.02,235,43.0
2025-10-09 23:41:14,-111.5315,41.0953, 217.1,11723,-50.8,-66.3,-61.7, 15, 24, 0.02,235,42.9
2025-10-09 23:41:15,-111.5311,41.0955, 217.0,11727,-50.8,-66.3,-61.8, 14, 24, 0.02,235,42.8
2025-10-09 23:41:16,-111.5307,41.0958, 216.9,11730,-50.8,-66.4,-61.8, 14, 23, 0.02,235,42.7
2025-10-09 23:41:17,-111.5303,41.0960, 216.7,11734,-50.8,-66.5,-61.9, 14, 23, 0.02,235,42.6
2025-10-09 23:41:18,-111.5299,41.0962, 216.6,11738,-50.8,-66.5,-62.0, 14, 23, 0.02,235,42.6
2025-10-09 23:41:19,-111.5295,41.0964, 216.5,11742,-50.8,-66.6,-62.0, 14, 23, 0.02,235,42.5
2025-10-09 23:41:20,-111.5290,41.0966, 216.4,11745,-50.8,-66.6,-62.1, 14, 23, 0.02,235,42.4
2025-10-09 23:41:21,-111.5286,41.0968, 216.3,11749,-50.8,-66.7,-62.1, 14, 22, 0.02,235,42.3
2025-10-09 23:41:22,-111.5282,41.0971, 216.1,11753,-50.8,-66.8,-62.2, 14, 22, 0.02,235,42.2
2025-10-09 23:41:23,-111.5278,41.0973, 216.0,11756,-50.8,-66.8,-62.3, 13, 22, 0.02,235,42.2
2025-10-09 23:41:24,-111.5275,41.0974, 215.9,11760,-50.8,-66.9,-62.4, 13, 22, 0.02,235,42.1
2025-10-09 23:41:25,-111.5270,41.0977, 215.8,11763,-50.8,-67.0,-62.4, 13, 22, 0.02,235,42.0
2025-10-09 23:41:26,-111.5267,41.0979, 215.7,11767,-50.8,-67.1,-62.5, 13, 21, 0.02,235,41.9
2025-10-09 23:41:27,-111.5263,41.0981, 215.5,11771,-50.8,-67.1,-62.6, 13, 21, 0.02,235,41.8
2025-10-09 23:41:28,-111.5259,41.0983, 215.4,11774,-50.8,-67.2,-62.7, 13, 21, 0.02,236,41.7
2025-10-09 23:41:29,-111.5255,41.0984, 215.3,11778,-50.8,-67.3,-62.7, 13, 21, 0.02,236,41.6
2025-10-09 23:41:30,-111.5251,41.0987, 215.2,11782,-50.8,-67.4,-62.8, 13, 21, 0.02,236,41.5
2025-10-09 23:41:31,-111.5247,41.0989, 215.0,11786,-50.8,-67.5,-62.9, 12, 20, 0.02,236,41.4
2025-10-09 23:41:32,-111.5243,41.0990, 214.9,11790,-50.8,-67.5,-63.0, 12, 20, 0.02,236,41.3
2025-10-09 23:41:33,-111.5239,41.0992, 214.8,11794,-50.8,-67.6,-63.0, 12, 20, 0.02,236,41.2
2025-10-09 23:41:34,-111.5235,41.0994, 214.6,11798,-50.9,-67.6,-63.0, 12, 20, 0.02,236,41.1
2025-10-09 23:41:35,-111.5231,41.0996, 214.5,11802,-50.9,-67.7,-63.1, 12, 20, 0.02,236,41.0
2025-10-09 23:41:36,-111.5227,41.0998, 214.4,11806,-50.9,-67.7,-63.1, 12, 20, 0.02,236,40.9
2025-10-09 23:41:37,-111.5223,41.1000, 214.2,11810,-50.9,-67.7,-63.2, 12, 20, 0.02,236,40.8
2025-10-09 23:41:38,-111.5219,41.1002, 214.1,11814,-50.9,-67.8,-63.2, 12, 20, 0.02,236,40.7
2025-10-09 23:41:39,-111.5215,41.1004, 214.0,11818,-50.9,-67.8,-63.2, 12, 20, 0.02,236,40.6
2025-10-09 23:41:40,-111.5211,41.1006, 213.8,11822,-50.9,-67.9,-63.3, 12, 20, 0.02,236,40.5
2025-10-09 23:41:41,-111.5207,41.1008, 213.7,11826,-51.0,-67.9,-63.3, 12, 20, 0.02,236,40.4
2025-10-09 23:41:42,-111.5203,41.1010, 213.6,11830,-51.0,-68.0,-63.4, 12, 20, 0.02,236,40.3
2025-10-09 23:41:43,-111.5199,41.1012, 213.4,11835,-51.0,-68.0,-63.4, 12, 19, 0.02,236,40.2
2025-10-09 23:41:44,-111.5195,41.1014, 213.3,11839,-51.0,-68.0,-63.5, 12, 19, 0.02,236,40.1
2025-10-09 23:41:45,-111.5191,41.1016, 213.2,11843,-51.0,-68.1,-63.5, 12, 19, 0.02,236,40.0
2025-10-09 23:41:46,-111.5187,41.1018, 213.0,11847,-51.1,-68.1,-63.6, 12, 19, 0.02,236,39.9
2025-10-09 23:41:47,-111.5184,41.1020, 212.9,11851,-51.1,-68.2,-63.6, 12, 19, 0.02,236,39.8
2025-10-09 23:41:48,-111.5180,41.1022, 212.8,11855,-51.1,-68.2,-63.7, 12, 19, 0.02,236,39.8
2025-10-09 23:41:49,-111.5176,41.1024, 212.6,11860,-51.1,-68.3,-63.7, 12, 19, 0.02,236,39.8
2025-10-09 23:41:50,-111.5172,41.1026, 212.5,11864,-51.1,-68.3,-63.8, 11, 19, 0.02,236,39.7
2025-10-09 23:41:51,-111.5168,41.1028, 212.3,11868,-51.2,-68.4,-63.8, 11, 19, 0.02,236,39.7
2025-10-09 23:41:52,-111.5164,41.1030, 212.2,11873,-51.2,-68.4,-63.8, 11, 19, 0.02,236,39.7
2025-10-09 23:41:53,-111.5160,41.1032, 212.0,11877,-51.2,-68.5,-63.9, 11, 19, 0.02,236,39.7
2025-10-09 23:41:54,-111.5156,41.1034, 211.9,11881,-51.2,-68.6,-64.0, 11, 18, 0.02,236,39.6
2025-10-09 23:41:55,-111.5152,41.1036, 211.8,11885,-51.2,-68.6,-64.0, 11, 18, 0.02,236,39.6
2025-10-09 23:41:56,-111.5148,41.1038, 211.6,11890,-51.3,-68.7,-64.1, 11, 18, 0.02,236,39.6
2025-10-09 23:41:57,-111.5144,41.1040, 211.5,11894,-51.3,-68.7,-64.1, 11, 18, 0.02,236,39.6
2025-10-09 23:41:58,-111.5140,41.1043, 211.3,11898,-51.3,-68.8,-64.2, 11, 18, 0.02,236,39.5
2025-10-09 23:41:59,-111.5136,41.1044, 211.2,11903,-51.3,-68.8,-64.2, 11, 18, 0.02,235,39.5
2025-10-09 23:42:00,-111.5132,41.1047, 211.1,11907,-51.3,-68.9,-64.3, 11, 18, 0.02,235,39.5
2025-10-09 23:42:01,-111.5129,41.1049, 210.9,11912,-51.4,-69.0,-64.3, 11, 18, 0.02,235,39.5
2025-10-09 23:42:02,-111.5125,41.1051, 210.8,11916,-51.4,-69.0,-64.4, 11, 18, 0.02,235,39.4
2025-10-09 23:42:03,-111.5121,41.1053, 210.6,11921,-51.4,-69.1,-64.5, 11, 18, 0.02,235,39.4
2025-10-09 23:42:04,-111.5117,41.1055, 210.5,11925,-51.4,-69.1,-64.5, 11, 17, 0.02,235,39.4
2025-10-09 23:42:05,-111.5113,41.1057, 210.3,11930,-51.4,-69.2,-64.6, 11, 17, 0.02,235,39.4
2025-10-09 23:42:06,-111.5109,41.1059, 210.2,11935,-51.5,-69.3,-64.7, 10, 17, 0.02,235,39.3
2025-10-09 23:42:07,-111.5105,41.1061, 210.0,11939,-51.5,-69.3,-64.7, 10, 17, 0.02,235,39.3
2025-10-09 23:42:08,-111.5101,41.1063, 209.9,11944,-51.5,-69.4,-64.8, 10, 17, 0.02,235,39.4
2025-10-09 23:42:09,-111.5097,41.1065, 209.7,11948,-51.5,-69.5,-64.8, 10, 17, 0.02,235,39.5
2025-10-09 23:42:10,-111.5093,41.1067, 209.6,11953,-51.5,-69.5,-64.9, 10, 17, 0.02,235,39.6
2025-10-09 23:42:11,-111.5089,41.1069, 209.4,11957,-51.5,-69.6,-65.0, 10, 17, 0.02,235,39.6
2025-10-09 23:42:12,-111.5085,41.1071, 209.3,11962,-51.5,-69.6,-65.0, 10, 17, 0.02,235,39.7
2025-10-09 23:42:13,-111.5082,41.1073, 209.1,11966,-51.5,-69.6,-65.0, 10, 17, 0.02,235,39.8
2025-10-09 23:42:14,-111.5078,41.1075, 209.0,11971,-51.6,-69.6,-65.0, 10, 17, 0.02,235,39.9
2025-10-09 23:42:15,-111.5074,41.1077, 208.8,11975,-51.6,-69.6,-65.0, 10, 17, 0.02,235,40.0
2025-10-09 23:42:16,-111.5070,41.1079, 208.7,11980,-51.6,-69.6,-65.0, 10, 17, 0.02,235,40.1
2025-10-09 23:42:17,-111.5066,41.1081, 208.5,11985,-51.6,-69.7,-65.0, 10, 17, 0.02,235,40.1
2025-10-09 23:42:18,-111.5062,41.1083, 208.4,11989,-51.6,-69.7,-65.0, 10, 17, 0.02,235,40.2
2025-10-09 23:42:19,-111.5058,41.1085, 208.2,11994,-51.6,-69.7,-65.0, 10, 17, 0.02,235,40.3
2025-10-09 23:42:20,-111.5054,41.1087, 208.1,11999,-51.6,-69.7,-65.1, 10, 17, 0.02,235,40.4
2025-10-09 23:42:21,-111.5050,41.1090, 207.9,12004,-51.6,-69.7,-65.1, 10, 17, 0.02,235,40.5
2025-10-09 23:42:22,-111.5046,41.1091, 207.8,12008,-51.6,-69.7,-65.1, 10, 17, 0.02,235,40.5
2025-10-09 23:42:23,-111.5042,41.1094, 207.6,12013,-51.6,-69.7,-65.1, 10, 17, 0.02,235,40.6
2025-10-09 23:42:24,-111.5038,41.1096, 207.5,12018,-51.7,-69.7,-65.1, 10, 17, 0.02,235,40.7
2025-10-09 23:42:25,-111.5034,41.1098, 207.3,12023,-51.7,-69.7,-65.1, 10, 17, 0.02,235,40.8
2025-10-09 23:42:26,-111.5030,41.1100, 207.2,12028,-51.7,-69.7,-65.1, 10, 17, 0.02,235,40.9
2025-10-09 23:42:27,-111.5026,41.1102, 207.0,12032,-51.7,-69.7,-65.1, 10, 17, 0.02,235,41.0
2025-10-09 23:42:28,-111.5023,41.1104, 206.9,12037,-51.7,-69.8,-65.2, 10, 17, 0.02,236,40.9
2025-10-09 23:42:29,-111.5019,41.1106, 206.7,12042,-51.7,-69.8,-65.2, 10, 17, 0.02,236,40.9
2025-10-09 23:42:30,-111.5015,41.1108, 206.5,12047,-51.7,-69.8,-65.2, 10, 16, 0.02,236,40.8
2025-10-09 23:42:31,-111.5011,41.1110, 206.4,12052,-51.7,-69.9,-65.2, 10, 16, 0.02,236,40.8
2025-10-09 23:42:32,-111.5007,41.1112, 206.2,12057,-51.7,-69.9,-65.3, 10, 16, 0.02,236,40.7
2025-10-09 23:42:33,-111.5003,41.1114, 206.1,12062,-51.7,-69.9,-65.3, 10, 16, 0.02,236,40.7
2025-10-09 23:42:34,-111.4999,41.1116, 205.9,12067,-51.7,-70.0,-65.3, 10, 16, 0.02,236,40.7
2025-10-09 23:42:35,-111.4995,41.1118, 205.8,12072,-51.7,-70.0,-65.4, 10, 16, 0.02,236,40.6
2025-10-09 23:42:36,-111.4991,41.1120, 205.6,12077,-51.8,-70.0,-65.4, 10, 16, 0.02,236,40.6
2025-10-09 23:42:37,-111.4987,41.1122, 205.4,12082,-51.8,-70.0,-65.4, 10, 16, 0.02,236,40.5
2025-10-09 23:42:38,-111.4983,41.1124, 205.3,12087,-51.8,-70.1,-65.4, 10, 16, 0.02,236,40.5
2025-10-09 23:42:39,-111.4979,41.1126, 205.1,12092,-51.8,-70.1,-65.5, 10, 16, 0.02,236,40.4
2025-10-09 23:42:40,-111.4975,41.1128, 205.0,12097,-51.8,-70.2,-65.5, 10, 16, 0.02,236,40.4
2025-10-09 23:42:41,-111.4971,41.1130, 204.8,12102,-51.8,-70.2,-65.6, 10, 16, 0.02,236,40.4
2025-10-09 23:42:42,-111.4967,41.1132, 204.7,12107,-51.8,-70.2,-65.6, 10, 16, 0.02,236,40.3
2025-10-09 23:42:43,-111.4963,41.1134, 204.5,12112,-51.8,-70.3,-65.6,  9, 16, 0.01,236,40.3
2025-10-09 23:42:44,-111.4959,41.1136, 204.3,12117,-51.8,-70.3,-65.7,  9, 16, 0.01,236,40.2
2025-10-09 23:42:45,-111.4955,41.1138, 204.2,12122,-51.8,-70.4,-65.7,  9, 16, 0.01,236,40.2
2025-10-09 23:42:46,-111.4951,41.1140, 204.0,12127,-51.9,-70.4,-65.8,  9, 15, 0.01,236,40.1
2025-10-09 23:42:47,-111.4947,41.1142, 203.9,12132,-51.9,-70.5,-65.8,  9, 15, 0.01,236,40.1
2025-10-09 23:42:48,-111.4943,41.1144, 203.7,12137,-51.9,-70.5,-65.9,  9, 15, 0.01,236,40.1
2025-10-09 23:42:49,-111.4940,41.1146, 203.5,12142,-51.9,-70.6,-65.9,  9, 15, 0.01,236,40.0
2025-10-09 23:42:50,-111.4936,41.1148, 203.4,12147,-51.9,-70.6,-66.0,  9, 15, 0.01,236,40.0
2025-10-09 23:42:51,-111.4932,41.1150, 203.2,12153,-52.0,-70.7,-66.0,  9, 15, 0.01,236,40.0
2025-10-09 23:42:52,-111.4928,41.1152, 203.1,12158,-52.0,-70.7,-66.1,  9, 15, 0.01,236,40.0
2025-10-09 23:42:53,-111.4924,41.1154, 202.9,12163,-52.0,-70.7,-66.1,  9, 15, 0.01,236,39.9
2025-10-09 23:42:54,-111.4920,41.1156, 202.7,12168,-52.0,-70.7,-66.1,  9, 15, 0.01,236,39.9
2025-10-09 23:42:55,-111.4916,41.1158, 202.6,12173,-52.0,-70.8,-66.1,  9, 15, 0.01,236,39.9
2025-10-09 23:42:56,-111.4912,41.1160, 202.4,12179,-52.1,-70.8,-66.1,  9, 15, 0.01,236,39.9
2025-10-09 23:42:57,-111.4908,41.1162, 202.2,12184,-52.1,-70.8,-66.1,  9, 15, 0.01,236,39.8
2025-10-09 23:42:58,-111.4904,41.1164, 202.1,12189,-52.1,-70.8,-66.2,  9, 15, 0.01,236,39.8
2025-10-09 23:42:59,-111.4900,41.1166, 201.9,12195,-52.1,-70.8,-66.2,  9, 15, 0.01,236,39.8
2025-10-09 23:43:00,-111.4896,41.1168, 201.7,12200,-52.1,-70.8,-66.2,  9, 15, 0.01,236,39.8
2025-10-09 23:43:01,-111.4892,41.1170, 201.6,12205,-52.2,-70.9,-66.2,  9, 15, 0.01,236,39.7
2025-10-09 23:43:02,-111.4888,41.1172, 201.4,12210,-52.2,-70.9,-66.2,  9, 15, 0.01,236,39.7
2025-10-09 23:43:03,-111.4884,41.1174, 201.3,12215,-52.2,-70.9,-66.2,  9, 15, 0.01,236,39.7
2025-10-09 23:43:04,-111.4880,41.1176, 201.1,12221,-52.3,-70.9,-66.3,  9, 15, 0.01,236,39.7
2025-10-09 23:43:05,-111.4876,41.1178, 200.9,12226,-52.3,-70.9,-66.3,  9, 15, 0.01,236,39.6
2025-10-09 23:43:06,-111.4872,41.1180, 200.8,12231,-52.3,-71.0,-66.3,  9, 15, 0.01,236,39.6
2025-10-09 23:43:07,-111.4868,41.1182, 200.6,12236,-52.3,-71.0,-66.4,  9, 15, 0.01,236,39.6
2025-10-09 23:43:08,-111.4864,41.1184, 200.4,12242,-52.4,-71.0,-66.4,  9, 15, 0.01,236,39.6
2025-10-09 23:43:09,-111.4860,41.1186, 200.3,12247,-52.4,-71.1,-66.4,  9, 15, 0.01,236,39.7
2025-10-09 23:43:10,-111.4858,41.1187, 200.1,12252,-52.4,-71.1,-66.5,  9, 15, 0.01,236,39.7
2025-10-09 23:43:11,-111.4852,41.1190, 200.0,12256,-52.4,-71.1,-66.5,  9, 15, 0.01,236,39.7
2025-10-09 23:43:12,-111.4848,41.1191, 199.8,12263,-52.5,-71.2,-66.6,  9, 15, 0.01,236,39.8
2025-10-09 23:43:13,-111.4844,41.1193, 199.6,12269,-52.5,-71.2,-66.6,  9, 15, 0.01,236,39.8
2025-10-09 23:43:14,-111.4840,41.1195, 199.4,12274,-52.5,-71.3,-66.6,  9, 15, 0.01,236,39.9
2025-10-09 23:43:15,-111.4836,41.1197, 199.3,12279,-52.5,-71.3,-66.7,  9, 15, 0.01,236,39.9
2025-10-09 23:43:16,-111.4832,41.1199, 199.1,12285,-52.6,-71.4,-66.7,  9, 15, 0.01,236,39.9
2025-10-09 23:43:17,-111.4829,41.1201, 198.9,12290,-52.6,-71.4,-66.8,  9, 15, 0.01,236,40.0
2025-10-09 23:43:18,-111.4825,41.1203, 198.8,12295,-52.6,-71.5,-66.8,  9, 15, 0.01,236,40.0
2025-10-09 23:43:19,-111.4821,41.1205, 198.6,12301,-52.7,-71.5,-66.9,  9, 15, 0.01,236,40.1
2025-10-09 23:43:20,-111.4817,41.1207, 198.4,12306,-52.7,-71.6,-66.9,  9, 15, 0.01,236,40.1
2025-10-09 23:43:21,-111.4813,41.1209, 198.3,12312,-52.7,-71.6,-67.0,  9, 15, 0.01,236,40.1
2025-10-09 23:43:22,-111.4809,41.1211, 198.1,12318,-52.7,-71.7,-67.0,  9, 14, 0.01,236,40.2
2025-10-09 23:43:23,-111.4805,41.1213, 197.9,12323,-52.8,-71.7,-67.1,  9, 14, 0.01,237,40.2
2025-10-09 23:43:24,-111.4800,41.1215, 197.8,12329,-52.8,-71.8,-67.1,  9, 14, 0.01,237,40.3
2025-10-09 23:43:25,-111.4796,41.1217, 197.6,12335,-52.8,-71.8,-67.2,  9, 14, 0.01,237,40.3
2025-10-09 23:43:26,-111.4792,41.1219, 197.4,12340,-52.9,-71.9,-67.2,  9, 14, 0.01,237,40.3
2025-10-09 23:43:27,-111.4787,41.1221, 197.2,12346,-52.9,-72.0,-67.3,  8, 14, 0.01,237,40.4
2025-10-09 23:43:28,-111.4783,41.1223, 197.0,12352,-52.9,-72.0,-67.3,  8, 14, 0.01,237,40.5
2025-10-09 23:43:29,-111.4779,41.1225, 196.8,12358,-52.9,-72.1,-67.4,  8, 14, 0.01,237,40.5
2025-10-09 23:43:30,-111.4772,41.1227, 196.7,12365,-53.0,-72.1,-67.5,  8, 14, 0.01,237,40.6
2025-10-09 23:43:31,-111.4770,41.1228, 196.4,12375,-53.0,-72.2,-67.5,  8, 14, 0.01,237,40.7
2025-10-09 23:43:32,-111.4766,41.1230, 196.2,12379,-53.0,-72.2,-67.5,  8, 14, 0.01,237,40.8
2025-10-09 23:43:33,-111.4761,41.1232, 196.0,12386,-53.0,-72.2,-67.5,  8, 14, 0.01,238,40.9
2025-10-09 23:43:34,-111.4757,41.1234, 195.8,12393,-53.1,-72.2,-67.5,  8, 14, 0.01,238,40.9
2025-10-09 23:43:35,-111.4753,41.1236, 195.6,12400,-53.1,-72.2,-67.5,  8, 14, 0.01,238,41.0
2025-10-09 23:43:36,-111.4749,41.1238, 195.4,12406,-53.1,-72.2,-67.5,  8, 14, 0.01,238,41.1
2025-10-09 23:43:37,-111.4744,41.1240, 195.2,12412,-53.1,-72.2,-67.5,  8, 14, 0.01,238,41.2
2025-10-09 23:43:38,-111.4740,41.1242, 195.0,12418,-53.2,-72.2,-67.5,  8, 14, 0.01,238,41.3
2025-10-09 23:43:39,-111.4736,41.1244, 194.9,12424,-53.2,-72.2,-67.5,  8, 14, 0.01,238,41.3
2025-10-09 23:43:40,-111.4731,41.1246, 194.7,12430,-53.2,-72.2,-67.5,  9, 14, 0.01,239,41.4
2025-10-09 23:43:41,-111.4727,41.1247, 194.5,12436,-53.3,-72.2,-67.5,  9, 14, 0.01,239,41.5
2025-10-09 23:43:42,-111.4723,41.1249, 194.3,12442,-53.3,-72.2,-67.5,  9, 14, 0.01,239,41.6
2025-10-09 23:43:43,-111.4718,41.1251, 194.1,12448,-53.3,-72.2,-67.5,  9, 14, 0.01,239,41.7
2025-10-09 23:43:44,-111.4714,41.1253, 194.0,12454,-53.3,-72.2,-67.5,  9, 14, 0.01,239,41.7
2025-10-09 23:43:45,-111.4710,41.1255, 193.8,12459,-53.4,-72.2,-67.5,  9, 14, 0.01,239,41.8
2025-10-09 23:43:46,-111.4705,41.1257, 193.6,12465,-53.4,-72.2,-67.6,  9, 15, 0.01,239,41.9
2025-10-09 23:43:47,-111.4701,41.1259, 193.5,12471,-53.4,-72.2,-67.6,  9, 15, 0.01,239,42.0
2025-10-09 23:43:48,-111.4697,41.1261, 193.3,12476,-53.4,-72.2,-67.6,  9, 15, 0.01,239,42.0
2025-10-09 23:43:49,-111.4692,41.1263, 193.1,12481,-53.5,-72.3,-67.6,  9, 15, 0.01,240,42.1
2025-10-09 23:43:50,-111.4688,41.1265, 193.0,12487,-53.5,-72.3,-67.6,  9, 15, 0.01,240,42.1
2025-10-09 23:43:51,-111.4684,41.1266, 192.8,12492,-53.5,-72.3,-67.6,  9, 15, 0.01,240,42.2
2025-10-09 23:43:52,-111.4679,41.1268, 192.6,12497,-53.5,-72.3,-67.6,  9, 15, 0.01,240,42.2
2025-10-09 23:43:53,-111.4675,41.1270, 192.5,12503,-53.6,-72.3,-67.7,  9, 15, 0.01,240,42.3
2025-10-09 23:43:54,-111.4671,41.1272, 192.3,12508,-53.6,-72.3,-67.7,  9, 15, 0.01,240,42.3
2025-10-09 23:43:55,-111.4666,41.1274, 192.2,12513,-53.7,-72.4,-67.7,  9, 15, 0.01,240,42.4
2025-10-09 23:43:56,-111.4662,41.1276, 192.0,12519,-53.7,-72.4,-67.7,  9, 15, 0.01,240,42.4
2025-10-09 23:43:57,-111.4657,41.1278, 191.8,12524,-53.7,-72.4,-67.7,  9, 15, 0.01,240,42.5
2025-10-09 23:43:58,-111.4653,41.1280, 191.7,12529,-53.8,-72.4,-67.8,  9, 15, 0.01,240,42.5
2025-10-09 23:43:59,-111.4649,41.1281, 191.5,12535,-53.8,-72.5,-67.8,  9, 15, 0.01,240,42.6
2025-10-09 23:44:00,-111.4644,41.1283, 191.4,12540,-53.8,-72.5,-67.8,  9, 15, 0.01,240,42.6
2025-10-09 23:44:01,-111.4640,41.1285, 191.2,12545,-53.9,-72.5,-67.9,  9, 15, 0.01,240,42.7
2025-10-09 23:44:02,-111.4635,41.1287, 191.0,12551,-53.9,-72.6,-67.9,  9, 15, 0.01,240,42.7
2025-10-09 23:44:03,-111.4631,41.1289, 190.9,12556,-54.0,-72.6,-67.9,  9, 15, 0.01,240,42.8
2025-10-09 23:44:04,-111.4626,41.1291, 190.7,12562,-54.0,-72.6,-68.0,  9, 15, 0.01,240,42.8
2025-10-09 23:44:05,-111.4622,41.1293, 190.6,12567,-54.0,-72.7,-68.0,  9, 15, 0.01,240,42.8
2025-10-09 23:44:06,-111.4618,41.1294, 190.4,12572,-54.1,-72.7,-68.0,  9, 15, 0.01,240,42.9
2025-10-09 23:44:07,-111.4613,41.1296, 190.2,12578,-54.1,-72.7,-68.1,  9, 15, 0.01,240,42.9
2025-10-09 23:44:08,-111.4609,41.1298, 190.1,12583,-54.2,-72.8,-68.1,  9, 15, 0.01,240,42.9
2025-10-09 23:44:09,-111.4604,41.1300, 189.9,12589,-54.2,-72.8,-68.2,  9, 15, 0.01,240,42.9
2025-10-09 23:44:10,-111.4600,41.1302, 189.8,12594,-54.3,-72.9,-68.2,  9, 15, 0.01,241,42.9
2025-10-09 23:44:11,-111.4595,41.1304, 189.6,12600,-54.3,-72.9,-68.2,  9, 15, 0.01,241,42.9
2025-10-09 23:44:12,-111.4591,41.1305, 189.4,12605,-54.3,-72.9,-68.3,  9, 15, 0.01,241,42.9
2025-10-09 23:44:13,-111.4586,41.1307, 189.3,12611,-54.4,-73.0,-68.3,  9, 15, 0.01,241,42.8
2025-10-09 23:44:14,-111.4582,41.1309, 189.1,12616,-54.4,-73.0,-68.4,  9, 15, 0.01,241,42.8
2025-10-09 23:44:15,-111.4577,41.1311, 189.0,12622,-54.5,-73.1,-68.4,  9, 15, 0.01,241,42.8
2025-10-09 23:44:16,-111.4573,41.1313, 188.8,12627,-54.5,-73.2,-68.5,  9, 15, 0.01,241,42.8
2025-10-09 23:44:17,-111.4569,41.1315, 188.6,12632,-54.6,-73.2,-68.5,  9, 15, 0.01,241,42.8
2025-10-09 23:44:18,-111.4564,41.1317, 188.5,12637,-54.6,-73.3,-68.6,  9, 15, 0.01,241,42.8
2025-10-09 23:44:19,-111.4560,41.1318, 188.3,12643,-54.7,-73.3,-68.6,  9, 15, 0.01,241,42.7
2025-10-09 23:44:20,-111.4555,41.1320, 188.2,12648,-54.7,-73.4,-68.7,  9, 15, 0.01,241,42.7
2025-10-09 23:44:21,-111.4551,41.1322, 188.0,12654,-54.7,-73.4,-68.7,  9, 15, 0.01,241,42.7
2025-10-09 23:44:22,-111.4546,41.1324, 187.8,12659,-54.8,-73.5,-68.8,  9, 15, 0.01,241,42.7
2025-10-09 23:44:23,-111.4542,41.1326, 187.7,12664,-54.8,-73.5,-68.8,  9, 14, 0.01,241,42.7
2025-10-09 23:44:24,-111.4537,41.1328, 187.5,12670,-54.9,-73.6,-68.9,  8, 14, 0.01,241,42.6
2025-10-09 23:44:25,-111.4533,41.1329, 187.4,12675,-54.9,-73.6,-68.9,  8, 14, 0.01,241,42.6
2025-10-09 23:44:26,-111.4528,41.1331, 187.2,12680,-54.9,-73.7,-69.0,  8, 14, 0.01,241,42.6
2025-10-09 23:44:27,-111.4524,41.1333, 187.1,12685,-55.0,-73.7,-69.0,  8, 14, 0.01,241,42.6
2025-10-09 23:44:28,-111.4520,41.1335, 186.9,12690,-55.0,-73.7,-69.0,  8, 15, 0.01,241,42.6
2025-10-09 23:44:29,-111.4515,41.1337, 186.8,12695,-55.1,-73.7,-69.0,  9, 15, 0.01,241,42.6
2025-10-09 23:44:30,-111.4511,41.1339, 186.6,12700,-55.1,-73.7,-69.0,  9, 15, 0.01,241,42.6
2025-10-09 23:44:31,-111.4506,41.1340, 186.5,12706,-55.1,-73.7,-69.0,  9, 15, 0.01,241,42.6
2025-10-09 23:44:32,-111.4502,41.1342, 186.3,12711,-55.2,-73.7,-69.0,  9, 15, 0.01,241,42.6
2025-10-09 23:44:33,-111.4497,41.1344, 186.2,12716,-55.2,-73.7,-69.0,  9, 15, 0.01,241,42.6
2025-10-09 23:44:34,-111.4493,41.1346, 186.0,12721,-55.2,-73.7,-69.0,  9, 15, 0.01,241,42.6
2025-10-09 23:44:35,-111.4488,41.1348, 185.9,12726,-55.3,-73.7,-69.0,  9, 15, 0.01,241,42.6
2025-10-09 23:44:36,-111.4484,41.1349, 185.7,12732,-55.3,-73.7,-69.0,  9, 15, 0.01,241,42.6
2025-10-09 23:44:37,-111.4480,41.1351, 185.6,12737,-55.3,-73.7,-69.0,  9, 15, 0.01,241,42.6
2025-10-09 23:44:38,-111.4475,41.1353, 185.4,12743,-55.4,-73.7,-69.0,  9, 15, 0.01,241,42.6
2025-10-09 23:44:39,-111.4473,41.1354, 185.2,12748,-55.4,-73.7,-69.0,  9, 15, 0.01,241,42.6
2025-10-09 23:44:40,-111.4466,41.1357, 185.1,12751,-55.4,-73.7,-69.0,  9, 15, 0.01,241,42.6
2025-10-09 23:44:41,-111.4462,41.1358, 184.9,12759,-55.5,-73.8,-69.1,  9, 15, 0.01,241,42.6
2025-10-09 23:44:42,-111.4457,41.1360, 184.7,12765,-55.5,-73.8,-69.1,  9, 15, 0.01,241,42.6
2025-10-09 23:44:43,-111.4453,41.1362, 184.6,12770,-55.5,-73.9,-69.2,  9, 15, 0.01,241,42.6
2025-10-09 23:44:44,-111.4448,41.1364, 184.5,12775,-55.6,-73.9,-69.2,  9, 15, 0.01,241,42.6
2025-10-09 23:44:45,-111.4444,41.1366, 184.3,12780,-55.6,-74.0,-69.3,  9, 15, 0.01,241,42.6
2025-10-09 23:44:46,-111.4439,41.1367, 184.2,12785,-55.6,-74.0,-69.3,  9, 15, 0.01,241,42.6
2025-10-09 23:44:47,-111.4435,41.1369, 184.0,12791,-55.6,-74.0,-69.3,  9, 15, 0.01,241,42.6
2025-10-09 23:44:48,-111.4430,41.1371, 183.9,12796,-55.7,-74.1,-69.4,  9, 15, 0.01,241,42.6
2025-10-09 23:44:49,-111.4426,41.1373, 183.7,12801,-55.7,-74.1,-69.4,  9, 15, 0.01,241,42.6
2025-10-09 23:44:50,-111.4421,41.1375, 183.6,12807,-55.7,-74.1,-69.5,  9, 15, 0.01,241,42.6
2025-10-09 23:44:51,-111.4417,41.1377, 183.4,12812,-55.7,-74.2,-69.5,  9, 15, 0.01,241,42.6
2025-10-09 23:44:52,-111.4413,41.1378, 183.2,12818,-55.8,-74.2,-69.5,  9, 15, 0.01,241,42.6
2025-10-09 23:44:53,-111.4408,41.1380, 183.1,12823,-55.8,-74.3,-69.6,  9, 15, 0.01,241,42.6
2025-10-09 23:44:54,-111.4404,41.1382, 182.9,12828,-55.8,-74.3,-69.6,  9, 15, 0.01,241,42.6
2025-10-09 23:44:55,-111.4399,41.1384, 182.8,12833,-55.8,-74.3,-69.6,  9, 15, 0.01,241,42.6
2025-10-09 23:44:56,-111.4395,41.1386, 182.6,12838,-55.9,-74.3,-69.7,  9, 15, 0.01,241,42.6
2025-10-09 23:44:57,-111.4391,41.1388, 182.5,12843,-55.9,-74.4,-69.7,  9, 15, 0.01,241,42.7
2025-10-09 23:44:58,-111.4386,41.1389, 182.4,12848,-55.9,-74.4,-69.7,  8, 15, 0.01,241,42.7
2025-10-09 23:44:59,-111.4382,41.1391, 182.2,12853,-55.9,-74.4,-69.7,  8, 15, 0.01,241,42.7
2025-10-09 23:45:00,-111.4377,41.1393, 182.1,12858,-56.0,-74.5,-69.8,  8, 15, 0.01,241,42.7
2025-10-09 23:45:01,-111.4373,41.1395, 181.9,12863,-56.0,-74.5,-69.8,  8, 15, 0.01,241,42.7
2025-10-09 23:45:02,-111.4369,41.1397, 181.8,12868,-56.0,-74.5,-69.8,  8, 15, 0.01,241,42.7
2025-10-09 23:45:03,-111.4364,41.1399, 181.6,12873,-56.0,-74.6,-69.9,  8, 15, 0.01,241,42.7
2025-10-09 23:45:04,-111.4360,41.1401, 181.5,12878,-56.1,-74.6,-69.9,  8, 15, 0.01,241,42.7
2025-10-09 23:45:05,-111.4356,41.1402, 181.4,12883,-56.1,-74.6,-69.9,  8, 14, 0.01,241,42.7
2025-10-09 23:45:06,-111.4351,41.1404, 181.2,12888,-56.1,-74.7,-70.0,  8, 14, 0.01,241,42.7
2025-10-09 23:45:07,-111.4347,41.1406, 181.1,12893,-56.1,-74.7,-70.0,  8, 14, 0.01,241,42.7
2025-10-09 23:45:08,-111.4342,41.1408, 180.9,12898,-56.2,-74.7,-70.0,  8, 14, 0.01,241,42.6
2025-10-09 23:45:09,-111.4338,41.1410, 180.8,12903,-56.2,-74.7,-70.0,  8, 14, 0.01,241,42.6
2025-10-09 23:45:10,-111.4334,41.1412, 180.7,12908,-56.2,-74.7,-70.0,  8, 14, 0.01,241,42.6
2025-10-09 23:45:11,-111.4329,41.1414, 180.5,12913,-56.2,-74.8,-70.1,  8, 14, 0.01,241,42.5
2025-10-09 23:45:12,-111.4325,41.1415, 180.4,12917,-56.2,-74.8,-70.1,  8, 14, 0.01,241,42.5
2025-10-09 23:45:13,-111.4321,41.1417, 180.2,12922,-56.3,-74.8,-70.1,  8, 14, 0.01,241,42.5
2025-10-09 23:45:14,-111.4316,41.1419, 180.1,12927,-56.3,-74.8,-70.1,  8, 14, 0.01,241,42.4
2025-10-09 23:45:15,-111.4312,41.1421, 180.0,12932,-56.3,-74.8,-70.1,  8, 14, 0.01,241,42.4
2025-10-09 23:45:16,-111.4307,41.1423, 179.8,12937,-56.3,-74.9,-70.2,  8, 14, 0.01,241,42.4
2025-10-09 23:45:17,-111.4303,41.1425, 179.7,12942,-56.4,-74.9,-70.2,  8, 14, 0.01,240,42.3
2025-10-09 23:45:18,-111.4299,41.1427, 179.6,12946,-56.4,-74.9,-70.2,  8, 14, 0.01,240,42.3
2025-10-09 23:45:19,-111.4294,41.1428, 179.4,12951,-56.4,-74.9,-70.2,  8, 14, 0.01,240,42.3
2025-10-09 23:45:20,-111.4290,41.1430, 179.3,12956,-56.4,-74.9,-70.2,  8, 15, 0.01,240,42.2
2025-10-09 23:45:21,-111.4285,41.1432, 179.2,12961,-56.4,-74.9,-70.2,  8, 15, 0.01,240,42.2
2025-10-09 23:45:22,-111.4281,41.1434, 179.0,12965,-56.5,-74.9,-70.2,  8, 15, 0.01,240,42.2
2025-10-09 23:45:23,-111.4277,41.1436, 178.9,12970,-56.5,-74.9,-70.2,  8, 15, 0.01,240,42.2
2025-10-09 23:45:24,-111.4272,41.1438, 178.7,12975,-56.5,-74.9,-70.2,  8, 15, 0.01,240,42.1
2025-10-09 23:45:25,-111.4268,41.1440, 178.6,12980,-56.5,-74.9,-70.2,  8, 15, 0.01,240,42.1
2025-10-09 23:45:26,-111.4264,41.1442, 178.5,12984,-56.6,-74.9,-70.2,  9, 15, 0.01,240,42.1
2025-10-09 23:45:27,-111.4260,41.1444, 178.4,12989,-56.6,-74.9,-70.2,  9, 15, 0.01,240,42.0
2025-10-09 23:45:28,-111.4255,41.1446, 178.2,12994,-56.6,-74.9,-70.2,  9, 15, 0.01,240,42.0
2025-10-09 23:45:29,-111.4251,41.1447, 178.1,12998,-56.6,-74.9,-70.2,  9, 15, 0.01,240,42.0
2025-10-09 23:45:30,-111.4247,41.1449, 178.0,13003,-56.6,-74.9,-70.2,  9, 15, 0.01,240,41.9
2025-10-09 23:45:31,-111.4243,41.1451, 177.8,13008,-56.7,-74.9,-70.2,  9, 15, 0.01,240,41.9
2025-10-09 23:45:32,-111.4239,41.1453, 177.7,13012,-56.7,-74.9,-70.2,  9, 15, 0.01,240,41.9
2025-10-09 23:45:33,-111.4234,41.1455, 177.6,13017,-56.7,-74.9,-70.2,  9, 15, 0.01,239,41.8
2025-10-09 23:45:34,-111.4230,41.1457, 177.4,13022,-56.7,-75.0,-70.3,  9, 15, 0.01,239,41.8
2025-10-09 23:45:35,-111.4226,41.1459, 177.3,13026,-56.7,-75.0,-70.3,  9, 15, 0.01,239,41.8
2025-10-09 23:45:36,-111.4222,41.1461, 177.2,13031,-56.8,-75.1,-70.4,  9, 15, 0.01,239,41.7
2025-10-09 23:45:37,-111.4217,41.1463, 177.0,13035,-56.8,-75.1,-70.4,  9, 15, 0.01,239,41.7
2025-10-09 23:45:38,-111.4213,41.1465, 176.9,13040,-56.8,-75.1,-70.4,  9, 15, 0.01,239,41.7
2025-10-09 23:45:39,-111.4209,41.1467, 176.8,13045,-56.8,-75.2,-70.5,  8, 15, 0.01,239,41.6
2025-10-09 23:45:40,-111.4205,41.1469, 176.7,13049,-56.8,-75.2,-70.5,  8, 15, 0.01,239,41.6
2025-10-09 23:45:41,-111.4201,41.1471, 176.6,13053,-56.9,-75.2,-70.5,  8, 15, 0.01,239,41.6
2025-10-09 23:45:42,-111.4196,41.1472, 176.4,13058,-56.9,-75.3,-70.6,  8, 15, 0.01,239,41.6
2025-10-09 23:45:43,-111.4192,41.1474, 176.3,13062,-56.9,-75.3,-70.6,  8, 15, 0.01,239,41.5
2025-10-09 23:45:44,-111.4188,41.1476, 176.2,13066,-56.9,-75.3,-70.6,  8, 15, 0.01,239,41.5
2025-10-09 23:45:45,-111.4184,41.1478, 176.1,13071,-56.9,-75.4,-70.7,  8, 14, 0.01,239,41.5
2025-10-09 23:45:46,-111.4179,41.1480, 175.9,13075,-56.9,-75.4,-70.7,  8, 14, 0.01,239,41.4
2025-10-09 23:45:47,-111.4175,41.1482, 175.8,13080,-56.9,-75.4,-70.7,  8, 14, 0.01,239,41.4
2025-10-09 23:45:48,-111.4171,41.1484, 175.7,13084,-57.0,-75.5,-70.8,  8, 14, 0.01,239,41.4
2025-10-09 23:45:49,-111.4167,41.1486, 175.6,13089,-57.0,-75.5,-70.8,  8, 14, 0.01,239,41.4
2025-10-09 23:45:50,-111.4162,41.1488, 175.4,13093,-57.0,-75.5,-70.8,  8, 14, 0.01,239,41.5
2025-10-09 23:45:51,-111.4158,41.1490, 175.3,13098,-57.0,-75.5,-70.8,  8, 14, 0.01,239,41.5
2025-10-09 23:45:52,-111.4154,41.1492, 175.2,13102,-57.0,-75.6,-70.9,  8, 14, 0.01,239,41.5
2025-10-09 23:45:53,-111.4150,41.1494, 175.1,13106,-57.0,-75.6,-70.9,  8, 14, 0.01,238,41.5
2025-10-09 23:45:54,-111.4146,41.1496, 175.0,13111,-57.0,-75.6,-70.9,  8, 14, 0.01,238,41.6
2025-10-09 23:45:55,-111.4141,41.1498, 174.8,13115,-57.0,-75.6,-70.9,  8, 14, 0.01,238,41.6
2025-10-09 23:45:56,-111.4137,41.1500, 174.7,13119,-57.1,-75.7,-70.9,  8, 14, 0.01,238,41.6
2025-10-09 23:45:57,-111.4133,41.1502, 174.6,13123,-57.1,-75.7,-71.0,  8, 14, 0.01,238,41.6
2025-10-09 23:45:58,-111.4127,41.1504, 174.5,13127,-57.1,-75.7,-71.0,  8, 14, 0.01,238,41.7
2025-10-09 23:45:59,-111.4124,41.1505, 174.4,13132,-57.1,-75.7,-71.0,  8, 14, 0.01,238,41.7
2025-10-09 23:46:00,-111.4119,41.1507, 174.3,13136,-57.1,-75.7,-71.0,  8, 14, 0.01,238,41.7
2025-10-09 23:46:01,-111.4115,41.1509, 174.1,13140,-57.1,-75.7,-71.0,  8, 14, 0.01,238,41.7
2025-10-09 23:46:02,-111.4111,41.1511, 174.0,13144,-57.1,-75.7,-71.0,  8, 14, 0.01,238,41.8
2025-10-09 23:46:03,-111.4106,41.1513, 173.9,13148,-57.1,-75.7,-71.0,  8, 14, 0.01,238,41.8
2025-10-09 23:46:04,-111.4102,41.1515, 173.8,13152,-57.1,-75.7,-71.0,  8, 14, 0.01,238,41.8
2025-10-09 23:46:05,-111.4098,41.1517, 173.7,13157,-57.1,-75.7,-71.0,  8, 14, 0.01,238,41.8
2025-10-09 23:46:06,-111.4093,41.1519, 173.6,13161,-57.1,-75.7,-70.9,  8, 14, 0.01,238,41.9
2025-10-09 23:46:07,-111.4089,41.1521, 173.5,13165,-57.1,-75.6,-70.9,  8, 14, 0.01,238,41.9
2025-10-09 23:46:08,-111.4085,41.1523, 173.3,13169,-57.1,-75.6,-70.9,  8, 14, 0.01,238,41.9
2025-10-09 23:46:09,-111.4080,41.1525, 173.2,13173,-57.1,-75.6,-70.9,  8, 14, 0.01,238,42.0
2025-10-09 23:46:10,-111.4076,41.1527, 173.1,13177,-57.1,-75.6,-70.9,  8, 14, 0.01,238,42.1
2025-10-09 23:46:11,-111.4072,41.1529, 173.0,13182,-57.1,-75.6,-70.9,  8, 14, 0.01,238,42.1
2025-10-09 23:46:12,-111.4067,41.1531, 172.9,13186,-57.1,-75.6,-70.9,  8, 14, 0.01,238,42.2
2025-10-09 23:46:13,-111.4063,41.1533, 172.8,13190,-57.1,-75.6,-70.9,  8, 14, 0.01,239,42.2
2025-10-09 23:46:14,-111.4059,41.1535, 172.7,13194,-57.1,-75.6,-70.9,  8, 14, 0.01,239,42.3
2025-10-09 23:46:15,-111.4054,41.1537, 172.5,13198,-57.1,-75.6,-70.9,  8, 14, 0.01,239,42.3
2025-10-09 23:46:16,-111.4050,41.1539, 172.4,13203,-57.1,-75.6,-70.9,  8, 14, 0.01,239,42.4
2025-10-09 23:46:17,-111.4046,41.1540, 172.3,13207,-57.1,-75.6,-70.9,  8, 14, 0.01,239,42.5
2025-10-09 23:46:18,-111.4041,41.1542, 172.2,13212,-57.1,-75.6,-70.9,  8, 14, 0.01,239,42.5
2025-10-09 23:46:19,-111.4037,41.1544, 172.1,13216,-57.1,-75.6,-70.9,  8, 14, 0.01,239,42.6
2025-10-09 23:46:20,-111.4032,41.1546, 172.0,13220,-57.1,-75.7,-71.0,  8, 14, 0.01,239,42.6
2025-10-09 23:46:21,-111.4028,41.1548, 171.8,13224,-57.1,-75.7,-71.0,  8, 14, 0.01,239,42.7
2025-10-09 23:46:22,-111.4024,41.1550, 171.7,13228,-57.1,-75.7,-71.0,  8, 14, 0.01,239,42.7
2025-10-09 23:46:23,-111.4019,41.1552, 171.6,13232,-57.1,-75.7,-71.0,  8, 14, 0.01,239,42.8
2025-10-09 23:46:24,-111.4015,41.1554, 171.5,13237,-57.1,-75.7,-71.0,  8, 14, 0.01,239,42.8
2025-10-09 23:46:25,-111.4011,41.1556, 171.4,13240,-57.1,-75.7,-71.0,  8, 14, 0.01,239,42.9
2025-10-09 23:46:26,-111.4006,41.1558, 171.3,13244,-57.1,-75.7,-71.0,  8, 14, 0.01,239,43.0
2025-10-09 23:46:27,-111.4002,41.1560, 171.2,13248,-57.1,-75.8,-71.1,  8, 14, 0.01,239,43.0
2025-10-09 23:46:28,-111.3997,41.1562, 171.1,13252,-57.1,-75.8,-71.1,  8, 14, 0.01,239,43.1
2025-10-09 23:46:29,-111.3992,41.1564, 171.0,13256,-57.1,-75.8,-71.1,  8, 14, 0.01,239,43.2
2025-10-09 23:46:30,-111.3988,41.1566, 170.9,13259,-57.1,-75.8,-71.1,  8, 14, 0.01,239,43.2
2025-10-09 23:46:31,-111.3983,41.1568, 170.8,13263,-57.1,-75.9,-71.2,  8, 14, 0.01,240,43.3
2025-10-09 23:46:32,-111.3978,41.1570, 170.7,13267,-57.1,-75.9,-71.2,  8, 14, 0.01,240,43.4
2025-10-09 23:46:33,-111.3974,41.1572, 170.6,13271,-57.1,-75.9,-71.2,  8, 14, 0.01,240,43.4
2025-10-09 23:46:34,-111.3969,41.1573, 170.5,13275,-57.1,-76.0,-71.3,  8, 14, 0.01,240,43.5
2025-10-09 23:46:35,-111.3964,41.1575, 170.4,13278,-57.1,-76.0,-71.3,  8, 13, 0.01,240,43.6
2025-10-09 23:46:36,-111.3960,41.1577, 170.3,13282,-57.1,-76.0,-71.3,  8, 13, 0.01,240,43.6
2025-10-09 23:46:37,-111.3955,41.1579, 170.2,13286,-57.1,-76.1,-71.4,  8, 13, 0.01,240,43.7
2025-10-09 23:46:38,-111.3950,41.1581, 170.1,13290,-57.1,-76.1,-71.4,  8, 13, 0.01,240,43.8
2025-10-09 23:46:39,-111.3946,41.1583, 170.0,13293,-57.1,-76.2,-71.4,  8, 13, 0.01,240,43.8
2025-10-09 23:46:40,-111.3941,41.1585, 169.9,13297,-57.1,-76.2,-71.5,  8, 13, 0.01,240,43.9
2025-10-09 23:46:41,-111.3936,41.1587, 169.8,13301,-57.1,-76.2,-71.5,  8, 13, 0.01,240,44.0
2025-10-09 23:46:42,-111.3932,41.1589, 169.7,13304,-57.1,-76.2,-71.5,  8, 13, 0.01,240,44.0
2025-10-09 23:46:43,-111.3927,41.1591, 169.6,13308,-57.1,-76.2,-71.5,  8, 13, 0.01,240,44.1
2025-10-09 23:46:44,-111.3922,41.1593, 169.5,13311,-57.2,-76.3,-71.5,  8, 13, 0.01,240,44.2
2025-10-09 23:46:45,-111.3918,41.1595, 169.4,13315,-57.2,-76.3,-71.6,  8, 13, 0.01,240,44.2
2025-10-09 23:46:46,-111.3913,41.1597, 169.3,13318,-57.2,-76.3,-71.6,  7, 13, 0.01,240,44.3
2025-10-09 23:46:47,-111.3908,41.1599, 169.2,13322,-57.2,-76.3,-71.6,  7, 13, 0.01,241,44.4
2025-10-09 23:46:48,-111.3904,41.1600, 169.1,13326,-57.2,-76.4,-71.6,  7, 13, 0.01,241,44.4
2025-10-09 23:46:49,-111.3899,41.1602, 169.0,13330,-57.2,-76.4,-71.7,  7, 13, 0.01,241,44.5
2025-10-09 23:46:50,-111.3894,41.1604, 168.9,13334,-57.3,-76.4,-71.7,  7, 13, 0.01,241,44.5
2025-10-09 23:46:51,-111.3890,41.1606, 168.8,13338,-57.3,-76.5,-71.7,  7, 13, 0.01,241,44.6
2025-10-09 23:46:52,-111.3885,41.1608, 168.7,13342,-57.3,-76.5,-71.8,  7, 13, 0.01,241,44.6
2025-10-09 23:46:53,-111.3881,41.1610, 168.6,13346,-57.3,-76.5,-71.8,  7, 13, 0.01,241,44.7
2025-10-09 23:46:54,-111.3876,41.1612, 168.5,13350,-57.3,-76.5,-71.8,  7, 13, 0.01,241,44.7
2025-10-09 23:46:55,-111.3871,41.1614, 168.4,13354,-57.3,-76.6,-71.9,  7, 13, 0.01,241,44.8
2025-10-09 23:46:56,-111.3866,41.1616, 168.3,13357,-57.4,-76.6,-71.9,  7, 13, 0.01,241,44.9
2025-10-09 23:46:57,-111.3861,41.1618, 168.2,13361,-57.4,-76.6,-71.9,  7, 13, 0.01,241,44.9
2025-10-09 23:46:58,-111.3856,41.1620, 168.1,13365,-57.4,-76.7,-71.9,  7, 13, 0.01,241,45.0
2025-10-09 23:46:59,-111.3851,41.1622, 168.0,13368,-57.4,-76.7,-72.0,  7, 13, 0.01,242,45.0
2025-10-09 23:47:00,-111.3847,41.1623, 167.9,13372,-57.4,-76.7,-72.0,  7, 13, 0.01,242,45.1
2025-10-09 23:47:01,-111.3842,41.1625, 167.8,13375,-57.5,-76.8,-72.0,  7, 13, 0.01,242,45.1
2025-10-09 23:47:02,-111.3837,41.1627, 167.7,13378,-57.5,-76.8,-72.1,  7, 13, 0.01,242,45.2
2025-10-09 23:47:03,-111.3832,41.1629, 167.6,13382,-57.5,-76.8,-72.1,  7, 13, 0.01,242,45.2
2025-10-09 23:47:04,-111.3827,41.1631, 167.5,13385,-57.6,-76.9,-72.1,  7, 13, 0.01,242,45.3
2025-10-09 23:47:05,-111.3822,41.1633, 167.4,13389,-57.6,-76.9,-72.2,  7, 13, 0.01,242,45.3
2025-10-09 23:47:06,-111.3817,41.1635, 167.3,13393,-57.6,-76.9,-72.2,  7, 13, 0.01,242,45.4
2025-10-09 23:47:07,-111.3812,41.1637, 167.2,13396,-57.6,-77.0,-72.3,  7, 13, 0.01,242,45.4
2025-10-09 23:47:08,-111.3807,41.1639, 167.1,13400,-57.7,-77.0,-72.3,  7, 12, 0.01,242,45.5
2025-10-09 23:47:09,-111.3802,41.1640, 167.0,13404,-57.7,-77.1,-72.4,  7, 12, 0.01,242,45.5
2025-10-09 23:47:10,-111.3798,41.1642, 166.9,13407,-57.7,-77.1,-72.4,  7, 12, 0.01,242,45.6
2025-10-09 23:47:11,-111.3792,41.1644, 166.9,13410,-57.8,-77.2,-72.4,  7, 12, 0.01,242,45.6
2025-10-09 23:47:12,-111.3788,41.1646, 166.8,13414,-57.8,-77.2,-72.5,  7, 12, 0.01,242,45.7
2025-10-09 23:47:13,-111.3783,41.1648, 166.7,13417,-57.8,-77.3,-72.5,  7, 12, 0.01,242,45.7
2025-10-09 23:47:14,-111.3778,41.1650, 166.6,13421,-57.8,-77.3,-72.6,  7, 12, 0.01,242,45.8
2025-10-09 23:47:15,-111.3773,41.1652, 166.5,13424,-57.9,-77.3,-72.6,  7, 12, 0.01,242,45.8
2025-10-09 23:47:16,-111.3768,41.1654, 166.4,13428,-57.9,-77.4,-72.7,  7, 12, 0.01,242,45.9
2025-10-09 23:47:17,-111.3763,41.1656, 166.3,13432,-57.9,-77.4,-72.7,  7, 12, 0.01,242,45.9
2025-10-09 23:47:18,-111.3760,41.1657, 166.2,13437,-58.0,-77.5,-72.8,  7, 12, 0.01,243,46.0
2025-10-09 23:47:19,-111.3753,41.1659, 166.1,13439,-58.0,-77.5,-72.8,  7, 12, 0.01,243,46.0
2025-10-09 23:47:20,-111.3748,41.1661, 165.9,13446,-58.0,-77.5,-72.8,  7, 12, 0.01,243,46.1
2025-10-09 23:47:21,-111.3743,41.1663, 165.8,13450,-58.1,-77.5,-72.8,  7, 12, 0.01,243,46.1
2025-10-09 23:47:22,-111.3739,41.1665, 165.7,13455,-58.1,-77.6,-72.8,  7, 12, 0.01,243,46.2
2025-10-09 23:47:23,-111.3734,41.1667, 165.6,13459,-58.1,-77.6,-72.8,  7, 12, 0.01,243,46.2
2025-10-09 23:47:24,-111.3729,41.1669, 165.5,13463,-58.1,-77.6,-72.8,  7, 12, 0.01,243,46.2
2025-10-09 23:47:25,-111.3724,41.1671, 165.4,13466,-58.2,-77.6,-72.9,  7, 12, 0.01,243,46.3
2025-10-09 23:47:26,-111.3719,41.1673, 165.3,13470,-58.2,-77.6,-72.9,  7, 12, 0.01,243,46.3
2025-10-09 23:47:27,-111.3714,41.1675, 165.2,13474,-58.2,-77.6,-72.9,  7, 12, 0.01,243,46.4
2025-10-09 23:47:28,-111.3709,41.1677, 165.1,13478,-58.2,-77.6,-72.9,  7, 12, 0.01,243,46.5
2025-10-09 23:47:29,-111.3704,41.1679, 165.0,13482,-58.2,-77.6,-72.9,  7, 12, 0.01,243,46.7
2025-10-09 23:47:30,-111.3698,41.1681, 164.9,13485,-58.2,-77.6,-72.8,  7, 12, 0.01,243,46.8
2025-10-09 23:47:31,-111.3693,41.1683, 164.8,13489,-58.2,-77.6,-72.8,  7, 12, 0.01,243,47.0
2025-10-09 23:47:32,-111.3688,41.1684, 164.7,13493,-58.3,-77.6,-72.8,  7, 12, 0.01,243,47.1
2025-10-09 23:47:33,-111.3683,41.1687, 164.6,13496,-58.3,-77.6,-72.8,  7, 12, 0.01,243,47.2
2025-10-09 23:47:34,-111.3678,41.1689, 164.5,13500,-58.3,-77.5,-72.8,  7, 13, 0.01,243,47.4
2025-10-09 23:47:35,-111.3673,41.1691, 164.4,13503,-58.3,-77.5,-72.8,  7, 13, 0.01,243,47.5
2025-10-09 23:47:36,-111.3667,41.1693, 164.3,13507,-58.3,-77.5,-72.8,  7, 13, 0.01,243,47.7
2025-10-09 23:47:37,-111.3662,41.1695, 164.2,13510,-58.3,-77.5,-72.8,  7, 13, 0.01,243,47.8
2025-10-09 23:47:38,-111.3657,41.1697, 164.1,13514,-58.3,-77.5,-72.8,  7, 13, 0.01,243,48.0
2025-10-09 23:47:39,-111.3652,41.1699, 164.1,13517,-58.3,-77.5,-72.7,  7, 13, 0.01,243,48.1
2025-10-09 23:47:40,-111.3647,41.1701, 164.0,13520,-58.3,-77.5,-72.7,  7, 13, 0.01,243,48.2
2025-10-09 23:47:41,-111.3642,41.1703, 163.9,13523,-58.3,-77.4,-72.7,  7, 13, 0.01,242,48.4
2025-10-09 23:47:42,-111.3636,41.1705, 163.8,13527,-58.3,-77.4,-72.7,  7, 13, 0.01,242,48.5
2025-10-09 23:47:43,-111.3631,41.1707, 163.7,13530,-58.3,-77.4,-72.6,  7, 13, 0.01,242,48.7
2025-10-09 23:47:44,-111.3626,41.1709, 163.6,13533,-58.3,-77.3,-72.6,  7, 13, 0.01,242,48.8
2025-10-09 23:47:45,-111.3621,41.1711, 163.5,13536,-58.3,-77.3,-72.6,  7, 13, 0.01,242,49.0
2025-10-09 23:47:46,-111.3616,41.1713, 163.5,13540,-58.3,-77.3,-72.6,  7, 13, 0.01,242,49.1
2025-10-09 23:47:47,-111.3611,41.1715, 163.4,13543,-58.3,-77.3,-72.6,  7, 13, 0.01,242,49.2
2025-10-09 23:47:48,-111.3605,41.1716, 163.3,13546,-58.2,-77.3,-72.6,  7, 13, 0.01,242,49.2
2025-10-09 23:47:49,-111.3600,41.1719, 163.2,13550,-58.2,-77.3,-72.6,  7, 13, 0.01,242,49.3
2025-10-09 23:47:50,-111.3595,41.1721, 163.1,13553,-58.2,-77.3,-72.6,  7, 13, 0.01,242,49.3
2025-10-09 23:47:51,-111.3590,41.1723, 163.0,13556,-58.2,-77.3,-72.6,  7, 13, 0.01,242,49.3
2025-10-09 23:47:52,-111.3585,41.1725, 163.0,13560,-58.2,-77.3,-72.6,  7, 13, 0.01,242,49.3
2025-10-09 23:47:53,-111.3580,41.1727, 162.9,13563,-58.2,-77.3,-72.5,  7, 13, 0.01,242,49.3
2025-10-09 23:47:54,-111.3574,41.1729, 162.8,13566,-58.2,-77.3,-72.5,  7, 13, 0.01,243,49.3
2025-10-09 23:47:55,-111.3569,41.1731, 162.7,13569,-58.2,-77.3,-72.5,  7, 13, 0.01,243,49.3
2025-10-09 23:47:56,-111.3564,41.1733, 162.6,13572,-58.2,-77.2,-72.5,  7, 13, 0.01,243,49.3
2025-10-09 23:47:57,-111.3559,41.1735, 162.5,13575,-58.2,-77.2,-72.5,  7, 13, 0.01,243,49.3
2025-10-09 23:47:58,-111.3554,41.1737, 162.4,13579,-58.1,-77.2,-72.5,  7, 13, 0.01,243,49.3
2025-10-09 23:47:59,-111.3548,41.1738, 162.4,13582,-58.1,-77.3,-72.5,  7, 13, 0.01,243,49.3
2025-10-09 23:48:00,-111.3543,41.1740, 162.3,13585,-58.1,-77.3,-72.6,  7, 13, 0.01,243,49.3
2025-10-09 23:48:01,-111.3537,41.1742, 162.2,13588,-58.1,-77.4,-72.7,  7, 12, 0.01,243,49.3
2025-10-09 23:48:02,-111.3532,41.1744, 162.1,13592,-58.1,-77.5,-72.8,  7, 12, 0.01,243,49.3
2025-10-09 23:48:03,-111.3527,41.1746, 162.0,13596,-58.1,-77.6,-72.9,  7, 12, 0.01,243,49.3
2025-10-09 23:48:04,-111.3524,41.1747, 161.9,13600,-58.1,-77.7,-73.0,  7, 12, 0.01,243,49.3
2025-10-09 23:48:05,-111.3516,41.1750, 161.8,13602,-58.1,-77.7,-73.0,  7, 12, 0.01,243,49.3
2025-10-09 23:48:06,-111.3511,41.1752, 161.7,13607,-58.1,-77.9,-73.2,  7, 12, 0.01,243,49.3
2025-10-09 23:48:07,-111.3505,41.1754, 161.6,13611,-58.1,-78.0,-73.3,  6, 11, 0.01,243,49.4
2025-10-09 23:48:08,-111.3500,41.1756, 161.5,13614,-58.1,-78.1,-73.4,  6, 11, 0.01,243,49.3
2025-10-09 23:48:09,-111.3495,41.1758, 161.4,13618,-58.1,-78.2,-73.5,  6, 11, 0.01,243,49.3
2025-10-09 23:48:10,-111.3489,41.1759, 161.4,13621,-58.1,-78.3,-73.6,  6, 11, 0.01,243,49.3
2025-10-09 23:48:11,-111.3484,41.1761, 161.3,13624,-58.1,-78.4,-73.7,  6, 11, 0.01,243,49.2
2025-10-09 23:48:12,-111.3478,41.1763, 161.2,13628,-58.1,-78.5,-73.8,  6, 10, 0.01,243,49.2
2025-10-09 23:48:13,-111.3473,41.1765, 161.1,13632,-58.1,-78.6,-73.8,  6, 10, 0.01,243,49.2
2025-10-09 23:48:14,-111.3468,41.1767, 161.0,13636,-58.1,-78.6,-73.9,  6, 10, 0.01,244,49.2
2025-10-09 23:48:15,-111.3462,41.1769, 160.9,13639,-58.1,-78.6,-73.9,  6, 10, 0.01,244,49.1
2025-10-09 23:48:16,-111.3457,41.1771, 160.8,13643,-58.1,-78.7,-73.9,  6, 10, 0.01,244,49.1
2025-10-09 23:48:17,-111.3452,41.1773, 160.7,13647,-58.1,-78.7,-74.0,  6, 10, 0.01,244,49.1
2025-10-09 23:48:18,-111.3446,41.1775, 160.6,13651,-58.1,-78.7,-74.0,  6, 10, 0.01,244,49.0
2025-10-09 23:48:19,-111.3441,41.1777, 160.5,13655,-58.2,-78.8,-74.1,  6, 10, 0.01,244,49.0
2025-10-09 23:48:20,-111.3436,41.1779, 160.4,13658,-58.2,-78.8,-74.1,  6, 10, 0.01,244,49.0
2025-10-09 23:48:21,-111.3430,41.1780, 160.3,13662,-58.2,-78.9,-74.2,  6, 10, 0.01,244,49.0
2025-10-09 23:48:22,-111.3425,41.1782, 160.2,13666,-58.2,-78.9,-74.2,  6, 10, 0.01,244,48.9
2025-10-09 23:48:23,-111.3419,41.1784, 160.1,13669,-58.3,-79.0,-74.3,  6, 10, 0.01,245,48.9
2025-10-09 23:48:24,-111.3414,41.1786, 160.0,13673,-58.3,-79.1,-74.3,  6, 10, 0.01,245,48.9
2025-10-09 23:48:25,-111.3409,41.1788, 159.9,13677,-58.3,-79.1,-74.4,  6, 10, 0.01,245,48.9
2025-10-09 23:48:26,-111.3403,41.1790, 159.8,13681,-58.3,-79.1,-74.4,  6, 10, 0.01,245,48.8
2025-10-09 23:48:27,-111.3398,41.1792, 159.7,13685,-58.4,-79.2,-74.4,  6, 10, 0.01,245,48.8
2025-10-09 23:48:28,-111.3393,41.1794, 159.6,13688,-58.4,-79.2,-74.5,  6, 10, 0.01,245,48.9
2025-10-09 23:48:29,-111.3387,41.1796, 159.5,13692,-58.4,-79.2,-74.5,  6, 10, 0.01,245,49.1
2025-10-09 23:48:30,-111.3382,41.1798, 159.4,13696,-58.4,-79.3,-74.5,  6, 10, 0.01,245,49.2
2025-10-09 23:48:31,-111.3376,41.1799, 159.3,13700,-58.5,-79.3,-74.6,  6, 10, 0.01,245,49.3
2025-10-09 23:48:32,-111.3371,41.1801, 159.2,13705,-58.5,-79.4,-74.6,  6, 10, 0.01,245,49.5
2025-10-09 23:48:33,-111.3365,41.1803, 159.1,13709,-58.5,-79.4,-74.7,  6, 10, 0.01,245,49.6
2025-10-09 23:48:34,-111.3360,41.1805, 159.0,13713,-58.6,-79.4,-74.7,  6, 10, 0.00,245,49.7
2025-10-09 23:48:35,-111.3355,41.1806, 158.9,13717,-58.6,-79.5,-74.7,  5, 10, 0.00,245,49.9
2025-10-09 23:48:36,-111.3349,41.1808, 158.8,13721,-58.6,-79.5,-74.8,  5, 10, 0.00,245,50.0
2025-10-09 23:48:37,-111.3344,41.1810, 158.7,13725,-58.7,-79.6,-74.8,  5, 10, 0.00,245,50.1
2025-10-09 23:48:38,-111.3338,41.1812, 158.6,13729,-58.7,-79.6,-74.9,  5, 10, 0.00,245,50.3
2025-10-09 23:48:39,-111.3333,41.1814, 158.5,13733,-58.7,-79.6,-74.9,  5, 10, 0.00,245,50.4
2025-10-09 23:48:40,-111.3327,41.1815, 158.4,13737,-58.8,-79.7,-74.9,  5, 10, 0.00,245,50.5
2025-10-09 23:48:41,-111.3321,41.1817, 158.3,13741,-58.8,-79.7,-75.0,  5, 10, 0.00,245,50.6
2025-10-09 23:48:42,-111.3316,41.1819, 158.2,13745,-58.8,-79.8,-75.0,  5, 10, 0.00,245,50.8
2025-10-09 23:48:43,-111.3311,41.1821, 158.1,13749,-58.9,-79.8,-75.1,  5, 10, 0.00,245,50.9
2025-10-09 23:48:44,-111.3305,41.1822, 158.0,13753,-58.9,-79.9,-75.1,  5,  9, 0.00,245,51.0
2025-10-09 23:48:45,-111.3299,41.1824, 157.9,13757,-58.9,-79.9,-75.2,  5,  9, 0.00,245,51.2
2025-10-09 23:48:46,-111.3294,41.1826, 157.8,13761,-59.0,-80.0,-75.2,  5,  9, 0.00,246,51.3
2025-10-09 23:48:47,-111.3289,41.1828, 157.7,13765,-59.0,-80.0,-75.3,  5,  9, 0.00,246,51.4
2025-10-09 23:48:48,-111.3283,41.1830, 157.6,13769,-59.0,-80.1,-75.3,  5,  9, 0.00,246,51.4
2025-10-09 23:48:49,-111.3278,41.1831, 157.5,13773,-59.1,-80.1,-75.4,  5,  9, 0.00,246,51.3
2025-10-09 23:48:50,-111.3272,41.1833, 157.4,13777,-59.1,-80.2,-75.4,  5,  9, 0.00,246,51.3
2025-10-09 23:48:51,-111.3266,41.1835, 157.3,13781,-59.1,-80.3,-75.5,  5,  9, 0.00,246,51.2
2025-10-09 23:48:52,-111.3261,41.1837, 157.2,13786,-59.2,-80.3,-75.6,  5,  9, 0.00,246,51.1
2025-10-09 23:48:53,-111.3256,41.1838, 157.1,13790,-59.2,-80.3,-75.6,  5,  9, 0.00,246,51.1
2025-10-09 23:48:54,-111.3250,41.1840, 157.0,13794,-59.2,-80.4,-75.6,  5,  9, 0.00,246,51.0
2025-10-09 23:48:55,-111.3245,41.1842, 156.9,13798,-59.3,-80.4,-75.6,  5,  9, 0.00,246,51.0
2025-10-09 23:48:56,-111.3239,41.1844, 156.8,13802,-59.3,-80.4,-75.7,  5,  9, 0.00,246,50.9
2025-10-09 23:48:57,-111.3234,41.1846, 156.7,13806,-59.3,-80.4,-75.7,  5,  9, 0.00,246,50.9
2025-10-09 23:48:58,-111.3228,41.1847, 156.6,13810,-59.4,-80.5,-75.7,  5,  9, 0.00,246,50.8
2025-10-09 23:48:59,-111.3223,41.1849, 156.5,13815,-59.4,-80.5,-75.7,  5,  9, 0.00,246,50.7
2025-10-09 23:49:00,-111.3217,41.1851, 156.4,13819,-59.4,-80.5,-75.8,  5,  9, 0.00,247,50.7
2025-10-09 23:49:01,-111.3212,41.1853, 156.3,13823,-59.5,-80.5,-75.8,  5,  9, 0.00,247,50.6
2025-10-09 23:49:02,-111.3206,41.1854, 156.2,13827,-59.5,-80.6,-75.8,  5,  9, 0.00,247,50.6
2025-10-09 23:49:03,-111.3201,41.1856, 156.0,13831,-59.5,-80.6,-75.8,  5,  9, 0.00,247,50.5
2025-10-09 23:49:04,-111.3195,41.1858, 155.9,13835,-59.6,-80.6,-75.9,  5,  9, 0.00,247,50.4
2025-10-09 23:49:05,-111.3189,41.1859, 155.8,13839,-59.6,-80.6,-75.9,  5,  9, 0.00,247,50.4
2025-10-09 23:49:06,-111.3184,41.1861, 155.7,13844,-59.6,-80.7,-75.9,  5,  9, 0.00,247,50.3
2025-10-09 23:49:07,-111.3178,41.1863, 155.6,13848,-59.7,-80.7,-75.9,  5,  9, 0.00,247,50.3
2025-10-09 23:49:08,-111.3173,41.1864, 155.5,13852,-59.7,-80.7,-76.0,  5,  9, 0.00,247,50.3
2025-10-09 23:49:09,-111.3167,41.1866, 155.4,13856,-59.7,-80.8,-76.0,  5,  9, 0.00,247,50.3
2025-10-09 23:49:10,-111.3162,41.1868, 155.3,13860,-59.8,-80.8,-76.0,  5,  9, 0.00,247,50.2
2025-10-09 23:49:11,-111.3156,41.1869, 155.2,13865,-59.8,-80.8,-76.1,  5,  9, 0.00,247,50.2
2025-10-09 23:49:12,-111.3150,41.1871, 155.1,13869,-59.8,-80.8,-76.1,  5,  9, 0.00,247,50.2
2025-10-09 23:49:13,-111.3145,41.1873, 155.0,13873,-59.9,-80.9,-76.1,  5,  9, 0.00,247,50.2
2025-10-09 23:49:14,-111.3139,41.1875, 154.9,13878,-59.9,-80.9,-76.1,  5,  9, 0.00,247,50.2
2025-10-09 23:49:15,-111.3134,41.1876, 154.8,13882,-59.9,-80.9,-76.2,  5,  9, 0.00,247,50.2
2025-10-09 23:49:16,-111.3128,41.1878, 154.7,13886,-60.0,-80.9,-76.2,  5,  9, 0.00,247,50.2
2025-10-09 23:49:17,-111.3123,41.1880, 154.6,13891,-60.0,-81.0,-76.2,  5,  9, 0.00,247,50.2
2025-10-09 23:49:18,-111.3117,41.1881, 154.5,13895,-60.0,-81.0,-76.2,  5,  9, 0.00,247,50.2
2025-10-09 23:49:19,-111.3112,41.1883, 154.4,13899,-60.0,-81.0,-76.3,  5,  9, 0.00,248,50.1
2025-10-09 23:49:20,-111.3106,41.1885, 154.2,13904,-60.1,-81.1,-76.3,  5,  9, 0.00,248,50.1
2025-10-09 23:49:21,-111.3101,41.1886, 154.1,13908,-60.1,-81.1,-76.4,  5,  9, 0.00,248,50.1
2025-10-09 23:49:22,-111.3095,41.1888, 154.0,13912,-60.1,-81.2,-76.4,  5,  9, 0.00,248,50.1
2025-10-09 23:49:23,-111.3089,41.1890, 153.9,13917,-60.2,-81.2,-76.5,  5,  9, 0.00,248,50.1
2025-10-09 23:49:24,-111.3084,41.1891, 153.8,13921,-60.2,-81.3,-76.5,  5,  9, 0.00,248,50.1
2025-10-09 23:49:25,-111.3078,41.1893, 153.7,13925,-60.2,-81.3,-76.6,  5,  9, 0.00,248,50.1
2025-10-09 23:49:26,-111.3073,41.1895, 153.6,13930,-60.3,-81.4,-76.6,  5,  9, 0.00,248,50.1
2025-10-09 23:49:27,-111.3067,41.1896, 153.5,13934,-60.3,-81.4,-76.7,  5,  9, 0.00,248,50.0
2025-10-09 23:49:28,-111.3062,41.1898, 153.4,13939,-60.3,-81.5,-76.7,  5,  9, 0.00,248,50.1
2025-10-09 23:49:29,-111.3056,41.1900, 153.3,13943,-60.4,-81.5,-76.8,  5,  9, 0.00,248,50.1
2025-10-09 23:49:30,-111.3051,41.1902, 153.2,13947,-60.4,-81.6,-76.8,  5,  9, 0.00,248,50.1
2025-10-09 23:49:31,-111.3045,41.1903, 153.1,13951,-60.4,-81.6,-76.9,  5,  9, 0.00,248,50.1
2025-10-09 23:49:32,-111.3040,41.1905, 153.0,13955,-60.5,-81.7,-76.9,  5,  9, 0.00,248,50.2
2025-10-09 23:49:33,-111.3034,41.1906, 152.9,13960,-60.5,-81.7,-77.0,  5,  9, 0.00,248,50.2
2025-10-09 23:49:34,-111.3029,41.1908, 152.8,13964,-60.5,-81.8,-77.0,  5,  9, 0.00,248,50.2
2025-10-09 23:49:35,-111.3023,41.1910, 152.7,13968,-60.6,-81.8,-77.0,  5,  9, 0.00,248,50.2
2025-10-09 23:49:36,-111.3017,41.1911, 152.6,13972,-60.6,-81.8,-77.1,  5,  9, 0.00,248,50.2
2025-10-09 23:49:37,-111.3012,41.1913, 152.4,13977,-60.6,-81.9,-77.1,  5,  9, 0.00,248,50.3
2025-10-09 23:49:38,-111.3007,41.1915, 152.3,13981,-60.7,-81.9,-77.1,  5,  9, 0.00,248,50.3
2025-10-09 23:49:39,-111.3001,41.1916, 152.2,13985,-60.7,-81.9,-77.2,  5,  9, 0.00,248,50.3
2025-10-09 23:49:40,-111.2995,41.1918, 152.1,13990,-60.7,-82.0,-77.2,  5,  9, 0.00,248,50.3
2025-10-09 23:49:41,-111.2990,41.1920, 152.0,13994,-60.8,-82.0,-77.2,  5,  9, 0.00,248,50.4
2025-10-09 23:49:42,-111.2985,41.1921, 151.9,13998,-60.8,-82.0,-77.3,  5,  9, 0.00,248,50.4
2025-10-09 23:49:43,-111.2979,41.1923, 151.8,14003,-60.8,-82.1,-77.3,  5,  9, 0.00,248,50.4
2025-10-09 23:49:44,-111.2974,41.1925, 151.7,14007,-60.9,-82.1,-77.3,  5,  9, 0.00,248,50.4
2025-10-09 23:49:45,-111.2966,41.1927, 151.6,14012,-60.9,-82.1,-77.4,  5,  9, 0.00,248,50.4
2025-10-09 23:49:46,-111.2963,41.1928, 151.4,14018,-60.9,-82.2,-77.4,  5,  9, 0.00,248,50.5
2025-10-09 23:49:47,-111.2957,41.1929, 151.4,14021,-60.9,-82.1,-77.4,  5,  9, 0.00,248,50.5
2025-10-09 23:49:48,-111.2952,41.1931, 151.3,14026,-61.0,-82.1,-77.4,  5,  9, 0.00,248,50.4
2025-10-09 23:49:49,-111.2946,41.1933, 151.1,14030,-61.0,-82.1,-77.4,  5,  9, 0.00,248,50.3
2025-10-09 23:49:50,-111.2941,41.1934, 151.0,14034,-61.0,-82.1,-77.4,  5,  9, 0.00,248,50.2
2025-10-09 23:49:51,-111.2935,41.1936, 150.9,14039,-61.1,-82.1,-77.3,  5,  9, 0.00,248,50.1
2025-10-09 23:49:52,-111.2930,41.1938, 150.8,14043,-61.1,-82.1,-77.3,  5,  9, 0.00,248,50.0
2025-10-09 23:49:53,-111.2924,41.1939, 150.7,14048,-61.1,-82.1,-77.3,  5,  9, 0.00,248,49.9
2025-10-09 23:49:54,-111.2919,41.1941, 150.6,14052,-61.2,-82.1,-77.3,  5,  9, 0.00,248,49.8
2025-10-09 23:49:55,-111.2913,41.1943, 150.5,14057,-61.2,-82.1,-77.3,  5,  9, 0.00,248,49.7
2025-10-09 23:49:56,-111.2908,41.1944, 150.4,14062,-61.2,-82.1,-77.3,  5,  9, 0.00,248,49.6
2025-10-09 23:49:57,-111.2902,41.1946, 150.3,14067,-61.2,-82.1,-77.3,  5,  9, 0.00,248,49.5
2025-10-09 23:49:58,-111.2894,41.1948, 150.1,14072,-61.3,-82.0,-77.3,  5,  9, 0.00,248,49.5
2025-10-09 23:49:59,-111.2891,41.1949, 150.0,14079,-61.3,-82.0,-77.3,  5,  9, 0.00,248,49.3
2025-10-09 23:50:00,-111.2886,41.1951, 149.9,14081,-61.3,-82.1,-77.3,  5,  9, 0.00,248,49.3
2025-10-09 23:50:01,-111.2880,41.1953, 149.8,14086,-61.4,-82.2,-77.4,  5,  9, 0.00,248,49.2
2025-10-09 23:50:02,-111.2875,41.1954, 149.7,14091,-61.4,-82.2,-77.5,  5,  9, 0.00,248,49.1
2025-10-09 23:50:03,-111.2870,41.1955, 149.6,14095,-61.4,-82.3,-77.6,  5,  9, 0.00,248,49.0
2025-10-09 23:50:04,-111.2864,41.1957, 149.5,14100,-61.4,-82.4,-77.6,  5,  9, 0.00,248,48.9
2025-10-09 23:50:05,-111.2859,41.1958, 149.3,14104,-61.5,-82.5,-77.7,  5,  9, 0.00,248,48.8
2025-10-09 23:50:06,-111.2854,41.1960, 149.2,14109,-61.5,-82.6,-77.8,  5,  9, 0.00,248,48.7
2025-10-09 23:50:07,-111.2849,41.1961, 149.1,14113,-61.5,-82.6,-77.9,  5,  9, 0.00,248,48.6
2025-10-09 23:50:08,-111.2844,41.1963, 149.0,14118,-61.5,-82.7,-78.0,  5,  9, 0.00,248,48.5
2025-10-09 23:50:09,-111.2839,41.1964, 148.9,14123,-61.6,-82.8,-78.0,  5,  9, 0.00,249,48.3
2025-10-09 23:50:10,-111.2833,41.1966, 148.8,14127,-61.6,-82.9,-78.1,  5,  8, 0.00,249,48.2
2025-10-09 23:50:11,-111.2828,41.1967, 148.7,14132,-61.6,-83.0,-78.2,  5,  8, 0.00,249,48.0
2025-10-09 23:50:12,-111.2823,41.1969, 148.6,14136,-61.6,-83.0,-78.3,  5,  8, 0.00,249,47.9
2025-10-09 23:50:13,-111.2818,41.1970, 148.5,14141,-61.6,-83.1,-78.3,  5,  8, 0.00,249,47.7
2025-10-09 23:50:14,-111.2813,41.1971, 148.4,14146,-61.7,-83.1,-78.3,  5,  8, 0.00,249,47.6
2025-10-09 23:50:15,-111.2807,41.1973, 148.2,14150,-61.7,-83.0,-78.3,  5,  8, 0.00,249,47.4
2025-10-09 23:50:16,-111.2802,41.1974, 148.1,14155,-61.7,-83.0,-78.2,  5,  8, 0.00,249,47.3
2025-10-09 23:50:17,-111.2797,41.1976, 148.0,14159,-61.7,-83.0,-78.2,  5,  8, 0.00,249,47.1
2025-10-09 23:50:18,-111.2792,41.1977, 147.9,14164,-61.7,-83.0,-78.2,  5,  9, 0.00,249,47.0
2025-10-09 23:50:19,-111.2787,41.1979, 147.8,14169,-61.8,-82.9,-78.2,  5,  9, 0.00,249,46.8
2025-10-09 23:50:20,-111.2781,41.1980, 147.7,14174,-61.8,-82.9,-78.1,  5,  9, 0.00,249,46.7
2025-10-09 23:50:21,-111.2776,41.1982, 147.5,14180,-61.8,-82.9,-78.1,  5,  9, 0.00,249,46.5
2025-10-09 23:50:22,-111.2771,41.1983, 147.4,14185,-61.8,-82.9,-78.1,  5,  9, 0.00,249,46.4
2025-10-09 23:50:23,-111.2766,41.1985, 147.3,14190,-61.8,-82.8,-78.1,  5,  9, 0.00,249,46.2
2025-10-09 23:50:24,-111.2761,41.1986, 147.2,14195,-61.9,-82.8,-78.1,  5,  9, 0.00,249,46.1
2025-10-09 23:50:25,-111.2756,41.1987, 147.1,14200,-61.9,-82.8,-78.0,  5,  9, 0.00,249,45.9
2025-10-09 23:50:26,-111.2750,41.1989, 146.9,14205,-61.9,-82.8,-78.0,  5,  9, 0.00,249,45.8
2025-10-09 23:50:27,-111.2745,41.1990, 146.8,14210,-61.9,-82.8,-78.0,  5,  9, 0.00,249,45.7
2025-10-09 23:50:28,-111.2740,41.1992, 146.7,14215,-62.0,-82.8,-78.0,  5,  9, 0.00,249,45.6
2025-10-09 23:50:29,-111.2735,41.1993, 146.6,14220,-62.0,-82.8,-78.0,  5,  9, 0.00,249,45.6
2025-10-09 23:50:30,-111.2730,41.1995, 146.5,14225,-62.0,-82.8,-78.0,  5,  9, 0.00,249,45.5
2025-10-09 23:50:31,-111.2725,41.1996, 146.3,14230,-62.0,-82.8,-78.0,  5,  9, 0.00,249,45.5
2025-10-09 23:50:32,-111.2719,41.1998, 146.2,14235,-62.0,-82.8,-78.0,  5,  9, 0.00,250,45.4
2025-10-09 23:50:33,-111.2714,41.1999, 146.1,14239,-62.1,-82.8,-78.0,  5,  9, 0.00,250,45.4
2025-10-09 23:50:34,-111.2709,41.2000, 146.0,14244,-62.1,-82.8,-78.0,  5,  9, 0.00,250,45.4
2025-10-09 23:50:35,-111.2705,41.2001, 145.9,14249,-62.1,-82.8,-78.0,  5,  9, 0.00,250,45.3
2025-10-09 23:50:36,-111.2700,41.2003, 145.8,14253,-62.1,-82.8,-78.0,  5,  9, 0.00,250,45.3
2025-10-09 23:50:37,-111.2695,41.2004, 145.7,14258,-62.1,-82.8,-78.0,  5,  9, 0.00,250,45.2
2025-10-09 23:50:38,-111.2690,41.2005, 145.6,14263,-62.2,-82.8,-78.0,  5,  9, 0.00,250,45.2
2025-10-09 23:50:39,-111.2685,41.2007, 145.5,14267,-62.2,-82.8,-78.0,  5,  9, 0.00,250,45.1
2025-10-09 23:50:40,-111.2681,41.2008, 145.4,14272,-62.2,-82.8,-78.0,  5,  9, 0.00,250,45.1
2025-10-09 23:50:41,-111.2676,41.2009, 145.2,14277,-62.2,-82.8,-78.1,  5,  9, 0.00,250,45.1
2025-10-09 23:50:42,-111.2671,41.2010, 145.1,14281,-62.2,-82.8,-78.1,  5,  9, 0.00,250,45.0
2025-10-09 23:50:43,-111.2666,41.2012, 145.0,14286,-62.3,-82.9,-78.1,  5,  9, 0.00,250,45.0
2025-10-09 23:50:44,-111.2661,41.2013, 144.9,14291,-62.3,-82.9,-78.1,  5,  9, 0.00,250,44.9
2025-10-09 23:50:45,-111.2657,41.2014, 144.8,14296,-62.3,-82.9,-78.1,  5,  9, 0.00,250,44.9
2025-10-09 23:50:46,-111.2652,41.2015, 144.7,14301,-62.3,-82.9,-78.1,  5,  9, 0.00,250,44.9
2025-10-09 23:50:47,-111.2647,41.2017, 144.5,14306,-62.3,-82.9,-78.2,  5,  9, 0.00,250,44.8
2025-10-09 23:50:48,-111.2642,41.2018, 144.4,14311,-62.4,-83.0,-78.2,  5,  9, 0.00,250,44.6
2025-10-09 23:50:49,-111.2637,41.2019, 144.3,14316,-62.4,-83.0,-78.2,  5,  9, 0.00,250,44.4
2025-10-09 23:50:50,-111.2632,41.2020, 144.2,14321,-62.4,-83.0,-78.2,  5,  9, 0.00,250,44.2
2025-10-09 23:50:51,-111.2628,41.2022, 144.1,14326,-62.4,-83.0,-78.3,  5,  9, 0.00,250,44.1
2025-10-09 23:50:52,-111.2623,41.2023, 144.0,14331,-62.5,-83.0,-78.3,  5,  9, 0.00,250,43.9
2025-10-09 23:50:53,-111.2618,41.2024, 143.8,14336,-62.5,-83.1,-78.3,  5,  9, 0.00,250,43.7
2025-10-09 23:50:54,-111.2613,41.2026, 143.7,14341,-62.5,-83.1,-78.4,  5,  9, 0.00,250,43.5
2025-10-09 23:50:55,-111.2608,41.2027, 143.6,14346,-62.5,-83.2,-78.5,  5,  9, 0.00,250,43.3
2025-10-09 23:50:56,-111.2604,41.2028, 143.5,14351,-62.5,-83.3,-78.6,  5,  9, 0.00,250,43.1
2025-10-09 23:50:57,-111.2599,41.2029, 143.4,14356,-62.6,-83.4,-78.6,  5,  9, 0.00,250,42.9
2025-10-09 23:50:58,-111.2594,41.2031, 143.3,14362,-62.6,-83.5,-78.7,  5,  9, 0.00,250,42.7
2025-10-09 23:50:59,-111.2589,41.2032, 143.1,14367,-62.6,-83.6,-78.8,  5,  9, 0.00,250,42.5
2025-10-09 23:51:00,-111.2584,41.2033, 143.0,14372,-62.6,-83.7,-78.9,  5,  9, 0.00,250,42.3
2025-10-09 23:51:01,-111.2580,41.2034, 142.9,14377,-62.7,-83.8,-79.1,  5,  8, 0.00,250,42.1
2025-10-09 23:51:02,-111.2575,41.2035, 142.7,14382,-62.7,-83.9,-79.2,  5,  8, 0.00,250,42.0
2025-10-09 23:51:03,-111.2571,41.2037, 142.6,14389,-62.7,-84.0,-79.3,  4,  8, 0.00,250,41.8
2025-10-09 23:51:04,-111.2567,41.2038, 142.5,14395,-62.8,-84.1,-79.4,  4,  8, 0.00,250,41.6
2025-10-09 23:51:05,-111.2562,41.2039, 142.3,14401,-62.8,-84.2,-79.5,  4,  8, 0.00,250,41.4
2025-10-09 23:51:06,-111.2558,41.2040, 142.2,14408,-62.8,-84.4,-79.6,  4,  8, 0.00,250,41.2
2025-10-09 23:51:07,-111.2554,41.2041, 142.0,14414,-62.8,-84.5,-79.7,  4,  8, 0.00,250,41.0
2025-10-09 23:51:08,-111.2549,41.2042, 141.9,14420,-62.9,-84.4,-79.7,  4,  8, 0.00,250,40.9
2025-10-09 23:51:09,-111.2545,41.2043, 141.8,14427,-62.9,-84.4,-79.7,  4,  8, 0.00,251,40.8
2025-10-09 23:51:10,-111.2541,41.2044, 141.6,14433,-62.9,-84.4,-79.7,  4,  8, 0.00,251,40.7
2025-10-09 23:51:11,-111.2536,41.2046, 141.5,14439,-62.9,-84.4,-79.7,  4,  8, 0.00,251,40.6
2025-10-09 23:51:12,-111.2532,41.2047, 141.3,14445,-63.0,-84.4,-79.7,  4,  8, 0.00,251,40.5
2025-10-09 23:51:13,-111.2528,41.2048, 141.2,14452,-63.0,-84.4,-79.6,  4,  8, 0.00,251,40.4
2025-10-09 23:51:14,-111.2523,41.2049, 141.0,14458,-63.0,-84.4,-79.6,  4,  8, 0.00,251,40.3
2025-10-09 23:51:15,-111.2519,41.2050, 140.9,14464,-63.1,-84.4,-79.6,  4,  8, 0.00,251,40.1
2025-10-09 23:51:16,-111.2515,41.2051, 140.8,14470,-63.1,-84.4,-79.6,  4,  8, 0.00,251,40.0
2025-10-09 23:51:17,-111.2510,41.2052, 140.6,14476,-63.1,-84.4,-79.6,  4,  8, 0.00,251,39.9
2025-10-09 23:51:18,-111.2506,41.2053, 140.5,14481,-63.1,-84.4,-79.6,  4,  8, 0.00,251,39.8
2025-10-09 23:51:19,-111.2502,41.2054, 140.4,14487,-63.2,-84.4,-79.6,  4,  8, 0.00,251,39.7
2025-10-09 23:51:20,-111.2497,41.2056, 140.2,14493,-63.2,-84.4,-79.6,  5,  8, 0.00,251,39.6
2025-10-09 23:51:21,-111.2493,41.2057, 140.1,14498,-63.2,-84.4,-79.6,  5,  8, 0.00,251,39.5
2025-10-09 23:51:22,-111.2489,41.2058, 140.0,14504,-63.2,-84.4,-79.6,  5,  8, 0.00,251,39.4
2025-10-09 23:51:23,-111.2484,41.2059, 139.8,14510,-63.3,-84.4,-79.7,  5,  8, 0.00,251,39.3
2025-10-09 23:51:24,-111.2480,41.2060, 139.7,14515,-63.3,-84.4,-79.7,  5,  8, 0.00,251,39.2
2025-10-09 23:51:25,-111.2476,41.2061, 139.6,14521,-63.3,-84.5,-79.7,  5,  8, 0.00,251,39.1
2025-10-09 23:51:26,-111.2471,41.2062, 139.5,14527,-63.3,-84.5,-79.7,  5,  8, 0.00,251,39.0
2025-10-09 23:51:27,-111.2467,41.2063, 139.3,14532,-63.4,-84.5,-79.8,  4,  8, 0.00,251,38.9
2025-10-09 23:51:28,-111.2463,41.2065, 139.2,14538,-63.4,-84.6,-79.8,  4,  8, 0.00,251,38.7
2025-10-09 23:51:29,-111.2458,41.2066, 139.1,14544,-63.4,-84.6,-79.8,  4,  8, 0.00,251,38.5
2025-10-09 23:51:30,-111.2454,41.2067, 138.9,14549,-63.4,-84.6,-79.9,  4,  8, 0.00,251,38.3
2025-10-09 23:51:31,-111.2450,41.2068, 138.8,14555,-63.5,-84.7,-79.9,  4,  8, 0.00,251,38.2
2025-10-09 23:51:32,-111.2445,41.2069, 138.7,14560,-63.5,-84.7,-79.9,  4,  8, 0.00,251,38.0
2025-10-09 23:51:33,-111.2441,41.2070, 138.6,14566,-63.5,-84.7,-79.9,  4,  8, 0.00,251,37.8
2025-10-09 23:51:34,-111.2437,41.2071, 138.4,14572,-63.5,-84.7,-80.0,  4,  8, 0.00,250,37.6
2025-10-09 23:51:35,-111.2433,41.2072, 138.3,14577,-63.6,-84.8,-80.0,  4,  8, 0.00,250,37.5
2025-10-09 23:51:36,-111.2429,41.2074, 138.2,14583,-63.6,-84.8,-80.0,  4,  8, 0.00,250,37.3
2025-10-09 23:51:37,-111.2425,41.2075, 138.1,14588,-63.6,-84.8,-80.0,  4,  8, 0.00,250,37.1
2025-10-09 23:51:38,-111.2422,41.2076, 138.0,14593,-63.6,-84.8,-80.1,  4,  8, 0.00,250,36.9
2025-10-09 23:51:39,-111.2418,41.2077, 137.8,14599,-63.7,-84.9,-80.1,  4,  8, 0.00,250,36.8
2025-10-09 23:51:40,-111.2415,41.2078, 137.7,14604,-63.7,-84.9,-80.1,  4,  8, 0.00,250,36.6
2025-10-09 23:51:41,-111.2411,41.2079, 137.6,14610,-63.7,-84.9,-80.1,  4,  8, 0.00,249,36.4
2025-10-09 23:51:42,-111.2407,41.2080, 137.5,14615,-63.7,-84.9,-80.2,  4,  8, 0.00,249,36.2
2025-10-09 23:51:43,-111.2404,41.2081, 137.4,14620,-63.7,-84.9,-80.2,  4,  8, 0.00,249,36.1
2025-10-09 23:51:44,-111.2400,41.2083, 137.2,14625,-63.8,-84.9,-80.2,  4,  8, 0.00,249,35.9
2025-10-09 23:51:45,-111.2396,41.2084, 137.1,14631,-63.8,-85.0,-80.2,  4,  8, 0.00,249,35.7
2025-10-09 23:51:46,-111.2393,41.2085, 137.0,14636,-63.8,-85.0,-80.2,  4,  8, 0.00,249,35.6
2025-10-09 23:51:47,-111.2389,41.2086, 136.9,14641,-63.8,-85.0,-80.2,  4,  8, 0.00,249,35.4
2025-10-09 23:51:48,-111.2386,41.2087, 136.8,14646,-63.8,-85.0,-80.3,  4,  8, 0.00,248,35.3
2025-10-09 23:51:49,-111.2382,41.2088, 136.7,14652,-63.8,-85.1,-80.3,  4,  8, 0.00,248,35.2
2025-10-09 23:51:50,-111.2378,41.2089, 136.5,14657,-63.9,-85.1,-80.4,  4,  8, 0.00,248,35.1
2025-10-09 23:51:51,-111.2375,41.2090, 136.4,14662,-63.9,-85.2,-80.4,  4,  8, 0.00,248,35.0
2025-10-09 23:51:52,-111.2371,41.2092, 136.3,14667,-63.9,-85.2,-80.5,  4,  8, 0.00,248,35.0
2025-10-09 23:51:53,-111.2367,41.2093, 136.2,14672,-63.9,-85.3,-80.5,  4,  8, 0.00,248,34.9
2025-10-09 23:51:54,-111.2364,41.2094, 136.1,14678,-63.9,-85.3,-80.6,  4,  8, 0.00,248,34.8
2025-10-09 23:51:55,-111.2360,41.2095, 136.0,14683,-63.9,-85.4,-80.6,  4,  8, 0.00,248,34.7
2025-10-09 23:51:56,-111.2357,41.2096, 135.8,14688,-63.9,-85.4,-80.6,  4,  8, 0.00,248,34.6
2025-10-09 23:51:57,-111.2353,41.2097, 135.7,14693,-64.0,-85.4,-80.7,  4,  8, 0.00,248,34.5
2025-10-09 23:51:58,-111.2349,41.2098, 135.6,14698,-64.0,-85.5,-80.7,  4,  8, 0.00,247,34.4
2025-10-09 23:51:59,-111.2346,41.2099, 135.5,14704,-64.0,-85.5,-80.8,  4,  8, 0.00,247,34.4
2025-10-09 23:52:00,-111.2341,41.2101, 135.4,14709,-64.0,-85.6,-80.8,  4,  8, 0.00,247,34.3
2025-10-09 23:52:01,-111.2338,41.2102, 135.2,14715,-64.0,-85.6,-80.8,  4,  8, 0.00,247,34.2
2025-10-09 23:52:02,-111.2335,41.2103, 135.2,14719,-64.0,-85.6,-80.8,  4,  8, 0.00,247,34.1
2025-10-09 23:52:03,-111.2331,41.2104, 135.0,14724,-64.0,-85.6,-80.8,  4,  8, 0.00,247,34.0
2025-10-09 23:52:04,-111.2327,41.2105, 134.9,14730,-64.0,-85.6,-80.8,  4,  8, 0.00,247,33.9
2025-10-09 23:52:05,-111.2324,41.2106, 134.8,14735,-64.0,-85.6,-80.8,  4,  8, 0.00,247,33.9
2025-10-09 23:52:06,-111.2320,41.2107, 134.7,14740,-64.0,-85.6,-80.8,  4,  8, 0.00,247,33.8
2025-10-09 23:52:07,-111.2317,41.2108, 134.6,14746,-64.0,-85.6,-80.9,  4,  8, 0.00,247,33.7
2025-10-09 23:52:08,-111.2313,41.2110, 134.5,14750,-64.0,-85.6,-80.9,  4,  8, 0.00,247,33.5
2025-10-09 23:52:09,-111.2309,41.2111, 134.3,14756,-64.0,-85.6,-80.8,  4,  8, 0.00,247,33.3
2025-10-09 23:52:10,-111.2306,41.2112, 134.2,14762,-64.0,-85.6,-80.8,  4,  8, 0.00,246,33.2
2025-10-09 23:52:11,-111.2302,41.2113, 134.1,14767,-64.0,-85.6,-80.8,  4,  8, 0.00,246,33.0
2025-10-09 23:52:12,-111.2298,41.2114, 134.0,14772,-64.0,-85.6,-80.8,  4,  8, 0.00,246,32.8
2025-10-09 23:52:13,-111.2295,41.2115, 133.9,14777,-64.0,-85.6,-80.8,  4,  8, 0.00,246,32.7
2025-10-09 23:52:14,-111.2292,41.2116, 133.8,14783,-64.0,-85.6,-80.8,  4,  8, 0.00,246,32.5
2025-10-09 23:52:15,-111.2289,41.2117, 133.6,14788,-64.0,-85.6,-80.8,  4,  8, 0.00,246,32.3
2025-10-09 23:52:16,-111.2286,41.2118, 133.5,14793,-64.0,-85.5,-80.7,  4,  8, 0.00,246,32.2
2025-10-09 23:52:17,-111.2283,41.2119, 133.4,14799,-64.0,-85.4,-80.7,  4,  8, 0.00,246,32.0
2025-10-09 23:52:18,-111.2280,41.2120, 133.3,14804,-63.9,-85.4,-80.6,  4,  8, 0.00,246,31.8
2025-10-09 23:52:19,-111.2277,41.2121, 133.2,14810,-63.9,-85.3,-80.6,  4,  8, 0.00,246,31.7
2025-10-09 23:52:20,-111.2274,41.2122, 133.0,14815,-63.9,-85.3,-80.5,  4,  8, 0.00,246,31.5
2025-10-09 23:52:21,-111.2271,41.2123, 132.9,14821,-63.9,-85.2,-80.5,  4,  8, 0.00,246,31.3
2025-10-09 23:52:22,-111.2268,41.2124, 132.8,14826,-63.9,-85.2,-80.4,  4,  8, 0.00,246,31.1
2025-10-09 23:52:23,-111.2265,41.2125, 132.7,14832,-63.9,-85.1,-80.4,  4,  8, 0.00,246,31.0
2025-10-09 23:52:24,-111.2262,41.2126, 132.6,14837,-63.9,-85.1,-80.3,  4,  8, 0.00,246,30.8
2025-10-09 23:52:25,-111.2259,41.2127, 132.5,14842,-63.9,-85.0,-80.3,  4,  8, 0.00,246,30.6
2025-10-09 23:52:26,-111.2257,41.2128, 132.4,14847,-63.9,-85.0,-80.2,  4,  8, 0.00,246,30.5
2025-10-09 23:52:27,-111.2254,41.2129, 132.3,14852,-63.9,-84.9,-80.2,  5,  8, 0.00,246,30.3
2025-10-09 23:52:28,-111.2251,41.2130, 132.2,14857,-63.9,-84.9,-80.1,  5,  8, 0.00,246,30.0
2025-10-09 23:52:29,-111.2248,41.2131, 132.0,14862,-63.9,-84.8,-80.1,  5,  8, 0.00,246,29.7
2025-10-09 23:52:30,-111.2245,41.2132, 131.9,14866,-63.8,-84.8,-80.1,  5,  8, 0.00,246,29.4
2025-10-09 23:52:31,-111.2242,41.2133, 131.8,14871,-63.8,-84.8,-80.1,  5,  8, 0.00,246,29.1
2025-10-09 23:52:32,-111.2239,41.2134, 131.7,14876,-63.8,-84.8,-80.0,  5,  8, 0.00,246,28.8
2025-10-09 23:52:33,-111.2236,41.2135, 131.6,14881,-63.8,-84.8,-80.0,  5,  8, 0.00,246,28.5
2025-10-09 23:52:34,-111.2232,41.2136, 131.5,14886,-63.8,-84.8,-80.0,  5,  8, 0.00,246,28.2
2025-10-09 23:52:35,-111.2230,41.2137, 131.4,14893,-63.8,-84.8,-80.0,  5,  9, 0.00,246,27.8
2025-10-09 23:52:36,-111.2227,41.2138, 131.3,14896,-63.8,-84.8,-80.0,  5,  9, 0.00,246,27.6
2025-10-09 23:52:37,-111.2225,41.2139, 131.2,14900,-63.8,-84.8,-80.0,  5,  9, 0.00,246,27.3
2025-10-09 23:52:38,-111.2222,41.2140, 131.1,14905,-63.8,-84.8,-80.0,  5,  9, 0.00,246,27.0
2025-10-09 23:52:39,-111.2219,41.2141, 131.0,14910,-63.8,-84.8,-80.0,  5,  9, 0.00,246,26.7
2025-10-09 23:52:40,-111.2216,41.2141, 130.9,14915,-63.8,-84.7,-80.0,  5,  9, 0.00,246,26.4
2025-10-09 23:52:41,-111.2212,41.2143, 130.8,14919,-63.8,-84.7,-80.0,  5,  9, 0.00,246,26.1
2025-10-09 23:52:42,-111.2210,41.2143, 130.7,14926,-63.8,-84.7,-80.0,  5,  9, 0.00,246,25.7
2025-10-09 23:52:43,-111.2207,41.2144, 130.6,14929,-63.8,-84.8,-80.0,  5,  8, 0.00,246,25.6
2025-10-09 23:52:44,-111.2204,41.2145, 130.5,14933,-63.8,-84.9,-80.1,  5,  8, 0.00,246,25.3
2025-10-09 23:52:45,-111.2201,41.2146, 130.4,14938,-63.8,-84.9,-80.2,  4,  8, 0.00,246,25.0
2025-10-09 23:52:46,-111.2199,41.2147, 130.3,14943,-63.8,-85.0,-80.3,  4,  8, 0.00,246,24.7
2025-10-09 23:52:47,-111.2196,41.2148, 130.2,14947,-63.8,-85.1,-80.3,  4,  8, 0.00,246,24.4
2025-10-09 23:52:48,-111.2193,41.2149, 130.1,14952,-63.8,-85.2,-80.4,  4,  8, 0.00,246,24.4
2025-10-09 23:52:49,-111.2191,41.2149, 130.0,14957,-63.8,-85.3,-80.5,  4,  8, 0.00,246,24.5
2025-10-09 23:52:50,-111.2188,41.2150, 129.9,14962,-63.9,-85.4,-80.6,  4,  8, 0.00,246,24.5
2025-10-09 23:52:51,-111.2185,41.2151, 129.8,14966,-63.9,-85.5,-80.7,  4,  8, 0.00,246,24.6
2025-10-09 23:52:52,-111.2183,41.2152, 129.7,14971,-63.9,-85.6,-80.8,  4,  8, 0.00,246,24.7
2025-10-09 23:52:53,-111.2180,41.2153, 129.6,14976,-64.0,-85.7,-80.9,  4,  7, 0.00,246,24.7
2025-10-09 23:52:54,-111.2178,41.2153, 129.5,14980,-64.0,-85.8,-81.0,  4,  7, 0.00,246,24.8
2025-10-09 23:52:55,-111.2175,41.2154, 129.4,14985,-64.0,-85.9,-81.1,  4,  7, 0.00,246,24.8
2025-10-09 23:52:56,-111.2172,41.2155, 129.3,14990,-64.0,-86.0,-81.2,  4,  7, 0.00,246,24.9
2025-10-09 23:52:57,-111.2169,41.2156, 129.2,14994,-64.1,-86.1,-81.3,  4,  7, 0.00,246,25.0
2025-10-09 23:52:58,-111.2167,41.2157, 129.1,14999,-64.1,-86.2,-81.4,  4,  7, 0.00,246,25.0
2025-10-09 23:52:59,-111.2164,41.2157, 129.0,15004,-64.1,-86.2,-81.5,  4,  7, 0.00,246,25.1
2025-10-09 23:53:00,-111.2161,41.2158, 128.9,15008,-64.1,-86.3,-81.5,  4,  7, 0.00,246,25.1
2025-10-09 23:53:01,-111.2159,41.2159, 128.8,15013,-64.2,-86.4,-81.6,  4,  7, 0.00,246,25.2
2025-10-09 23:53:02,-111.2156,41.2160, 128.7,15018,-64.2,-86.4,-81.7,  4,  7, 0.00,246,25.3
2025-10-09 23:53:03,-111.2154,41.2161, 128.6,15023,-64.2,-86.5,-81.8,  4,  7, 0.00,246,25.3
2025-10-09 23:53:04,-111.2151,41.2161, 128.5,15027,-64.3,-86.6,-81.9,  4,  7, 0.00,246,25.4
2025-10-09 23:53:05,-111.2148,41.2162, 128.4,15032,-64.3,-86.7,-81.9,  4,  7, 0.00,246,25.4
2025-10-09 23:53:06,-111.2146,41.2163, 128.3,15037,-64.3,-86.8,-82.0,  4,  7, 0.00,246,25.5
2025-10-09 23:53:07,-111.2143,41.2164, 128.2,15042,-64.4,-86.9,-82.1,  3,  6, 0.00,246,25.6
2025-10-09 23:53:08,-111.2140,41.2164, 128.1,15046,-64.4,-87.0,-82.2,  3,  6, 0.00,246,25.5
2025-10-09 23:53:09,-111.2137,41.2165, 128.0,15051,-64.5,-87.0,-82.3,  3,  6, 0.00,246,25.4
2025-10-09 23:53:10,-111.2135,41.2166, 127.9,15057,-64.5,-87.1,-82.4,  3,  6, 0.00,247,25.2
2025-10-09 23:53:11,-111.2132,41.2167, 127.8,15061,-64.5,-87.1,-82.4,  3,  6, 0.00,247,25.2
2025-10-09 23:53:12,-111.2130,41.2168, 127.7,15065,-64.6,-87.1,-82.4,  3,  6, 0.00,247,25.1
2025-10-09 23:53:13,-111.2127,41.2168, 127.6,15070,-64.6,-87.1,-82.4,  3,  6, 0.00,247,25.0
2025-10-09 23:53:14,-111.2124,41.2169, 127.5,15075,-64.6,-87.1,-82.4,  3,  6, 0.00,247,24.9
2025-10-09 23:53:15,-111.2122,41.2170, 127.4,15080,-64.7,-87.1,-82.4,  3,  6, 0.00,248,24.8
2025-10-09 23:53:16,-111.2119,41.2171, 127.3,15085,-64.7,-87.1,-82.4,  3,  7, 0.00,248,24.7
2025-10-09 23:53:17,-111.2116,41.2172, 127.2,15090,-64.7,-87.1,-82.4,  3,  7, 0.00,248,24.6
2025-10-09 23:53:18,-111.2114,41.2172, 127.1,15095,-64.8,-87.1,-82.4,  4,  7, 0.00,248,24.5
2025-10-09 23:53:19,-111.2111,41.2173, 127.0,15100,-64.8,-87.1,-82.4,  4,  7, 0.00,249,24.4
2025-10-09 23:53:20,-111.2109,41.2174, 126.9,15105,-64.9,-87.1,-82.4,  4,  7, 0.00,249,24.3
2025-10-09 23:53:21,-111.2106,41.2174, 126.8,15109,-64.9,-87.1,-82.4,  4,  7, 0.00,249,24.2
2025-10-09 23:53:22,-111.2103,41.2175, 126.7,15114,-64.9,-87.1,-82.4,  4,  7, 0.00,249,24.1
2025-10-09 23:53:23,-111.2100,41.2176, 126.6,15119,-65.0,-87.1,-82.4,  4,  7, 0.00,249,24.0
2025-10-09 23:53:24,-111.2098,41.2176, 126.5,15124,-65.0,-87.1,-82.4,  4,  7, 0.00,250,23.9
2025-10-09 23:53:25,-111.2095,41.2177, 126.4,15129,-65.0,-87.2,-82.4,  4,  7, 0.00,250,23.8
2025-10-09 23:53:26,-111.2093,41.2178, 126.3,15134,-65.1,-87.2,-82.5,  4,  7, 0.00,250,23.8
2025-10-09 23:53:27,-111.2090,41.2178, 126.2,15139,-65.1,-87.3,-82.5,  4,  7, 0.00,250,23.7
2025-10-09 23:53:28,-111.2087,41.2179, 126.1,15144,-65.1,-87.3,-82.5,  4,  7, 0.00,250,23.6
2025-10-09 23:53:29,-111.2085,41.2179, 126.0,15149,-65.2,-87.3,-82.6,  4,  7, 0.00,251,23.6
2025-10-09 23:53:30,-111.2082,41.2180, 125.9,15154,-65.2,-87.4,-82.6,  4,  7, 0.00,251,23.5
2025-10-09 23:53:31,-111.2079,41.2181, 125.8,15159,-65.2,-87.4,-82.6,  4,  7, 0.00,251,23.4
2025-10-09 23:53:32,-111.2077,41.2181, 125.7,15163,-65.3,-87.4,-82.7,  4,  7, 0.00,251,23.4
2025-10-09 23:53:33,-111.2074,41.2182, 125.6,15168,-65.3,-87.5,-82.7,  4,  7, 0.00,251,23.3
2025-10-09 23:53:34,-111.2071,41.2183, 125.5,15172,-65.3,-87.5,-82.7,  4,  7, 0.00,251,23.3
2025-10-09 23:53:35,-111.2069,41.2183, 125.4,15177,-65.3,-87.5,-82.8,  4,  7, 0.00,251,23.2
2025-10-09 23:53:36,-111.2066,41.2184, 125.3,15181,-65.4,-87.5,-82.8,  4,  7, 0.00,251,23.2
2025-10-09 23:53:37,-111.2064,41.2185, 125.2,15186,-65.4,-87.6,-82.8,  4,  7, 0.00,252,23.1
2025-10-09 23:53:38,-111.2061,41.2185, 125.1,15191,-65.4,-87.6,-82.8,  4,  7, 0.00,252,23.1
2025-10-09 23:53:39,-111.2058,41.2186, 125.0,15195,-65.4,-87.6,-82.8,  4,  7, 0.00,252,23.0
2025-10-09 23:53:40,-111.2056,41.2187, 124.9,15200,-65.5,-87.6,-82.8,  4,  7, 0.00,252,23.0
2025-10-09 23:53:41,-111.2053,41.2187, 124.8,15205,-65.5,-87.6,-82.8,  4,  7, 0.00,252,22.9
2025-10-09 23:53:42,-111.2050,41.2188, 124.7,15210,-65.5,-87.6,-82.8,  4,  7, 0.00,252,22.9
2025-10-09 23:53:43,-111.2048,41.2188, 124.6,15214,-65.5,-87.6,-82.8,  4,  7, 0.00,252,22.8
2025-10-09 23:53:44,-111.2045,41.2189, 124.5,15219,-65.6,-87.6,-82.8,  4,  7, 0.00,253,22.8
2025-10-09 23:53:45,-111.2042,41.2190, 124.4,15224,-65.6,-87.6,-82.8,  4,  7, 0.00,253,22.7
2025-10-09 23:53:46,-111.2040,41.2190, 124.3,15229,-65.6,-87.6,-82.8,  4,  7, 0.00,253,22.7
2025-10-09 23:53:47,-111.2037,41.2191, 124.2,15234,-65.6,-87.6,-82.8,  4,  7, 0.00,253,22.6
2025-10-09 23:53:48,-111.2034,41.2192, 124.1,15238,-65.6,-87.6,-82.8,  4,  7, 0.00,253,22.7
2025-10-09 23:53:49,-111.2032,41.2192, 124.0,15243,-65.7,-87.6,-82.8,  4,  7, 0.00,252,22.7
2025-10-09 23:53:50,-111.2029,41.2193, 124.0,15248,-65.7,-87.6,-82.9,  4,  7, 0.00,252,22.8
2025-10-09 23:53:51,-111.2027,41.2194, 123.9,15252,-65.7,-87.6,-82.8,  4,  7, 0.00,252,22.8
2025-10-09 23:53:52,-111.2024,41.2195, 123.8,15257,-65.7,-87.6,-82.8,  4,  7, 0.00,252,22.9
2025-10-09 23:53:53,-111.2022,41.2195, 123.7,15262,-65.7,-87.6,-82.8,  4,  7, 0.00,251,22.9
2025-10-09 23:53:54,-111.2019,41.2196, 123.6,15266,-65.8,-87.6,-82.8,  4,  7, 0.00,251,23.0
2025-10-09 23:53:55,-111.2017,41.2197, 123.5,15271,-65.8,-87.6,-82.8,  4,  7, 0.00,251,23.1
2025-10-09 23:53:56,-111.2014,41.2198, 123.4,15276,-65.8,-87.6,-82.8,  4,  7, 0.00,251,23.1
2025-10-09 23:53:57,-111.2011,41.2199, 123.3,15280,-65.8,-87.6,-82.8,  4,  7, 0.00,251,23.2
2025-10-09 23:53:58,-111.2009,41.2199, 123.2,15285,-65.8,-87.6,-82.8,  4,  7, 0.00,250,23.2
2025-10-09 23:53:59,-111.2006,41.2200, 123.1,15289,-65.9,-87.6,-82.8,  4,  7, 0.00,250,23.3
2025-10-09 23:54:00,-111.2004,41.2201, 123.0,15294,-65.9,-87.6,-82.8,  4,  7, 0.00,250,23.4
2025-10-09 23:54:01,-111.2001,41.2202, 122.9,15299,-65.9,-87.6,-82.8,  4,  7, 0.00,250,23.4
2025-10-09 23:54:02,-111.1999,41.2202, 122.8,15303,-65.9,-87.6,-82.8,  4,  7, 0.00,249,23.5
2025-10-09 23:54:03,-111.1997,41.2203, 122.7,15308,-65.9,-87.5,-82.8,  4,  7, 0.00,249,23.6
2025-10-09 23:54:04,-111.1994,41.2204, 122.7,15311,-65.9,-87.5,-82.8,  4,  7, 0.00,249,23.6
2025-10-09 23:54:05,-111.1991,41.2205, 122.6,15317,-66.0,-87.6,-82.9,  4,  7, 0.00,249,23.7
2025-10-09 23:54:06,-111.1989,41.2205, 122.5,15321,-66.0,-87.7,-83.0,  4,  7, 0.00,249,23.7
2025-10-09 23:54:07,-111.1986,41.2206, 122.4,15326,-66.0,-87.8,-83.0,  4,  7, 0.00,248,23.8
2025-10-09 23:54:08,-111.1984,41.2207, 122.3,15330,-66.0,-87.9,-83.1,  4,  7, 0.00,248,23.7
2025-10-09 23:54:09,-111.1981,41.2208, 122.2,15335,-66.0,-87.9,-83.2,  4,  7, 0.00,248,23.6
2025-10-09 23:54:10,-111.1979,41.2209, 122.1,15339,-66.1,-88.0,-83.3,  4,  7, 0.00,248,23.5
2025-10-09 23:54:11,-111.1976,41.2209, 122.0,15344,-66.1,-88.1,-83.3,  4,  7, 0.00,248,23.4
2025-10-09 23:54:12,-111.1974,41.2210, 121.9,15349,-66.1,-88.2,-83.4,  4,  7, 0.00,248,23.3
2025-10-09 23:54:13,-111.1971,41.2211, 121.8,15353,-66.1,-88.2,-83.5,  3,  7, 0.00,248,23.2
2025-10-09 23:54:14,-111.1968,41.2212, 121.7,15358,-66.1,-88.3,-83.6,  3,  6, 0.00,248,23.1
2025-10-09 23:54:15,-111.1966,41.2212, 121.6,15362,-66.1,-88.4,-83.6,  3,  6, 0.00,248,23.0
2025-10-09 23:54:16,-111.1963,41.2213, 121.5,15367,-66.2,-88.5,-83.7,  3,  6, 0.00,248,22.9
2025-10-09 23:54:17,-111.1961,41.2214, 121.4,15373,-66.2,-88.6,-83.8,  3,  6, 0.00,248,22.8
2025-10-09 23:54:18,-111.1958,41.2215, 121.3,15377,-66.2,-88.6,-83.8,  3,  6, 0.00,247,22.7
2025-10-09 23:54:19,-111.1956,41.2216, 121.2,15381,-66.2,-88.5,-83.8,  3,  6, 0.00,247,22.6
2025-10-09 23:54:20,-111.1953,41.2216, 121.2,15386,-66.2,-88.5,-83.8,  3,  6, 0.00,247,22.5
2025-10-09 23:54:21,-111.1951,41.2217, 121.1,15391,-66.3,-88.5,-83.7,  3,  6, 0.00,247,22.4
2025-10-09 23:54:22,-111.1948,41.2218, 121.0,15396,-66.3,-88.5,-83.7,  3,  6, 0.00,247,22.3
2025-10-09 23:54:23,-111.1946,41.2219, 120.9,15401,-66.3,-88.4,-83.7,  3,  7, 0.00,247,22.2
2025-10-09 23:54:24,-111.1943,41.2220, 120.8,15405,-66.3,-88.4,-83.7,  3,  7, 0.00,247,22.1
2025-10-09 23:54:25,-111.1941,41.2221, 120.7,15410,-66.3,-88.4,-83.6,  3,  7, 0.00,247,22.0
2025-10-09 23:54:26,-111.1938,41.2222, 120.6,15415,-66.4,-88.4,-83.6,  4,  7, 0.00,247,21.9
2025-10-09 23:54:27,-111.1936,41.2223, 120.5,15420,-66.4,-88.4,-83.6,  4,  7, 0.00,247,21.8
2025-10-09 23:54:28,-111.1933,41.2224, 120.4,15425,-66.4,-88.3,-83.6,  4,  7, 0.00,247,21.9
2025-10-09 23:54:29,-111.1931,41.2225, 120.3,15430,-66.4,-88.3,-83.6,  4,  7, 0.00,246,22.0
2025-10-09 23:54:30,-111.1928,41.2226, 120.2,15434,-66.5,-88.3,-83.5,  4,  7, 0.00,246,22.1
2025-10-09 23:54:31,-111.1926,41.2227, 120.1,15439,-66.5,-88.3,-83.5,  4,  7, 0.00,246,22.2
2025-10-09 23:54:32,-111.1923,41.2228, 120.0,15444,-66.5,-88.3,-83.5,  4,  7, 0.00,246,22.2
2025-10-09 23:54:33,-111.1921,41.2229, 119.9,15448,-66.5,-88.3,-83.5,  4,  7, 0.00,246,22.3
2025-10-09 23:54:34,-111.1918,41.2229, 119.8,15453,-66.6,-88.3,-83.5,  4,  7, 0.00,245,22.4
2025-10-09 23:54:35,-111.1916,41.2230, 119.7,15457,-66.6,-88.3,-83.5,  4,  7, 0.00,245,22.5
2025-10-09 23:54:36,-111.1913,41.2231, 119.7,15462,-66.6,-88.3,-83.5,  4,  7, 0.00,245,22.5
2025-10-09 23:54:37,-111.1911,41.2232, 119.6,15466,-66.6,-88.3,-83.5,  4,  7, 0.00,245,22.6
2025-10-09 23:54:38,-111.1908,41.2233, 119.5,15471,-66.7,-88.3,-83.5,  4,  7, 0.00,245,22.7
2025-10-09 23:54:39,-111.1906,41.2234, 119.4,15475,-66.7,-88.3,-83.5,  4,  7, 0.00,245,22.8
2025-10-09 23:54:40,-111.1903,41.2235, 119.3,15480,-66.7,-88.3,-83.5,  4,  7, 0.00,244,22.9
2025-10-09 23:54:41,-111.1901,41.2236, 119.2,15484,-66.7,-88.3,-83.5,  4,  7, 0.00,244,22.9
2025-10-09 23:54:42,-111.1898,41.2237, 119.1,15488,-66.7,-88.3,-83.5,  4,  7, 0.00,244,23.0
2025-10-09 23:54:43,-111.1896,41.2238, 119.0,15493,-66.7,-88.3,-83.5,  4,  7, 0.00,244,23.1
2025-10-09 23:54:44,-111.1893,41.2239, 119.0,15497,-66.7,-88.3,-83.5,  4,  7, 0.00,244,23.2
2025-10-09 23:54:45,-111.1891,41.2240, 118.9,15502,-66.8,-88.2,-83.5,  4,  7, 0.00,244,23.3
2025-10-09 23:54:46,-111.1888,41.2241, 118.8,15506,-66.8,-88.2,-83.4,  4,  7, 0.00,244,23.3
2025-10-09 23:54:47,-111.1886,41.2242, 118.7,15510,-66.8,-88.2,-83.4,  4,  7, 0.00,243,23.4
2025-10-09 23:54:48,-111.1883,41.2243, 118.6,15515,-66.8,-88.1,-83.4,  4,  7, 0.00,243,23.5
2025-10-09 23:54:49,-111.1881,41.2244, 118.5,15519,-66.8,-88.1,-83.4,  4,  7, 0.00,243,23.5
2025-10-09 23:54:50,-111.1878,41.2245, 118.4,15523,-66.8,-88.1,-83.3,  4,  7, 0.00,243,23.6
2025-10-09 23:54:51,-111.1876,41.2246, 118.4,15527,-66.8,-88.1,-83.3,  4,  8, 0.00,242,23.6
2025-10-09 23:54:52,-111.1873,41.2247, 118.3,15532,-66.9,-88.0,-83.3,  4,  8, 0.00,242,23.6
2025-10-09 23:54:53,-111.1871,41.2248, 118.2,15536,-66.9,-88.0,-83.3,  4,  8, 0.00,242,23.7
2025-10-09 23:54:54,-111.1869,41.2249, 118.1,15541,-66.9,-88.0,-83.2,  4,  8, 0.00,242,23.7
2025-10-09 23:54:55,-111.1866,41.2250, 118.0,15545,-66.9,-88.0,-83.2,  4,  8, 0.00,241,23.8
2025-10-09 23:54:56,-111.1864,41.2251, 117.9,15549,-66.9,-87.9,-83.2,  4,  8, 0.00,241,23.8
2025-10-09 23:54:57,-111.1861,41.2252, 117.8,15554,-66.9,-87.9,-83.1,  4,  8, 0.00,241,23.9
2025-10-09 23:54:58,-111.1859,41.2253, 117.8,15558,-66.9,-87.9,-83.1,  4,  8, 0.00,241,23.9
2025-10-09 23:54:59,-111.1857,41.2255, 117.7,15562,-66.9,-87.9,-83.1,  4,  8, 0.00,240,24.0
2025-10-09 23:55:00,-111.1854,41.2256, 117.6,15567,-66.9,-87.8,-83.1,  4,  8, 0.00,240,24.0
2025-10-09 23:55:01,-111.1852,41.2257, 117.5,15571,-66.9,-87.8,-83.0,  4,  8, 0.00,240,24.1
2025-10-09 23:55:02,-111.1849,41.2258, 117.4,15575,-67.0,-87.8,-83.0,  4,  8, 0.00,240,24.1
2025-10-09 23:55:03,-111.1847,41.2259, 117.3,15579,-67.0,-87.8,-83.0,  4,  8, 0.00,239,24.2
2025-10-09 23:55:04,-111.1845,41.2260, 117.3,15583,-67.0,-87.7,-83.0,  4,  8, 0.00,239,24.2
2025-10-09 23:55:05,-111.1842,41.2262, 117.2,15587,-67.0,-87.7,-82.9,  4,  8, 0.00,239,24.3
2025-10-09 23:55:06,-111.1840,41.2263, 117.1,15592,-67.0,-87.7,-82.9,  4,  8, 0.00,239,24.3
2025-10-09 23:55:07,-111.1837,41.2264, 117.0,15596,-67.0,-87.6,-82.9,  4,  8, 0.00,239,24.4
2025-10-09 23:55:08,-111.1835,41.2265, 116.9,15601,-67.0,-87.6,-82.8,  4,  8, 0.00,238,24.3
2025-10-09 23:55:09,-111.1833,41.2266, 116.8,15605,-67.0,-87.6,-82.8,  4,  8, 0.00,238,24.3
2025-10-09 23:55:10,-111.1830,41.2267, 116.8,15609,-67.0,-87.5,-82.8,  4,  8, 0.00,238,24.3
2025-10-09 23:55:11,-111.1828,41.2269, 116.7,15614,-67.0,-87.5,-82.7,  4,  8, 0.00,238,24.2
2025-10-09 23:55:12,-111.1825,41.2270, 116.6,15618,-67.0,-87.5,-82.7,  4,  8, 0.00,238,24.2
2025-10-09 23:55:13,-111.1823,41.2271, 116.5,15622,-66.9,-87.4,-82.7,  4,  8, 0.00,238,24.2
2025-10-09 23:55:14,-111.1821,41.2272, 116.4,15626,-66.9,-87.4,-82.7,  4,  9, 0.00,238,24.2
2025-10-09 23:55:15,-111.1818,41.2273, 116.4,15630,-66.9,-87.4,-82.6,  4,  9, 0.00,237,24.1
2025-10-09 23:55:16,-111.1816,41.2274, 116.3,15634,-66.9,-87.4,-82.6,  5,  9, 0.00,237,24.1
2025-10-09 23:55:17,-111.1813,41.2276, 116.2,15638,-66.9,-87.3,-82.6,  5,  9, 0.00,237,24.1
2025-10-09 23:55:18,-111.1811,41.2277, 116.1,15642,-66.9,-87.3,-82.5,  5,  9, 0.00,237,24.0
2025-10-09 23:55:19,-111.1809,41.2278, 116.1,15646,-66.9,-87.3,-82.5,  5,  9, 0.00,237,24.0
2025-10-09 23:55:20,-111.1806,41.2279, 116.0,15650,-66.9,-87.2,-82.5,  5,  9, 0.00,237,24.0
2025-10-09 23:55:21,-111.1804,41.2280, 115.9,15654,-66.9,-87.2,-82.5,  5,  9, 0.00,237,24.0
2025-10-09 23:55:22,-111.1801,41.2281, 115.8,15658,-66.9,-87.2,-82.4,  5,  9, 0.00,236,23.9
2025-10-09 23:55:23,-111.1799,41.2283, 115.7,15662,-66.9,-87.1,-82.4,  5,  9, 0.00,236,23.9
2025-10-09 23:55:24,-111.1797,41.2283, 115.7,15666,-66.9,-87.1,-82.4,  5,  9, 0.00,236,23.9
2025-10-09 23:55:25,-111.1794,41.2285, 115.6,15668,-66.9,-87.1,-82.3,  5,  9, 0.00,236,23.9
2025-10-09 23:55:26,-111.1792,41.2286, 115.5,15674,-66.8,-87.2,-82.4,  5,  9, 0.00,236,23.8
2025-10-09 23:55:27,-111.1789,41.2287, 115.4,15678,-66.8,-87.2,-82.4,  5,  9, 0.00,236,23.8
2025-10-09 23:55:28,-111.1786,41.2289, 115.4,15682,-66.8,-87.3,-82.5,  5,  9, 0.00,236,24.0
2025-10-09 23:55:29,-111.1784,41.2290, 115.3,15686,-66.8,-87.3,-82.5,  4,  9, 0.00,236,24.2
2025-10-09 23:55:30,-111.1781,41.2291, 115.2,15690,-66.8,-87.3,-82.6,  4,  8, 0.00,236,24.5
2025-10-09 23:55:31,-111.1778,41.2292, 115.1,15695,-66.8,-87.4,-82.6,  4,  8, 0.00,236,24.7
2025-10-09 23:55:32,-111.1776,41.2294, 115.0,15699,-66.8,-87.4,-82.7,  4,  8, 0.00,236,24.9
2025-10-09 23:55:33,-111.1773,41.2295, 115.0,15703,-66.8,-87.5,-82.7,  4,  8, 0.00,236,25.1
2025-10-09 23:55:34,-111.1770,41.2296, 114.9,15706,-66.8,-87.5,-82.8,  4,  8, 0.00,236,25.3
2025-10-09 23:55:35,-111.1767,41.2298, 114.8,15710,-66.7,-87.6,-82.8,  4,  8, 0.00,236,25.5
2025-10-09 23:55:36,-111.1765,41.2299, 114.7,15714,-66.7,-87.6,-82.9,  4,  8, 0.00,236,25.8
2025-10-09 23:55:37,-111.1762,41.2300, 114.7,15718,-66.7,-87.7,-82.9,  4,  8, 0.00,236,26.0
2025-10-09 23:55:38,-111.1759,41.2301, 114.6,15723,-66.7,-87.7,-83.0,  4,  8, 0.00,236,26.2
2025-10-09 23:55:39,-111.1757,41.2303, 114.5,15727,-66.7,-87.7,-82.9,  4,  8, 0.00,236,26.4
2025-10-09 23:55:40,-111.1754,41.2304, 114.4,15731,-66.6,-87.7,-82.9,  4,  8, 0.00,236,26.6
2025-10-09 23:55:41,-111.1751,41.2305, 114.4,15735,-66.6,-87.6,-82.9,  4,  8, 0.00,236,26.9
2025-10-09 23:55:42,-111.1749,41.2307, 114.3,15739,-66.6,-87.6,-82.9,  4,  8, 0.00,236,27.1
2025-10-09 23:55:43,-111.1746,41.2308, 114.2,15743,-66.6,-87.6,-82.8,  4,  8, 0.00,236,27.3
2025-10-09 23:55:44,-111.1743,41.2309, 114.1,15747,-66.6,-87.6,-82.8,  4,  8, 0.00,236,27.5
2025-10-09 23:55:45,-111.1741,41.2310, 114.0,15751,-66.6,-87.5,-82.8,  4,  8, 0.00,236,27.7
2025-10-09 23:55:46,-111.1738,41.2312, 114.0,15755,-66.5,-87.5,-82.7,  4,  8, 0.00,236,27.9
2025-10-09 23:55:47,-111.1735,41.2313, 113.9,15759,-66.5,-87.5,-82.7,  4,  8, 0.00,236,28.2
2025-10-09 23:55:48,-111.1732,41.2314, 113.8,15764,-66.5,-87.4,-82.7,  4,  8, 0.00,236,28.1
2025-10-09 23:55:49,-111.1730,41.2315, 113.7,15768,-66.5,-87.4,-82.7,  4,  8, 0.00,237,27.9
2025-10-09 23:55:50,-111.1727,41.2317, 113.7,15772,-66.5,-87.4,-82.6,  4,  8, 0.00,237,27.8
2025-10-09 23:55:51,-111.1724,41.2318, 113.6,15776,-66.5,-87.4,-82.6,  4,  8, 0.00,237,27.7
2025-10-09 23:55:52,-111.1722,41.2319, 113.5,15780,-66.4,-87.3,-82.6,  4,  8, 0.00,237,27.6
2025-10-09 23:55:53,-111.1719,41.2321, 113.4,15784,-66.4,-87.3,-82.6,  4,  8, 0.00,238,27.5
2025-10-09 23:55:54,-111.1716,41.2322, 113.3,15789,-66.4,-87.3,-82.6,  4,  8, 0.00,238,27.4
2025-10-09 23:55:55,-111.1714,41.2323, 113.3,15793,-66.4,-87.3,-82.5,  4,  8, 0.00,238,27.3
2025-10-09 23:55:56,-111.1711,41.2324, 113.2,15797,-66.4,-87.3,-82.5,  4,  8, 0.00,238,27.2
2025-10-09 23:55:57,-111.1709,41.2325, 113.1,15801,-66.4,-87.3,-82.5,  4,  8, 0.00,239,27.1
2025-10-09 23:55:58,-111.1706,41.2326, 113.0,15806,-66.3,-87.2,-82.5,  4,  8, 0.00,239,26.9
2025-10-09 23:55:59,-111.1703,41.2327, 113.0,15810,-66.3,-87.2,-82.5,  4,  8, 0.00,239,26.8
2025-10-09 23:56:00,-111.1701,41.2328, 112.9,15814,-66.3,-87.2,-82.5,  4,  8, 0.00,239,26.7
2025-10-09 23:56:01,-111.1698,41.2329, 112.8,15818,-66.3,-87.2,-82.4,  4,  8, 0.00,240,26.6
2025-10-09 23:56:02,-111.1696,41.2329, 112.7,15823,-66.3,-87.2,-82.4,  4,  8, 0.00,240,26.5
2025-10-09 23:56:03,-111.1693,41.2330, 112.6,15827,-66.3,-87.2,-82.4,  4,  8, 0.00,240,26.4
2025-10-09 23:56:04,-111.1691,41.2331, 112.5,15832,-66.3,-87.2,-82.4,  4,  8, 0.00,240,26.3
2025-10-09 23:56:05,-111.1688,41.2332, 112.5,15836,-66.3,-87.2,-82.4,  4,  8, 0.00,241,26.2
2025-10-09 23:56:06,-111.1685,41.2333, 112.4,15840,-66.3,-87.2,-82.4,  4,  8, 0.00,241,26.1
2025-10-09 23:56:07,-111.1683,41.2334, 112.3,15845,-66.3,-87.2,-82.4,  4,  8, 0.00,241,26.0
2025-10-09 23:56:08,-111.1680,41.2335, 112.2,15849,-66.2,-87.2,-82.5,  4,  8, 0.00,241,25.7
2025-10-09 23:56:09,-111.1678,41.2336, 112.1,15853,-66.2,-87.3,-82.5,  4,  8, 0.00,242,25.5
2025-10-09 23:56:10,-111.1675,41.2337, 112.1,15857,-66.2,-87.3,-82.5,  4,  8, 0.00,242,25.2
2025-10-09 23:56:11,-111.1672,41.2338, 112.0,15862,-66.2,-87.3,-82.6,  4,  8, 0.00,242,24.9
2025-10-09 23:56:12,-111.1670,41.2339, 111.9,15867,-66.2,-87.4,-82.6,  4,  8, 0.00,242,24.6
2025-10-09 23:56:13,-111.1667,41.2340, 111.8,15870,-66.2,-87.4,-82.6,  4,  8, 0.00,242,24.4
2025-10-09 23:56:14,-111.1665,41.2341, 111.8,15874,-66.2,-87.4,-82.7,  4,  8, 0.00,243,24.2
2025-10-09 23:56:15,-111.1662,41.2341, 111.7,15879,-66.2,-87.5,-82.7,  4,  8, 0.00,243,23.9
2025-10-09 23:56:16,-111.1660,41.2342, 111.6,15883,-66.2,-87.5,-82.8,  4,  8, 0.00,243,23.6
2025-10-09 23:56:17,-111.1657,41.2343, 111.5,15887,-66.2,-87.6,-82.8,  4,  8, 0.00,243,23.4
2025-10-09 23:56:18,-111.1655,41.2344, 111.4,15891,-66.3,-87.6,-82.9,  4,  7, 0.00,244,23.1
2025-10-09 23:56:19,-111.1652,41.2345, 111.4,15896,-66.3,-87.6,-82.9,  4,  7, 0.00,244,22.9
2025-10-09 23:56:20,-111.1650,41.2346, 111.3,15900,-66.3,-87.7,-82.9,  4,  7, 0.00,244,22.6
2025-10-09 23:56:21,-111.1647,41.2347, 111.2,15904,-66.3,-87.7,-82.9,  4,  7, 0.00,244,22.4
2025-10-09 23:56:22,-111.1645,41.2348, 111.1,15908,-66.3,-87.7,-82.9,  4,  7, 0.00,245,22.1
2025-10-09 23:56:23,-111.1643,41.2349, 111.0,15912,-66.3,-87.7,-82.9,  4,  7, 0.00,245,21.8
2025-10-09 23:56:24,-111.1641,41.2349, 111.0,15917,-66.3,-87.7,-82.9,  4,  7, 0.00,245,21.6
2025-10-09 23:56:25,-111.1639,41.2350, 110.9,15921,-66.3,-87.7,-83.0,  4,  7, 0.00,246,21.3
2025-10-09 23:56:26,-111.1637,41.2351, 110.8,15926,-66.3,-87.7,-83.0,  4,  7, 0.00,246,21.1
2025-10-09 23:56:27,-111.1634,41.2352, 110.7,15930,-66.3,-87.7,-83.0,  4,  7, 0.00,246,20.8
2025-10-09 23:56:28,-111.1632,41.2353, 110.7,15934,-66.4,-87.7,-83.0,  4,  7, 0.00,246,20.8
2025-10-09 23:56:29,-111.1630,41.2353, 110.6,15939,-66.4,-87.8,-83.0,  4,  7, 0.00,246,20.8
2025-10-09 23:56:30,-111.1628,41.2354, 110.5,15943,-66.4,-87.8,-83.0,  4,  7, 0.00,246,20.8
2025-10-09 23:56:31,-111.1626,41.2355, 110.4,15947,-66.4,-87.8,-83.0,  4,  7, 0.00,246,20.8
2025-10-09 23:56:32,-111.1624,41.2356, 110.3,15952,-66.4,-87.8,-83.0,  4,  7, 0.00,245,20.8
2025-10-09 23:56:33,-111.1621,41.2357, 110.3,15956,-66.4,-87.9,-83.1,  4,  7, 0.00,245,20.8
2025-10-09 23:56:34,-111.1619,41.2357, 110.2,15960,-66.4,-88.0,-83.2,  4,  7, 0.00,245,20.8
2025-10-09 23:56:35,-111.1617,41.2358, 110.1,15965,-66.4,-88.0,-83.3,  4,  7, 0.00,245,20.8
2025-10-09 23:56:36,-111.1615,41.2359, 110.0,15969,-66.4,-88.1,-83.3,  4,  7, 0.00,245,20.8
2025-10-09 23:56:37,-111.1613,41.2360, 109.9,15974,-66.5,-88.2,-83.4,  4,  7, 0.00,245,20.8
2025-10-09 23:56:38,-111.1611,41.2361, 109.9,15978,-66.5,-88.3,-83.5,  4,  7, 0.00,245,20.8
2025-10-09 23:56:39,-111.1608,41.2362, 109.8,15982,-66.5,-88.3,-83.6,  4,  7, 0.00,245,20.8
2025-10-09 23:56:40,-111.1606,41.2362, 109.7,15987,-66.5,-88.4,-83.6,  4,  7, 0.00,245,20.8
2025-10-09 23:56:41,-111.1604,41.2363, 109.6,15991,-66.5,-88.5,-83.7,  4,  7, 0.00,244,20.8
2025-10-09 23:56:42,-111.1602,41.2364, 109.5,15995,-66.5,-88.6,-83.8,  3,  7, 0.00,244,20.8
2025-10-09 23:56:43,-111.1600,41.2365, 109.5,16000,-66.5,-88.6,-83.9,  3,  6, 0.00,244,20.8
2025-10-09 23:56:44,-111.1598,41.2366, 109.4,16004,-66.5,-88.7,-84.0,  3,  6, 0.00,244,20.8
2025-10-09 23:56:45,-111.1595,41.2366, 109.3,16009,-66.5,-88.8,-84.0,  3,  6, 0.00,244,20.8
2025-10-09 23:56:46,-111.1593,41.2367, 109.2,16013,-66.5,-88.8,-84.0,  3,  6, 0.00,244,20.8
2025-10-09 23:56:47,-111.1591,41.2368, 109.1,16017,-66.5,-88.7,-84.0,  3,  6, 0.00,244,20.8
2025-10-09 23:56:48,-111.1589,41.2369, 109.1,16022,-66.5,-88.7,-83.9,  3,  6, 0.00,243,20.8
2025-10-09 23:56:49,-111.1587,41.2370, 109.0,16026,-66.5,-88.6,-83.9,  3,  7, 0.00,243,20.8
2025-10-09 23:56:50,-111.1585,41.2370, 108.9,16031,-66.6,-88.6,-83.8,  3,  7, 0.00,243,20.8
2025-10-09 23:56:51,-111.1582,41.2371, 108.8,16035,-66.6,-88.6,-83.8,  3,  7, 0.00,243,20.8
2025-10-09 23:56:52,-111.1580,41.2372, 108.7,16041,-66.6,-88.5,-83.8,  4,  7, 0.00,242,20.8
2025-10-09 23:56:53,-111.1578,41.2373, 108.7,16044,-66.6,-88.5,-83.7,  4,  7, 0.00,242,20.8
2025-10-09 23:56:54,-111.1576,41.2374, 108.6,16048,-66.6,-88.4,-83.7,  4,  7, 0.00,242,20.8
2025-10-09 23:56:55,-111.1574,41.2374, 108.5,16053,-66.6,-88.4,-83.6,  4,  7, 0.00,242,20.8
2025-10-09 23:56:56,-111.1572,41.2375, 108.4,16057,-66.6,-88.4,-83.6,  4,  7, 0.00,242,20.8
2025-10-09 23:56:57,-111.1570,41.2376, 108.4,16061,-66.6,-88.3,-83.6,  4,  7, 0.00,241,20.8
2025-10-09 23:56:58,-111.1568,41.2377, 108.3,16066,-66.6,-88.3,-83.5,  4,  7, 0.00,241,20.9
2025-10-09 23:56:59,-111.1566,41.2378, 108.2,16070,-66.6,-88.2,-83.5,  4,  7, 0.00,241,20.9
2025-10-09 23:57:00,-111.1564,41.2379, 108.1,16074,-66.5,-88.2,-83.4,  4,  7, 0.00,241,20.9
2025-10-09 23:57:01,-111.1561,41.2381, 108.0,16079,-66.5,-88.1,-83.4,  4,  7, 0.00,240,20.9
2025-10-09 23:57:02,-111.1560,41.2382, 108.0,16083,-66.5,-88.1,-83.3,  4,  7, 0.00,240,20.9
2025-10-09 23:57:03,-111.1557,41.2383, 107.9,16088,-66.5,-88.0,-83.3,  4,  7, 0.00,240,20.9
2025-10-09 23:57:04,-111.1556,41.2384, 107.8,16092,-66.5,-88.0,-83.2,  4,  7, 0.00,240,20.9
2025-10-09 23:57:05,-111.1553,41.2385, 107.7,16097,-66.5,-88.0,-83.2,  4,  7, 0.00,239,20.9
2025-10-09 23:57:06,-111.1552,41.2386, 107.6,16101,-66.5,-87.9,-83.2,  4,  7, 0.00,239,20.9
2025-10-09 23:57:07,-111.1549,41.2387, 107.6,16106,-66.5,-87.9,-83.1,  4,  7, 0.00,239,21.0
2025-10-09 23:57:08,-111.1548,41.2388, 107.5,16111,-66.5,-87.8,-83.1,  4,  7, 0.00,239,21.0
2025-10-09 23:57:09,-111.1546,41.2389, 107.4,16115,-66.5,-87.8,-83.0,  4,  8, 0.00,238,21.0
2025-10-09 23:57:10,-111.1544,41.2390, 107.3,16120,-66.5,-87.8,-83.0,  4,  8, 0.00,238,21.0
2025-10-09 23:57:11,-111.1542,41.2391, 107.2,16125,-66.5,-87.7,-83.0,  4,  8, 0.00,237,21.0
2025-10-09 23:57:12,-111.1540,41.2392, 107.1,16129,-66.5,-87.7,-83.0,  4,  8, 0.00,237,21.0
2025-10-09 23:57:13,-111.1538,41.2394, 107.1,16134,-66.5,-87.8,-83.0,  4,  8, 0.00,237,21.0
2025-10-09 23:57:14,-111.1535,41.2395, 107.0,16139,-66.5,-87.8,-83.0,  4,  8, 0.00,236,21.0
2025-10-09 23:57:15,-111.1534,41.2396, 106.9,16143,-66.5,-87.8,-83.1,  4,  7, 0.00,236,21.0
2025-10-09 23:57:16,-111.1531,41.2397, 106.8,16148,-66.5,-87.9,-83.1,  4,  7, 0.00,236,21.0
2025-10-09 23:57:17,-111.1530,41.2398, 106.7,16152,-66.5,-87.9,-83.1,  4,  7, 0.00,235,21.1
2025-10-09 23:57:18,-111.1527,41.2399, 106.7,16157,-66.5,-87.9,-83.2,  4,  7, 0.00,235,21.1
2025-10-09 23:57:19,-111.1525,41.2400, 106.6,16161,-66.5,-88.0,-83.2,  4,  7, 0.00,235,21.1
2025-10-09 23:57:20,-111.1523,41.2401, 106.5,16166,-66.6,-88.0,-83.3,  4,  7, 0.00,234,21.1
2025-10-09 23:57:21,-111.1521,41.2402, 106.4,16170,-66.6,-88.1,-83.3,  4,  7, 0.00,234,21.1
2025-10-09 23:57:22,-111.1519,41.2403, 106.3,16175,-66.6,-88.1,-83.4,  4,  7, 0.00,233,21.1
2025-10-09 23:57:23,-111.1517,41.2404, 106.3,16179,-66.6,-88.2,-83.4,  4,  7, 0.00,233,21.2
2025-10-09 23:57:24,-111.1515,41.2406, 106.2,16184,-66.6,-88.2,-83.5,  4,  7, 0.00,233,21.2
2025-10-09 23:57:25,-111.1513,41.2407, 106.1,16188,-66.6,-88.3,-83.5,  4,  7, 0.00,232,21.2
2025-10-09 23:57:26,-111.1512,41.2408, 106.0,16192,-66.6,-88.3,-83.5,  4,  7, 0.00,232,21.2
2025-10-09 23:57:27,-111.1510,41.2409, 105.9,16197,-66.6,-88.3,-83.6,  4,  7, 0.00,232,21.2
2025-10-09 23:57:28,-111.1508,41.2411, 105.9,16202,-66.6,-88.4,-83.6,  4,  7, 0.00,231,21.2
2025-10-09 23:57:29,-111.1506,41.2412, 105.8,16206,-66.6,-88.4,-83.7,  4,  7, 0.00,231,21.1
2025-10-09 23:57:30,-111.1504,41.2413, 105.7,16211,-66.6,-88.4,-83.7,  4,  7, 0.00,231,21.1
2025-10-09 23:57:31,-111.1502,41.2415, 105.6,16216,-66.7,-88.5,-83.7,  4,  7, 0.00,231,21.0
2025-10-09 23:57:32,-111.1500,41.2416, 105.5,16220,-66.7,-88.5,-83.8,  4,  7, 0.00,231,21.0
2025-10-09 23:57:33,-111.1498,41.2417, 105.5,16225,-66.7,-88.6,-83.8,  4,  7, 0.00,231,20.9
2025-10-09 23:57:34,-111.1496,41.2419, 105.4,16230,-66.7,-88.6,-83.9,  4,  7, 0.00,230,20.9
2025-10-09 23:57:35,-111.1494,41.2420, 105.3,16234,-66.7,-88.7,-83.9,  3,  7, 0.00,230,20.8
2025-10-09 23:57:36,-111.1492,41.2421, 105.2,16239,-66.7,-88.7,-83.9,  3,  7, 0.00,230,20.7
2025-10-09 23:57:37,-111.1490,41.2422, 105.1,16244,-66.7,-88.7,-84.0,  3,  7, 0.00,230,20.7
2025-10-09 23:57:38,-111.1488,41.2424, 105.0,16249,-66.8,-88.8,-84.0,  3,  7, 0.00,230,20.6
2025-10-09 23:57:39,-111.1486,41.2425, 105.0,16253,-66.8,-88.7,-84.0,  3,  7, 0.00,229,20.6
2025-10-09 23:57:40,-111.1484,41.2426, 104.9,16258,-66.8,-88.7,-84.0,  3,  7, 0.00,229,20.5
2025-10-09 23:57:41,-111.1482,41.2428, 104.8,16263,-66.8,-88.7,-84.0,  4,  7, 0.00,229,20.5
2025-10-09 23:57:42,-111.1480,41.2429, 104.7,16267,-66.8,-88.7,-83.9,  4,  7, 0.00,229,20.4
2025-10-09 23:57:43,-111.1478,41.2430, 104.6,16272,-66.8,-88.7,-83.9,  4,  7, 0.00,229,20.4
2025-10-09 23:57:44,-111.1476,41.2432, 104.6,16277,-66.9,-88.7,-83.9,  4,  7, 0.00,228,20.3
2025-10-09 23:57:45,-111.1474,41.2433, 104.5,16281,-66.9,-88.7,-83.9,  4,  7, 0.00,228,20.3
2025-10-09 23:57:46,-111.1472,41.2434, 104.4,16286,-66.9,-88.7,-83.9,  4,  7, 0.00,228,20.2
2025-10-09 23:57:47,-111.1471,41.2436, 104.3,16291,-66.9,-88.6,-83.9,  4,  7, 0.00,228,20.2
2025-10-09 23:57:48,-111.1469,41.2437, 104.2,16295,-66.9,-88.6,-83.9,  4,  7, 0.00,228,20.4
2025-10-09 23:57:49,-111.1467,41.2438, 104.2,16300,-66.9,-88.6,-83.9,  4,  7, 0.00,227,20.5
2025-10-09 23:57:50,-111.1465,41.2440, 104.1,16304,-67.0,-88.6,-83.8,  4,  7, 0.00,227,20.7
2025-10-09 23:57:51,-111.1463,41.2441, 104.0,16309,-67.0,-88.6,-83.8,  4,  7, 0.00,227,20.9
2025-10-09 23:57:52,-111.1461,41.2442, 103.9,16313,-67.0,-88.6,-83.9,  4,  7, 0.00,227,21.1
2025-10-09 23:57:53,-111.1459,41.2444, 103.8,16318,-67.0,-88.6,-83.9,  4,  7, 0.00,227,21.2
2025-10-09 23:57:54,-111.1457,41.2445, 103.8,16322,-67.0,-88.7,-83.9,  4,  7, 0.00,227,21.4
2025-10-09 23:57:55,-111.1455,41.2446, 103.7,16327,-67.0,-88.7,-83.9,  4,  7, 0.00,227,21.6
2025-10-09 23:57:56,-111.1453,41.2448, 103.6,16331,-67.1,-88.7,-83.9,  4,  7, 0.00,227,21.8
2025-10-09 23:57:57,-111.1451,41.2449, 103.5,16336,-67.1,-88.7,-84.0,  4,  7, 0.00,227,21.9
2025-10-09 23:57:58,-111.1449,41.2450, 103.5,16340,-67.1,-88.7,-84.0,  4,  7, 0.00,227,22.1
2025-10-09 23:57:59,-111.1447,41.2452, 103.4,16345,-67.1,-88.8,-84.0,  4,  7, 0.00,226,22.3
2025-10-09 23:58:00,-111.1445,41.2453, 103.3,16349,-67.1,-88.8,-84.0,  4,  7, 0.00,226,22.5
2025-10-09 23:58:01,-111.1443,41.2454, 103.2,16354,-67.1,-88.8,-84.0,  4,  7, 0.00,226,22.7
2025-10-09 23:58:02,-111.1441,41.2456, 103.2,16358,-67.2,-88.8,-84.0,  4,  7, 0.00,226,22.8
2025-10-09 23:58:03,-111.1440,41.2457, 103.1,16363,-67.2,-88.8,-84.1,  4,  7, 0.00,226,23.0
2025-10-09 23:58:04,-111.1438,41.2458, 103.0,16367,-67.2,-88.8,-84.1,  4,  7, 0.00,226,23.2
2025-10-09 23:58:05,-111.1436,41.2460, 102.9,16372,-67.2,-88.9,-84.1,  4,  7, 0.00,226,23.4
2025-10-09 23:58:06,-111.1434,41.2461, 102.8,16376,-67.2,-88.9,-84.1,  4,  7, 0.00,226,23.5
2025-10-09 23:58:07,-111.1432,41.2462, 102.8,16381,-67.3,-88.9,-84.1,  4,  7, 0.00,226,23.7
2025-10-09 23:58:08,-111.1430,41.2464, 102.7,16385,-67.3,-88.9,-84.1,  4,  7, 0.00,226,23.6
2025-10-09 23:58:09,-111.1428,41.2465, 102.6,16390,-67.3,-88.9,-84.1,  4,  7, 0.00,226,23.4
2025-10-09 23:58:10,-111.1426,41.2466, 102.5,16394,-67.3,-88.9,-84.1,  4,  7, 0.00,226,23.3
2025-10-09 23:58:11,-111.1424,41.2467, 102.5,16399,-67.3,-88.9,-84.1,  4,  7, 0.00,226,23.1
2025-10-09 23:58:12,-111.1422,41.2469, 102.4,16404,-67.4,-88.9,-84.1,  4,  7, 0.00,226,23.0
2025-10-09 23:58:13,-111.1420,41.2470, 102.3,16408,-67.4,-88.9,-84.1,  4,  7, 0.00,226,22.9
2025-10-09 23:58:14,-111.1418,41.2471, 102.2,16413,-67.4,-88.9,-84.1,  4,  7, 0.00,226,22.7
2025-10-09 23:58:15,-111.1416,41.2473, 102.2,16417,-67.4,-88.9,-84.1,  4,  7, 0.00,226,22.6
2025-10-09 23:58:16,-111.1415,41.2474, 102.1,16421,-67.4,-88.9,-84.1,  4,  7, 0.00,227,22.4
2025-10-09 23:58:17,-111.1412,41.2476, 102.0,16425,-67.4,-88.9,-84.1,  4,  7, 0.00,227,22.3
2025-10-09 23:58:18,-111.1411,41.2477, 101.9,16430,-67.4,-88.9,-84.1,  4,  7, 0.00,227,22.1
2025-10-09 23:58:19,-111.1409,41.2478, 101.9,16433,-67.4,-88.9,-84.1,  4,  7, 0.00,227,22.0
2025-10-09 23:58:20,-111.1407,41.2479, 101.8,16438,-67.4,-88.9,-84.1,  4,  7, 0.00,227,21.9
2025-10-09 23:58:21,-111.1405,41.2481, 101.7,16442,-67.5,-88.9,-84.1,  4,  7, 0.00,227,21.7
2025-10-09 23:58:22,-111.1403,41.2482, 101.6,16447,-67.5,-88.9,-84.2,  4,  7, 0.00,227,21.6
2025-10-09 23:58:23,-111.1401,41.2483, 101.6,16452,-67.5,-88.9,-84.2,  4,  7, 0.00,227,21.4
2025-10-09 23:58:24,-111.1399,41.2485, 101.5,16457,-67.5,-88.9,-84.2,  4,  7, 0.00,227,21.3
2025-10-09 23:58:25,-111.1397,41.2486, 101.4,16463,-67.5,-89.0,-84.2,  4,  7, 0.00,227,21.2
2025-10-09 23:58:26,-111.1395,41.2487, 101.3,16468,-67.5,-89.0,-84.2,  4,  7, 0.00,228,21.0
2025-10-09 23:58:27,-111.1393,41.2489, 101.2,16473,-67.5,-89.0,-84.2,  4,  7, 0.00,228,20.9
2025-10-09 23:58:28,-111.1391,41.2490, 101.1,16477,-67.5,-89.0,-84.2,  4,  7, 0.00,228,20.9
2025-10-09 23:58:29,-111.1390,41.2491, 101.1,16482,-67.5,-89.0,-84.2,  4,  7, 0.00,228,20.9
2025-10-09 23:58:30,-111.1388,41.2492, 101.0,16487,-67.6,-89.0,-84.3,  4,  7, 0.00,228,20.9
2025-10-09 23:58:31,-111.1386,41.2493, 100.9,16491,-67.6,-89.0,-84.3,  4,  7, 0.00,229,20.9
2025-10-09 23:58:32,-111.1384,41.2495, 100.8,16496,-67.6,-89.0,-84.2,  4,  7, 0.00,229,20.9
2025-10-09 23:58:33,-111.1382,41.2496, 100.7,16501,-67.6,-88.9,-84.2,  4,  7, 0.00,229,20.9
2025-10-09 23:58:34,-111.1380,41.2497, 100.7,16505,-67.6,-88.9,-84.1,  4,  7, 0.00,229,20.9
2025-10-09 23:58:35,-111.1378,41.2498, 100.6,16510,-67.6,-88.8,-84.1,  4,  7, 0.00,229,20.9
2025-10-09 23:58:36,-111.1376,41.2499, 100.5,16515,-67.6,-88.8,-84.0,  4,  7, 0.00,230,20.9
2025-10-09 23:58:37,-111.1374,41.2500, 100.4,16520,-67.6,-88.7,-83.9,  4,  8, 0.00,230,20.9
2025-10-09 23:58:38,-111.1372,41.2501, 100.3,16524,-67.6,-88.7,-83.9,  4,  8, 0.00,230,20.9
2025-10-09 23:58:39,-111.1370,41.2502, 100.3,16529,-67.6,-88.6,-83.8,  4,  8, 0.00,230,20.9
2025-10-09 23:58:40,-111.1368,41.2504, 100.2,16533,-67.6,-88.5,-83.8,  4,  8, 0.00,230,20.9
2025-10-09 23:58:41,-111.1365,41.2505, 100.1,16539,-67.6,-88.5,-83.7,  4,  8, 0.00,231,20.9
2025-10-09 23:58:42,-111.1364,41.2506, 100.0,16545,-67.6,-88.4,-83.6,  4,  8, 0.00,231,20.9
2025-10-09 23:58:43,-111.1362,41.2507,  99.9,16549,-67.6,-88.4,-83.6,  4,  8, 0.00,231,20.9
2025-10-09 23:58:44,-111.1360,41.2508,  99.9,16554,-67.6,-88.3,-83.5,  4,  8, 0.00,231,20.9
2025-10-09 23:58:45,-111.1358,41.2509,  99.8,16559,-67.6,-88.3,-83.5,  4,  8, 0.00,231,20.9
2025-10-09 23:58:46,-111.1356,41.2511,  99.7,16564,-67.6,-88.3,-83.5,  4,  8, 0.00,232,20.9
2025-10-09 23:58:47,-111.1354,41.2512,  99.6,16569,-67.6,-88.3,-83.5,  4,  8, 0.00,232,21.0
2025-10-09 23:58:48,-111.1352,41.2513,  99.5,16574,-67.6,-88.3,-83.5,  4,  8, 0.00,232,21.0
2025-10-09 23:58:49,-111.1350,41.2514,  99.4,16579,-67.6,-88.3,-83.5,  4,  8, 0.00,232,21.0
2025-10-09 23:58:50,-111.1348,41.2515,  99.4,16584,-67.6,-88.3,-83.5,  4,  8, 0.00,232,21.0
2025-10-09 23:58:51,-111.1346,41.2516,  99.3,16589,-67.6,-88.3,-83.5,  4,  8, 0.00,232,21.0
2025-10-09 23:58:52,-111.1343,41.2518,  99.2,16594,-67.6,-88.3,-83.5,  4,  8, 0.00,232,21.1
2025-10-09 23:58:53,-111.1342,41.2519,  99.1,16601,-67.6,-88.3,-83.5,  4,  8, 0.00,232,21.1
2025-10-09 23:58:54,-111.1340,41.2520,  99.0,16604,-67.6,-88.3,-83.5,  4,  8, 0.00,232,21.1
2025-10-09 23:58:55,-111.1338,41.2521,  99.0,16609,-67.6,-88.3,-83.6,  4,  8, 0.00,232,21.1
2025-10-09 23:58:56,-111.1336,41.2522,  98.9,16614,-67.6,-88.3,-83.6,  4,  8, 0.00,232,21.2
2025-10-09 23:58:57,-111.1334,41.2523,  98.8,16618,-67.6,-88.3,-83.6,  4,  8, 0.00,233,21.2
2025-10-09 23:58:58,-111.1333,41.2524,  98.7,16622,-67.6,-88.3,-83.6,  4,  8, 0.00,233,21.2
2025-10-09 23:58:59,-111.1331,41.2525,  98.7,16627,-67.6,-88.3,-83.6,  4,  8, 0.00,233,21.2
2025-10-09 23:59:00,-111.1329,41.2526,  98.6,16631,-67.6,-88.3,-83.6,  4,  8, 0.00,233,21.3
2025-10-09 23:59:01,-111.1327,41.2527,  98.5,16635,-67.6,-88.4,-83.6,  4,  8, 0.00,233,21.3
2025-10-09 23:59:02,-111.1325,41.2527,  98.4,16639,-67.6,-88.4,-83.6,  4,  8, 0.00,233,21.3
2025-10-09 23:59:03,-111.1324,41.2528,  98.3,16645,-67.6,-88.4,-83.6,  4,  8, 0.00,233,21.3
2025-10-09 23:59:04,-111.1322,41.2529,  98.3,16650,-67.6,-88.4,-83.7,  4,  8, 0.00,233,21.4
2025-10-09 23:59:05,-111.1320,41.2530,  98.2,16655,-67.6,-88.4,-83.7,  4,  8, 0.00,233,21.4
2025-10-09 23:59:06,-111.1318,41.2531,  98.1,16661,-67.6,-88.5,-83.7,  4,  8, 0.00,233,21.4
2025-10-09 23:59:07,-111.1316,41.2532,  98.0,16666,-67.6,-88.5,-83.7,  4,  8, 0.00,233,21.4
2025-10-09 23:59:08,-111.1315,41.2533,  97.9,16671,-67.6,-88.5,-83.7,  4,  8, 0.00,234,21.2
2025-10-09 23:59:09,-111.1313,41.2534,  97.9,16676,-67.6,-88.5,-83.8,  4,  8, 0.00,234,20.9
2025-10-09 23:59:10,-111.1311,41.2534,  97.8,16680,-67.6,-88.5,-83.8,  4,  8, 0.00,234,20.6
2025-10-09 23:59:11,-111.1309,41.2535,  97.7,16685,-67.6,-88.6,-83.8,  4,  8, 0.00,234,20.4
2025-10-09 23:59:12,-111.1307,41.2536,  97.6,16690,-67.6,-88.6,-83.8,  4,  8, 0.00,235,20.1
2025-10-09 23:59:13,-111.1305,41.2537,  97.6,16694,-67.6,-88.6,-83.9,  4,  8, 0.00,235,19.8
2025-10-09 23:59:14,-111.1304,41.2538,  97.5,16699,-67.6,-88.6,-83.8,  4,  8, 0.00,235,19.6
2025-10-09 23:59:15,-111.1302,41.2539,  97.4,16704,-67.6,-88.5,-83.8,  4,  8, 0.00,235,19.3
2025-10-09 23:59:16,-111.1300,41.2540,  97.3,16708,-67.6,-88.5,-83.8,  4,  8, 0.00,236,19.1
2025-10-09 23:59:17,-111.1298,41.2541,  97.3,16713,-67.6,-88.5,-83.7,  4,  8, 0.00,236,18.8
2025-10-09 23:59:18,-111.1296,41.2541,  97.2,16718,-67.6,-88.5,-83.7,  4,  8, 0.00,236,18.5
2025-10-09 23:59:19,-111.1295,41.2542,  97.1,16722,-67.6,-88.4,-83.7,  4,  8, 0.00,236,18.3
2025-10-09 23:59:20,-111.1293,41.2543,  97.0,16727,-67.6,-88.4,-83.6,  4,  8, 0.00,237,18.0
2025-10-09 23:59:21,-111.1291,41.2544,  97.0,16731,-67.6,-88.4,-83.6,  4,  8, 0.00,237,17.8
2025-10-09 23:59:22,-111.1289,41.2545,  96.9,16736,-67.6,-88.3,-83.6,  4,  8, 0.00,237,17.5
2025-10-09 23:59:23,-111.1287,41.2546,  96.8,16740,-67.6,-88.3,-83.5,  4,  8, 0.00,238,17.2
2025-10-09 23:59:24,-111.1285,41.2547,  96.7,16745,-67.6,-88.3,-83.5,  4,  8, 0.00,238,17.0
2025-10-09 23:59:25,-111.1284,41.2548,  96.7,16750,-67.6,-88.2,-83.5,  4,  8, 0.00,239,16.7
2025-10-09 23:59:26,-111.1282,41.2548,  96.6,16754,-67.7,-88.2,-83.4,  4,  8, 0.00,239,16.5
2025-10-09 23:59:27,-111.1280,41.2549,  96.5,16759,-67.7,-88.2,-83.4,  4,  8, 0.00,239,16.2
2025-10-09 23:59:28,-111.1278,41.2550,  96.4,16764,-67.7,-88.2,-83.4,  4,  8, 0.00,239,16.3
2025-10-09 23:59:29,-111.1277,41.2551,  96.4,16769,-67.7,-88.2,-83.4,  4,  8, 0.00,239,16.4
2025-10-09 23:59:30,-111.1275,41.2552,  96.3,16773,-67.7,-88.2,-83.4,  4,  8, 0.00,239,16.5
2025-10-09 23:59:31,-111.1274,41.2553,  96.2,16778,-67.7,-88.2,-83.4,  4,  8, 0.00,238,16.6
2025-10-09 23:59:32,-111.1272,41.2553,  96.1,16783,-67.7,-88.2,-83.4,  4,  8, 0.00,238,16.7
2025-10-09 23:59:33,-111.1270,41.2554,  96.1,16788,-67.7,-88.2,-83.4,  4,  8, 0.00,238,16.8
2025-10-09 23:59:34,-111.1269,41.2555,  96.0,16792,-67.7,-88.2,-83.4,  4,  8, 0.00,238,16.9
2025-10-09 23:59:35,-111.1267,41.2556,  95.9,16797,-67.7,-88.2,-83.4,  4,  8, 0.00,237,17.1
2025-10-09 23:59:36,-111.1266,41.2557,  95.8,16802,-67.7,-88.2,-83.4,  4,  8, 0.00,237,17.2
2025-10-09 23:59:37,-111.1264,41.2558,  95.8,16806,-67.7,-88.2,-83.4,  4,  8, 0.00,237,17.3
2025-10-09 23:59:38,-111.1262,41.2559,  95.7,16811,-67.7,-88.2,-83.4,  4,  8, 0.00,237,17.4
2025-10-09 23:59:39,-111.1261,41.2559,  95.6,16815,-67.7,-88.2,-83.4,  4,  8, 0.00,236,17.5
2025-10-09 23:59:40,-111.1259,41.2560,  95.6,16819,-67.7,-88.2,-83.4,  4,  8, 0.00,236,17.6
2025-10-09 23:59:41,-111.1257,41.2561,  95.5,16824,-67.7,-88.2,-83.5,  4,  8, 0.00,236,17.7
2025-10-09 23:59:42,-111.1256,41.2562,  95.4,16828,-67.7,-88.3,-83.5,  4,  8, 0.00,236,17.8
2025-10-09 23:59:43,-111.1254,41.2563,  95.3,16833,-67.7,-88.3,-83.5,  4,  8, 0.00,236,17.9
2025-10-09 23:59:44,-111.1253,41.2564,  95.3,16837,-67.8,-88.3,-83.6,  4,  8, 0.00,235,18.0
2025-10-09 23:59:45,-111.1251,41.2564,  95.2,16841,-67.8,-88.4,-83.6,  4,  8, 0.00,235,18.1
2025-10-09 23:59:46,-111.1249,41.2565,  95.1,16846,-67.8,-88.4,-83.7,  4,  8, 0.00,235,18.2
2025-10-09 23:59:47,-111.1248,41.2566,  95.1,16850,-67.8,-88.5,-83.7,  4,  8, 0.00,235,18.3
2025-10-09 23:59:48,-111.1246,41.2567,  95.0,16854,-67.8,-88.5,-83.8,  4,  8, 0.00,235,18.2
2025-10-09 23:59:49,-111.1245,41.2568,  94.9,16859,-67.8,-88.6,-83.8,  4,  8, 0.00,235,18.1
2025-10-09 23:59:50,-111.1243,41.2569,  94.9,16863,-67.8,-88.6,-83.8,  4,  8, 0.00,235,17.9
2025-10-09 23:59:51,-111.1241,41.2569,  94.8,16867,-67.8,-88.6,-83.9,  4,  8, 0.00,234,17.8
2025-10-09 23:59:52,-111.1240,41.2570,  94.7,16871,-67.8,-88.7,-83.9,  4,  8, 0.00,234,17.6
2025-10-09 23:59:53,-111.1238,41.2571,  94.7,16876,-67.8,-88.7,-84.0,  4,  8, 0.00,234,17.5
2025-10-09 23:59:54,-111.1237,41.2572,  94.6,16880,-67.8,-88.8,-84.0,  4,  8, 0.00,234,17.3
2025-10-09 23:59:55,-111.1235,41.2573,  94.5,16884,-67.9,-88.8,-84.0,  4,  8, 0.00,234,17.2
2025-10-09 23:59:56,-111.1233,41.2574,  94.4,16889,-67.9,-88.8,-84.1,  4,  8, 0.00,234,17.0
2025-10-09 23:59:57,-111.1232,41.2575,  94.4,16894,-67.9,-88.9,-84.1,  4,  8, 0.00,234,16.9
2025-10-09 23:59:58,-111.1230,41.2575,  94.3,16898,-67.9,-88.9,-84.1,  4,  8, 0.00,234,16.7
2025-10-09 23:59:59,-111.1229,41.2576,  94.2,16903,-67.9,-88.9,-84.2,  4,  8, 0.00,234,16.6
2025-10-10 00:00:00,-111.1227,41.2577,  94.2,16907,-67.9,-89.0,-84.2,  4,  8, 0.00,234,16.4
2025-10-10 00:00:01,-111.1226,41.2578,  94.1,16912,-67.9,-89.0,-84.2,  4,  7, 0.00,234,16.3
2025-10-10 00:00:02,-111.1224,41.2579,  94.0,16917,-67.9,-89.0,-84.2,  4,  7, 0.00,234,16.2
2025-10-10 00:00:03,-111.1223,41.2580,  93.9,16921,-67.9,-89.0,-84.3,  4,  7, 0.00,233,16.0
2025-10-10 00:00:04,-111.1221,41.2581,  93.9,16925,-67.9,-89.0,-84.3,  4,  7, 0.00,233,15.9
2025-10-10 00:00:05,-111.1219,41.2582,  93.8,16930,-67.9,-89.1,-84.3,  4,  7, 0.00,233,15.7
2025-10-10 00:00:06,-111.1218,41.2583,  93.7,16934,-67.9,-89.1,-84.3,  4,  7, 0.00,233,15.6
2025-10-10 00:00:07,-111.1217,41.2583,  93.7,16939,-67.8,-89.1,-84.3,  4,  7, 0.00,233,15.4
2025-10-10 00:00:08,-111.1215,41.2584,  93.6,16941,-67.8,-89.1,-84.3,  4,  7, 0.00,233,15.5
2025-10-10 00:00:09,-111.1213,41.2585,  93.5,16947,-67.8,-88.9,-84.2,  4,  7, 0.00,233,15.6
2025-10-10 00:00:10,-111.1212,41.2586,  93.5,16951,-67.8,-88.8,-84.0,  4,  8, 0.00,233,15.7
2025-10-10 00:00:11,-111.1210,41.2587,  93.4,16956,-67.8,-88.7,-83.9,  4,  8, 0.00,232,15.8
2025-10-10 00:00:12,-111.1209,41.2588,  93.3,16960,-67.8,-88.6,-83.8,  4,  8, 0.00,232,15.9
2025-10-10 00:00:13,-111.1207,41.2589,  93.3,16964,-67.8,-88.5,-83.7,  4,  8, 0.00,232,16.0
2025-10-10 00:00:14,-111.1206,41.2590,  93.2,16968,-67.8,-88.3,-83.6,  4,  8, 0.00,232,16.1
2025-10-10 00:00:15,-111.1204,41.2591,  93.1,16972,-67.8,-88.2,-83.5,  4,  8, 0.00,232,16.1
2025-10-10 00:00:16,-111.1203,41.2592,  93.1,16977,-67.7,-88.1,-83.3,  4,  9, 0.00,232,16.2
2025-10-10 00:00:17,-111.1201,41.2593,  93.0,16981,-67.7,-88.0,-83.2,  4,  9, 0.00,231,16.3
2025-10-10 00:00:18,-111.1200,41.2594,  92.9,16985,-67.7,-87.9,-83.1,  5,  9, 0.00,231,16.4
2025-10-10 00:00:19,-111.1198,41.2595,  92.9,16989,-67.7,-87.8,-83.0,  5,  9, 0.00,231,16.5
2025-10-10 00:00:20,-111.1197,41.2596,  92.8,16994,-67.6,-87.7,-82.9,  5,  9, 0.00,231,16.6
2025-10-10 00:00:21,-111.1195,41.2596,  92.7,16998,-67.6,-87.5,-82.8,  5,  9, 0.00,231,16.7
2025-10-10 00:00:22,-111.1194,41.2597,  92.7,17002,-67.6,-87.5,-82.7,  5,  9, 0.00,231,16.8
2025-10-10 00:00:23,-111.1192,41.2598,  92.6,17007,-67.6,-87.4,-82.7,  5,  9, 0.00,230,16.9
2025-10-10 00:00:24,-111.1191,41.2599,  92.5,17011,-67.6,-87.4,-82.6,  5,  9, 0.00,230,17.0
2025-10-10 00:00:25,-111.1189,41.2600,  92.5,17015,-67.5,-87.4,-82.6,  5,  9, 0.00,230,17.0
2025-10-10 00:00:26,-111.1188,41.2601,  92.4,17020,-67.5,-87.3,-82.6,  5,  9, 0.00,230,17.1
2025-10-10 00:00:27,-111.1186,41.2602,  92.3,17024,-67.5,-87.3,-82.5,  5,  9, 0.00,230,17.2
2025-10-10 00:00:28,-111.1185,41.2603,  92.3,17028,-67.5,-87.2,-82.5,  5,  9, 0.00,230,17.2
2025-10-10 00:00:29,-111.1183,41.2604,  92.2,17033,-67.4,-87.2,-82.4,  5,  9, 0.00,230,17.1
2025-10-10 00:00:30,-111.1182,41.2605,  92.1,17038,-67.4,-87.1,-82.4,  5, 10, 0.00,230,17.1
2025-10-10 00:00:31,-111.1180,41.2606,  92.1,17042,-67.3,-87.1,-82.3,  5, 10, 0.00,230,17.0
2025-10-10 00:00:32,-111.1179,41.2607,  92.0,17047,-67.3,-87.0,-82.3,  5, 10, 0.00,230,17.0
2025-10-10 00:00:33,-111.1177,41.2608,  91.9,17051,-67.3,-87.0,-82.2,  5, 10, 0.00,230,16.9
2025-10-10 00:00:34,-111.1175,41.2609,  91.9,17056,-67.2,-86.9,-82.2,  5, 10, 0.00,230,16.9
2025-10-10 00:00:35,-111.1174,41.2610,  91.8,17060,-67.2,-86.9,-82.1,  5, 10, 0.00,230,16.8
2025-10-10 00:00:36,-111.1172,41.2611,  91.7,17065,-67.1,-86.9,-82.1,  5, 10, 0.00,230,16.8
2025-10-10 00:00:37,-111.1171,41.2612,  91.7,17069,-67.1,-86.9,-82.1,  5, 10, 0.00,230,16.7
2025-10-10 00:00:38,-111.1169,41.2612,  91.6,17074,-67.1,-86.9,-82.1,  5,  9, 0.00,230,16.7
2025-10-10 00:00:39,-111.1168,41.2613,  91.5,17078,-67.0,-86.9,-82.1,  5,  9, 0.00,230,16.6
2025-10-10 00:00:40,-111.1166,41.2614,  91.5,17083,-67.0,-86.9,-82.1,  5,  9, 0.00,230,16.6
2025-10-10 00:00:41,-111.1165,41.2615,  91.4,17087,-66.9,-86.9,-82.1,  5,  9, 0.00,230,16.5
2025-10-10 00:00:42,-111.1163,41.2616,  91.3,17092,-66.9,-86.9,-82.1,  5,  9, 0.00,230,16.5
2025-10-10 00:00:43,-111.1161,41.2617,  91.3,17096,-66.9,-86.9,-82.1,  5,  9, 0.00,229,16.4
2025-10-10 00:00:44,-111.1160,41.2618,  91.2,17101,-66.8,-86.9,-82.1,  5,  9, 0.00,229,16.4
2025-10-10 00:00:45,-111.1158,41.2619,  91.1,17105,-66.8,-86.9,-82.1,  5,  9, 0.00,229,16.3
2025-10-10 00:00:46,-111.1157,41.2620,  91.1,17109,-66.7,-86.9,-82.1,  5,  9, 0.00,229,16.3
2025-10-10 00:00:47,-111.1155,41.2621,  91.0,17114,-66.7,-86.9,-82.1,  5,  9, 0.00,229,16.2
2025-10-10 00:00:48,-111.1154,41.2622,  90.9,17118,-66.6,-86.9,-82.1,  5,  9, 0.00,230,16.1
2025-10-10 00:00:49,-111.1152,41.2623,  90.8,17123,-66.6,-86.9,-82.1,  5,  9, 0.00,230,16.1
2025-10-10 00:00:50,-111.1150,41.2624,  90.8,17129,-66.5,-86.9,-82.1,  5,  9, 0.00,230,16.1
2025-10-10 00:00:51,-111.1149,41.2625,  90.7,17134,-66.5,-86.9,-82.1,  5,  9, 0.00,230,16.0
2025-10-10 00:00:52,-111.1147,41.2626,  90.6,17140,-66.4,-86.9,-82.1,  5,  9, 0.00,230,16.0
2025-10-10 00:00:53,-111.1146,41.2627,  90.5,17146,-66.4,-86.9,-82.1,  5,  9, 0.00,230,15.9
2025-10-10 00:00:54,-111.1144,41.2628,  90.4,17151,-66.3,-86.9,-82.1,  4,  9, 0.00,231,15.9
2025-10-10 00:00:55,-111.1143,41.2629,  90.4,17156,-66.3,-86.9,-82.2,  4,  8, 0.00,231,15.8
2025-10-10 00:00:56,-111.1141,41.2630,  90.3,17161,-66.2,-86.9,-82.2,  4,  8, 0.00,231,15.8
2025-10-10 00:00:57,-111.1140,41.2630,  90.2,17166,-66.2,-87.0,-82.2,  4,  8, 0.00,231,15.7
2025-10-10 00:00:58,-111.1138,41.2632,  90.1,17171,-66.2,-87.0,-82.2,  4,  8, 0.00,231,15.7
2025-10-10 00:00:59,-111.1137,41.2632,  90.0,17176,-66.2,-87.0,-82.3,  4,  8, 0.00,232,15.6
2025-10-10 00:01:00,-111.1136,41.2632,  90.0,17182,-66.2,-87.1,-82.3,  4,  8, 0.00,232,15.6
2025-10-10 00:01:01,-111.1134,41.2633,  89.9,17188,-66.1,-87.1,-82.3,  4,  8, 0.00,232,15.5
2025-10-10 00:01:02,-111.1133,41.2633,  89.8,17194,-66.1,-87.1,-82.4,  4,  8, 0.00,232,15.5
2025-10-10 00:01:03,-111.1132,41.2634,  89.7,17200,-66.1,-87.2,-82.4,  4,  8, 0.00,232,15.4
2025-10-10 00:01:04,-111.1130,41.2634,  89.6,17205,-66.1,-87.3,-82.5,  4,  8, 0.00,233,15.4
2025-10-10 00:01:05,-111.1129,41.2634,  89.5,17211,-66.0,-87.4,-82.6,  4,  8, 0.00,233,15.3
2025-10-10 00:01:06,-111.1128,41.2635,  89.4,17218,-66.0,-87.4,-82.7,  4,  7, 0.00,233,15.3
2025-10-10 00:01:07,-111.1127,41.2635,  89.3,17224,-66.0,-87.5,-82.8,  4,  7, 0.00,233,15.2
2025-10-10 00:01:08,-111.1125,41.2635,  89.2,17230,-66.0,-87.6,-82.8,  4,  7, 0.00,234,15.1
2025-10-10 00:01:09,-111.1124,41.2636,  89.1,17237,-66.0,-87.7,-82.9,  4,  7, 0.00,234,14.9
2025-10-10 00:01:10,-111.1123,41.2636,  89.1,17243,-66.0,-87.8,-83.0,  4,  7, 0.00,235,14.7
2025-10-10 00:01:11,-111.1121,41.2637,  89.0,17250,-66.0,-87.9,-83.1,  4,  7, 0.00,235,14.6
2025-10-10 00:01:12,-111.1120,41.2637,  88.9,17257,-65.9,-88.0,-83.2,  4,  7, 0.00,236,14.4
2025-10-10 00:01:13,-111.1119,41.2637,  88.8,17264,-65.9,-88.1,-83.3,  3,  7, 0.00,237,14.3
2025-10-10 00:01:14,-111.1118,41.2638,  88.7,17271,-65.9,-88.2,-83.4,  3,  6, 0.00,237,14.1
2025-10-10 00:01:15,-111.1116,41.2638,  88.6,17278,-65.9,-88.3,-83.5,  3,  6, 0.00,238,13.9
2025-10-10 00:01:16,-111.1115,41.2639,  88.4,17285,-65.9,-88.4,-83.7,  3,  6, 0.00,239,13.8
2025-10-10 00:01:17,-111.1114,41.2639,  88.3,17292,-65.9,-88.6,-83.8,  3,  6, 0.00,240,13.6
2025-10-10 00:01:18,-111.1113,41.2639,  88.2,17299,-65.9,-88.7,-84.0,  3,  6, 0.00,240,13.5
2025-10-10 00:01:19,-111.1111,41.2640,  88.2,17305,-65.9,-88.9,-84.1,  3,  6, 0.00,241,13.3
2025-10-10 00:01:20,-111.1110,41.2640,  88.1,17311,-65.9,-89.0,-84.3,  3,  6, 0.00,242,13.2
2025-10-10 00:01:21,-111.1109,41.2640,  88.0,17317,-65.9,-89.2,-84.5,  3,  5, 0.00,243,13.1
2025-10-10 00:01:22,-111.1107,41.2641,  87.9,17323,-65.9,-89.4,-84.6,  3,  5, 0.00,243,12.9
2025-10-10 00:01:23,-111.1106,41.2641,  87.8,17332,-65.9,-89.6,-84.9,  3,  5, 0.00,244,12.7
2025-10-10 00:01:24,-111.1105,41.2642,  87.7,17336,-65.9,-89.8,-85.0,  3,  5, 0.00,245,12.6
2025-10-10 00:01:25,-111.1104,41.2642,  87.6,17343,-65.9,-90.0,-85.2,  3,  5, 0.00,246,12.5
2025-10-10 00:01:26,-111.1102,41.2642,  87.5,17350,-66.0,-90.2,-85.5,  2,  5, 0.00,247,12.4
2025-10-10 00:01:27,-111.1101,41.2643,  87.4,17357,-66.0,-90.4,-85.7,  2,  4, 0.00,248,12.2
2025-10-10 00:01:28,-111.1100,41.2643,  87.3,17364,-66.0,-90.7,-85.9,  2,  4, 0.00,248,12.0
2025-10-10 00:01:29,-111.1099,41.2643,  87.2,17371,-66.1,-90.9,-86.1,  2,  4, 0.00,249,11.7
2025-10-10 00:01:30,-111.1097,41.2644,  87.1,17378,-66.1,-90.9,-86.2,  2,  4, 0.00,250,11.5
2025-10-10 00:01:31,-111.1096,41.2644,  87.0,17385,-66.1,-91.0,-86.2,  2,  4, 0.00,251,11.3
2025-10-10 00:01:32,-111.1095,41.2645,  86.9,17391,-66.1,-91.0,-86.3,  2,  4, 0.00,252,11.1
2025-10-10 00:01:33,-111.1094,41.2645,  86.8,17398,-66.2,-91.1,-86.3,  2,  4, 0.00,253,10.9
2025-10-10 00:01:34,-111.1093,41.2645,  86.7,17404,-66.2,-91.1,-86.4,  2,  4, 0.00,254,10.6
2025-10-10 00:01:35,-111.1092,41.2645,  86.6,17411,-66.2,-91.2,-86.5,  2,  4, 0.00,255,10.4
2025-10-10 00:01:36,-111.1091,41.2645,  86.5,17417,-66.3,-91.3,-86.5,  2,  4, 0.00,256,10.2
2025-10-10 00:01:37,-111.1090,41.2645,  86.4,17424,-66.3,-91.3,-86.6,  2,  4, 0.00,257,10.0
2025-10-10 00:01:38,-111.1090,41.2645,  86.3,17430,-66.3,-91.4,-86.7,  2,  4, 0.00,258, 9.7
2025-10-10 00:01:39,-111.1089,41.2645,  86.2,17437,-66.4,-91.5,-86.7,  2,  4, 0.00,260, 9.5
2025-10-10 00:01:40,-111.1088,41.2645,  86.1,17444,-66.4,-91.6,-86.8,  2,  4, 0.00,261, 9.3
2025-10-10 00:01:41,-111.1087,41.2645,  86.0,17452,-66.5,-91.6,-86.9,  2,  4, 0.00,263, 9.0
2025-10-10 00:01:42,-111.1086,41.2645,  85.9,17460,-66.5,-91.7,-87.0,  2,  4, 0.00,264, 8.9
2025-10-10 00:01:43,-111.1085,41.2645,  85.8,17470,-66.6,-91.7,-86.9,  2,  4, 0.00,266, 8.6
2025-10-10 00:01:44,-111.1084,41.2645,  85.7,17480,-66.7,-91.6,-86.9,  2,  4, 0.00,267, 8.4
2025-10-10 00:01:45,-111.1084,41.2645,  85.5,17489,-66.7,-91.6,-86.9,  2,  4, 0.00,269, 8.1
2025-10-10 00:01:46,-111.1083,41.2646,  85.4,17498,-66.8,-91.6,-86.9,  2,  4, 0.00,271, 7.8
2025-10-10 00:01:47,-111.1082,41.2646,  85.3,17507,-66.8,-91.6,-86.8,  2,  4, 0.00,273, 7.7
2025-10-10 00:01:48,-111.1081,41.2646,  85.1,17517,-66.9,-91.5,-86.8,  2,  4, 0.00,272, 7.5
2025-10-10 00:01:49,-111.1080,41.2646,  85.0,17526,-66.9,-91.5,-86.8,  2,  4, 0.00,272, 7.3
2025-10-10 00:01:50,-111.1079,41.2646,  84.9,17535,-67.0,-91.5,-86.8,  2,  4, 0.00,272, 7.1
2025-10-10 00:01:51,-111.1078,41.2646,  84.7,17545,-67.0,-91.5,-86.7,  2,  4, 0.00,272, 6.9
2025-10-10 00:01:52,-111.1077,41.2646,  84.6,17554,-67.1,-91.5,-86.7,  2,  4, 0.00,271, 6.7
2025-10-10 00:01:53,-111.1077,41.2646,  84.5,17564,-67.1,-91.4,-86.7,  2,  4, 0.00,271, 6.5
2025-10-10 00:01:54,-111.1076,41.2646,  84.3,17574,-67.2,-91.4,-86.7,  2,  4, 0.00,271, 6.3
2025-10-10 00:01:55,-111.1075,41.2646,  84.2,17584,-67.2,-91.4,-86.7,  2,  4, 0.00,270, 6.1
2025-10-10 00:01:56,-111.1074,41.2646,  84.1,17594,-67.3,-91.5,-86.7,  2,  4, 0.00,270, 6.0
2025-10-10 00:01:57,-111.1073,41.2646,  83.9,17604,-67.3,-91.5,-86.8,  2,  4, 0.00,269, 5.8
2025-10-10 00:01:58,-111.1073,41.2646,  83.8,17613,-67.4,-91.6,-86.8,  2,  4, 0.00,269, 5.6
2025-10-10 00:01:59,-111.1072,41.2647,  83.7,17622,-67.4,-91.6,-86.9,  2,  4, 0.00,269, 5.4
2025-10-10 00:02:00,-111.1072,41.2647,  83.5,17631,-67.5,-91.6,-86.9,  2,  4, 0.00,268, 5.2
2025-10-10 00:02:01,-111.1072,41.2647,  83.4,17640,-67.5,-91.7,-86.9,  2,  4, 0.00,268, 5.0
2025-10-10 00:02:02,-111.1071,41.2647,  83.3,17649,-67.6,-91.7,-87.0,  2,  4, 0.00,267, 4.8
2025-10-10 00:02:03,-111.1071,41.2647,  83.2,17657,-67.6,-91.8,-87.0,  2,  4, 0.00,266, 4.6
2025-10-10 00:02:04,-111.1071,41.2647,  83.0,17666,-67.6,-91.8,-87.1,  2,  4, 0.00,266, 4.4
2025-10-10 00:02:05,-111.1071,41.2647,  82.9,17675,-67.7,-91.8,-87.1,  2,  4, 0.00,265, 4.3
2025-10-10 00:02:06,-111.1070,41.2647,  82.8,17684,-67.7,-91.9,-87.1,  2,  4, 0.00,264, 4.1
2025-10-10 00:02:07,-111.1070,41.2647,  82.7,17693,-67.7,-91.9,-87.2,  2,  4, 0.00,263, 3.9
2025-10-10 00:02:08,-111.1070,41.2647,  82.6,17702,-67.8,-91.9,-87.2,  2,  4, 0.00,262, 3.9
2025-10-10 00:02:09,-111.1069,41.2647,  82.5,17710,-67.8,-92.0,-87.2,  2,  4, 0.00,261, 3.9
2025-10-10 00:02:10,-111.1069,41.2647,  82.4,17717,-67.8,-92.0,-87.2,  2,  4, 0.00,261, 4.0
2025-10-10 00:02:11,-111.1069,41.2647,  82.3,17724,-67.9,-92.0,-87.2,  2,  4, 0.00,260, 4.0
2025-10-10 00:02:12,-111.1069,41.2647,  82.1,17732,-67.9,-92.0,-87.2,  2,  4, 0.00,259, 4.0
2025-10-10 00:02:13,-111.1068,41.2647,  82.1,17739,-67.9,-92.0,-87.2,  2,  4, 0.00,258, 4.0
2025-10-10 00:02:14,-111.1068,41.2647,  82.0,17746,-68.0,-92.0,-87.2,  2,  4, 0.00,258, 4.1
2025-10-10 00:02:15,-111.1068,41.2648,  81.9,17752,-68.0,-92.0,-87.2,  2,  4, 0.00,257, 4.1
2025-10-10 00:02:16,-111.1068,41.2648,  81.8,17758,-68.0,-92.0,-87.2,  2,  5, 0.00,256, 4.1
2025-10-10 00:02:17,-111.1067,41.2648,  81.7,17763,-68.1,-92.0,-87.2,  2,  5, 0.00,255, 4.1
2025-10-10 00:02:18,-111.1067,41.2648,  81.6,17769,-68.1,-92.0,-87.2,  2,  5, 0.00,255, 4.2
2025-10-10 00:02:19,-111.1067,41.2648,  81.6,17775,-68.1,-91.9,-87.2,  2,  5, 0.00,254, 4.2
2025-10-10 00:02:20,-111.1067,41.2648,  81.5,17781,-68.1,-91.9,-87.2,  2,  5, 0.00,253, 4.2
2025-10-10 00:02:21,-111.1066,41.2648,  81.4,17786,-68.1,-91.9,-87.2,  2,  5, 0.00,252, 4.3
2025-10-10 00:02:22,-111.1066,41.2648,  81.3,17792,-68.2,-91.9,-87.2,  2,  5, 0.00,252, 4.3
2025-10-10 00:02:23,-111.1066,41.2648,  81.2,17798,-68.2,-91.9,-87.2,  2,  5, 0.00,251, 4.3
2025-10-10 00:02:24,-111.1065,41.2648,  81.2,17803,-68.2,-91.9,-87.1,  2,  5, 0.00,250, 4.4
2025-10-10 00:02:25,-111.1065,41.2648,  81.1,17809,-68.2,-91.8,-87.1,  2,  5, 0.00,250, 4.4
2025-10-10 00:02:26,-111.1065,41.2648,  81.0,17815,-68.2,-91.7,-87.0,  3,  5, 0.00,249, 4.4
2025-10-10 00:02:27,-111.1065,41.2648,  80.9,17821,-68.3,-91.7,-86.9,  3,  5, 0.00,248, 4.5
2025-10-10 00:02:28,-111.1064,41.2648,  80.9,17826,-68.3,-91.6,-86.9,  3,  5, 0.00,248, 4.4
2025-10-10 00:02:29,-111.1064,41.2648,  80.8,17832,-68.3,-91.6,-86.8,  3,  5, 0.00,248, 4.3
2025-10-10 00:02:30,-111.1064,41.2648,  80.7,17838,-68.3,-91.5,-86.8,  3,  5, 0.00,247, 4.3
2025-10-10 00:02:31,-111.1064,41.2649,  80.6,17843,-68.3,-91.5,-86.7,  3,  5, 0.00,247, 4.2
2025-10-10 00:02:32,-111.1063,41.2649,  80.6,17849,-68.4,-91.4,-86.7,  3,  5, 0.00,246, 4.1
2025-10-10 00:02:33,-111.1063,41.2649,  80.5,17855,-68.4,-91.3,-86.6,  3,  5, 0.00,246, 4.1
2025-10-10 00:02:34,-111.1063,41.2649,  80.4,17861,-68.4,-91.3,-86.5,  3,  5, 0.00,245, 4.0
2025-10-10 00:02:35,-111.1063,41.2649,  80.3,17866,-68.4,-91.2,-86.5,  3,  5, 0.00,245, 3.9
2025-10-10 00:02:36,-111.1062,41.2649,  80.3,17871,-68.4,-91.2,-86.4,  3,  6, 0.00,244, 3.9
2025-10-10 00:02:37,-111.1062,41.2649,  80.2,17875,-68.5,-91.1,-86.4,  3,  6, 0.00,243, 3.8
2025-10-10 00:02:38,-111.1062,41.2649,  80.1,17879,-68.5,-91.1,-86.4,  3,  6, 0.00,243, 3.7
2025-10-10 00:02:39,-111.1061,41.2649,  80.1,17883,-68.5,-91.1,-86.3,  3,  6, 0.00,242, 3.7
2025-10-10 00:02:40,-111.1061,41.2649,  80.0,17887,-68.5,-91.1,-86.3,  3,  6, 0.00,242, 3.6
2025-10-10 00:02:41,-111.1061,41.2649,  80.0,17892,-68.5,-91.1,-86.3,  3,  6, 0.00,241, 3.5
2025-10-10 00:02:42,-111.1061,41.2649,  79.9,17896,-68.5,-91.1,-86.3,  3,  6, 0.00,240, 3.5
2025-10-10 00:02:43,-111.1060,41.2649,  79.9,17900,-68.6,-91.0,-86.3,  3,  6, 0.00,239, 3.4
2025-10-10 00:02:44,-111.1060,41.2649,  79.8,17904,-68.6,-91.0,-86.3,  3,  6, 0.00,239, 3.3
2025-10-10 00:02:45,-111.1060,41.2650,  79.8,17908,-68.6,-91.0,-86.3,  3,  6, 0.00,238, 3.3
2025-10-10 00:02:46,-111.1059,41.2650,  79.7,17913,-68.6,-91.0,-86.3,  3,  6, 0.00,237, 3.2
2025-10-10 00:02:47,-111.1059,41.2650,  79.6,17917,-68.6,-91.0,-86.2,  3,  6, 0.00,236, 3.2
2025-10-10 00:02:48,-111.1059,41.2650,  79.6,17922,-68.6,-91.0,-86.2,  3,  6, 0.00,236, 3.2
2025-10-10 00:02:49,-111.1058,41.2651,  79.5,17926,-68.6,-91.0,-86.2,  3,  6, 0.00,236, 3.2
2025-10-10 00:02:50,-111.1058,41.2651,  79.5,17931,-68.6,-90.9,-86.2,  3,  6, 0.00,236, 3.2
2025-10-10 00:02:51,-111.1058,41.2651,  79.4,17935,-68.6,-90.9,-86.1,  3,  6, 0.00,235, 3.2
2025-10-10 00:02:52,-111.1057,41.2651,  79.3,17939,-68.7,-90.9,-86.1,  3,  6, 0.00,235, 3.2
2025-10-10 00:02:53,-111.1057,41.2651,  79.3,17944,-68.7,-90.8,-86.1,  3,  6, 0.00,235, 3.2
2025-10-10 00:02:54,-111.1057,41.2652,  79.2,17948,-68.7,-90.8,-86.0,  3,  6, 0.00,235, 3.3
2025-10-10 00:02:55,-111.1056,41.2652,  79.2,17953,-68.7,-90.8,-86.0,  3,  6, 0.00,234, 3.3
2025-10-10 00:02:56,-111.1056,41.2652,  79.1,17958,-68.7,-90.7,-86.0,  3,  6, 0.00,234, 3.3
2025-10-10 00:02:57,-111.1056,41.2652,  79.0,17963,-68.7,-90.7,-85.9,  3,  6, 0.00,234, 3.3
2025-10-10 00:02:58,-111.1055,41.2653,  79.0,17966,-68.7,-90.7,-85.9,  3,  6, 0.00,234, 3.3
2025-10-10 00:02:59,-111.1055,41.2653,  78.9,17973,-68.7,-90.6,-85.9,  3,  6, 0.00,233, 3.3
2025-10-10 00:03:00,-111.1055,41.2653,  78.8,17977,-68.7,-90.6,-85.8,  3,  6, 0.00,233, 3.4
2025-10-10 00:03:01,-111.1054,41.2653,  78.8,17982,-68.7,-90.5,-85.8,  3,  6, 0.00,233, 3.4
2025-10-10 00:03:02,-111.1054,41.2653,  78.7,17987,-68.7,-90.5,-85.7,  3,  6, 0.00,233, 3.4
2025-10-10 00:03:03,-111.1054,41.2654,  78.7,17991,-68.7,-90.4,-85.7,  3,  7, 0.00,232, 3.4
2025-10-10 00:03:04,-111.1053,41.2654,  78.6,17996,-68.7,-90.4,-85.6,  3,  7, 0.00,232, 3.4
2025-10-10 00:03:05,-111.1053,41.2654,  78.5,18001,-68.7,-90.3,-85.6,  3,  7, 0.00,232, 3.4
2025-10-10 00:03:06,-111.1053,41.2654,  78.5,18005,-68.6,-90.2,-85.5,  3,  7, 0.00,232, 3.5
2025-10-10 00:03:07,-111.1052,41.2655,  78.4,18010,-68.6,-90.2,-85.4,  3,  7, 0.00,232, 3.5
2025-10-10 00:03:08,-111.1052,41.2655,  78.3,18015,-68.6,-90.1,-85.4,  4,  7, 0.00,231, 3.6
2025-10-10 00:03:09,-111.1052,41.2655,  78.3,18020,-68.6,-90.1,-85.3,  4,  7, 0.00,230, 3.6
2025-10-10 00:03:10,-111.1051,41.2655,  78.2,18025,-68.6,-90.0,-85.3,  4,  7, 0.00,230, 3.7
2025-10-10 00:03:11,-111.1051,41.2655,  78.1,18031,-68.6,-89.9,-85.2,  4,  7, 0.00,229, 3.8
2025-10-10 00:03:12,-111.1051,41.2656,  78.1,18036,-68.6,-89.9,-85.1,  4,  7, 0.00,228, 3.9
2025-10-10 00:03:13,-111.1050,41.2656,  78.0,18042,-68.5,-89.8,-85.0,  4,  7, 0.00,228, 4.0
2025-10-10 00:03:14,-111.1050,41.2656,  77.9,18047,-68.5,-89.7,-84.9,  4,  7, 0.00,227, 4.1
2025-10-10 00:03:15,-111.1050,41.2656,  77.9,18052,-68.4,-89.6,-84.8,  4,  7, 0.00,227, 4.2
2025-10-10 00:03:16,-111.1049,41.2657,  77.8,18057,-68.4,-89.5,-84.8,  4,  7, 0.00,226, 4.2
2025-10-10 00:03:17,-111.1049,41.2657,  77.7,18062,-68.3,-89.4,-84.7,  4,  7, 0.00,226, 4.3
2025-10-10 00:03:18,-111.1049,41.2657,  77.7,18068,-68.3,-89.3,-84.5,  4,  8, 0.00,226, 4.4
2025-10-10 00:03:19,-111.1048,41.2657,  77.6,18073,-68.2,-89.1,-84.4,  4,  8, 0.00,225, 4.5
2025-10-10 00:03:20,-111.1048,41.2657,  77.5,18077,-68.2,-89.0,-84.2,  4,  8, 0.00,225, 4.6
2025-10-10 00:03:21,-111.1047,41.2657,  77.5,18082,-68.2,-88.8,-84.1,  4,  8, 0.00,224, 4.7
2025-10-10 00:03:22,-111.1047,41.2658,  77.4,18086,-68.1,-88.7,-83.9,  4,  8, 0.00,224, 4.8
2025-10-10 00:03:23,-111.1047,41.2658,  77.4,18091,-68.1,-88.5,-83.8,  4,  8, 0.00,224, 4.9
2025-10-10 00:03:24,-111.1046,41.2658,  77.3,18095,-68.0,-88.4,-83.6,  4,  8, 0.00,223, 4.9
2025-10-10 00:03:25,-111.1046,41.2658,  77.2,18100,-68.0,-88.3,-83.5,  4,  9, 0.00,223, 5.0
2025-10-10 00:03:26,-111.1046,41.2658,  77.2,18105,-67.9,-88.1,-83.4,  5,  9, 0.00,223, 5.1
2025-10-10 00:03:27,-111.1045,41.2658,  77.1,18110,-67.8,-88.0,-83.2,  5,  9, 0.00,222, 5.2
2025-10-10 00:03:28,-111.1045,41.2658,  77.0,18116,-67.8,-87.8,-83.0,  5,  9, 0.00,223, 5.1
2025-10-10 00:03:29,-111.1045,41.2658,  77.0,18121,-67.7,-87.7,-82.9,  5,  9, 0.00,224, 5.0
2025-10-10 00:03:30,-111.1044,41.2659,  76.9,18127,-67.6,-87.5,-82.7,  5,  9, 0.00,225, 4.9
2025-10-10 00:03:31,-111.1044,41.2659,  76.9,18130,-67.6,-87.4,-82.6,  5,  9, 0.00,226, 4.8
2025-10-10 00:03:32,-111.1043,41.2659,  76.8,18136,-67.5,-87.4,-82.6,  5,  9, 0.00,228, 4.6
2025-10-10 00:03:33,-111.1043,41.2659,  76.7,18141,-67.4,-87.3,-82.6,  5,  9, 0.00,229, 4.5
2025-10-10 00:03:34,-111.1043,41.2659,  76.7,18146,-67.4,-87.3,-82.5,  5,  9, 0.00,231, 4.4
2025-10-10 00:03:35,-111.1042,41.2659,  76.6,18150,-67.3,-87.2,-82.5,  5,  9, 0.00,232, 4.3
2025-10-10 00:03:36,-111.1042,41.2659,  76.5,18155,-67.2,-87.2,-82.4,  5,  9, 0.00,234, 4.2
2025-10-10 00:03:37,-111.1042,41.2659,  76.5,18160,-67.2,-87.2,-82.4,  5,  9, 0.00,236, 4.0
2025-10-10 00:03:38,-111.1041,41.2660,  76.4,18164,-67.1,-87.1,-82.4,  5,  9, 0.00,238, 3.9
2025-10-10 00:03:39,-111.1041,41.2660,  76.4,18168,-67.0,-87.1,-82.3,  5,  9, 0.00,240, 3.8
2025-10-10 00:03:40,-111.1041,41.2660,  76.3,18173,-67.0,-87.0,-82.3,  5,  9, 0.00,242, 3.7
2025-10-10 00:03:41,-111.1040,41.2660,  76.3,18177,-66.9,-87.0,-82.2,  5,  9, 0.00,244, 3.6
2025-10-10 00:03:42,-111.1040,41.2660,  76.2,18182,-66.8,-87.0,-82.2,  5,  9, 0.00,247, 3.4
2025-10-10 00:03:43,-111.1039,41.2660,  76.1,18187,-66.7,-86.9,-82.1,  5,  9, 0.00,250, 3.3
2025-10-10 00:03:44,-111.1039,41.2660,  76.1,18192,-66.6,-86.9,-82.1,  5,  9, 0.00,252, 3.2
2025-10-10 00:03:45,-111.1039,41.2660,  76.0,18197,-66.6,-86.9,-82.2,  5,  9, 0.00,255, 3.1
2025-10-10 00:03:46,-111.1038,41.2661,  75.9,18203,-66.5,-87.0,-82.3,  4,  9, 0.00,258, 3.0
2025-10-10 00:03:47,-111.1038,41.2661,  75.9,18208,-66.4,-87.1,-82.4,  4,  8, 0.00,262, 2.9
2025-10-10 00:03:48,-111.1038,41.2661,  75.8,18214,-66.3,-87.2,-82.5,  4,  8, 0.00,263, 2.8
2025-10-10 00:03:49,-111.1037,41.2661,  75.7,18219,-66.3,-87.4,-82.6,  4,  8, 0.00,264, 2.7
2025-10-10 00:03:50,-111.1037,41.2661,  75.7,18225,-66.2,-87.5,-82.7,  4,  8, 0.00,266, 2.6
2025-10-10 00:03:51,-111.1037,41.2661,  75.6,18230,-66.1,-87.6,-82.8,  4,  7, 0.00,267, 2.5
2025-10-10 00:03:52,-111.1038,41.2661,  75.5,18235,-66.0,-87.7,-83.0,  4,  7, 0.00,269, 2.5
2025-10-10 00:03:53,-111.1038,41.2661,  75.5,18240,-66.0,-87.9,-83.1,  4,  7, 0.00,272, 2.4
2025-10-10 00:03:54,-111.1038,41.2661,  75.4,18245,-65.9,-88.0,-83.3,  3,  7, 0.00,274, 2.3
2025-10-10 00:03:55,-111.1038,41.2661,  75.4,18250,-65.8,-88.2,-83.4,  3,  6, 0.00,278, 2.2
2025-10-10 00:03:56,-111.1038,41.2661,  75.3,18255,-65.8,-88.4,-83.6,  3,  6, 0.00,282, 2.1
2025-10-10 00:03:57,-111.1038,41.2661,  75.2,18259,-65.7,-88.5,-83.8,  3,  6, 0.00,288, 2.1
2025-10-10 00:03:58,-111.1038,41.2661,  75.2,18264,-65.6,-88.7,-84.0,  3,  6, 0.00,294, 2.0
2025-10-10 00:03:59,-111.1038,41.2661,  75.1,18269,-65.6,-88.6,-83.8,  3,  6, 0.00,303, 1.9
2025-10-10 00:04:00,-111.1038,41.2661,  75.1,18273,-65.5,-88.5,-83.7,  3,  6, 0.00,314, 1.8
2025-10-10 00:04:01,-111.1039,41.2661,  75.0,18278,-65.5,-88.3,-83.5,  3,  6, 0.00,326, 1.7
2025-10-10 00:04:02,-111.1039,41.2661,  74.9,18283,-65.4,-88.2,-83.4,  3,  6, 0.00,339, 1.7
2025-10-10 00:04:03,-111.1039,41.2662,  74.9,18288,-65.3,-88.0,-83.3,  3,  6, 0.00,352, 1.6
2025-10-10 00:04:04,-111.1039,41.2662,  74.8,18292,-65.3,-87.9,-83.1,  3,  6, 0.00,  4, 1.5
2025-10-10 00:04:05,-111.1039,41.2662,  74.8,18297,-65.2,-87.7,-83.0,  3,  6, 0.00, 13, 1.4
2025-10-10 00:04:06,-111.1039,41.2662,  74.7,18302,-65.1,-87.6,-82.8,  3,  6, 0.00, 21, 1.3
2025-10-10 00:04:07,-111.1039,41.2662,  74.6,18307,-65.1,-87.5,-82.7,  3,  7, 0.00, 27, 1.3
2025-10-10 00:04:08,-111.1039,41.2662,  74.6,18312,-65.1,-87.4,-82.6,  4,  7, 0.00, 32, 1.3
2025-10-10 00:04:09,-111.1039,41.2662,  74.5,18317,-65.1,-87.3,-82.5,  4,  7, 0.00, 39, 1.4
2025-10-10 00:04:10,-111.1039,41.2662,  74.5,18322,-65.0,-87.1,-82.4,  4,  7, 0.00, 47, 1.4
2025-10-10 00:04:11,-111.1039,41.2662,  74.4,18326,-65.0,-87.0,-82.3,  4,  7, 0.00, 56, 1.5
2025-10-10 00:04:12,-111.1040,41.2662,  74.4,18330,-65.0,-87.0,-82.2,  4,  7, 0.00, 65, 1.6
2025-10-10 00:04:13,-111.1040,41.2662,  74.3,18335,-65.0,-87.1,-82.3,  4,  7, 0.00, 75, 1.6
2025-10-10 00:04:14,-111.1040,41.2662,  74.3,18339,-64.9,-87.2,-82.4,  4,  7, 0.00, 85, 1.7
2025-10-10 00:04:15,-111.1040,41.2662,  74.2,18343,-64.9,-87.3,-82.5,  3,  7, 0.00, 94, 1.8
2025-10-10 00:04:16,-111.1040,41.2662,  74.1,18348,-64.9,-87.3,-82.6,  3,  6, 0.00,101, 1.8
2025-10-10 00:04:17,-111.1040,41.2662,  74.1,18353,-64.8,-87.4,-82.7,  3,  6, 0.00,108, 1.9
2025-10-10 00:04:18,-111.1040,41.2662,  74.0,18357,-64.8,-87.5,-82.8,  3,  6, 0.00,114, 1.9
2025-10-10 00:04:19,-111.1040,41.2662,  74.0,18362,-64.8,-87.6,-82.9,  3,  6, 0.00,118, 2.0
2025-10-10 00:04:20,-111.1041,41.2662,  73.9,18367,-64.8,-87.7,-83.0,  3,  6, 0.00,122, 2.1
2025-10-10 00:04:21,-111.1041,41.2662,  73.9,18372,-64.7,-87.8,-83.1,  3,  6, 0.00,126, 2.1
2025-10-10 00:04:22,-111.1041,41.2663,  73.8,18376,-64.7,-87.9,-83.2,  3,  6, 0.00,129, 2.2
2025-10-10 00:04:23,-111.1041,41.2663,  73.8,18381,-64.7,-88.1,-83.3,  3,  6, 0.00,131, 2.2
2025-10-10 00:04:24,-111.1042,41.2663,  73.7,18385,-64.7,-88.2,-83.4,  3,  5, 0.00,133, 2.3
2025-10-10 00:04:25,-111.1042,41.2664,  73.6,18389,-64.7,-88.3,-83.5,  3,  5, 0.00,135, 2.4
2025-10-10 00:04:26,-111.1042,41.2664,  73.6,18394,-64.7,-88.4,-83.7,  3,  5, 0.00,137, 2.4
2025-10-10 00:04:27,-111.1043,41.2664,  73.5,18398,-64.6,-88.6,-83.8,  3,  5, 0.00,138, 2.5
2025-10-10 00:04:28,-111.1043,41.2665,  73.5,18403,-64.6,-88.7,-83.9,  3,  5, 0.00,139, 2.6
2025-10-10 00:04:29,-111.1043,41.2665,  73.4,18408,-64.6,-88.8,-84.1,  3,  5, 0.00,139, 2.7
2025-10-10 00:04:30,-111.1044,41.2665,  73.4,18412,-64.6,-89.0,-84.2,  2,  5, 0.00,140, 2.8
2025-10-10 00:04:31,-111.1044,41.2665,  73.3,18417,-64.6,-89.1,-84.4,  2,  5, 0.00,140, 2.9
2025-10-10 00:04:32,-111.1044,41.2666,  73.3,18422,-64.6,-89.3,-84.5,  2,  4, 0.00,140, 3.0
2025-10-10 00:04:33,-111.1045,41.2666,  73.2,18426,-64.5,-89.5,-84.7,  2,  4, 0.00,140, 3.1
2025-10-10 00:04:34,-111.1045,41.2666,  73.1,18431,-64.5,-89.6,-84.9,  2,  4, 0.00,141, 3.3
2025-10-10 00:04:35,-111.1046,41.2667,  73.1,18436,-64.5,-89.8,-85.1,  2,  4, 0.00,141, 3.4
2025-10-10 00:04:36,-111.1046,41.2667,  73.0,18440,-64.5,-90.0,-85.2,  2,  4, 0.00,141, 3.5
2025-10-10 00:04:37,-111.1046,41.2667,  73.0,18445,-64.5,-90.2,-85.4,  2,  4, 0.00,141, 3.6
2025-10-10 00:04:38,-111.1047,41.2668,  72.9,18449,-64.5,-90.4,-85.6,  2,  4, 0.00,142, 3.7
2025-10-10 00:04:39,-111.1047,41.2668,  72.9,18453,-64.5,-90.4,-85.6,  2,  4, 0.00,142, 3.8
2025-10-10 00:04:40,-111.1047,41.2668,  72.8,18458,-64.5,-90.3,-85.6,  2,  4, 0.00,142, 3.9
2025-10-10 00:04:41,-111.1048,41.2669,  72.8,18463,-64.5,-90.3,-85.6,  2,  4, 0.00,142, 4.0
2025-10-10 00:04:42,-111.1048,41.2669,  72.7,18468,-64.5,-90.3,-85.5,  2,  4, 0.00,142, 4.1
2025-10-10 00:04:43,-111.1048,41.2669,  72.6,18474,-64.5,-90.3,-85.5,  2,  4, 0.00,142, 4.3
2025-10-10 00:04:44,-111.1049,41.2670,  72.6,18479,-64.5,-90.2,-85.5,  2,  4, 0.00,143, 4.4
2025-10-10 00:04:45,-111.1049,41.2670,  72.5,18484,-64.5,-90.2,-85.5,  2,  4, 0.00,143, 4.5
2025-10-10 00:04:46,-111.1049,41.2670,  72.4,18490,-64.5,-90.2,-85.4,  2,  4, 0.00,143, 4.6
2025-10-10 00:04:47,-111.1050,41.2671,  72.4,18495,-64.5,-90.1,-85.4,  2,  4, 0.00,143, 4.7
2025-10-10 00:04:48,-111.1050,41.2671,  72.3,18500,-64.5,-90.1,-85.4,  2,  4, 0.00,144, 4.8
2025-10-10 00:04:49,-111.1050,41.2671,  72.3,18504,-64.5,-90.1,-85.3,  2,  4, 0.00,144, 4.9
2025-10-10 00:04:50,-111.1051,41.2672,  72.2,18509,-64.5,-90.1,-85.3,  2,  4, 0.00,145, 5.0
2025-10-10 00:04:51,-111.1051,41.2672,  72.2,18513,-64.5,-90.1,-85.3,  2,  4, 0.00,146, 5.0
2025-10-10 00:04:52,-111.1052,41.2672,  72.1,18517,-64.5,-90.1,-85.3,  2,  4, 0.00,146, 5.1
2025-10-10 00:04:53,-111.1052,41.2673,  72.1,18521,-64.5,-90.1,-85.4,  2,  4, 0.00,147, 5.2
2025-10-10 00:04:54,-111.1052,41.2673,  72.0,18526,-64.5,-90.1,-85.4,  2,  4, 0.00,148, 5.3
2025-10-10 00:04:55,-111.1052,41.2674,  72.0,18531,-64.5,-90.2,-85.4,  2,  4, 0.00,148, 5.4
2025-10-10 00:04:56,-111.1053,41.2674,  71.9,18536,-64.5,-90.2,-85.4,  2,  4, 0.00,149, 5.5
2025-10-10 00:04:57,-111.1053,41.2675,  71.8,18541,-64.5,-90.2,-85.5,  2,  4, 0.00,149, 5.6
2025-10-10 00:04:58,-111.1053,41.2675,  71.8,18546,-64.5,-90.3,-85.5,  2,  4, 0.00,150, 5.7
2025-10-10 00:04:59,-111.1054,41.2676,  71.7,18550,-64.5,-90.3,-85.5,  2,  4, 0.00,150, 5.8
2025-10-10 00:05:00,-111.1054,41.2677,  71.7,18555,-64.5,-90.3,-85.6,  2,  4, 0.00,151, 5.8
2025-10-10 00:05:01,-111.1054,41.2677,  71.6,18559,-64.5,-90.3,-85.6,  2,  4, 0.00,151, 5.9
2025-10-10 00:05:02,-111.1055,41.2678,  71.6,18563,-64.5,-90.4,-85.6,  2,  4, 0.00,152, 6.0
2025-10-10 00:05:03,-111.1055,41.2678,  71.5,18568,-64.5,-90.4,-85.7,  2,  4, 0.00,152, 6.1
2025-10-10 00:05:04,-111.1055,41.2679,  71.5,18572,-64.5,-90.4,-85.7,  2,  4, 0.00,152, 6.2
2025-10-10 00:05:05,-111.1056,41.2679,  71.4,18577,-64.5,-90.4,-85.7,  2,  4, 0.00,153, 6.3
2025-10-10 00:05:06,-111.1056,41.2680,  71.4,18581,-64.5,-90.4,-85.7,  2,  4, 0.00,153, 6.4
2025-10-10 00:05:07,-111.1056,41.2680,  71.3,18585,-64.5,-90.4,-85.7,  2,  4, 0.00,154, 6.5
2025-10-10 00:05:08,-111.1056,41.2681,  71.3,18590,-64.5,-90.4,-85.7,  2,  4, 0.00,154, 6.5
2025-10-10 00:05:09,-111.1057,41.2681,  71.2,18594,-64.5,-90.4,-85.7,  2,  4, 0.00,154, 6.4
2025-10-10 00:05:10,-111.1057,41.2682,  71.2,18599,-64.5,-90.4,-85.7,  2,  4, 0.00,154, 6.4
2025-10-10 00:05:11,-111.1057,41.2682,  71.1,18603,-64.5,-90.5,-85.7,  2,  4, 0.00,155, 6.4
2025-10-10 00:05:12,-111.1058,41.2683,  71.1,18608,-64.5,-90.5,-85.7,  2,  4, 0.00,155, 6.3
2025-10-10 00:05:13,-111.1058,41.2683,  71.0,18612,-64.5,-90.5,-85.7,  2,  4, 0.00,155, 6.3
2025-10-10 00:05:14,-111.1058,41.2684,  71.0,18617,-64.5,-90.5,-85.7,  2,  4, 0.00,155, 6.3
2025-10-10 00:05:15,-111.1059,41.2684,  70.9,18621,-64.5,-90.5,-85.7,  2,  4, 0.00,156, 6.2
2025-10-10 00:05:16,-111.1059,41.2685,  70.8,18626,-64.5,-90.5,-85.7,  2,  4, 0.00,156, 6.2
2025-10-10 00:05:17,-111.1059,41.2685,  70.8,18630,-64.5,-90.5,-85.7,  2,  4, 0.00,156, 6.2
2025-10-10 00:05:18,-111.1060,41.2686,  70.7,18635,-64.5,-90.5,-85.7,  2,  4, 0.00,157, 6.1
2025-10-10 00:05:19,-111.1060,41.2686,  70.7,18639,-64.5,-90.5,-85.7,  2,  4, 0.00,157, 6.1
2025-10-10 00:05:20,-111.1060,41.2687,  70.6,18644,-64.5,-90.5,-85.7,  2,  4, 0.00,157, 6.1
2025-10-10 00:05:21,-111.1060,41.2687,  70.6,18648,-64.5,-90.5,-85.7,  2,  4, 0.00,157, 6.0
2025-10-10 00:05:22,-111.1060,41.2687,  70.5,18653,-64.5,-90.5,-85.7,  2,  4, 0.00,158, 6.0
2025-10-10 00:05:23,-111.1061,41.2688,  70.5,18657,-64.5,-90.5,-85.7,  2,  4, 0.00,158, 6.0
2025-10-10 00:05:24,-111.1061,41.2688,  70.4,18662,-64.5,-90.5,-85.7,  2,  4, 0.00,158, 5.9
2025-10-10 00:05:25,-111.1061,41.2688,  70.4,18666,-64.5,-90.5,-85.7,  2,  4, 0.00,159, 5.9
2025-10-10 00:05:26,-111.1061,41.2689,  70.3,18671,-64.5,-90.5,-85.7,  2,  4, 0.00,159, 5.9
2025-10-10 00:05:27,-111.1062,41.2689,  70.3,18675,-64.5,-90.5,-85.7,  2,  4, 0.00,159, 5.8
2025-10-10 00:05:28,-111.1062,41.2689,  70.2,18680,-64.5,-90.5,-85.7,  2,  4, 0.00,159, 5.7
2025-10-10 00:05:29,-111.1062,41.2690,  70.2,18684,-64.5,-90.5,-85.7,  2,  4, 0.00,159, 5.6
2025-10-10 00:05:30,-111.1062,41.2690,  70.1,18689,-64.5,-90.5,-85.7,  2,  4, 0.00,159, 5.6
2025-10-10 00:05:31,-111.1063,41.2690,  70.1,18692,-64.5,-90.5,-85.7,  2,  4, 0.00,159, 5.5
2025-10-10 00:05:32,-111.1063,41.2690,  70.0,18699,-64.5,-90.5,-85.7,  2,  4, 0.00,159, 5.3
2025-10-10 00:05:33,-111.1063,41.2691,  70.0,18703,-64.5,-90.5,-85.7,  2,  4, 0.00,159, 5.3
2025-10-10 00:05:34,-111.1063,41.2691,  69.9,18708,-64.5,-90.5,-85.7,  2,  4, 0.00,159, 5.2
2025-10-10 00:05:35,-111.1063,41.2691,  69.8,18712,-64.5,-90.5,-85.7,  2,  4, 0.00,159, 5.1
2025-10-10 00:05:36,-111.1064,41.2692,  69.8,18717,-64.5,-90.5,-85.7,  2,  4, 0.00,159, 5.0
2025-10-10 00:05:37,-111.1064,41.2692,  69.7,18722,-64.5,-90.5,-85.7,  2,  4, 0.00,159, 4.9
2025-10-10 00:05:38,-111.1064,41.2692,  69.7,18727,-64.5,-90.5,-85.7,  2,  4, 0.00,159, 4.8
2025-10-10 00:05:39,-111.1064,41.2693,  69.6,18732,-64.5,-90.5,-85.7,  2,  4, 0.00,159, 4.7
2025-10-10 00:05:40,-111.1065,41.2693,  69.6,18736,-64.5,-90.5,-85.7,  2,  4, 0.00,159, 4.6
2025-10-10 00:05:41,-111.1065,41.2693,  69.5,18741,-64.5,-90.5,-85.7,  2,  4, 0.00,159, 4.5
2025-10-10 00:05:42,-111.1065,41.2694,  69.5,18745,-64.6,-90.5,-85.7,  2,  4, 0.00,159, 4.4
2025-10-10 00:05:43,-111.1065,41.2694,  69.4,18750,-64.6,-90.5,-85.8,  2,  4, 0.00,159, 4.3
2025-10-10 00:05:44,-111.1065,41.2694,  69.4,18754,-64.6,-90.5,-85.8,  2,  4, 0.00,159, 4.3
2025-10-10 00:05:45,-111.1066,41.2695,  69.3,18759,-64.6,-90.5,-85.8,  2,  4, 0.00,159, 4.2
2025-10-10 00:05:46,-111.1066,41.2695,  69.3,18764,-64.6,-90.5,-85.7,  2,  4, 0.00,159, 4.1
2025-10-10 00:05:47,-111.1066,41.2695,  69.2,18769,-64.6,-90.4,-85.7,  2,  4, 0.00,159, 4.0
2025-10-10 00:05:48,-111.1066,41.2695,  69.1,18774,-64.7,-90.4,-85.6,  2,  4, 0.00,158, 3.9
2025-10-10 00:05:49,-111.1066,41.2696,  69.1,18780,-64.7,-90.3,-85.6,  2,  4, 0.00,157, 3.8
2025-10-10 00:05:50,-111.1067,41.2696,  69.0,18785,-64.7,-90.3,-85.5,  2,  4, 0.00,156, 3.7
2025-10-10 00:05:51,-111.1067,41.2696,  69.0,18790,-64.7,-90.2,-85.5,  2,  4, 0.00,155, 3.6
2025-10-10 00:05:52,-111.1067,41.2697,  68.9,18795,-64.7,-90.2,-85.4,  2,  4, 0.00,154, 3.6
2025-10-10 00:05:53,-111.1067,41.2697,  68.9,18800,-64.7,-90.1,-85.4,  2,  4, 0.00,153, 3.5
2025-10-10 00:05:54,-111.1067,41.2697,  68.8,18804,-64.8,-90.1,-85.3,  2,  4, 0.00,152, 3.4
2025-10-10 00:05:55,-111.1067,41.2697,  68.8,18809,-64.8,-90.1,-85.3,  2,  4, 0.00,150, 3.3
2025-10-10 00:05:56,-111.1067,41.2697,  68.7,18814,-64.8,-90.0,-85.3,  2,  4, 0.00,149, 3.2
2025-10-10 00:05:57,-111.1067,41.2698,  68.6,18819,-64.8,-90.0,-85.2,  2,  4, 0.00,148, 3.1
2025-10-10 00:05:58,-111.1067,41.2698,  68.6,18824,-64.8,-90.0,-85.2,  2,  4, 0.00,146, 3.1
2025-10-10 00:05:59,-111.1067,41.2698,  68.5,18829,-64.9,-89.9,-85.2,  2,  4, 0.00,145, 3.0
2025-10-10 00:06:00,-111.1067,41.2698,  68.5,18834,-64.9,-90.0,-85.2,  2,  4, 0.00,143, 2.9
2025-10-10 00:06:01,-111.1067,41.2699,  68.4,18839,-64.9,-90.1,-85.3,  2,  4, 0.00,141, 2.8
2025-10-10 00:06:02,-111.1067,41.2699,  68.4,18844,-64.9,-90.1,-85.4,  2,  4, 0.00,140, 2.7
2025-10-10 00:06:03,-111.1067,41.2699,  68.3,18849,-65.0,-90.2,-85.5,  2,  4, 0.00,138, 2.6
2025-10-10 00:06:04,-111.1067,41.2699,  68.2,18854,-65.0,-90.3,-85.6,  2,  4, 0.00,136, 2.6
2025-10-10 00:06:05,-111.1067,41.2699,  68.2,18859,-65.0,-90.4,-85.6,  2,  4, 0.00,133, 2.5
2025-10-10 00:06:06,-111.1067,41.2700,  68.1,18864,-65.0,-90.5,-85.7,  2,  4, 0.00,131, 2.4
2025-10-10 00:06:07,-111.1067,41.2700,  68.1,18869,-65.1,-90.5,-85.8,  2,  4, 0.00,129, 2.3
2025-10-10 00:06:08,-111.1067,41.2700,  68.0,18875,-65.1,-90.6,-85.9,  2,  4, 0.00,129, 2.3
2025-10-10 00:06:09,-111.1067,41.2700,  68.0,18880,-65.1,-90.7,-86.0,  2,  4, 0.00,128, 2.3
2025-10-10 00:06:10,-111.1067,41.2700,  67.9,18885,-65.1,-90.8,-86.0,  2,  4, 0.00,128, 2.3
2025-10-10 00:06:11,-111.1067,41.2701,  67.8,18891,-65.2,-90.9,-86.1,  2,  4, 0.00,128, 2.2
2025-10-10 00:06:12,-111.1067,41.2701,  67.8,18896,-65.2,-91.0,-86.2,  2,  4, 0.00,128, 2.2
2025-10-10 00:06:13,-111.1067,41.2701,  67.7,18901,-65.2,-91.1,-86.3,  2,  4, 0.00,128, 2.2
2025-10-10 00:06:14,-111.1068,41.2701,  67.7,18907,-65.3,-91.1,-86.4,  2,  4, 0.00,128, 2.2
2025-10-10 00:06:15,-111.1068,41.2702,  67.6,18912,-65.3,-91.2,-86.4,  2,  4, 0.00,128, 2.2
2025-10-10 00:06:16,-111.1068,41.2702,  67.5,18917,-65.3,-91.2,-86.5,  2,  4, 0.00,128, 2.2
2025-10-10 00:06:17,-111.1068,41.2702,  67.5,18923,-65.4,-91.2,-86.5,  2,  3, 0.00,128, 2.1
2025-10-10 00:06:18,-111.1068,41.2702,  67.4,18928,-65.4,-91.3,-86.5,  2,  3, 0.00,128, 2.1
2025-10-10 00:06:19,-111.1068,41.2702,  67.4,18933,-65.4,-91.3,-86.6,  2,  3, 0.00,127, 2.1
2025-10-10 00:06:20,-111.1068,41.2703,  67.3,18938,-65.5,-91.3,-86.6,  2,  3, 0.00,127, 2.1
2025-10-10 00:06:21,-111.1068,41.2703,  67.3,18944,-65.5,-91.4,-86.6,  2,  3, 0.00,127, 2.1
2025-10-10 00:06:22,-111.1068,41.2703,  67.2,18949,-65.5,-91.4,-86.7,  2,  3, 0.00,127, 2.1
2025-10-10 00:06:23,-111.1068,41.2703,  67.1,18954,-65.5,-91.4,-86.7,  2,  3, 0.00,127, 2.0
2025-10-10 00:06:24,-111.1068,41.2703,  67.1,18959,-65.6,-91.4,-86.7,  2,  3, 0.00,127, 2.0
2025-10-10 00:06:25,-111.1068,41.2704,  67.0,18964,-65.6,-91.5,-86.7,  2,  3, 0.00,127, 2.0
2025-10-10 00:06:26,-111.1068,41.2704,  67.0,18970,-65.6,-91.5,-86.7,  2,  3, 0.00,127, 2.0
2025-10-10 00:06:27,-111.1068,41.2704,  66.9,18975,-65.6,-91.5,-86.8,  2,  3, 0.00,127, 2.0
2025-10-10 00:06:28,-111.1068,41.2704,  66.8,18980,-65.6,-91.5,-86.8,  2,  3, 0.00,127, 2.0
2025-10-10 00:06:29,-111.1068,41.2705,  66.8,18985,-65.7,-91.5,-86.8,  2,  3, 0.00,127, 1.9
2025-10-10 00:06:30,-111.1068,41.2705,  66.7,18991,-65.7,-91.6,-86.8,  2,  3, 0.00,127, 1.9
2025-10-10 00:06:31,-111.1068,41.2705,  66.7,18996,-65.7,-91.6,-86.8,  2,  3, 0.00,127, 1.9
2025-10-10 00:06:32,-111.1068,41.2705,  66.6,19002,-65.7,-91.6,-86.9,  2,  3, 0.00,127, 1.9
2025-10-10 00:06:33,-111.1068,41.2705,  66.6,19007,-65.7,-91.6,-86.9,  2,  3, 0.00,127, 1.9
2025-10-10 00:06:34,-111.1067,41.2706,  66.5,19012,-65.7,-91.6,-86.9,  2,  3, 0.00,127, 1.9
2025-10-10 00:06:35,-111.1067,41.2706,  66.4,19018,-65.8,-91.6,-86.9,  2,  3, 0.00,127, 1.8
2025-10-10 00:06:36,-111.1067,41.2706,  66.4,19023,-65.8,-91.7,-86.9,  2,  3, 0.00,127, 1.8
2025-10-10 00:06:37,-111.1066,41.2707,  66.3,19028,-65.8,-91.7,-86.9,  2,  3, 0.00,127, 1.8
2025-10-10 00:06:38,-111.1066,41.2707,  66.3,19034,-65.8,-91.7,-86.9,  2,  3, 0.00,127, 1.8
2025-10-10 00:06:39,-111.1066,41.2707,  66.2,19039,-65.8,-91.6,-86.9,  2,  3, 0.00,127, 1.8
2025-10-10 00:06:40,-111.1065,41.2708,  66.1,19044,-65.8,-91.6,-86.9,  2,  3, 0.00,127, 1.7
2025-10-10 00:06:41,-111.1065,41.2708,  66.1,19049,-65.7,-91.6,-86.9,  2,  3, 0.00,127, 1.7
2025-10-10 00:06:42,-111.1065,41.2708,  66.0,19055,-65.7,-91.6,-86.9,  2,  3, 0.00,127, 1.7
2025-10-10 00:06:43,-111.1064,41.2709,  66.0,19060,-65.7,-91.6,-86.9,  2,  3, 0.00,127, 1.7
2025-10-10 00:06:44,-111.1064,41.2709,  65.9,19065,-65.7,-91.6,-86.9,  2,  3, 0.00,127, 1.7
2025-10-10 00:06:45,-111.1063,41.2709,  65.9,19070,-65.7,-91.6,-86.9,  2,  3, 0.00,127, 1.7
2025-10-10 00:06:46,-111.1063,41.2710,  65.8,19076,-65.7,-91.6,-86.9,  2,  3, 0.00,127, 1.6
2025-10-10 00:06:47,-111.1063,41.2710,  65.7,19081,-65.7,-91.6,-86.8,  2,  3, 0.00,127, 1.6
2025-10-10 00:06:48,-111.1062,41.2710,  65.7,19086,-65.7,-91.6,-86.8,  2,  3, 0.00,136, 1.8
2025-10-10 00:06:49,-111.1062,41.2711,  65.6,19092,-65.7,-91.6,-86.8,  2,  3, 0.00,147, 1.9
2025-10-10 00:06:50,-111.1062,41.2711,  65.6,19097,-65.7,-91.6,-86.8,  2,  3, 0.00,159, 2.1
2025-10-10 00:06:51,-111.1061,41.2711,  65.5,19102,-65.7,-91.5,-86.8,  2,  3, 0.00,170, 2.3
2025-10-10 00:06:52,-111.1061,41.2712,  65.5,19108,-65.6,-91.5,-86.8,  2,  3, 0.00,181, 2.5
2025-10-10 00:06:53,-111.1061,41.2712,  65.4,19113,-65.6,-91.5,-86.8,  2,  3, 0.00,190, 2.6
2025-10-10 00:06:54,-111.1060,41.2712,  65.3,19118,-65.6,-91.5,-86.7,  2,  3, 0.00,198, 2.8
2025-10-10 00:06:55,-111.1060,41.2713,  65.3,19124,-65.6,-91.5,-86.7,  2,  3, 0.00,205, 3.0
2025-10-10 00:06:56,-111.1060,41.2713,  65.2,19129,-65.5,-91.4,-86.7,  2,  3, 0.00,210, 3.1
2025-10-10 00:06:57,-111.1059,41.2713,  65.2,19134,-65.5,-91.3,-86.6,  2,  4, 0.00,214, 3.3
2025-10-10 00:06:58,-111.1059,41.2713,  65.1,19139,-65.5,-91.3,-86.5,  2,  4, 0.00,218, 3.5
2025-10-10 00:06:59,-111.1058,41.2714,  65.1,19144,-65.5,-91.2,-86.5,  2,  4, 0.00,220, 3.6
2025-10-10 00:07:00,-111.1058,41.2714,  65.0,19149,-65.4,-91.2,-86.4,  2,  4, 0.00,223, 3.8
2025-10-10 00:07:01,-111.1058,41.2714,  65.0,19154,-65.4,-91.1,-86.3,  2,  4, 0.00,225, 4.0
2025-10-10 00:07:02,-111.1057,41.2715,  64.9,19160,-65.4,-91.0,-86.3,  2,  4, 0.00,227, 4.1
2025-10-10 00:07:03,-111.1057,41.2715,  64.8,19165,-65.4,-91.0,-86.2,  2,  4, 0.00,228, 4.3
2025-10-10 00:07:04,-111.1057,41.2715,  64.8,19170,-65.4,-90.9,-86.2,  2,  4, 0.00,230, 4.5
2025-10-10 00:07:05,-111.1056,41.2716,  64.7,19175,-65.3,-90.9,-86.1,  2,  4, 0.00,231, 4.6
2025-10-10 00:07:06,-111.1056,41.2716,  64.7,19180,-65.3,-90.8,-86.0,  2,  4, 0.00,232, 4.8
2025-10-10 00:07:07,-111.1055,41.2716,  64.6,19185,-65.3,-90.7,-86.0,  2,  4, 0.00,233, 5.0
2025-10-10 00:07:08,-111.1054,41.2717,  64.6,19190,-65.3,-90.7,-85.9,  2,  4, 0.00,234, 5.2
2025-10-10 00:07:09,-111.1053,41.2717,  64.5,19195,-65.2,-90.7,-85.9,  2,  4, 0.00,235, 5.5
2025-10-10 00:07:10,-111.1052,41.2717,  64.5,19200,-65.2,-90.7,-86.0,  2,  4, 0.00,235, 5.7
2025-10-10 00:07:11,-111.1051,41.2717,  64.4,19206,-65.2,-90.7,-86.0,  2,  4, 0.00,236, 6.0
2025-10-10 00:07:12,-111.1050,41.2718,  64.4,19211,-65.2,-90.8,-86.0,  2,  4, 0.00,237, 6.2
2025-10-10 00:07:13,-111.1049,41.2718,  64.3,19216,-65.1,-90.8,-86.1,  2,  4, 0.00,237, 6.5
2025-10-10 00:07:14,-111.1048,41.2718,  64.3,19221,-65.1,-90.8,-86.1,  2,  4, 0.00,238, 6.8
2025-10-10 00:07:15,-111.1047,41.2718,  64.2,19226,-65.1,-90.9,-86.1,  2,  4, 0.00,238, 7.0
2025-10-10 00:07:16,-111.1047,41.2719,  64.1,19231,-65.1,-90.9,-86.1,  2,  4, 0.00,238, 7.3
2025-10-10 00:07:17,-111.1046,41.2719,  64.1,19236,-65.0,-90.9,-86.2,  2,  4, 0.00,239, 7.5
2025-10-10 00:07:18,-111.1045,41.2719,  64.0,19241,-65.0,-91.0,-86.2,  2,  3, 0.00,239, 7.8
2025-10-10 00:07:19,-111.1044,41.2719,  64.0,19246,-65.0,-91.0,-86.3,  2,  3, 0.00,240, 8.1
2025-10-10 00:07:20,-111.1043,41.2720,  63.9,19251,-65.0,-91.1,-86.3,  2,  3, 0.00,240, 8.3
2025-10-10 00:07:21,-111.1042,41.2720,  63.9,19257,-65.0,-91.1,-86.3,  2,  3, 0.00,240, 8.6
2025-10-10 00:07:22,-111.1041,41.2720,  63.8,19262,-65.0,-91.1,-86.4,  2,  3, 0.00,240, 8.9
2025-10-10 00:07:23,-111.1040,41.2721,  63.8,19266,-65.0,-91.1,-86.4,  2,  3, 0.00,241, 9.1
2025-10-10 00:07:24,-111.1039,41.2721,  63.7,19271,-65.0,-91.1,-86.4,  2,  3, 0.00,241, 9.4
2025-10-10 00:07:25,-111.1039,41.2721,  63.7,19276,-64.9,-91.1,-86.4,  2,  3, 0.00,241, 9.6
2025-10-10 00:07:26,-111.1038,41.2721,  63.6,19280,-64.9,-91.1,-86.4,  2,  3, 0.00,241, 9.9
2025-10-10 00:07:27,-111.1037,41.2722,  63.6,19285,-64.9,-91.1,-86.4,  2,  3, 0.00,242,10.2
2025-10-10 00:07:28,-111.1036,41.2722,  63.5,19289,-64.9,-91.1,-86.4,  2,  3, 0.00,242,10.2
2025-10-10 00:07:29,-111.1035,41.2722,  63.5,19294,-64.9,-91.1,-86.4,  2,  3, 0.00,242,10.2
2025-10-10 00:07:30,-111.1034,41.2722,  63.4,19299,-64.9,-91.1,-86.4,  2,  3, 0.00,242,10.2
2025-10-10 00:07:31,-111.1033,41.2723,  63.4,19303,-64.9,-91.1,-86.4,  2,  3, 0.00,242,10.2
2025-10-10 00:07:32,-111.1032,41.2723,  63.3,19308,-64.9,-91.2,-86.4,  2,  3, 0.00,242,10.2
2025-10-10 00:07:33,-111.1031,41.2723,  63.3,19313,-64.9,-91.2,-86.4,  2,  3, 0.00,242,10.2
2025-10-10 00:07:34,-111.1031,41.2723,  63.2,19317,-64.9,-91.2,-86.4,  2,  3, 0.00,242,10.2
2025-10-10 00:07:35,-111.1030,41.2724,  63.2,19322,-64.9,-91.2,-86.5,  2,  3, 0.00,242,10.2
2025-10-10 00:07:36,-111.1029,41.2724,  63.2,19325,-64.9,-91.2,-86.5,  2,  3, 0.00,242,10.2
2025-10-10 00:07:37,-111.1028,41.2724,  63.1,19331,-64.9,-91.2,-86.5,  2,  3, 0.00,242,10.2
2025-10-10 00:07:38,-111.1027,41.2724,  63.1,19336,-64.9,-91.2,-86.5,  2,  3, 0.00,242,10.2
2025-10-10 00:07:39,-111.1026,41.2725,  63.0,19340,-65.0,-91.2,-86.5,  2,  3, 0.00,242,10.2
2025-10-10 00:07:40,-111.1025,41.2725,  63.0,19345,-65.0,-91.2,-86.5,  2,  3, 0.00,242,10.2
2025-10-10 00:07:41,-111.1024,41.2725,  62.9,19349,-65.0,-91.2,-86.5,  2,  3, 0.00,242,10.2
2025-10-10 00:07:42,-111.1024,41.2726,  62.9,19354,-65.0,-91.2,-86.5,  2,  3, 0.00,242,10.2
2025-10-10 00:07:43,-111.1023,41.2726,  62.8,19359,-65.0,-91.2,-86.5,  2,  3, 0.00,242,10.2
2025-10-10 00:07:44,-111.1022,41.2726,  62.8,19363,-65.0,-91.2,-86.5,  2,  3, 0.00,242,10.2
2025-10-10 00:07:45,-111.1021,41.2726,  62.7,19368,-65.0,-91.2,-86.5,  2,  3, 0.00,242,10.2
2025-10-10 00:07:46,-111.1020,41.2727,  62.7,19373,-65.0,-91.2,-86.5,  2,  3, 0.00,242,10.2
2025-10-10 00:07:47,-111.1019,41.2727,  62.6,19377,-65.0,-91.2,-86.5,  2,  3, 0.00,242,10.2
2025-10-10 00:07:48,-111.1018,41.2727,  62.6,19382,-65.1,-91.2,-86.5,  2,  3, 0.00,242,10.2
2025-10-10 00:07:49,-111.1017,41.2727,  62.5,19386,-65.1,-91.2,-86.5,  2,  3, 0.00,242,10.2
2025-10-10 00:07:50,-111.1016,41.2728,  62.5,19391,-65.1,-91.2,-86.5,  2,  3, 0.00,242,10.2
2025-10-10 00:07:51,-111.1016,41.2728,  62.4,19396,-65.1,-91.2,-86.5,  2,  3, 0.00,243,10.2
2025-10-10 00:07:52,-111.1015,41.2728,  62.4,19400,-65.1,-91.2,-86.5,  2,  3, 0.00,243,10.2
2025-10-10 00:07:53,-111.1014,41.2728,  62.3,19405,-65.1,-91.2,-86.5,  2,  3, 0.00,243,10.2
2025-10-10 00:07:54,-111.1013,41.2729,  62.3,19409,-65.1,-91.2,-86.5,  2,  3, 0.00,244,10.2
2025-10-10 00:07:55,-111.1012,41.2729,  62.2,19414,-65.1,-91.2,-86.5,  2,  3, 0.00,244,10.2
2025-10-10 00:07:56,-111.1011,41.2729,  62.2,19419,-65.1,-91.2,-86.5,  2,  3, 0.00,244,10.2
2025-10-10 00:07:57,-111.1010,41.2730,  62.2,19423,-65.2,-91.2,-86.5,  2,  3, 0.00,244,10.2
2025-10-10 00:07:58,-111.1009,41.2730,  62.1,19428,-65.2,-91.2,-86.5,  2,  3, 0.00,245,10.2
2025-10-10 00:07:59,-111.1008,41.2730,  62.1,19432,-65.2,-91.2,-86.5,  2,  3, 0.00,245,10.2
2025-10-10 00:08:00,-111.1008,41.2730,  62.0,19437,-65.2,-91.2,-86.5,  2,  3, 0.00,245,10.2
2025-10-10 00:08:01,-111.1007,41.2731,  62.0,19442,-65.2,-91.2,-86.5,  2,  3, 0.00,246,10.2
2025-10-10 00:08:02,-111.1006,41.2731,  61.9,19446,-65.2,-91.2,-86.5,  2,  3, 0.00,246,10.2
2025-10-10 00:08:03,-111.1005,41.2731,  61.9,19451,-65.2,-91.2,-86.5,  2,  3, 0.00,246,10.2
2025-10-10 00:08:04,-111.1004,41.2731,  61.8,19455,-65.2,-91.2,-86.5,  2,  3, 0.00,246,10.2
2025-10-10 00:08:05,-111.1003,41.2731,  61.8,19460,-65.2,-91.3,-86.5,  2,  3, 0.00,247,10.2
2025-10-10 00:08:06,-111.1002,41.2731,  61.7,19465,-65.2,-91.3,-86.5,  2,  3, 0.00,247,10.3
2025-10-10 00:08:07,-111.1001,41.2732,  61.7,19469,-65.3,-91.3,-86.5,  2,  3, 0.00,247,10.3
2025-10-10 00:08:08,-111.1000,41.2732,  61.6,19474,-65.3,-91.3,-86.5,  2,  3, 0.00,248,10.1
2025-10-10 00:08:09,-111.0999,41.2732,  61.6,19478,-65.3,-91.3,-86.5,  2,  3, 0.00,248,10.0
2025-10-10 00:08:10,-111.0998,41.2732,  61.6,19483,-65.3,-91.3,-86.5,  2,  3, 0.00,248, 9.9
2025-10-10 00:08:11,-111.0997,41.2732,  61.5,19487,-65.3,-91.3,-86.5,  2,  3, 0.00,249, 9.7
2025-10-10 00:08:12,-111.0996,41.2732,  61.5,19491,-65.3,-91.3,-86.5,  2,  3, 0.00,249, 9.6
2025-10-10 00:08:13,-111.0995,41.2733,  61.4,19496,-65.3,-91.3,-86.5,  2,  3, 0.00,250, 9.5
2025-10-10 00:08:14,-111.0994,41.2733,  61.4,19500,-65.3,-91.3,-86.5,  2,  3, 0.00,250, 9.4
2025-10-10 00:08:15,-111.0993,41.2733,  61.3,19504,-65.3,-91.3,-86.5,  2,  3, 0.00,251, 9.2
2025-10-10 00:08:16,-111.0992,41.2733,  61.3,19508,-65.3,-91.3,-86.5,  2,  3, 0.00,251, 9.1
2025-10-10 00:08:17,-111.0991,41.2733,  61.2,19512,-65.3,-91.3,-86.5,  2,  3, 0.00,252, 9.0
2025-10-10 00:08:18,-111.0990,41.2734,  61.2,19516,-65.3,-91.3,-86.5,  2,  3, 0.00,252, 8.9
2025-10-10 00:08:19,-111.0989,41.2734,  61.2,19521,-65.4,-91.3,-86.5,  2,  3, 0.00,253, 8.8
2025-10-10 00:08:20,-111.0988,41.2734,  61.1,19525,-65.4,-91.3,-86.5,  2,  3, 0.00,253, 8.6
2025-10-10 00:08:21,-111.0987,41.2734,  61.1,19529,-65.4,-91.3,-86.5,  2,  3, 0.00,254, 8.5
2025-10-10 00:08:22,-111.0987,41.2734,  61.0,19533,-65.4,-91.3,-86.5,  2,  3, 0.00,254, 8.4
2025-10-10 00:08:23,-111.0986,41.2734,  61.0,19538,-65.4,-91.3,-86.5,  2,  3, 0.00,255, 8.3
2025-10-10 00:08:24,-111.0985,41.2735,  60.9,19542,-65.4,-91.3,-86.5,  2,  4, 0.00,256, 8.2
2025-10-10 00:08:25,-111.0984,41.2735,  60.9,19547,-65.4,-91.2,-86.5,  2,  4, 0.00,256, 8.0
2025-10-10 00:08:26,-111.0983,41.2735,  60.9,19552,-65.4,-91.2,-86.5,  2,  4, 0.00,257, 7.9
2025-10-10 00:08:27,-111.0982,41.2735,  60.8,19556,-65.4,-91.2,-86.5,  2,  4, 0.00,257, 7.8
2025-10-10 00:08:28,-111.0981,41.2735,  60.8,19561,-65.4,-91.2,-86.5,  2,  4, 0.00,258, 7.8
2025-10-10 00:08:29,-111.0980,41.2735,  60.7,19565,-65.4,-91.2,-86.5,  2,  4, 0.00,258, 7.8
2025-10-10 00:08:30,-111.0979,41.2735,  60.7,19570,-65.5,-91.2,-86.5,  2,  4, 0.00,258, 7.7
2025-10-10 00:08:31,-111.0978,41.2736,  60.6,19575,-65.5,-91.2,-86.5,  2,  4, 0.00,258, 7.7
2025-10-10 00:08:32,-111.0977,41.2736,  60.6,19579,-65.5,-91.3,-86.5,  2,  4, 0.00,258, 7.7
2025-10-10 00:08:33,-111.0976,41.2736,  60.5,19584,-65.5,-91.3,-86.5,  2,  4, 0.00,259, 7.7
2025-10-10 00:08:34,-111.0975,41.2736,  60.5,19588,-65.5,-91.3,-86.5,  2,  4, 0.00,259, 7.7
2025-10-10 00:08:35,-111.0975,41.2736,  60.4,19593,-65.5,-91.3,-86.5,  2,  4, 0.00,259, 7.6
2025-10-10 00:08:36,-111.0974,41.2736,  60.4,19598,-65.5,-91.3,-86.5,  2,  4, 0.00,259, 7.6
2025-10-10 00:08:37,-111.0973,41.2736,  60.4,19602,-65.5,-91.3,-86.5,  2,  4, 0.00,259, 7.6
2025-10-10 00:08:38,-111.0972,41.2736,  60.3,19607,-65.5,-91.3,-86.6,  2,  4, 0.00,259, 7.6
2025-10-10 00:08:39,-111.0971,41.2736,  60.3,19611,-65.5,-91.3,-86.6,  2,  4, 0.00,260, 7.6
2025-10-10 00:08:40,-111.0970,41.2737,  60.2,19616,-65.5,-91.3,-86.6,  2,  4, 0.00,260, 7.5
2025-10-10 00:08:41,-111.0969,41.2737,  60.2,19621,-65.6,-91.3,-86.6,  2,  4, 0.00,260, 7.5
2025-10-10 00:08:42,-111.0968,41.2737,  60.1,19625,-65.6,-91.3,-86.6,  2,  4, 0.00,260, 7.5
2025-10-10 00:08:43,-111.0967,41.2737,  60.1,19630,-65.6,-91.3,-86.6,  2,  4, 0.00,260, 7.5
2025-10-10 00:08:44,-111.0966,41.2737,  60.0,19635,-65.6,-91.3,-86.6,  2,  4, 0.00,261, 7.5
2025-10-10 00:08:45,-111.0966,41.2737,  60.0,19640,-65.6,-91.3,-86.6,  2,  4, 0.00,261, 7.4
2025-10-10 00:08:46,-111.0965,41.2737,  59.9,19644,-65.6,-91.3,-86.6,  2,  4, 0.00,261, 7.4
2025-10-10 00:08:47,-111.0964,41.2737,  59.9,19649,-65.6,-91.3,-86.6,  2,  4, 0.00,261, 7.4
2025-10-10 00:08:48,-111.0963,41.2737,  59.8,19654,-65.6,-91.4,-86.6,  2,  4, 0.00,261, 7.4
2025-10-10 00:08:49,-111.0962,41.2737,  59.8,19659,-65.6,-91.4,-86.6,  2,  4, 0.00,261, 7.5
2025-10-10 00:08:50,-111.0961,41.2738,  59.7,19664,-65.6,-91.4,-86.6,  2,  4, 0.00,261, 7.5
2025-10-10 00:08:51,-111.0960,41.2738,  59.7,19668,-65.7,-91.4,-86.6,  2,  4, 0.00,261, 7.6
2025-10-10 00:08:52,-111.0959,41.2738,  59.6,19673,-65.7,-91.4,-86.6,  2,  4, 0.00,260, 7.6
2025-10-10 00:08:53,-111.0958,41.2738,  59.6,19678,-65.7,-91.4,-86.6,  2,  4, 0.00,260, 7.7
2025-10-10 00:08:54,-111.0957,41.2738,  59.5,19683,-65.7,-91.4,-86.6,  2,  4, 0.00,260, 7.7
2025-10-10 00:08:55,-111.0957,41.2738,  59.5,19688,-65.7,-91.4,-86.6,  2,  4, 0.00,260, 7.8
2025-10-10 00:08:56,-111.0956,41.2738,  59.5,19693,-65.7,-91.4,-86.7,  2,  4, 0.00,260, 7.8
2025-10-10 00:08:57,-111.0955,41.2738,  59.4,19699,-65.7,-91.4,-86.7,  2,  4, 0.00,260, 7.9
2025-10-10 00:08:58,-111.0954,41.2739,  59.4,19704,-65.7,-91.4,-86.7,  2,  4, 0.00,260, 7.9
2025-10-10 00:08:59,-111.0953,41.2739,  59.3,19708,-65.7,-91.4,-86.7,  2,  4, 0.00,259, 8.0
2025-10-10 00:09:00,-111.0952,41.2739,  59.3,19713,-65.7,-91.4,-86.7,  2,  4, 0.00,259, 8.0
2025-10-10 00:09:01,-111.0951,41.2739,  59.2,19718,-65.8,-91.4,-86.7,  2,  4, 0.00,259, 8.1
2025-10-10 00:09:02,-111.0950,41.2739,  59.2,19722,-65.8,-91.4,-86.7,  2,  4, 0.00,259, 8.1
2025-10-10 00:09:03,-111.0949,41.2739,  59.1,19727,-65.8,-91.4,-86.7,  2,  4, 0.00,259, 8.2
2025-10-10 00:09:04,-111.0948,41.2739,  59.1,19732,-65.8,-91.4,-86.7,  2,  4, 0.00,259, 8.2
2025-10-10 00:09:05,-111.0947,41.2739,  59.0,19737,-65.8,-91.4,-86.7,  2,  4, 0.00,259, 8.3
2025-10-10 00:09:06,-111.0946,41.2739,  59.0,19742,-65.8,-91.4,-86.7,  2,  4, 0.00,258, 8.3
2025-10-10 00:09:07,-111.0945,41.2739,  58.9,19747,-65.8,-91.4,-86.7,  2,  4, 0.00,258, 8.4
2025-10-10 00:09:08,-111.0944,41.2739,  58.9,19752,-65.8,-91.5,-86.7,  2,  4, 0.00,259, 8.4
2025-10-10 00:09:09,-111.0943,41.2739,  58.8,19757,-65.9,-91.5,-86.7,  2,  4, 0.00,259, 8.4
2025-10-10 00:09:10,-111.0942,41.2739,  58.8,19762,-65.9,-91.5,-86.7,  2,  4, 0.00,259, 8.4
2025-10-10 00:09:11,-111.0941,41.2739,  58.7,19766,-65.9,-91.5,-86.7,  2,  4, 0.00,259, 8.4
2025-10-10 00:09:12,-111.0940,41.2739,  58.7,19771,-65.9,-91.5,-86.7,  2,  4, 0.00,260, 8.4
2025-10-10 00:09:13,-111.0939,41.2739,  58.6,19776,-65.9,-91.5,-86.8,  2,  4, 0.00,260, 8.4
2025-10-10 00:09:14,-111.0938,41.2740,  58.6,19781,-65.9,-91.5,-86.8,  2,  4, 0.00,260, 8.4
2025-10-10 00:09:15,-111.0937,41.2740,  58.6,19785,-65.9,-91.5,-86.8,  2,  4, 0.00,261, 8.4
2025-10-10 00:09:16,-111.0936,41.2740,  58.5,19790,-65.9,-91.5,-86.8,  2,  4, 0.00,261, 8.4
2025-10-10 00:09:17,-111.0935,41.2740,  58.5,19794,-65.9,-91.5,-86.8,  2,  4, 0.00,261, 8.4
2025-10-10 00:09:18,-111.0934,41.2740,  58.4,19799,-66.0,-91.5,-86.8,  2,  4, 0.00,262, 8.4
2025-10-10 00:09:19,-111.0933,41.2740,  58.4,19804,-66.0,-91.6,-86.8,  2,  4, 0.00,262, 8.5
2025-10-10 00:09:20,-111.0932,41.2740,  58.3,19808,-66.0,-91.6,-86.8,  2,  4, 0.00,262, 8.5
2025-10-10 00:09:21,-111.0931,41.2740,  58.3,19813,-66.0,-91.6,-86.8,  2,  4, 0.00,262, 8.5
2025-10-10 00:09:22,-111.0930,41.2740,  58.2,19818,-66.0,-91.6,-86.8,  2,  4, 0.00,263, 8.5
2025-10-10 00:09:23,-111.0929,41.2740,  58.2,19823,-66.0,-91.6,-86.8,  2,  4, 0.00,263, 8.5
2025-10-10 00:09:24,-111.0928,41.2740,  58.2,19827,-66.0,-91.6,-86.8,  2,  4, 0.00,263, 8.5
2025-10-10 00:09:25,-111.0927,41.2740,  58.1,19832,-66.0,-91.6,-86.9,  2,  4, 0.00,264, 8.5
2025-10-10 00:09:26,-111.0926,41.2740,  58.1,19837,-66.0,-91.6,-86.9,  2,  4, 0.00,264, 8.5
2025-10-10 00:09:27,-111.0925,41.2740,  58.0,19841,-66.0,-91.6,-86.9,  2,  4, 0.00,264, 8.5
2025-10-10 00:09:28,-111.0924,41.2740,  58.0,19846,-66.0,-91.6,-86.9,  2,  4, 0.00,264, 8.6
2025-10-10 00:09:29,-111.0923,41.2740,  57.9,19850,-66.0,-91.6,-86.9,  2,  4, 0.00,265, 8.6
2025-10-10 00:09:30,-111.0922,41.2740,  57.9,19855,-66.1,-91.6,-86.9,  2,  4, 0.00,265, 8.6
2025-10-10 00:09:31,-111.0921,41.2740,  57.8,19859,-66.1,-91.7,-86.9,  2,  4, 0.00,265, 8.7
2025-10-10 00:09:32,-111.0920,41.2740,  57.8,19864,-66.1,-91.7,-86.9,  2,  4, 0.00,265, 8.7
2025-10-10 00:09:33,-111.0919,41.2740,  57.7,19869,-66.1,-91.7,-86.9,  2,  4, 0.00,265, 8.8
2025-10-10 00:09:34,-111.0918,41.2740,  57.7,19874,-66.1,-91.7,-86.9,  2,  4, 0.00,265, 8.8
2025-10-10 00:09:35,-111.0917,41.2740,  57.7,19879,-66.1,-91.7,-86.9,  2,  4, 0.00,266, 8.8
2025-10-10 00:09:36,-111.0916,41.2741,  57.6,19884,-66.1,-91.7,-86.9,  2,  4, 0.00,266, 8.9
2025-10-10 00:09:37,-111.0915,41.2741,  57.6,19890,-66.1,-91.7,-86.9,  2,  4, 0.00,266, 8.9
2025-10-10 00:09:38,-111.0914,41.2741,  57.5,19895,-66.1,-91.7,-86.9,  2,  4, 0.00,266, 9.0
2025-10-10 00:09:39,-111.0913,41.2740,  57.5,19900,-66.1,-91.7,-86.9,  2,  4, 0.00,266, 9.0
2025-10-10 00:09:40,-111.0912,41.2740,  57.4,19905,-66.1,-91.7,-86.9,  2,  4, 0.00,267, 9.0
2025-10-10 00:09:41,-111.0911,41.2740,  57.4,19910,-66.1,-91.7,-86.9,  2,  4, 0.00,267, 9.1
2025-10-10 00:09:42,-111.0911,41.2740,  57.3,19915,-66.1,-91.7,-86.9,  2,  4, 0.00,267, 9.1
2025-10-10 00:09:43,-111.0910,41.2740,  57.3,19920,-66.1,-91.7,-86.9,  2,  4, 0.00,267, 9.2
2025-10-10 00:09:44,-111.0909,41.2740,  57.2,19925,-66.0,-91.7,-86.9,  2,  4, 0.00,267, 9.2
2025-10-10 00:09:45,-111.0908,41.2740,  57.2,19930,-66.0,-91.7,-86.9,  2,  4, 0.00,267, 9.2
2025-10-10 00:09:46,-111.0907,41.2740,  57.1,19935,-66.0,-91.7,-86.9,  2,  4, 0.00,268, 9.3
2025-10-10 00:09:47,-111.0907,41.2740,  57.1,19940,-66.0,-91.7,-86.9,  2,  4, 0.00,268, 9.3
2025-10-10 00:09:48,-111.0906,41.2740,  57.0,19945,-66.0,-91.6,-86.9,  2,  4, 0.00,268, 9.1
2025-10-10 00:09:49,-111.0905,41.2739,  57.0,19950,-66.0,-91.6,-86.9,  2,  4, 0.00,269, 8.9
2025-10-10 00:09:50,-111.0904,41.2739,  56.9,19955,-66.0,-91.6,-86.9,  2,  4, 0.00,270, 8.7
2025-10-10 00:09:51,-111.0903,41.2739,  56.9,19961,-66.0,-91.6,-86.9,  2,  4, 0.00,271, 8.5
2025-10-10 00:09:52,-111.0903,41.2739,  56.8,19966,-65.9,-91.6,-86.9,  2,  4, 0.00,272, 8.4
2025-10-10 00:09:53,-111.0902,41.2739,  56.8,19971,-65.9,-91.6,-86.8,  2,  4, 0.00,273, 8.2
2025-10-10 00:09:54,-111.0901,41.2739,  56.7,19976,-65.9,-91.6,-86.8,  2,  4, 0.00,274, 8.0
2025-10-10 00:09:55,-111.0900,41.2739,  56.7,19981,-65.9,-91.6,-86.8,  2,  4, 0.00,275, 7.8
2025-10-10 00:09:56,-111.0899,41.2739,  56.6,19987,-65.9,-91.5,-86.8,  2,  4, 0.00,276, 7.6
2025-10-10 00:09:57,-111.0898,41.2739,  56.6,19992,-65.9,-91.5,-86.8,  2,  4, 0.00,277, 7.5
2025-10-10 00:09:58,-111.0898,41.2739,  56.5,19997,-65.9,-91.5,-86.8,  2,  4, 0.00,278, 7.3
2025-10-10 00:09:59,-111.0897,41.2739,  56.5,20002,-65.8,-91.5,-86.8,  2,  4, 0.00,279, 7.1
2025-10-10 00:10:00,-111.0896,41.2738,  56.4,20008,-65.8,-91.5,-86.8,  2,  4, 0.00,280, 6.9
2025-10-10 00:10:01,-111.0895,41.2738,  56.4,20013,-65.8,-91.5,-86.7,  2,  4, 0.00,282, 6.7
2025-10-10 00:10:02,-111.0894,41.2738,  56.4,20018,-65.8,-91.5,-86.7,  2,  4, 0.00,283, 6.5
2025-10-10 00:10:03,-111.0894,41.2738,  56.3,20024,-65.8,-91.5,-86.7,  2,  4, 0.00,285, 6.3
2025-10-10 00:10:04,-111.0893,41.2738,  56.3,20029,-65.8,-91.4,-86.7,  2,  4, 0.00,286, 6.1
2025-10-10 00:10:05,-111.0892,41.2738,  56.2,20034,-65.7,-91.4,-86.7,  2,  4, 0.00,288, 6.0
2025-10-10 00:10:06,-111.0891,41.2738,  56.2,20039,-65.7,-91.4,-86.7,  2,  4, 0.00,290, 5.7
2025-10-10 00:10:07,-111.0890,41.2738,  56.1,20044,-65.7,-91.4,-86.7,  2,  4, 0.00,292, 5.6
2025-10-10 00:10:08,-111.0890,41.2737,  56.1,20050,-65.7,-91.4,-86.6,  2,  4, 0.00,291, 5.6
2025-10-10 00:10:09,-111.0889,41.2737,  56.0,20055,-65.7,-91.4,-86.6,  2,  4, 0.00,291, 5.6
2025-10-10 00:10:10,-111.0888,41.2737,  56.0,20060,-65.7,-91.4,-86.6,  2,  4, 0.00,291, 5.6
2025-10-10 00:10:11,-111.0888,41.2737,  55.9,20065,-65.6,-91.4,-86.6,  2,  4, 0.00,291, 5.7
2025-10-10 00:10:12,-111.0887,41.2737,  55.9,20069,-65.6,-91.3,-86.6,  2,  4, 0.00,290, 5.7
2025-10-10 00:10:13,-111.0887,41.2736,  55.8,20074,-65.6,-91.3,-86.6,  2,  4, 0.00,290, 5.7
2025-10-10 00:10:14,-111.0886,41.2736,  55.8,20079,-65.6,-91.3,-86.6,  2,  4, 0.00,290, 5.7
2025-10-10 00:10:15,-111.0885,41.2736,  55.7,20084,-65.6,-91.3,-86.5,  2,  4, 0.00,290, 5.7
2025-10-10 00:10:16,-111.0885,41.2736,  55.7,20089,-65.5,-91.3,-86.5,  2,  4, 0.00,289, 5.8
2025-10-10 00:10:17,-111.0884,41.2735,  55.6,20095,-65.5,-91.2,-86.5,  2,  4, 0.00,289, 5.8
2025-10-10 00:10:18,-111.0883,41.2735,  55.6,20100,-65.5,-91.2,-86.5,  2,  4, 0.00,289, 5.8
2025-10-10 00:10:19,-111.0883,41.2735,  55.5,20106,-65.4,-91.2,-86.5,  2,  4, 0.00,289, 5.8
2025-10-10 00:10:20,-111.0882,41.2735,  55.5,20112,-65.4,-91.2,-86.4,  2,  4, 0.00,289, 5.8
2025-10-10 00:10:21,-111.0881,41.2734,  55.4,20117,-65.4,-91.2,-86.4,  2,  4, 0.00,288, 5.9
2025-10-10 00:10:22,-111.0881,41.2734,  55.4,20123,-65.4,-91.1,-86.4,  2,  4, 0.00,288, 5.9
2025-10-10 00:10:23,-111.0880,41.2734,  55.3,20128,-65.3,-91.1,-86.4,  2,  4, 0.00,288, 5.9
2025-10-10 00:10:24,-111.0880,41.2734,  55.3,20134,-65.3,-91.1,-86.4,  2,  4, 0.00,288, 5.9
2025-10-10 00:10:25,-111.0879,41.2733,  55.2,20139,-65.3,-91.1,-86.3,  2,  4, 0.00,287, 5.9
2025-10-10 00:10:26,-111.0878,41.2733,  55.2,20145,-65.3,-91.1,-86.3,  2,  4, 0.00,287, 6.0
2025-10-10 00:10:27,-111.0877,41.2733,  55.1,20150,-65.3,-91.1,-86.3,  2,  4, 0.00,287, 6.0
2025-10-10 00:10:28,-111.0877,41.2733,  55.1,20156,-65.2,-91.0,-86.3,  2,  4, 0.00,287, 6.0
2025-10-10 00:10:29,-111.0876,41.2732,  55.0,20161,-65.2,-91.0,-86.3,  2,  4, 0.00,287, 6.1
2025-10-10 00:10:30,-111.0876,41.2732,  55.0,20167,-65.2,-91.0,-86.3,  2,  4, 0.00,287, 6.2
2025-10-10 00:10:31,-111.0875,41.2732,  54.9,20173,-65.2,-91.0,-86.2,  2,  4, 0.00,288, 6.3
2025-10-10 00:10:32,-111.0874,41.2732,  54.9,20178,-65.2,-91.0,-86.2,  2,  4, 0.00,288, 6.3
2025-10-10 00:10:33,-111.0874,41.2731,  54.8,20184,-65.1,-91.0,-86.2,  2,  4, 0.00,288, 6.4
2025-10-10 00:10:34,-111.0873,41.2731,  54.8,20189,-65.1,-90.9,-86.2,  2,  4, 0.00,288, 6.5
2025-10-10 00:10:35,-111.0872,41.2731,  54.7,20194,-65.1,-90.9,-86.2,  2,  4, 0.00,288, 6.5
2025-10-10 00:10:36,-111.0872,41.2731,  54.7,20199,-65.1,-90.9,-86.2,  2,  4, 0.00,288, 6.6
2025-10-10 00:10:37,-111.0871,41.2731,  54.7,20204,-65.1,-90.9,-86.1,  2,  4, 0.00,288, 6.7
2025-10-10 00:10:38,-111.0871,41.2730,  54.6,20210,-65.1,-90.9,-86.1,  2,  4, 0.00,288, 6.8
2025-10-10 00:10:39,-111.0870,41.2730,  54.6,20215,-65.0,-90.8,-86.1,  2,  4, 0.00,289, 6.8
2025-10-10 00:10:40,-111.0869,41.2730,  54.5,20220,-65.0,-90.8,-86.1,  2,  4, 0.00,289, 6.9
2025-10-10 00:10:41,-111.0868,41.2730,  54.5,20225,-65.0,-90.8,-86.1,  2,  4, 0.00,289, 7.0
2025-10-10 00:10:42,-111.0868,41.2730,  54.4,20230,-65.0,-90.8,-86.0,  2,  4, 0.00,289, 7.1
2025-10-10 00:10:43,-111.0867,41.2729,  54.4,20234,-65.0,-90.8,-86.0,  2,  4, 0.00,289, 7.1
2025-10-10 00:10:44,-111.0866,41.2729,  54.3,20239,-64.9,-90.8,-86.0,  2,  4, 0.00,289, 7.2
2025-10-10 00:10:45,-111.0866,41.2729,  54.3,20245,-64.9,-90.7,-86.0,  2,  4, 0.00,289, 7.3
2025-10-10 00:10:46,-111.0865,41.2729,  54.2,20250,-64.9,-90.7,-86.0,  2,  4, 0.00,289, 7.3
2025-10-10 00:10:47,-111.0864,41.2729,  54.2,20256,-64.9,-90.7,-85.9,  2,  4, 0.00,289, 7.4
2025-10-10 00:10:48,-111.0864,41.2729,  54.1,20261,-64.9,-90.7,-85.9,  2,  4, 0.00,289, 7.3
2025-10-10 00:10:49,-111.0863,41.2729,  54.1,20267,-64.9,-90.7,-85.9,  2,  4, 0.00,289, 7.2
2025-10-10 00:10:50,-111.0862,41.2728,  54.0,20272,-64.8,-90.6,-85.9,  2,  4, 0.00,289, 7.1
2025-10-10 00:10:51,-111.0862,41.2728,  54.0,20277,-64.8,-90.6,-85.9,  2,  4, 0.00,288, 7.0
2025-10-10 00:10:52,-111.0861,41.2728,  54.0,20283,-64.8,-90.6,-85.8,  2,  4, 0.00,288, 7.0
2025-10-10 00:10:53,-111.0860,41.2728,  53.9,20288,-64.8,-90.6,-85.8,  2,  4, 0.00,288, 6.9
2025-10-10 00:10:54,-111.0860,41.2728,  53.9,20293,-64.7,-90.5,-85.8,  2,  4, 0.00,288, 6.8
2025-10-10 00:10:55,-111.0859,41.2728,  53.8,20299,-64.7,-90.5,-85.7,  2,  4, 0.00,287, 6.7
2025-10-10 00:10:56,-111.0858,41.2727,  53.8,20304,-64.6,-90.5,-85.7,  2,  4, 0.00,287, 6.6
2025-10-10 00:10:57,-111.0857,41.2727,  53.7,20309,-64.6,-90.4,-85.7,  2,  4, 0.00,287, 6.5
2025-10-10 00:10:58,-111.0857,41.2727,  53.7,20316,-64.6,-90.4,-85.6,  2,  4, 0.00,286, 6.4
2025-10-10 00:10:59,-111.0856,41.2727,  53.6,20319,-64.5,-90.4,-85.6,  2,  4, 0.00,286, 6.3
2025-10-10 00:11:00,-111.0855,41.2727,  53.6,20325,-64.5,-90.3,-85.6,  2,  4, 0.00,286, 6.2
2025-10-10 00:11:01,-111.0855,41.2727,  53.5,20330,-64.5,-90.3,-85.6,  2,  4, 0.00,285, 6.1
2025-10-10 00:11:02,-111.0854,41.2726,  53.5,20335,-64.4,-90.3,-85.5,  2,  4, 0.00,285, 6.0
2025-10-10 00:11:03,-111.0854,41.2726,  53.4,20340,-64.4,-90.3,-85.5,  2,  4, 0.00,284, 5.9
2025-10-10 00:11:04,-111.0853,41.2726,  53.4,20345,-64.3,-90.2,-85.5,  2,  4, 0.00,284, 5.9
2025-10-10 00:11:05,-111.0852,41.2726,  53.4,20350,-64.3,-90.2,-85.4,  2,  4, 0.00,284, 5.8
2025-10-10 00:11:06,-111.0851,41.2726,  53.3,20356,-64.3,-90.2,-85.4,  2,  4, 0.00,283, 5.7
2025-10-10 00:11:07,-111.0851,41.2726,  53.3,20361,-64.2,-90.1,-85.4,  2,  4, 0.00,283, 5.6
2025-10-10 00:11:08,-111.0850,41.2725,  53.2,20366,-64.2,-90.1,-85.4,  2,  4, 0.00,282, 5.6
2025-10-10 00:11:09,-111.0849,41.2725,  53.2,20372,-64.1,-90.1,-85.3,  2,  4, 0.00,282, 5.6
2025-10-10 00:11:10,-111.0849,41.2725,  53.1,20377,-64.1,-90.1,-85.3,  2,  4, 0.00,282, 5.6
2025-10-10 00:11:11,-111.0848,41.2725,  53.1,20382,-64.1,-90.0,-85.3,  2,  4, 0.00,281, 5.6
2025-10-10 00:11:12,-111.0847,41.2725,  53.0,20387,-64.0,-90.0,-85.3,  2,  4, 0.00,281, 5.6
2025-10-10 00:11:13,-111.0847,41.2725,  53.0,20393,-64.0,-90.0,-85.2,  2,  4, 0.00,281, 5.6
2025-10-10 00:11:14,-111.0846,41.2725,  52.9,20398,-63.9,-90.0,-85.2,  2,  4, 0.00,280, 5.6
2025-10-10 00:11:15,-111.0845,41.2725,  52.9,20403,-63.9,-89.9,-85.2,  2,  4, 0.00,280, 5.6
2025-10-10 00:11:16,-111.0845,41.2725,  52.9,20408,-63.9,-89.9,-85.2,  2,  4, 0.00,280, 5.6
2025-10-10 00:11:17,-111.0844,41.2725,  52.8,20413,-63.8,-89.9,-85.1,  2,  4, 0.00,280, 5.6
2025-10-10 00:11:18,-111.0843,41.2725,  52.8,20419,-63.8,-89.9,-85.1,  2,  4, 0.00,279, 5.6
2025-10-10 00:11:19,-111.0842,41.2725,  52.7,20424,-63.7,-89.8,-85.1,  2,  4, 0.00,279, 5.6
2025-10-10 00:11:20,-111.0842,41.2725,  52.7,20429,-63.7,-89.8,-85.1,  2,  4, 0.00,279, 5.6
2025-10-10 00:11:21,-111.0841,41.2725,  52.6,20435,-63.7,-89.8,-85.0,  2,  4, 0.00,278, 5.6
2025-10-10 00:11:22,-111.0840,41.2725,  52.6,20440,-63.6,-89.8,-85.0,  2,  4, 0.00,278, 5.6
2025-10-10 00:11:23,-111.0840,41.2725,  52.5,20445,-63.6,-89.7,-85.0,  2,  4, 0.00,278, 5.6
2025-10-10 00:11:24,-111.0839,41.2725,  52.5,20451,-63.6,-89.7,-85.0,  2,  4, 0.00,277, 5.6
2025-10-10 00:11:25,-111.0838,41.2725,  52.4,20456,-63.5,-89.7,-84.9,  2,  4, 0.00,277, 5.6
2025-10-10 00:11:26,-111.0838,41.2725,  52.4,20462,-63.5,-89.7,-84.9,  2,  4, 0.00,277, 5.6
2025-10-10 00:11:27,-111.0837,41.2725,  52.4,20467,-63.4,-89.6,-84.9,  2,  4, 0.00,276, 5.6
2025-10-10 00:11:28,-111.0836,41.2725,  52.3,20473,-63.4,-89.6,-84.9,  2,  4, 0.00,275, 5.7
2025-10-10 00:11:29,-111.0836,41.2725,  52.3,20479,-63.4,-89.6,-84.8,  2,  4, 0.00,275, 5.7
2025-10-10 00:11:30,-111.0835,41.2725,  52.2,20484,-63.3,-89.6,-84.8,  2,  4, 0.00,274, 5.7
2025-10-10 00:11:31,-111.0834,41.2725,  52.2,20489,-63.3,-89.5,-84.8,  2,  4, 0.00,273, 5.8
2025-10-10 00:11:32,-111.0833,41.2725,  52.1,20495,-63.2,-89.5,-84.7,  2,  4, 0.00,272, 5.8
2025-10-10 00:11:33,-111.0833,41.2725,  52.1,20500,-63.2,-89.5,-84.7,  2,  4, 0.00,272, 5.8
2025-10-10 00:11:34,-111.0832,41.2725,  52.0,20505,-63.2,-89.5,-84.7,  2,  4, 0.00,271, 5.9
2025-10-10 00:11:35,-111.0831,41.2725,  52.0,20511,-63.1,-89.4,-84.7,  2,  4, 0.00,270, 5.9
2025-10-10 00:11:36,-111.0831,41.2725,  51.9,20516,-63.1,-89.4,-84.7,  2,  4, 0.00,269, 5.9
2025-10-10 00:11:37,-111.0830,41.2725,  51.9,20521,-63.1,-89.4,-84.6,  2,  4, 0.00,269, 6.0
2025-10-10 00:11:38,-111.0829,41.2725,  51.9,20526,-63.1,-89.4,-84.6,  2,  4, 0.00,268, 6.0
2025-10-10 00:11:39,-111.0829,41.2725,  51.8,20531,-63.0,-89.4,-84.6,  2,  4, 0.00,267, 6.0
2025-10-10 00:11:40,-111.0828,41.2725,  51.8,20536,-63.0,-89.3,-84.6,  2,  4, 0.00,266, 6.1
2025-10-10 00:11:41,-111.0827,41.2726,  51.7,20541,-63.0,-89.3,-84.6,  2,  4, 0.00,266, 6.1
2025-10-10 00:11:42,-111.0826,41.2726,  51.7,20546,-62.9,-89.3,-84.5,  2,  4, 0.00,265, 6.2
2025-10-10 00:11:43,-111.0825,41.2726,  51.6,20550,-62.9,-89.3,-84.5,  2,  3, 0.00,264, 6.2
2025-10-10 00:11:44,-111.0825,41.2726,  51.6,20555,-62.9,-89.2,-84.5,  2,  4, 0.00,264, 6.3
2025-10-10 00:11:45,-111.0824,41.2726,  51.6,20560,-62.8,-89.2,-84.5,  2,  4, 0.00,263, 6.3
2025-10-10 00:11:46,-111.0823,41.2726,  51.5,20565,-62.8,-89.2,-84.4,  2,  4, 0.00,262, 6.3
2025-10-10 00:11:47,-111.0822,41.2726,  51.5,20570,-62.8,-89.2,-84.4,  2,  3, 0.00,262, 6.4
2025-10-10 00:11:48,-111.0821,41.2726,  51.4,20574,-62.8,-89.2,-84.4,  2,  3, 0.00,261, 6.4
2025-10-10 00:11:49,-111.0821,41.2727,  51.4,20579,-62.8,-89.2,-84.4,  2,  3, 0.00,261, 6.5
2025-10-10 00:11:50,-111.0820,41.2727,  51.4,20584,-62.8,-89.2,-84.4,  2,  3, 0.00,261, 6.5
2025-10-10 00:11:51,-111.0819,41.2727,  51.3,20589,-62.8,-89.2,-84.4,  2,  3, 0.00,261, 6.5
2025-10-10 00:11:52,-111.0818,41.2727,  51.3,20594,-62.8,-89.1,-84.4,  2,  3, 0.00,260, 6.6
2025-10-10 00:11:53,-111.0817,41.2727,  51.2,20599,-62.7,-89.1,-84.4,  2,  3, 0.00,260, 6.6
2025-10-10 00:11:54,-111.0816,41.2727,  51.2,20604,-62.7,-89.1,-84.4,  2,  3, 0.00,260, 6.6
2025-10-10 00:11:55,-111.0816,41.2727,  51.2,20609,-62.7,-89.1,-84.4,  2,  3, 0.00,260, 6.7
2025-10-10 00:11:56,-111.0815,41.2727,  51.1,20614,-62.7,-89.1,-84.4,  2,  3, 0.00,259, 6.7
2025-10-10 00:11:57,-111.0814,41.2728,  51.1,20619,-62.7,-89.1,-84.4,  2,  3, 0.00,259, 6.7
2025-10-10 00:11:58,-111.0813,41.2728,  51.0,20624,-62.7,-89.1,-84.4,  2,  3, 0.00,259, 6.8
2025-10-10 00:11:59,-111.0812,41.2728,  51.0,20630,-62.7,-89.1,-84.4,  2,  3, 0.00,259, 6.8
2025-10-10 00:12:00,-111.0812,41.2728,  51.0,20634,-62.7,-89.1,-84.4,  2,  3, 0.00,259, 6.8
2025-10-10 00:12:01,-111.0811,41.2728,  50.9,20638,-62.7,-89.1,-84.4,  2,  3, 0.00,258, 6.9
2025-10-10 00:12:02,-111.0810,41.2728,  50.9,20643,-62.7,-89.2,-84.4,  2,  3, 0.00,258, 6.9
2025-10-10 00:12:03,-111.0809,41.2728,  50.8,20648,-62.7,-89.2,-84.4,  2,  3, 0.00,258, 6.9
2025-10-10 00:12:04,-111.0808,41.2728,  50.8,20653,-62.7,-89.2,-84.4,  2,  3, 0.00,258, 7.0
2025-10-10 00:12:05,-111.0808,41.2728,  50.7,20658,-62.7,-89.2,-84.4,  2,  3, 0.00,257, 7.0
2025-10-10 00:12:06,-111.0807,41.2729,  50.7,20664,-62.7,-89.2,-84.4,  2,  3, 0.00,257, 7.0
2025-10-10 00:12:07,-111.0806,41.2729,  50.7,20669,-62.7,-89.2,-84.4,  2,  3, 0.00,257, 7.1
2025-10-10 00:12:08,-111.0805,41.2729,  50.6,20675,-62.7,-89.2,-84.4,  2,  3, 0.00,257, 7.1
2025-10-10 00:12:09,-111.0804,41.2729,  50.6,20681,-62.7,-89.2,-84.4,  2,  3, 0.00,257, 7.1
2025-10-10 00:12:10,-111.0804,41.2729,  50.5,20686,-62.7,-89.2,-84.4,  2,  3, 0.00,257, 7.0
2025-10-10 00:12:11,-111.0803,41.2729,  50.5,20691,-62.7,-89.2,-84.4,  2,  3, 0.00,257, 7.0
2025-10-10 00:12:12,-111.0802,41.2729,  50.4,20696,-62.7,-89.2,-84.5,  2,  3, 0.00,258, 7.0
2025-10-10 00:12:13,-111.0801,41.2729,  50.4,20701,-62.7,-89.2,-84.5,  2,  3, 0.00,258, 7.0
2025-10-10 00:12:14,-111.0800,41.2729,  50.4,20706,-62.7,-89.2,-84.5,  2,  3, 0.00,258, 7.0
2025-10-10 00:12:15,-111.0800,41.2730,  50.3,20711,-62.7,-89.2,-84.5,  2,  3, 0.00,258, 7.0
2025-10-10 00:12:16,-111.0799,41.2730,  50.3,20716,-62.7,-89.2,-84.5,  2,  3, 0.00,258, 7.0
2025-10-10 00:12:17,-111.0798,41.2730,  50.2,20721,-62.7,-89.2,-84.5,  2,  3, 0.00,258, 7.0
2025-10-10 00:12:18,-111.0797,41.2730,  50.2,20726,-62.7,-89.2,-84.5,  2,  3, 0.00,258, 7.0
2025-10-10 00:12:19,-111.0796,41.2730,  50.2,20730,-62.7,-89.2,-84.5,  2,  3, 0.00,259, 6.9
2025-10-10 00:12:20,-111.0795,41.2730,  50.1,20735,-62.7,-89.2,-84.5,  2,  3, 0.00,259, 6.9
2025-10-10 00:12:21,-111.0795,41.2730,  50.1,20740,-62.7,-89.2,-84.5,  2,  3, 0.00,259, 6.9
2025-10-10 00:12:22,-111.0794,41.2730,  50.0,20745,-62.7,-89.2,-84.5,  2,  3, 0.00,259, 6.9
2025-10-10 00:12:23,-111.0793,41.2730,  50.0,20750,-62.7,-89.2,-84.5,  2,  3, 0.00,259, 6.9
2025-10-10 00:12:24,-111.0792,41.2730,  50.0,20755,-62.7,-89.2,-84.5,  2,  3, 0.00,259, 6.9
2025-10-10 00:12:25,-111.0791,41.2730,  49.9,20759,-62.7,-89.2,-84.5,  2,  3, 0.00,259, 6.9
2025-10-10 00:12:26,-111.0791,41.2731,  49.9,20764,-62.7,-89.2,-84.5,  2,  3, 0.00,259, 6.9
2025-10-10 00:12:27,-111.0790,41.2731,  49.8,20769,-62.7,-89.2,-84.5,  2,  3, 0.00,260, 6.9
2025-10-10 00:12:28,-111.0789,41.2731,  49.8,20774,-62.7,-89.2,-84.5,  2,  3, 0.00,260, 6.9
2025-10-10 00:12:29,-111.0788,41.2731,  49.8,20778,-62.7,-89.2,-84.5,  2,  3, 0.00,260, 6.9
2025-10-10 00:12:30,-111.0787,41.2731,  49.7,20783,-62.7,-89.2,-84.5,  2,  3, 0.00,260, 6.9
2025-10-10 00:12:31,-111.0786,41.2731,  49.7,20788,-62.7,-89.2,-84.5,  2,  3, 0.00,260, 7.0
2025-10-10 00:12:32,-111.0786,41.2731,  49.6,20794,-62.7,-89.2,-84.5,  2,  3, 0.00,260, 7.0
2025-10-10 00:12:33,-111.0785,41.2731,  49.6,20797,-62.7,-89.2,-84.5,  2,  3, 0.00,260, 7.0
2025-10-10 00:12:34,-111.0784,41.2731,  49.6,20801,-62.7,-89.2,-84.5,  2,  3, 0.00,260, 7.0
2025-10-10 00:12:35,-111.0783,41.2731,  49.6,20806,-62.7,-89.2,-84.5,  2,  3, 0.00,261, 7.1
2025-10-10 00:12:36,-111.0782,41.2732,  49.5,20810,-62.7,-89.2,-84.4,  2,  3, 0.00,261, 7.1
2025-10-10 00:12:37,-111.0782,41.2732,  49.5,20814,-62.7,-89.2,-84.4,  2,  3, 0.00,261, 7.1
2025-10-10 00:12:38,-111.0781,41.2732,  49.4,20819,-62.7,-89.2,-84.4,  2,  3, 0.00,261, 7.1
2025-10-10 00:12:39,-111.0780,41.2732,  49.4,20823,-62.7,-89.2,-84.4,  2,  3, 0.00,261, 7.2
2025-10-10 00:12:40,-111.0779,41.2732,  49.4,20828,-62.7,-89.2,-84.4,  2,  3, 0.00,261, 7.2
2025-10-10 00:12:41,-111.0778,41.2732,  49.3,20833,-62.7,-89.2,-84.4,  2,  3, 0.00,261, 7.2
2025-10-10 00:12:42,-111.0777,41.2732,  49.3,20837,-62.7,-89.1,-84.4,  2,  3, 0.00,261, 7.2
2025-10-10 00:12:43,-111.0776,41.2732,  49.3,20842,-62.7,-89.1,-84.4,  2,  3, 0.00,262, 7.3
2025-10-10 00:12:44,-111.0775,41.2732,  49.2,20847,-62.7,-89.1,-84.4,  2,  3, 0.00,262, 7.3
2025-10-10 00:12:45,-111.0774,41.2732,  49.2,20852,-62.7,-89.1,-84.4,  2,  3, 0.00,262, 7.3
2025-10-10 00:12:46,-111.0773,41.2732,  49.1,20857,-62.6,-89.1,-84.3,  2,  3, 0.00,262, 7.4
2025-10-10 00:12:47,-111.0772,41.2733,  49.1,20861,-62.6,-89.1,-84.3,  2,  3, 0.00,262, 7.4
2025-10-10 00:12:48,-111.0771,41.2733,  49.1,20866,-62.6,-89.1,-84.3,  2,  3, 0.00,262, 7.4
2025-10-10 00:12:49,-111.0770,41.2733,  49.0,20871,-62.6,-89.1,-84.3,  2,  3, 0.00,262, 7.4
2025-10-10 00:12:50,-111.0769,41.2733,  49.0,20875,-62.6,-89.1,-84.3,  2,  3, 0.00,263, 7.4
2025-10-10 00:12:51,-111.0768,41.2733,  49.0,20880,-62.6,-89.0,-84.3,  2,  3, 0.00,263, 7.4
2025-10-10 00:12:52,-111.0767,41.2733,  48.9,20885,-62.6,-89.0,-84.3,  2,  3, 0.00,263, 7.4
2025-10-10 00:12:53,-111.0766,41.2733,  48.9,20890,-62.6,-89.0,-84.3,  2,  3, 0.00,263, 7.4
2025-10-10 00:12:54,-111.0765,41.2733,  48.8,20894,-62.6,-89.0,-84.2,  2,  3, 0.00,263, 7.4
2025-10-10 00:12:55,-111.0764,41.2733,  48.8,20899,-62.5,-89.0,-84.2,  2,  4, 0.00,264, 7.5
2025-10-10 00:12:56,-111.0763,41.2733,  48.8,20903,-62.5,-88.9,-84.2,  2,  4, 0.00,264, 7.5
2025-10-10 00:12:57,-111.0762,41.2734,  48.7,20908,-62.5,-88.9,-84.2,  2,  4, 0.00,264, 7.5
2025-10-10 00:12:58,-111.0761,41.2734,  48.7,20913,-62.5,-88.9,-84.1,  2,  4, 0.00,264, 7.5
2025-10-10 00:12:59,-111.0760,41.2734,  48.7,20918,-62.4,-88.9,-84.1,  2,  4, 0.00,264, 7.5
2025-10-10 00:13:00,-111.0759,41.2734,  48.6,20922,-62.4,-88.8,-84.1,  2,  4, 0.00,265, 7.5
2025-10-10 00:13:01,-111.0758,41.2734,  48.6,20927,-62.4,-88.8,-84.1,  2,  4, 0.00,265, 7.5
2025-10-10 00:13:02,-111.0757,41.2734,  48.5,20932,-62.4,-88.8,-84.1,  2,  4, 0.00,265, 7.5
2025-10-10 00:13:03,-111.0756,41.2734,  48.5,20937,-62.3,-88.8,-84.0,  2,  4, 0.00,265, 7.5
2025-10-10 00:13:04,-111.0756,41.2734,  48.5,20942,-62.3,-88.8,-84.0,  2,  3, 0.00,266, 7.5
2025-10-10 00:13:05,-111.0755,41.2734,  48.4,20947,-62.3,-88.8,-84.0,  2,  3, 0.00,266, 7.6
2025-10-10 00:13:06,-111.0754,41.2734,  48.4,20952,-62.3,-88.8,-84.0,  2,  3, 0.00,266, 7.6
2025-10-10 00:13:07,-111.0753,41.2735,  48.4,20956,-62.2,-88.7,-84.0,  2,  3, 0.00,266, 7.6
2025-10-10 00:13:08,-111.0752,41.2735,  48.3,20961,-62.2,-88.7,-84.0,  2,  3, 0.00,265, 7.7
2025-10-10 00:13:09,-111.0751,41.2735,  48.3,20966,-62.2,-88.7,-83.9,  2,  3, 0.00,265, 7.8
2025-10-10 00:13:10,-111.0750,41.2735,  48.2,20971,-62.1,-88.7,-83.9,  2,  3, 0.00,264, 7.9
2025-10-10 00:13:11,-111.0748,41.2735,  48.2,20975,-62.1,-88.6,-83.9,  2,  3, 0.00,263, 8.0
2025-10-10 00:13:12,-111.0747,41.2735,  48.2,20980,-62.0,-88.6,-83.9,  2,  3, 0.00,262, 8.2
2025-10-10 00:13:13,-111.0746,41.2736,  48.1,20985,-62.0,-88.6,-83.8,  2,  3, 0.00,262, 8.3
2025-10-10 00:13:14,-111.0745,41.2736,  48.1,20990,-62.0,-88.6,-83.8,  2,  3, 0.00,261, 8.4
2025-10-10 00:13:15,-111.0744,41.2736,  48.1,20995,-61.9,-88.5,-83.8,  2,  3, 0.00,261, 8.5
2025-10-10 00:13:16,-111.0743,41.2736,  48.0,20999,-61.9,-88.5,-83.7,  2,  3, 0.00,260, 8.6
2025-10-10 00:13:17,-111.0742,41.2736,  48.0,21004,-61.9,-88.4,-83.7,  2,  3, 0.00,259, 8.8
2025-10-10 00:13:18,-111.0741,41.2737,  47.9,21009,-61.8,-88.4,-83.7,  2,  3, 0.00,259, 8.9
2025-10-10 00:13:19,-111.0740,41.2737,  47.9,21014,-61.8,-88.4,-83.6,  2,  3, 0.00,258, 9.0
2025-10-10 00:13:20,-111.0739,41.2737,  47.9,21018,-61.7,-88.3,-83.6,  2,  3, 0.00,258, 9.1
2025-10-10 00:13:21,-111.0738,41.2737,  47.8,21023,-61.7,-88.3,-83.5,  2,  3, 0.00,257, 9.3
2025-10-10 00:13:22,-111.0737,41.2737,  47.8,21028,-61.7,-88.3,-83.5,  2,  4, 0.00,257, 9.4
2025-10-10 00:13:23,-111.0736,41.2738,  47.8,21032,-61.6,-88.2,-83.5,  2,  4, 0.00,256, 9.5
2025-10-10 00:13:24,-111.0735,41.2738,  47.7,21037,-61.6,-88.2,-83.5,  2,  4, 0.00,256, 9.7
2025-10-10 00:13:25,-111.0734,41.2738,  47.7,21042,-61.6,-88.2,-83.4,  2,  4, 0.00,255, 9.8
2025-10-10 00:13:26,-111.0732,41.2738,  47.7,21047,-61.5,-88.1,-83.4,  2,  4, 0.00,255, 9.9
2025-10-10 00:13:27,-111.0731,41.2739,  47.6,21052,-61.5,-88.1,-83.4,  2,  4, 0.00,254,10.0
2025-10-10 00:13:28,-111.0730,41.2739,  47.6,21056,-61.5,-88.1,-83.3,  2,  4, 0.00,254,10.0
2025-10-10 00:13:29,-111.0729,41.2739,  47.5,21061,-61.4,-88.0,-83.3,  2,  4, 0.00,254,10.0
2025-10-10 00:13:30,-111.0728,41.2739,  47.5,21066,-61.4,-88.0,-83.3,  2,  4, 0.00,254,10.0
2025-10-10 00:13:31,-111.0727,41.2740,  47.5,21071,-61.4,-88.0,-83.2,  2,  4, 0.00,254,10.0
2025-10-10 00:13:32,-111.0726,41.2740,  47.4,21076,-61.3,-87.9,-83.2,  2,  4, 0.00,254, 9.9
2025-10-10 00:13:33,-111.0725,41.2740,  47.4,21080,-61.3,-87.9,-83.2,  2,  4, 0.00,253, 9.9
2025-10-10 00:13:34,-111.0724,41.2740,  47.4,21085,-61.3,-87.9,-83.1,  2,  4, 0.00,253, 9.9
2025-10-10 00:13:35,-111.0723,41.2740,  47.3,21090,-61.2,-87.9,-83.1,  2,  4, 0.00,253, 9.9
2025-10-10 00:13:36,-111.0722,41.2741,  47.3,21095,-61.2,-87.8,-83.1,  2,  4, 0.00,253, 9.9
2025-10-10 00:13:37,-111.0721,41.2741,  47.2,21100,-61.2,-87.8,-83.0,  2,  4, 0.00,253, 9.8
2025-10-10 00:13:38,-111.0720,41.2741,  47.2,21105,-61.2,-87.8,-83.0,  2,  4, 0.00,253, 9.8
2025-10-10 00:13:39,-111.0718,41.2741,  47.2,21110,-61.1,-87.8,-83.0,  2,  4, 0.00,253, 9.8
2025-10-10 00:13:40,-111.0717,41.2741,  47.1,21115,-61.1,-87.7,-83.0,  2,  4, 0.00,253, 9.8
2025-10-10 00:13:41,-111.0716,41.2742,  47.1,21119,-61.1,-87.7,-82.9,  2,  4, 0.00,252, 9.8
2025-10-10 00:13:42,-111.0715,41.2742,  47.1,21124,-61.1,-87.7,-82.9,  2,  4, 0.00,252, 9.7
2025-10-10 00:13:43,-111.0714,41.2742,  47.0,21129,-61.0,-87.7,-82.9,  2,  4, 0.00,252, 9.7
2025-10-10 00:13:44,-111.0713,41.2742,  47.0,21134,-61.0,-87.6,-82.9,  2,  4, 0.00,252, 9.7
2025-10-10 00:13:45,-111.0712,41.2742,  47.0,21138,-61.0,-87.6,-82.9,  2,  4, 0.00,252, 9.7
2025-10-10 00:13:46,-111.0711,41.2742,  46.9,21143,-61.0,-87.6,-82.8,  2,  4, 0.00,252, 9.7
2025-10-10 00:13:47,-111.0710,41.2742,  46.9,21148,-60.9,-87.6,-82.8,  2,  4, 0.00,252, 9.6
2025-10-10 00:13:48,-111.0709,41.2742,  46.8,21153,-60.9,-87.6,-82.8,  2,  4, 0.00,252, 9.6
2025-10-10 00:13:49,-111.0708,41.2742,  46.8,21158,-60.9,-87.6,-82.8,  2,  4, 0.00,253, 9.5
2025-10-10 00:13:50,-111.0707,41.2743,  46.8,21163,-60.9,-87.6,-82.8,  2,  4, 0.00,253, 9.5
2025-10-10 00:13:51,-111.0706,41.2743,  46.7,21168,-60.9,-87.6,-82.8,  2,  4, 0.00,253, 9.4
2025-10-10 00:13:52,-111.0705,41.2743,  46.7,21173,-60.9,-87.5,-82.8,  2,  4, 0.00,254, 9.4
2025-10-10 00:13:53,-111.0704,41.2743,  46.7,21178,-60.9,-87.5,-82.8,  2,  4, 0.00,254, 9.3
2025-10-10 00:13:54,-111.0703,41.2743,  46.6,21184,-60.9,-87.5,-82.8,  2,  4, 0.00,255, 9.3
2025-10-10 00:13:55,-111.0702,41.2743,  46.6,21189,-60.9,-87.5,-82.8,  2,  4, 0.00,255, 9.2
2025-10-10 00:13:56,-111.0701,41.2743,  46.5,21194,-60.9,-87.5,-82.8,  2,  4, 0.00,256, 9.2
2025-10-10 00:13:57,-111.0700,41.2743,  46.5,21199,-60.8,-87.5,-82.8,  2,  4, 0.00,256, 9.1
2025-10-10 00:13:58,-111.0699,41.2744,  46.5,21205,-60.8,-87.5,-82.8,  2,  4, 0.00,257, 9.1
2025-10-10 00:13:59,-111.0698,41.2744,  46.4,21210,-60.8,-87.5,-82.8,  2,  4, 0.00,257, 9.0
2025-10-10 00:14:00,-111.0697,41.2744,  46.4,21215,-60.8,-87.5,-82.8,  2,  4, 0.00,258, 9.0
2025-10-10 00:14:01,-111.0696,41.2744,  46.3,21221,-60.8,-87.5,-82.8,  2,  4, 0.00,258, 8.9
2025-10-10 00:14:02,-111.0695,41.2744,  46.3,21226,-60.8,-87.5,-82.8,  2,  4, 0.00,259, 8.9
2025-10-10 00:14:03,-111.0694,41.2744,  46.3,21231,-60.8,-87.6,-82.8,  2,  4, 0.00,259, 8.9
2025-10-10 00:14:04,-111.0693,41.2744,  46.2,21237,-60.9,-87.6,-82.8,  2,  4, 0.00,260, 8.8
2025-10-10 00:14:05,-111.0692,41.2744,  46.2,21242,-60.9,-87.6,-82.8,  2,  4, 0.00,260, 8.8
2025-10-10 00:14:06,-111.0691,41.2744,  46.1,21247,-60.9,-87.6,-82.8,  2,  4, 0.00,261, 8.7
2025-10-10 00:14:07,-111.0690,41.2745,  46.1,21252,-60.9,-87.6,-82.8,  2,  4, 0.00,261, 8.7
2025-10-10 00:14:08,-111.0689,41.2745,  46.1,21258,-60.9,-87.6,-82.9,  2,  4, 0.00,262, 8.7
2025-10-10 00:14:09,-111.0688,41.2745,  46.0,21263,-60.9,-87.6,-82.9,  2,  4, 0.00,263, 8.7
2025-10-10 00:14:10,-111.0687,41.2745,  46.0,21269,-60.9,-87.6,-82.9,  2,  4, 0.00,263, 8.7
2025-10-10 00:14:11,-111.0686,41.2745,  45.9,21275,-60.9,-87.6,-82.9,  2,  4, 0.00,264, 8.7
2025-10-10 00:14:12,-111.0685,41.2745,  45.9,21280,-60.9,-87.6,-82.9,  2,  4, 0.00,264, 8.6
2025-10-10 00:14:13,-111.0684,41.2745,  45.9,21286,-60.9,-87.6,-82.9,  2,  4, 0.00,265, 8.6
2025-10-10 00:14:14,-111.0682,41.2745,  45.8,21291,-61.0,-87.7,-82.9,  2,  4, 0.00,265, 8.6
2025-10-10 00:14:15,-111.0681,41.2745,  45.8,21297,-61.0,-87.7,-82.9,  2,  4, 0.00,266, 8.6
2025-10-10 00:14:16,-111.0680,41.2745,  45.7,21303,-61.0,-87.7,-82.9,  2,  4, 0.00,266, 8.6
2025-10-10 00:14:17,-111.0679,41.2745,  45.7,21308,-61.0,-87.7,-82.9,  2,  4, 0.00,267, 8.6
2025-10-10 00:14:18,-111.0678,41.2745,  45.6,21314,-61.0,-87.7,-83.0,  2,  4, 0.00,267, 8.6
2025-10-10 00:14:19,-111.0677,41.2745,  45.6,21320,-61.1,-87.7,-83.0,  2,  4, 0.00,268, 8.6
2025-10-10 00:14:20,-111.0676,41.2745,  45.6,21325,-61.1,-87.8,-83.0,  2,  4, 0.00,269, 8.6
2025-10-10 00:14:21,-111.0675,41.2745,  45.5,21331,-61.1,-87.8,-83.0,  2,  4, 0.00,269, 8.6
2025-10-10 00:14:22,-111.0674,41.2745,  45.5,21337,-61.1,-87.8,-83.0,  2,  4, 0.00,270, 8.6
2025-10-10 00:14:23,-111.0672,41.2745,  45.4,21342,-61.1,-87.8,-83.1,  2,  4, 0.00,270, 8.6
2025-10-10 00:14:24,-111.0671,41.2745,  45.4,21348,-61.2,-87.8,-83.1,  2,  4, 0.00,271, 8.6
2025-10-10 00:14:25,-111.0670,41.2745,  45.3,21354,-61.2,-87.9,-83.1,  2,  4, 0.00,271, 8.6
2025-10-10 00:14:26,-111.0669,41.2745,  45.3,21360,-61.2,-87.9,-83.1,  2,  4, 0.00,272, 8.6
2025-10-10 00:14:27,-111.0668,41.2745,  45.3,21366,-61.2,-87.9,-83.2,  2,  4, 0.00,272, 8.7
2025-10-10 00:14:28,-111.0667,41.2745,  45.2,21372,-61.2,-87.9,-83.2,  2,  3, 0.00,273, 8.6
2025-10-10 00:14:29,-111.0666,41.2745,  45.2,21378,-61.3,-88.0,-83.2,  2,  3, 0.00,273, 8.6
2025-10-10 00:14:30,-111.0665,41.2745,  45.1,21384,-61.3,-88.0,-83.2,  2,  3, 0.00,273, 8.6
2025-10-10 00:14:31,-111.0663,41.2745,  45.1,21390,-61.3,-88.0,-83.2,  2,  3, 0.00,273, 8.6
2025-10-10 00:14:32,-111.0662,41.2745,  45.0,21396,-61.3,-88.0,-83.3,  2,  3, 0.00,273, 8.6
2025-10-10 00:14:33,-111.0661,41.2745,  45.0,21402,-61.4,-88.0,-83.3,  2,  3, 0.00,274, 8.6
2025-10-10 00:14:34,-111.0660,41.2745,  45.0,21407,-61.4,-88.1,-83.3,  2,  3, 0.00,274, 8.6
2025-10-10 00:14:35,-111.0659,41.2745,  44.9,21413,-61.4,-88.1,-83.3,  2,  3, 0.00,274, 8.6
2025-10-10 00:14:36,-111.0658,41.2745,  44.9,21419,-61.4,-88.1,-83.3,  2,  4, 0.00,274, 8.6
2025-10-10 00:14:37,-111.0657,41.2745,  44.8,21425,-61.4,-88.1,-83.3,  2,  4, 0.00,274, 8.6
2025-10-10 00:14:38,-111.0656,41.2745,  44.8,21430,-61.5,-88.1,-83.3,  2,  4, 0.00,274, 8.6
2025-10-10 00:14:39,-111.0654,41.2745,  44.8,21436,-61.5,-88.1,-83.3,  2,  4, 0.00,275, 8.6
2025-10-10 00:14:40,-111.0653,41.2745,  44.7,21442,-61.5,-88.1,-83.3,  2,  4, 0.00,275, 8.6
2025-10-10 00:14:41,-111.0652,41.2745,  44.7,21448,-61.5,-88.1,-83.3,  2,  4, 0.00,275, 8.6
2025-10-10 00:14:42,-111.0651,41.2745,  44.6,21453,-61.5,-88.1,-83.3,  2,  4, 0.00,275, 8.6
2025-10-10 00:14:43,-111.0649,41.2745,  44.6,21459,-61.5,-88.1,-83.3,  2,  4, 0.00,275, 8.6
2025-10-10 00:14:44,-111.0648,41.2745,  44.6,21465,-61.5,-88.1,-83.3,  2,  4, 0.00,276, 8.6
2025-10-10 00:14:45,-111.0647,41.2745,  44.5,21470,-61.6,-88.1,-83.3,  2,  4, 0.00,276, 8.5
2025-10-10 00:14:46,-111.0645,41.2745,  44.5,21476,-61.6,-88.1,-83.3,  2,  4, 0.00,276, 8.5
2025-10-10 00:14:47,-111.0644,41.2745,  44.4,21481,-61.6,-88.1,-83.3,  2,  4, 0.00,276, 8.5
2025-10-10 00:14:48,-111.0642,41.2746,  44.4,21486,-61.6,-88.1,-83.3,  2,  4, 0.00,275, 8.8
2025-10-10 00:14:49,-111.0641,41.2746,  44.4,21492,-61.6,-88.1,-83.3,  2,  4, 0.00,274, 9.0
2025-10-10 00:14:50,-111.0640,41.2746,  44.3,21497,-61.6,-88.1,-83.3,  2,  4, 0.00,272, 9.2
2025-10-10 00:14:51,-111.0638,41.2746,  44.3,21503,-61.6,-88.1,-83.4,  2,  4, 0.00,271, 9.5
2025-10-10 00:14:52,-111.0637,41.2746,  44.2,21508,-61.6,-88.1,-83.4,  2,  4, 0.00,270, 9.8
2025-10-10 00:14:53,-111.0635,41.2746,  44.2,21514,-61.6,-88.2,-83.4,  2,  4, 0.00,269,10.0
2025-10-10 00:14:54,-111.0634,41.2746,  44.2,21520,-61.6,-88.2,-83.4,  2,  4, 0.00,268,10.2
2025-10-10 00:14:55,-111.0633,41.2747,  44.1,21525,-61.6,-88.2,-83.4,  2,  4, 0.00,267,10.5
2025-10-10 00:14:56,-111.0631,41.2747,  44.1,21531,-61.6,-88.2,-83.4,  2,  4, 0.00,266,10.7
2025-10-10 00:14:57,-111.0630,41.2747,  44.0,21536,-61.7,-88.2,-83.5,  2,  4, 0.00,265,11.0
2025-10-10 00:14:58,-111.0628,41.2747,  44.0,21542,-61.7,-88.2,-83.5,  2,  4, 0.00,264,11.2
2025-10-10 00:14:59,-111.0627,41.2747,  44.0,21548,-61.7,-88.2,-83.5,  2,  4, 0.00,263,11.5
2025-10-10 00:15:00,-111.0626,41.2747,  43.9,21554,-61.7,-88.3,-83.5,  2,  4, 0.00,263,11.6
2025-10-10 00:15:01,-111.0624,41.2747,  43.9,21560,-61.7,-88.3,-83.5,  2,  4, 0.00,262,11.8
2025-10-10 00:15:02,-111.0623,41.2747,  43.8,21566,-61.7,-88.3,-83.5,  2,  4, 0.00,261,12.1
2025-10-10 00:15:03,-111.0622,41.2748,  43.8,21572,-61.7,-88.3,-83.5,  2,  4, 0.00,261,12.4
2025-10-10 00:15:04,-111.0620,41.2748,  43.7,21578,-61.7,-88.3,-83.5,  2,  4, 0.00,260,12.6
2025-10-10 00:15:05,-111.0619,41.2748,  43.7,21584,-61.7,-88.3,-83.5,  2,  4, 0.00,259,12.9
2025-10-10 00:15:06,-111.0617,41.2748,  43.7,21589,-61.7,-88.3,-83.5,  2,  4, 0.00,259,13.1
2025-10-10 00:15:07,-111.0616,41.2748,  43.6,21595,-61.7,-88.3,-83.5,  2,  4, 0.00,258,13.4
2025-10-10 00:15:08,-111.0615,41.2748,  43.6,21601,-61.7,-88.3,-83.5,  2,  4, 0.00,258,13.2
2025-10-10 00:15:09,-111.0613,41.2748,  43.5,21607,-61.7,-88.3,-83.5,  2,  4, 0.00,259,13.1
2025-10-10 00:15:10,-111.0612,41.2749,  43.5,21612,-61.7,-88.3,-83.5,  2,  4, 0.00,259,12.9
2025-10-10 00:15:11,-111.0610,41.2749,  43.5,21618,-61.7,-88.3,-83.5,  2,  4, 0.00,260,12.8
2025-10-10 00:15:12,-111.0609,41.2749,  43.4,21624,-61.7,-88.3,-83.5,  2,  4, 0.00,260,12.6
2025-10-10 00:15:13,-111.0608,41.2749,  43.4,21629,-61.7,-88.3,-83.5,  2,  4, 0.00,260,12.4
2025-10-10 00:15:14,-111.0607,41.2749,  43.3,21635,-61.7,-88.2,-83.5,  2,  4, 0.00,261,12.3
2025-10-10 00:15:15,-111.0606,41.2749,  43.3,21641,-61.7,-88.2,-83.5,  2,  4, 0.00,261,12.1
2025-10-10 00:15:16,-111.0604,41.2749,  43.3,21646,-61.7,-88.2,-83.5,  2,  4, 0.00,262,12.0
2025-10-10 00:15:17,-111.0603,41.2749,  43.2,21652,-61.7,-88.2,-83.5,  2,  4, 0.00,262,11.8
2025-10-10 00:15:18,-111.0602,41.2749,  43.2,21658,-61.7,-88.2,-83.5,  2,  4, 0.00,263,11.7
2025-10-10 00:15:19,-111.0601,41.2749,  43.1,21664,-61.7,-88.2,-83.5,  2,  4, 0.00,263,11.5
2025-10-10 00:15:20,-111.0599,41.2749,  43.1,21670,-61.7,-88.2,-83.4,  2,  4, 0.00,264,11.4
2025-10-10 00:15:21,-111.0598,41.2749,  43.1,21675,-61.7,-88.2,-83.4,  2,  4, 0.00,264,11.2
2025-10-10 00:15:22,-111.0597,41.2749,  43.0,21679,-61.7,-88.2,-83.4,  2,  4, 0.00,264,11.1
2025-10-10 00:15:23,-111.0596,41.2749,  43.0,21687,-61.7,-88.2,-83.4,  2,  4, 0.00,265,10.9
2025-10-10 00:15:24,-111.0594,41.2750,  42.9,21693,-61.7,-88.2,-83.4,  2,  4, 0.00,266,10.7
2025-10-10 00:15:25,-111.0593,41.2750,  42.9,21698,-61.7,-88.2,-83.4,  2,  4, 0.00,266,10.6
2025-10-10 00:15:26,-111.0592,41.2750,  42.9,21704,-61.7,-88.2,-83.4,  2,  4, 0.00,267,10.4
2025-10-10 00:15:27,-111.0591,41.2750,  42.8,21710,-61.7,-88.2,-83.4,  2,  4, 0.00,267,10.3
2025-10-10 00:15:28,-111.0589,41.2750,  42.8,21715,-61.7,-88.1,-83.4,  2,  4, 0.00,267,10.4
2025-10-10 00:15:29,-111.0588,41.2750,  42.7,21721,-61.7,-88.1,-83.4,  2,  4, 0.00,267,10.4
2025-10-10 00:15:30,-111.0587,41.2750,  42.7,21727,-61.7,-88.1,-83.4,  2,  4, 0.00,266,10.5
2025-10-10 00:15:31,-111.0586,41.2750,  42.7,21732,-61.7,-88.1,-83.4,  2,  4, 0.00,266,10.6
2025-10-10 00:15:32,-111.0585,41.2750,  42.6,21738,-61.7,-88.1,-83.4,  2,  4, 0.00,265,10.7
2025-10-10 00:15:33,-111.0583,41.2750,  42.6,21743,-61.7,-88.1,-83.4,  2,  4, 0.00,265,10.7
2025-10-10 00:15:34,-111.0582,41.2750,  42.5,21749,-61.7,-88.1,-83.3,  2,  4, 0.00,265,10.8
2025-10-10 00:15:35,-111.0581,41.2750,  42.5,21755,-61.7,-88.1,-83.3,  2,  4, 0.00,264,10.9
2025-10-10 00:15:36,-111.0580,41.2750,  42.5,21760,-61.7,-88.1,-83.3,  2,  4, 0.00,264,11.0
2025-10-10 00:15:37,-111.0578,41.2750,  42.4,21765,-61.7,-88.1,-83.3,  2,  4, 0.00,263,11.1
2025-10-10 00:15:38,-111.0577,41.2750,  42.4,21770,-61.7,-88.1,-83.3,  2,  4, 0.00,263,11.1
2025-10-10 00:15:39,-111.0576,41.2751,  42.4,21775,-61.7,-88.1,-83.3,  2,  4, 0.00,263,11.2
2025-10-10 00:15:40,-111.0575,41.2751,  42.3,21781,-61.7,-88.0,-83.3,  2,  4, 0.00,262,11.3
2025-10-10 00:15:41,-111.0573,41.2751,  42.3,21786,-61.7,-88.0,-83.3,  2,  4, 0.00,262,11.4
2025-10-10 00:15:42,-111.0572,41.2751,  42.3,21791,-61.7,-88.0,-83.3,  2,  4, 0.00,262,11.5
2025-10-10 00:15:43,-111.0571,41.2751,  42.2,21796,-61.7,-88.0,-83.3,  2,  4, 0.00,261,11.5
2025-10-10 00:15:44,-111.0570,41.2751,  42.2,21801,-61.6,-88.0,-83.3,  2,  4, 0.00,261,11.6
2025-10-10 00:15:45,-111.0569,41.2751,  42.2,21806,-61.6,-88.0,-83.3,  2,  4, 0.00,261,11.7
2025-10-10 00:15:46,-111.0568,41.2751,  42.1,21812,-61.6,-88.0,-83.3,  2,  4, 0.00,260,11.8
2025-10-10 00:15:47,-111.0567,41.2751,  42.1,21817,-61.6,-88.0,-83.3,  2,  4, 0.00,260,11.9
2025-10-10 00:15:48,-111.0566,41.2751,  42.0,21822,-61.6,-88.0,-83.3,  2,  4, 0.00,260,11.6
2025-10-10 00:15:49,-111.0566,41.2752,  42.0,21828,-61.6,-88.0,-83.3,  2,  4, 0.00,260,11.4
2025-10-10 00:15:50,-111.0565,41.2752,  42.0,21833,-61.6,-88.0,-83.2,  2,  4, 0.00,260,11.2
2025-10-10 00:15:51,-111.0564,41.2752,  41.9,21838,-61.6,-88.0,-83.2,  2,  4, 0.00,260,11.0
2025-10-10 00:15:52,-111.0563,41.2752,  41.9,21844,-61.6,-88.0,-83.2,  2,  4, 0.00,260,10.8
2025-10-10 00:15:53,-111.0562,41.2752,  41.9,21849,-61.5,-88.0,-83.2,  2,  4, 0.00,260,10.6
2025-10-10 00:15:54,-111.0561,41.2752,  41.8,21855,-61.5,-88.0,-83.2,  2,  4, 0.00,259,10.4
2025-10-10 00:15:55,-111.0560,41.2752,  41.8,21860,-61.5,-88.0,-83.2,  2,  4, 0.00,259,10.1
2025-10-10 00:15:56,-111.0559,41.2752,  41.8,21866,-61.5,-87.9,-83.2,  2,  4, 0.00,259, 9.9
2025-10-10 00:15:57,-111.0558,41.2752,  41.7,21871,-61.5,-87.9,-83.2,  2,  4, 0.00,259, 9.7
2025-10-10 00:15:58,-111.0557,41.2753,  41.7,21876,-61.5,-87.9,-83.1,  2,  4, 0.00,259, 9.5
2025-10-10 00:15:59,-111.0556,41.2753,  41.6,21881,-61.4,-87.9,-83.1,  2,  4, 0.00,259, 9.3
2025-10-10 00:16:00,-111.0556,41.2753,  41.6,21886,-61.4,-87.9,-83.1,  2,  4, 0.00,259, 9.1
2025-10-10 00:16:01,-111.0555,41.2753,  41.6,21892,-61.4,-87.8,-83.1,  2,  4, 0.00,259, 8.9
2025-10-10 00:16:02,-111.0554,41.2753,  41.5,21897,-61.4,-87.8,-83.1,  2,  4, 0.00,259, 8.6
2025-10-10 00:16:03,-111.0553,41.2753,  41.5,21902,-61.4,-87.8,-83.0,  2,  4, 0.00,258, 8.4
2025-10-10 00:16:04,-111.0552,41.2753,  41.5,21906,-61.3,-87.8,-83.0,  2,  4, 0.00,258, 8.2
2025-10-10 00:16:05,-111.0551,41.2753,  41.5,21911,-61.3,-87.8,-83.0,  2,  4, 0.00,258, 8.0
2025-10-10 00:16:06,-111.0550,41.2754,  41.4,21916,-61.3,-87.7,-83.0,  2,  4, 0.00,258, 7.8
2025-10-10 00:16:07,-111.0549,41.2754,  41.4,21920,-61.3,-87.7,-82.9,  2,  4, 0.00,258, 7.6
2025-10-10 00:16:08,-111.0548,41.2754,  41.4,21925,-61.3,-87.7,-82.9,  2,  4, 0.00,258, 7.6
2025-10-10 00:16:09,-111.0547,41.2754,  41.3,21929,-61.2,-87.7,-82.9,  2,  4, 0.01,258, 7.6
2025-10-10 00:16:10,-111.0547,41.2754,  41.3,21934,-61.2,-87.6,-82.9,  2,  4, 0.01,258, 7.6
2025-10-10 00:16:11,-111.0546,41.2754,  41.2,21940,-61.2,-87.6,-82.9,  2,  4, 0.01,258, 7.6
2025-10-10 00:16:12,-111.0545,41.2754,  41.2,21946,-61.2,-87.6,-82.8,  2,  4, 0.01,258, 7.6
2025-10-10 00:16:13,-111.0544,41.2754,  41.2,21952,-61.1,-87.6,-82.8,  2,  4, 0.01,258, 7.6
2025-10-10 00:16:14,-111.0543,41.2755,  41.1,21958,-61.1,-87.6,-82.8,  2,  4, 0.01,258, 7.6
2025-10-10 00:16:15,-111.0542,41.2755,  41.1,21964,-61.1,-87.6,-82.8,  2,  4, 0.01,258, 7.6
2025-10-10 00:16:16,-111.0541,41.2755,  41.1,21970,-61.1,-87.5,-82.8,  2,  4, 0.01,259, 7.6
2025-10-10 00:16:17,-111.0540,41.2755,  41.0,21975,-61.1,-87.5,-82.8,  2,  4, 0.01,259, 7.6
2025-10-10 00:16:18,-111.0539,41.2755,  41.0,21981,-61.0,-87.5,-82.7,  2,  4, 0.01,259, 7.6
2025-10-10 00:16:19,-111.0538,41.2755,  41.0,21986,-61.0,-87.5,-82.7,  2,  4, 0.01,259, 7.6
2025-10-10 00:16:20,-111.0538,41.2755,  40.9,21992,-61.0,-87.5,-82.7,  2,  4, 0.01,259, 7.6
2025-10-10 00:16:21,-111.0537,41.2755,  40.9,21997,-61.0,-87.5,-82.7,  2,  4, 0.01,259, 7.6
2025-10-10 00:16:22,-111.0536,41.2755,  40.8,22003,-61.0,-87.4,-82.7,  2,  4, 0.01,259, 7.6
2025-10-10 00:16:23,-111.0535,41.2755,  40.8,22008,-60.9,-87.4,-82.7,  2,  4, 0.01,259, 7.6
2025-10-10 00:16:24,-111.0534,41.2755,  40.8,22013,-60.9,-87.4,-82.6,  2,  4, 0.01,259, 7.6
2025-10-10 00:16:25,-111.0533,41.2755,  40.7,22018,-60.9,-87.4,-82.6,  2,  4, 0.01,259, 7.6
2025-10-10 00:16:26,-111.0532,41.2755,  40.7,22023,-60.9,-87.4,-82.6,  2,  4, 0.01,259, 7.6
2025-10-10 00:16:27,-111.0531,41.2755,  40.7,22028,-60.9,-87.3,-82.6,  2,  4, 0.01,259, 7.6
2025-10-10 00:16:28,-111.0530,41.2755,  40.6,22033,-60.8,-87.3,-82.6,  2,  4, 0.01,260, 7.6
2025-10-10 00:16:29,-111.0530,41.2755,  40.6,22038,-60.8,-87.3,-82.5,  2,  4, 0.01,261, 7.6
2025-10-10 00:16:30,-111.0529,41.2755,  40.6,22043,-60.8,-87.3,-82.5,  2,  4, 0.01,261, 7.6
2025-10-10 00:16:31,-111.0528,41.2755,  40.5,22048,-60.8,-87.3,-82.5,  2,  4, 0.01,262, 7.6
2025-10-10 00:16:32,-111.0527,41.2755,  40.5,22053,-60.8,-87.2,-82.5,  2,  4, 0.01,263, 7.6
2025-10-10 00:16:33,-111.0526,41.2755,  40.5,22057,-60.8,-87.2,-82.5,  2,  4, 0.01,263, 7.6
2025-10-10 00:16:34,-111.0525,41.2755,  40.5,22062,-60.7,-87.2,-82.4,  2,  4, 0.01,264, 7.6
2025-10-10 00:16:35,-111.0525,41.2755,  40.4,22067,-60.7,-87.2,-82.4,  2,  4, 0.01,265, 7.6
2025-10-10 00:16:36,-111.0524,41.2755,  40.4,22071,-60.7,-87.2,-82.4,  2,  4, 0.01,265, 7.6
2025-10-10 00:16:37,-111.0523,41.2755,  40.4,22077,-60.7,-87.1,-82.4,  2,  4, 0.01,266, 7.6
2025-10-10 00:16:38,-111.0522,41.2754,  40.3,22082,-60.7,-87.1,-82.4,  2,  4, 0.01,267, 7.6
2025-10-10 00:16:39,-111.0521,41.2754,  40.3,22087,-60.6,-87.1,-82.4,  2,  4, 0.01,267, 7.6
2025-10-10 00:16:40,-111.0520,41.2754,  40.3,22091,-60.6,-87.1,-82.3,  2,  4, 0.01,268, 7.6
2025-10-10 00:16:41,-111.0519,41.2754,  40.2,22096,-60.6,-87.1,-82.3,  2,  4, 0.01,269, 7.6
2025-10-10 00:16:42,-111.0518,41.2754,  40.2,22101,-60.6,-87.1,-82.3,  2,  4, 0.01,269, 7.7
2025-10-10 00:16:43,-111.0517,41.2754,  40.2,22106,-60.6,-87.1,-82.3,  2,  4, 0.01,270, 7.7
2025-10-10 00:16:44,-111.0516,41.2754,  40.1,22111,-60.5,-87.0,-82.3,  2,  4, 0.01,271, 7.7
2025-10-10 00:16:45,-111.0516,41.2754,  40.1,22116,-60.5,-87.0,-82.3,  2,  4, 0.01,271, 7.7
2025-10-10 00:16:46,-111.0515,41.2754,  40.1,22121,-60.5,-87.0,-82.3,  2,  4, 0.01,272, 7.7
2025-10-10 00:16:47,-111.0514,41.2754,  40.0,22126,-60.5,-87.0,-82.3,  2,  4, 0.01,273, 7.7
2025-10-10 00:16:48,-111.0513,41.2754,  40.0,22131,-60.5,-87.0,-82.3,  2,  4, 0.01,273, 7.6
2025-10-10 00:16:49,-111.0512,41.2754,  40.0,22136,-60.5,-87.0,-82.3,  2,  4, 0.01,274, 7.6
2025-10-10 00:16:50,-111.0511,41.2754,  39.9,22141,-60.5,-87.0,-82.3,  2,  4, 0.01,274, 7.5
2025-10-10 00:16:51,-111.0511,41.2754,  39.9,22146,-60.5,-87.0,-82.3,  2,  4, 0.01,275, 7.4
2025-10-10 00:16:52,-111.0510,41.2754,  39.9,22151,-60.5,-87.0,-82.2,  2,  4, 0.01,275, 7.3
2025-10-10 00:16:53,-111.0509,41.2754,  39.9,22155,-60.5,-87.0,-82.2,  2,  4, 0.01,276, 7.3
2025-10-10 00:16:54,-111.0508,41.2754,  39.8,22160,-60.4,-87.0,-82.2,  2,  4, 0.01,276, 7.2
2025-10-10 00:16:55,-111.0508,41.2753,  39.8,22165,-60.4,-87.0,-82.2,  2,  4, 0.01,277, 7.1
2025-10-10 00:16:56,-111.0507,41.2753,  39.8,22170,-60.4,-87.0,-82.2,  2,  4, 0.01,278, 7.0
2025-10-10 00:16:57,-111.0506,41.2753,  39.7,22175,-60.4,-87.0,-82.2,  2,  4, 0.01,278, 7.0
2025-10-10 00:16:58,-111.0506,41.2753,  39.7,22179,-60.4,-87.0,-82.2,  2,  4, 0.01,279, 6.9
2025-10-10 00:16:59,-111.0505,41.2753,  39.7,22185,-60.4,-87.0,-82.2,  2,  4, 0.01,280, 6.8
2025-10-10 00:17:00,-111.0504,41.2753,  39.6,22190,-60.4,-87.0,-82.2,  2,  4, 0.01,280, 6.8
2025-10-10 00:17:01,-111.0504,41.2752,  39.6,22195,-60.4,-87.0,-82.3,  2,  4, 0.01,281, 6.7
2025-10-10 00:17:02,-111.0503,41.2752,  39.6,22200,-60.4,-87.0,-82.3,  2,  4, 0.01,282, 6.6
2025-10-10 00:17:03,-111.0502,41.2752,  39.5,22205,-60.4,-87.0,-82.3,  2,  4, 0.01,282, 6.5
2025-10-10 00:17:04,-111.0501,41.2752,  39.5,22210,-60.4,-87.0,-82.3,  2,  4, 0.01,283, 6.5
2025-10-10 00:17:05,-111.0501,41.2752,  39.5,22215,-60.4,-87.0,-82.3,  2,  4, 0.01,284, 6.4
2025-10-10 00:17:06,-111.0500,41.2752,  39.4,22220,-60.5,-87.1,-82.3,  2,  4, 0.01,284, 6.4
2025-10-10 00:17:07,-111.0499,41.2752,  39.4,22225,-60.5,-87.1,-82.3,  2,  4, 0.01,285, 6.3
2025-10-10 00:17:08,-111.0499,41.2751,  39.4,22229,-60.5,-87.1,-82.3,  2,  4, 0.01,285, 6.3
2025-10-10 00:17:09,-111.0498,41.2751,  39.4,22234,-60.5,-87.1,-82.3,  2,  4, 0.01,285, 6.2
2025-10-10 00:17:10,-111.0497,41.2751,  39.3,22239,-60.5,-87.1,-82.3,  2,  4, 0.01,285, 6.2
2025-10-10 00:17:11,-111.0496,41.2751,  39.3,22244,-60.5,-87.1,-82.3,  2,  4, 0.01,285, 6.2
2025-10-10 00:17:12,-111.0496,41.2751,  39.3,22248,-60.5,-87.1,-82.3,  2,  4, 0.01,285, 6.1
2025-10-10 00:17:13,-111.0495,41.2751,  39.2,22253,-60.5,-87.1,-82.4,  2,  4, 0.01,285, 6.1
2025-10-10 00:17:14,-111.0494,41.2750,  39.2,22257,-60.5,-87.1,-82.4,  2,  4, 0.01,285, 6.1
2025-10-10 00:17:15,-111.0494,41.2750,  39.2,22262,-60.5,-87.1,-82.4,  2,  4, 0.01,285, 6.0
2025-10-10 00:17:16,-111.0493,41.2750,  39.1,22266,-60.5,-87.1,-82.4,  2,  4, 0.01,285, 6.0
2025-10-10 00:17:17,-111.0492,41.2750,  39.1,22271,-60.5,-87.2,-82.4,  2,  4, 0.01,285, 6.0
2025-10-10 00:17:18,-111.0492,41.2750,  39.1,22276,-60.6,-87.2,-82.4,  2,  4, 0.01,285, 6.0
2025-10-10 00:17:19,-111.0491,41.2750,  39.1,22281,-60.6,-87.2,-82.4,  2,  4, 0.01,285, 5.9
2025-10-10 00:17:20,-111.0490,41.2750,  39.0,22286,-60.6,-87.2,-82.4,  2,  4, 0.01,285, 5.9
2025-10-10 00:17:21,-111.0490,41.2750,  39.0,22291,-60.6,-87.2,-82.5,  2,  4, 0.01,284, 5.9
2025-10-10 00:17:22,-111.0489,41.2750,  39.0,22296,-60.6,-87.2,-82.5,  2,  4, 0.01,284, 5.8
2025-10-10 00:17:23,-111.0489,41.2750,  38.9,22301,-60.6,-87.3,-82.5,  2,  4, 0.01,284, 5.8
2025-10-10 00:17:24,-111.0488,41.2750,  38.9,22305,-60.6,-87.3,-82.5,  2,  4, 0.01,284, 5.8
2025-10-10 00:17:25,-111.0488,41.2750,  38.9,22310,-60.6,-87.3,-82.5,  2,  4, 0.01,284, 5.7
2025-10-10 00:17:26,-111.0487,41.2749,  38.8,22315,-60.6,-87.3,-82.5,  2,  4, 0.01,284, 5.7
2025-10-10 00:17:27,-111.0486,41.2749,  38.8,22320,-60.7,-87.3,-82.6,  2,  4, 0.01,284, 5.7
2025-10-10 00:17:28,-111.0486,41.2749,  38.8,22324,-60.7,-87.3,-82.6,  2,  4, 0.01,284, 5.6
2025-10-10 00:17:29,-111.0485,41.2749,  38.8,22329,-60.7,-87.3,-82.6,  2,  4, 0.01,284, 5.5
2025-10-10 00:17:30,-111.0485,41.2749,  38.7,22334,-60.7,-87.4,-82.6,  2,  4, 0.01,284, 5.5
2025-10-10 00:17:31,-111.0484,41.2749,  38.7,22339,-60.7,-87.4,-82.6,  2,  4, 0.01,284, 5.4
2025-10-10 00:17:32,-111.0484,41.2749,  38.7,22345,-60.7,-87.4,-82.6,  2,  4, 0.01,284, 5.3
2025-10-10 00:17:33,-111.0483,41.2749,  38.6,22350,-60.7,-87.4,-82.6,  2,  4, 0.01,284, 5.3
2025-10-10 00:17:34,-111.0482,41.2749,  38.6,22355,-60.8,-87.4,-82.6,  2,  4, 0.01,284, 5.2
2025-10-10 00:17:35,-111.0482,41.2749,  38.6,22360,-60.8,-87.4,-82.7,  2,  4, 0.01,284, 5.1
2025-10-10 00:17:36,-111.0481,41.2749,  38.5,22365,-60.8,-87.4,-82.7,  2,  4, 0.01,284, 5.1
2025-10-10 00:17:37,-111.0481,41.2749,  38.5,22371,-60.8,-87.4,-82.7,  2,  4, 0.01,284, 5.0
2025-10-10 00:17:38,-111.0480,41.2749,  38.5,22376,-60.8,-87.4,-82.7,  2,  4, 0.01,284, 4.9
2025-10-10 00:17:39,-111.0480,41.2749,  38.4,22381,-60.8,-87.5,-82.7,  2,  4, 0.01,284, 4.8
2025-10-10 00:17:40,-111.0479,41.2749,  38.4,22386,-60.8,-87.5,-82.7,  2,  4, 0.01,284, 4.8
2025-10-10 00:17:41,-111.0478,41.2749,  38.4,22391,-60.9,-87.5,-82.7,  2,  4, 0.01,284, 4.7
2025-10-10 00:17:42,-111.0478,41.2749,  38.3,22396,-60.9,-87.5,-82.7,  2,  4, 0.01,284, 4.6
2025-10-10 00:17:43,-111.0477,41.2749,  38.3,22401,-60.9,-87.5,-82.7,  2,  4, 0.01,284, 4.6
2025-10-10 00:17:44,-111.0477,41.2748,  38.3,22407,-60.9,-87.5,-82.7,  2,  4, 0.01,284, 4.5
2025-10-10 00:17:45,-111.0476,41.2748,  38.2,22412,-60.9,-87.5,-82.7,  2,  4, 0.01,284, 4.4
2025-10-10 00:17:46,-111.0476,41.2748,  38.2,22417,-60.9,-87.5,-82.8,  2,  4, 0.01,284, 4.4
2025-10-10 00:17:47,-111.0475,41.2748,  38.2,22422,-60.9,-87.5,-82.8,  2,  4, 0.01,284, 4.3
2025-10-10 00:17:48,-111.0474,41.2748,  38.1,22427,-60.9,-87.5,-82.8,  2,  4, 0.01,284, 4.2
2025-10-10 00:17:49,-111.0474,41.2748,  38.1,22432,-61.0,-87.5,-82.8,  2,  4, 0.01,284, 4.2
2025-10-10 00:17:50,-111.0473,41.2748,  38.1,22438,-61.0,-87.6,-82.8,  2,  4, 0.01,284, 4.1
2025-10-10 00:17:51,-111.0473,41.2748,  38.1,22443,-61.0,-87.6,-82.8,  2,  4, 0.01,284, 4.1
2025-10-10 00:17:52,-111.0472,41.2748,  38.0,22448,-61.0,-87.6,-82.8,  2,  4, 0.01,284, 4.1
2025-10-10 00:17:53,-111.0472,41.2748,  38.0,22454,-61.0,-87.6,-82.8,  2,  4, 0.01,284, 4.0
2025-10-10 00:17:54,-111.0471,41.2748,  38.0,22459,-61.0,-87.6,-82.8,  2,  4, 0.01,284, 4.0
2025-10-10 00:17:55,-111.0470,41.2748,  37.9,22464,-61.0,-87.6,-82.8,  2,  4, 0.01,284, 3.9
2025-10-10 00:17:56,-111.0470,41.2748,  37.9,22470,-61.0,-87.6,-82.8,  2,  4, 0.01,284, 3.9
2025-10-10 00:17:57,-111.0469,41.2748,  37.9,22475,-61.0,-87.6,-82.8,  2,  4, 0.01,284, 3.8
2025-10-10 00:17:58,-111.0469,41.2748,  37.8,22480,-61.0,-87.6,-82.8,  2,  4, 0.01,284, 3.8
2025-10-10 00:17:59,-111.0468,41.2748,  37.8,22485,-61.0,-87.6,-82.8,  2,  4, 0.01,284, 3.7
2025-10-10 00:18:00,-111.0467,41.2748,  37.8,22490,-61.0,-87.6,-82.8,  2,  4, 0.01,284, 3.7
2025-10-10 00:18:01,-111.0466,41.2748,  37.7,22495,-61.0,-87.6,-82.8,  2,  4, 0.01,284, 3.6
2025-10-10 00:18:02,-111.0466,41.2748,  37.7,22500,-61.0,-87.6,-82.8,  2,  4, 0.01,284, 3.6
2025-10-10 00:18:03,-111.0465,41.2748,  37.7,22505,-61.0,-87.6,-82.8,  2,  4, 0.01,284, 3.5
2025-10-10 00:18:04,-111.0465,41.2748,  37.6,22510,-61.0,-87.6,-82.8,  2,  4, 0.01,283, 3.5
2025-10-10 00:18:05,-111.0464,41.2748,  37.6,22515,-61.0,-87.6,-82.8,  2,  4, 0.01,283, 3.4
2025-10-10 00:18:06,-111.0463,41.2748,  37.6,22518,-61.0,-87.6,-82.8,  2,  4, 0.01,283, 3.4
2025-10-10 00:18:07,-111.0462,41.2748,  37.6,22525,-61.0,-87.6,-82.8,  2,  4, 0.01,283, 3.3
2025-10-10 00:18:08,-111.0462,41.2749,  37.5,22530,-61.0,-87.5,-82.8,  2,  4, 0.01,281, 3.5
2025-10-10 00:18:09,-111.0461,41.2749,  37.5,22535,-61.0,-87.5,-82.8,  2,  4, 0.01,279, 3.6
2025-10-10 00:18:10,-111.0460,41.2749,  37.5,22540,-61.0,-87.5,-82.8,  2,  4, 0.01,278, 3.8
2025-10-10 00:18:11,-111.0460,41.2749,  37.4,22545,-61.0,-87.5,-82.8,  2,  4, 0.01,276, 3.9
2025-10-10 00:18:12,-111.0459,41.2749,  37.4,22550,-61.0,-87.5,-82.8,  2,  4, 0.01,275, 4.1
2025-10-10 00:18:13,-111.0458,41.2749,  37.4,22555,-61.0,-87.5,-82.8,  2,  4, 0.01,273, 4.3
2025-10-10 00:18:14,-111.0457,41.2749,  37.3,22560,-61.0,-87.5,-82.8,  2,  4, 0.01,272, 4.4
2025-10-10 00:18:15,-111.0457,41.2749,  37.3,22565,-60.9,-87.5,-82.7,  2,  4, 0.01,271, 4.6
2025-10-10 00:18:16,-111.0456,41.2749,  37.3,22570,-60.9,-87.5,-82.7,  2,  4, 0.01,270, 4.7
2025-10-10 00:18:17,-111.0455,41.2749,  37.2,22575,-60.9,-87.5,-82.7,  2,  4, 0.01,268, 4.9
2025-10-10 00:18:18,-111.0455,41.2749,  37.2,22580,-60.9,-87.5,-82.7,  2,  4, 0.01,267, 5.0
2025-10-10 00:18:19,-111.0454,41.2749,  37.2,22585,-60.9,-87.5,-82.7,  2,  4, 0.01,267, 5.2
2025-10-10 00:18:20,-111.0453,41.2750,  37.2,22590,-60.9,-87.5,-82.7,  2,  4, 0.01,266, 5.3
2025-10-10 00:18:21,-111.0453,41.2750,  37.1,22595,-60.9,-87.5,-82.7,  2,  4, 0.01,265, 5.5
2025-10-10 00:18:22,-111.0452,41.2750,  37.1,22600,-60.9,-87.5,-82.7,  2,  4, 0.01,264, 5.6
2025-10-10 00:18:23,-111.0451,41.2750,  37.1,22605,-60.9,-87.5,-82.7,  2,  4, 0.01,263, 5.7
2025-10-10 00:18:24,-111.0451,41.2750,  37.0,22610,-60.9,-87.5,-82.7,  2,  4, 0.01,263, 5.9
2025-10-10 00:18:25,-111.0450,41.2750,  37.0,22616,-60.9,-87.5,-82.7,  2,  4, 0.01,262, 6.1
2025-10-10 00:18:26,-111.0449,41.2750,  37.0,22622,-60.9,-87.4,-82.7,  2,  4, 0.01,261, 6.2
2025-10-10 00:18:27,-111.0448,41.2750,  36.9,22627,-60.9,-87.4,-82.7,  2,  4, 0.01,261, 6.4
2025-10-10 00:18:28,-111.0448,41.2750,  36.9,22633,-60.8,-87.4,-82.7,  2,  4, 0.01,261, 6.4
2025-10-10 00:18:29,-111.0447,41.2750,  36.9,22639,-60.8,-87.4,-82.7,  2,  4, 0.01,261, 6.4
2025-10-10 00:18:30,-111.0446,41.2750,  36.8,22645,-60.8,-87.4,-82.6,  2,  4, 0.01,261, 6.4
2025-10-10 00:18:31,-111.0446,41.2751,  36.8,22650,-60.8,-87.4,-82.6,  2,  4, 0.01,261, 6.4
2025-10-10 00:18:32,-111.0445,41.2751,  36.8,22656,-60.8,-87.4,-82.6,  2,  4, 0.01,261, 6.4
2025-10-10 00:18:33,-111.0444,41.2751,  36.7,22662,-60.8,-87.4,-82.6,  2,  4, 0.01,261, 6.4
2025-10-10 00:18:34,-111.0444,41.2751,  36.7,22667,-60.8,-87.4,-82.6,  2,  4, 0.01,261, 6.4
2025-10-10 00:18:35,-111.0443,41.2751,  36.7,22673,-60.8,-87.3,-82.6,  2,  4, 0.01,261, 6.4
2025-10-10 00:18:36,-111.0442,41.2751,  36.6,22678,-60.7,-87.3,-82.6,  2,  4, 0.01,261, 6.4
2025-10-10 00:18:37,-111.0442,41.2751,  36.6,22683,-60.7,-87.3,-82.5,  2,  4, 0.01,261, 6.4
2025-10-10 00:18:38,-111.0441,41.2751,  36.6,22689,-60.7,-87.3,-82.5,  2,  4, 0.01,261, 6.4
2025-10-10 00:18:39,-111.0440,41.2751,  36.5,22694,-60.7,-87.3,-82.5,  2,  4, 0.01,261, 6.4
2025-10-10 00:18:40,-111.0440,41.2751,  36.5,22699,-60.7,-87.2,-82.5,  2,  4, 0.01,261, 6.4
2025-10-10 00:18:41,-111.0439,41.2751,  36.5,22704,-60.7,-87.2,-82.5,  2,  4, 0.01,261, 6.4
2025-10-10 00:18:42,-111.0438,41.2752,  36.5,22710,-60.6,-87.2,-82.4,  2,  4, 0.01,261, 6.4
2025-10-10 00:18:43,-111.0436,41.2752,  36.4,22715,-60.6,-87.2,-82.4,  2,  4, 0.01,261, 6.4
2025-10-10 00:18:44,-111.0435,41.2752,  36.4,22721,-60.6,-87.2,-82.4,  2,  4, 0.01,261, 6.4
2025-10-10 00:18:45,-111.0434,41.2752,  36.4,22726,-60.6,-87.1,-82.4,  2,  4, 0.01,261, 6.4
2025-10-10 00:18:46,-111.0433,41.2752,  36.3,22731,-60.6,-87.1,-82.4,  2,  4, 0.01,261, 6.4
2025-10-10 00:18:47,-111.0432,41.2752,  36.3,22737,-60.6,-87.1,-82.3,  2,  4, 0.01,261, 6.4
2025-10-10 00:18:48,-111.0431,41.2752,  36.3,22742,-60.5,-87.1,-82.3,  2,  4, 0.01,260, 6.7
2025-10-10 00:18:49,-111.0430,41.2753,  36.2,22747,-60.5,-87.1,-82.3,  2,  4, 0.01,260, 6.9
2025-10-10 00:18:50,-111.0428,41.2753,  36.2,22752,-60.5,-87.1,-82.3,  2,  4, 0.01,259, 7.2
2025-10-10 00:18:51,-111.0427,41.2753,  36.2,22757,-60.5,-87.0,-82.3,  2,  4, 0.01,259, 7.5
2025-10-10 00:18:52,-111.0426,41.2753,  36.1,22763,-60.5,-87.0,-82.3,  2,  4, 0.01,258, 7.8
2025-10-10 00:18:53,-111.0425,41.2753,  36.1,22768,-60.4,-87.0,-82.2,  2,  4, 0.01,258, 8.0
2025-10-10 00:18:54,-111.0424,41.2753,  36.1,22773,-60.4,-87.0,-82.2,  2,  4, 0.01,257, 8.3
2025-10-10 00:18:55,-111.0423,41.2754,  36.1,22778,-60.4,-87.0,-82.2,  2,  4, 0.01,257, 8.6
2025-10-10 00:18:56,-111.0422,41.2754,  36.0,22784,-60.4,-86.9,-82.2,  2,  4, 0.01,256, 8.8
2025-10-10 00:18:57,-111.0420,41.2754,  36.0,22790,-60.4,-86.9,-82.2,  2,  4, 0.01,256, 9.1
2025-10-10 00:18:58,-111.0419,41.2754,  36.0,22795,-60.4,-86.9,-82.1,  2,  4, 0.01,256, 9.4
2025-10-10 00:18:59,-111.0418,41.2754,  35.9,22801,-60.3,-86.9,-82.1,  2,  4, 0.01,256, 9.7
2025-10-10 00:19:00,-111.0417,41.2754,  35.9,22807,-60.3,-86.9,-82.1,  2,  4, 0.01,255, 9.9
2025-10-10 00:19:01,-111.0416,41.2754,  35.9,22812,-60.3,-86.8,-82.1,  2,  4, 0.01,255,10.2
2025-10-10 00:19:02,-111.0415,41.2755,  35.8,22818,-60.3,-86.8,-82.1,  2,  4, 0.01,255,10.5
2025-10-10 00:19:03,-111.0414,41.2755,  35.8,22824,-60.3,-86.8,-82.0,  2,  4, 0.01,254,10.8
2025-10-10 00:19:04,-111.0413,41.2755,  35.8,22830,-60.2,-86.8,-82.0,  2,  4, 0.01,254,11.0
2025-10-10 00:19:05,-111.0411,41.2755,  35.7,22835,-60.2,-86.7,-82.0,  2,  4, 0.01,254,11.3
2025-10-10 00:19:06,-111.0410,41.2755,  35.7,22841,-60.2,-86.7,-82.0,  2,  4, 0.01,254,11.6
2025-10-10 00:19:07,-111.0409,41.2755,  35.7,22847,-60.2,-86.7,-81.9,  2,  4, 0.01,254,11.9
2025-10-10 00:19:08,-111.0408,41.2756,  35.6,22853,-60.2,-86.7,-81.9,  2,  4, 0.01,254,11.9
2025-10-10 00:19:09,-111.0407,41.2756,  35.6,22858,-60.1,-86.7,-81.9,  2,  4, 0.01,255,11.9
2025-10-10 00:19:10,-111.0406,41.2756,  35.6,22864,-60.1,-86.6,-81.9,  2,  4, 0.01,255,11.9
2025-10-10 00:19:11,-111.0405,41.2756,  35.5,22870,-60.1,-86.6,-81.9,  2,  4, 0.01,255,12.0
2025-10-10 00:19:12,-111.0403,41.2756,  35.5,22876,-60.1,-86.6,-81.8,  2,  4, 0.01,256,12.0
2025-10-10 00:19:13,-111.0402,41.2756,  35.5,22881,-60.0,-86.6,-81.8,  2,  4, 0.01,256,12.0
2025-10-10 00:19:14,-111.0401,41.2756,  35.4,22887,-60.0,-86.6,-81.8,  2,  4, 0.01,257,12.0
2025-10-10 00:19:15,-111.0399,41.2756,  35.4,22893,-60.0,-86.5,-81.8,  2,  4, 0.01,257,12.1
2025-10-10 00:19:16,-111.0398,41.2756,  35.4,22899,-60.0,-86.5,-81.8,  2,  4, 0.01,258,12.1
2025-10-10 00:19:17,-111.0397,41.2756,  35.3,22904,-60.0,-86.5,-81.8,  2,  4, 0.01,258,12.1
2025-10-10 00:19:18,-111.0395,41.2756,  35.3,22910,-59.9,-86.5,-81.7,  2,  4, 0.01,258,12.2
2025-10-10 00:19:19,-111.0394,41.2756,  35.3,22916,-59.9,-86.5,-81.7,  2,  4, 0.01,259,12.2
2025-10-10 00:19:20,-111.0392,41.2756,  35.2,22921,-59.9,-86.5,-81.7,  2,  4, 0.01,259,12.2
2025-10-10 00:19:21,-111.0391,41.2756,  35.2,22927,-59.9,-86.4,-81.7,  2,  4, 0.01,260,12.3
2025-10-10 00:19:22,-111.0389,41.2756,  35.2,22933,-59.9,-86.4,-81.7,  2,  4, 0.01,260,12.3
2025-10-10 00:19:23,-111.0388,41.2756,  35.1,22939,-59.8,-86.4,-81.6,  2,  4, 0.01,261,12.3
2025-10-10 00:19:24,-111.0387,41.2756,  35.1,22945,-59.8,-86.4,-81.6,  2,  4, 0.01,261,12.4
2025-10-10 00:19:25,-111.0385,41.2756,  35.1,22951,-59.8,-86.3,-81.6,  2,  4, 0.01,261,12.4
2025-10-10 00:19:26,-111.0384,41.2756,  35.0,22956,-59.8,-86.3,-81.6,  2,  4, 0.01,262,12.4
2025-10-10 00:19:27,-111.0382,41.2756,  35.0,22962,-59.8,-86.3,-81.5,  2,  4, 0.01,262,12.5
2025-10-10 00:19:28,-111.0381,41.2756,  35.0,22968,-59.7,-86.3,-81.5,  2,  4, 0.01,263,12.4
2025-10-10 00:19:29,-111.0380,41.2756,  34.9,22974,-59.7,-86.3,-81.5,  2,  4, 0.01,264,12.3
2025-10-10 00:19:30,-111.0378,41.2756,  34.9,22980,-59.7,-86.2,-81.5,  2,  4, 0.01,265,12.3
2025-10-10 00:19:31,-111.0377,41.2756,  34.9,22986,-59.7,-86.2,-81.5,  2,  4, 0.01,265,12.2
2025-10-10 00:19:32,-111.0375,41.2756,  34.8,22992,-59.7,-86.2,-81.4,  2,  4, 0.01,266,12.2
2025-10-10 00:19:33,-111.0374,41.2756,  34.8,23001,-59.6,-86.2,-81.4,  2,  4, 0.01,267,12.1
2025-10-10 00:19:34,-111.0372,41.2756,  34.8,23004,-59.6,-86.2,-81.4,  2,  4, 0.01,268,12.1
2025-10-10 00:19:35,-111.0371,41.2755,  34.7,23010,-59.6,-86.2,-81.4,  2,  4, 0.01,269,12.2
2025-10-10 00:19:36,-111.0370,41.2755,  34.7,23016,-59.6,-86.1,-81.4,  2,  4, 0.01,270,12.1
2025-10-10 00:19:37,-111.0368,41.2755,  34.7,23021,-59.6,-86.1,-81.4,  2,  4, 0.01,270,12.1
2025-10-10 00:19:38,-111.0367,41.2755,  34.6,23027,-59.6,-86.1,-81.4,  2,  4, 0.01,271,12.1
2025-10-10 00:19:39,-111.0365,41.2755,  34.6,23033,-59.5,-86.1,-81.4,  2,  4, 0.01,272,12.0
2025-10-10 00:19:40,-111.0364,41.2755,  34.6,23039,-59.5,-86.1,-81.4,  2,  4, 0.01,273,12.0
2025-10-10 00:19:41,-111.0363,41.2755,  34.5,23044,-59.5,-86.1,-81.4,  2,  4, 0.01,274,11.8
2025-10-10 00:19:42,-111.0362,41.2754,  34.5,23050,-59.5,-86.1,-81.4,  2,  4, 0.01,275,11.8
2025-10-10 00:19:43,-111.0361,41.2754,  34.5,23056,-59.5,-86.1,-81.4,  2,  4, 0.01,276,11.8
2025-10-10 00:19:44,-111.0360,41.2753,  34.5,23061,-59.5,-86.1,-81.4,  2,  4, 0.01,277,11.8
2025-10-10 00:19:45,-111.0359,41.2753,  34.4,23067,-59.5,-86.1,-81.4,  2,  4, 0.01,278,11.8
2025-10-10 00:19:46,-111.0358,41.2753,  34.4,23072,-59.5,-86.1,-81.4,  2,  4, 0.01,278,11.7
2025-10-10 00:19:47,-111.0357,41.2752,  34.4,23078,-59.5,-86.1,-81.4,  2,  4, 0.01,279,11.7
2025-10-10 00:19:48,-111.0356,41.2752,  34.3,23083,-59.5,-86.1,-81.4,  2,  4, 0.01,280,11.6
2025-10-10 00:19:49,-111.0355,41.2752,  34.3,23089,-59.4,-86.2,-81.4,  2,  4, 0.01,281,11.5
2025-10-10 00:19:50,-111.0354,41.2751,  34.3,23094,-59.4,-86.2,-81.4,  2,  4, 0.01,281,11.4
2025-10-10 00:19:51,-111.0353,41.2751,  34.2,23101,-59.4,-86.2,-81.4,  2,  4, 0.01,282,11.3
2025-10-10 00:19:52,-111.0351,41.2751,  34.2,23107,-59.4,-86.2,-81.4,  2,  4, 0.01,283,11.2
2025-10-10 00:19:53,-111.0350,41.2750,  34.2,23113,-59.4,-86.2,-81.4,  2,  4, 0.01,283,11.1
2025-10-10 00:19:54,-111.0349,41.2750,  34.1,23119,-59.4,-86.2,-81.4,  2,  4, 0.01,284,11.0
2025-10-10 00:19:55,-111.0348,41.2749,  34.1,23125,-59.4,-86.2,-81.4,  2,  4, 0.01,285,10.8
2025-10-10 00:19:56,-111.0347,41.2749,  34.1,23131,-59.4,-86.2,-81.5,  2,  4, 0.01,286,10.7
2025-10-10 00:19:57,-111.0346,41.2749,  34.0,23136,-59.4,-86.2,-81.5,  2,  4, 0.01,286,10.6
2025-10-10 00:19:58,-111.0345,41.2748,  34.0,23142,-59.4,-86.2,-81.5,  2,  4, 0.01,287,10.5
2025-10-10 00:19:59,-111.0344,41.2748,  34.0,23147,-59.4,-86.3,-81.5,  2,  4, 0.01,288,10.5
2025-10-10 00:20:00,-111.0343,41.2748,  34.0,23153,-59.4,-86.3,-81.5,  2,  4, 0.01,289,10.4
2025-10-10 00:20:01,-111.0342,41.2747,  33.9,23158,-59.4,-86.3,-81.5,  2,  4, 0.01,290,10.3
2025-10-10 00:20:02,-111.0341,41.2747,  33.9,23164,-59.4,-86.3,-81.5,  2,  4, 0.01,290,10.2
2025-10-10 00:20:03,-111.0340,41.2747,  33.9,23170,-59.4,-86.2,-81.5,  2,  4, 0.01,291,10.1
2025-10-10 00:20:04,-111.0339,41.2746,  33.8,23176,-59.4,-86.2,-81.5,  2,  4, 0.01,292,10.0
2025-10-10 00:20:05,-111.0337,41.2746,  33.8,23181,-59.4,-86.2,-81.5,  2,  4, 0.01,293, 9.9
2025-10-10 00:20:06,-111.0337,41.2745,  33.8,23187,-59.4,-86.2,-81.5,  2,  4, 0.01,294, 9.8
2025-10-10 00:20:07,-111.0335,41.2745,  33.7,23193,-59.4,-86.2,-81.5,  2,  4, 0.01,295, 9.8
2025-10-10 00:20:08,-111.0334,41.2745,  33.7,23199,-59.4,-86.2,-81.4,  2,  4, 0.01,296, 9.6
2025-10-10 00:20:09,-111.0333,41.2744,  33.7,23204,-59.4,-86.2,-81.4,  2,  4, 0.01,297, 9.5
2025-10-10 00:20:10,-111.0333,41.2744,  33.6,23210,-59.4,-86.2,-81.4,  2,  4, 0.01,297, 9.4
2025-10-10 00:20:11,-111.0332,41.2743,  33.6,23216,-59.4,-86.2,-81.4,  2,  4, 0.01,298, 9.3
2025-10-10 00:20:12,-111.0332,41.2743,  33.6,23221,-59.4,-86.2,-81.4,  2,  4, 0.01,299, 9.2
2025-10-10 00:20:13,-111.0331,41.2742,  33.6,23227,-59.4,-86.2,-81.4,  2,  4, 0.01,300, 9.2
2025-10-10 00:20:14,-111.0331,41.2742,  33.5,23233,-59.4,-86.1,-81.4,  2,  4, 0.01,301, 9.1
2025-10-10 00:20:15,-111.0330,41.2741,  33.5,23238,-59.4,-86.2,-81.4,  2,  4, 0.01,302, 9.0
2025-10-10 00:20:16,-111.0329,41.2741,  33.5,23244,-59.4,-86.2,-81.4,  2,  4, 0.01,303, 8.9
2025-10-10 00:20:17,-111.0329,41.2740,  33.4,23249,-59.4,-86.2,-81.4,  2,  4, 0.01,304, 8.8
2025-10-10 00:20:18,-111.0328,41.2740,  33.4,23255,-59.4,-86.2,-81.4,  2,  4, 0.01,305, 8.8
2025-10-10 00:20:19,-111.0328,41.2740,  33.4,23260,-59.3,-86.2,-81.5,  2,  4, 0.01,306, 8.7
2025-10-10 00:20:20,-111.0327,41.2739,  33.3,23266,-59.3,-86.2,-81.5,  2,  4, 0.01,307, 8.6
2025-10-10 00:20:21,-111.0327,41.2739,  33.3,23271,-59.3,-86.2,-81.5,  2,  4, 0.01,308, 8.5
2025-10-10 00:20:22,-111.0326,41.2738,  33.3,23277,-59.3,-86.3,-81.5,  2,  4, 0.01,309, 8.4
2025-10-10 00:20:23,-111.0326,41.2738,  33.3,23282,-59.3,-86.3,-81.5,  2,  4, 0.01,310, 8.3
2025-10-10 00:20:24,-111.0325,41.2737,  33.2,23288,-59.3,-86.3,-81.5,  2,  4, 0.01,311, 8.1
2025-10-10 00:20:25,-111.0324,41.2737,  33.2,23293,-59.3,-86.3,-81.5,  2,  4, 0.01,312, 8.1
2025-10-10 00:20:26,-111.0324,41.2736,  33.2,23298,-59.3,-86.3,-81.6,  2,  4, 0.01,313, 8.0
2025-10-10 00:20:27,-111.0323,41.2736,  33.1,23304,-59.3,-86.3,-81.6,  2,  4, 0.01,314, 7.9
2025-10-10 00:20:28,-111.0323,41.2735,  33.1,23309,-59.3,-86.3,-81.6,  2,  4, 0.01,315, 7.8
2025-10-10 00:20:29,-111.0322,41.2735,  33.1,23315,-59.3,-86.3,-81.6,  2,  4, 0.01,315, 7.7
2025-10-10 00:20:30,-111.0322,41.2734,  33.1,23320,-59.3,-86.3,-81.6,  2,  4, 0.01,316, 7.6
2025-10-10 00:20:31,-111.0321,41.2734,  33.0,23326,-59.3,-86.3,-81.6,  2,  4, 0.01,316, 7.5
2025-10-10 00:20:32,-111.0320,41.2733,  33.0,23331,-59.3,-86.3,-81.6,  2,  4, 0.01,316, 7.4
2025-10-10 00:20:33,-111.0320,41.2733,  33.0,23337,-59.3,-86.4,-81.6,  2,  4, 0.01,317, 7.3
2025-10-10 00:20:34,-111.0319,41.2732,  32.9,23342,-59.3,-86.4,-81.6,  2,  4, 0.01,317, 7.2
2025-10-10 00:20:35,-111.0319,41.2732,  32.9,23348,-59.3,-86.4,-81.6,  2,  4, 0.01,318, 7.1
2025-10-10 00:20:36,-111.0318,41.2731,  32.9,23353,-59.3,-86.4,-81.6,  2,  4, 0.01,318, 7.0
2025-10-10 00:20:37,-111.0318,41.2731,  32.9,23358,-59.3,-86.4,-81.6,  2,  4, 0.01,319, 6.9
2025-10-10 00:20:38,-111.0317,41.2730,  32.8,23363,-59.3,-86.4,-81.6,  2,  4, 0.01,319, 6.8
2025-10-10 00:20:39,-111.0316,41.2730,  32.8,23368,-59.3,-86.4,-81.6,  2,  4, 0.01,320, 6.7
2025-10-10 00:20:40,-111.0316,41.2730,  32.8,23373,-59.3,-86.4,-81.6,  2,  4, 0.01,320, 6.6
2025-10-10 00:20:41,-111.0316,41.2730,  32.7,23379,-59.3,-86.4,-81.6,  2,  3, 0.01,321, 6.5
2025-10-10 00:20:42,-111.0316,41.2729,  32.7,23385,-59.3,-86.4,-81.6,  2,  3, 0.01,321, 6.4
2025-10-10 00:20:43,-111.0316,41.2729,  32.7,23391,-59.3,-86.4,-81.6,  2,  3, 0.01,322, 6.3
2025-10-10 00:20:44,-111.0316,41.2729,  32.7,23396,-59.3,-86.4,-81.6,  2,  3, 0.01,322, 6.2
2025-10-10 00:20:45,-111.0316,41.2729,  32.6,23402,-59.3,-86.4,-81.6,  2,  3, 0.01,323, 6.1
2025-10-10 00:20:46,-111.0316,41.2729,  32.6,23408,-59.3,-86.4,-81.6,  2,  3, 0.01,324, 6.0
2025-10-10 00:20:47,-111.0316,41.2728,  32.6,23414,-59.3,-86.4,-81.6,  2,  3, 0.01,324, 5.9
2025-10-10 00:20:48,-111.0316,41.2728,  32.5,23420,-59.3,-86.4,-81.6,  2,  3, 0.01,325, 5.7
2025-10-10 00:20:49,-111.0315,41.2728,  32.5,23426,-59.3,-86.4,-81.6,  2,  3, 0.01,325, 5.5
2025-10-10 00:20:50,-111.0315,41.2728,  32.5,23432,-59.3,-86.4,-81.6,  2,  3, 0.01,325, 5.2
2025-10-10 00:20:51,-111.0315,41.2728,  32.4,23438,-59.3,-86.3,-81.6,  2,  3, 0.01,326, 5.0
2025-10-10 00:20:52,-111.0315,41.2727,  32.4,23444,-59.2,-86.3,-81.6,  2,  3, 0.01,326, 4.8
2025-10-10 00:20:53,-111.0315,41.2727,  32.4,23449,-59.2,-86.3,-81.6,  2,  3, 0.01,327, 4.6
2025-10-10 00:20:54,-111.0315,41.2727,  32.4,23455,-59.2,-86.3,-81.6,  2,  3, 0.01,327, 4.3
2025-10-10 00:20:55,-111.0315,41.2727,  32.3,23460,-59.2,-86.3,-81.6,  2,  3, 0.01,328, 4.1
2025-10-10 00:20:56,-111.0315,41.2727,  32.3,23466,-59.2,-86.3,-81.5,  2,  3, 0.01,328, 4.0
2025-10-10 00:20:57,-111.0315,41.2727,  32.3,23471,-59.2,-86.3,-81.5,  2,  3, 0.01,329, 3.7
2025-10-10 00:20:58,-111.0315,41.2726,  32.2,23477,-59.2,-86.3,-81.5,  2,  3, 0.01,330, 3.5
2025-10-10 00:20:59,-111.0315,41.2726,  32.2,23482,-59.2,-86.3,-81.5,  2,  3, 0.01,331, 3.3
2025-10-10 00:21:00,-111.0314,41.2726,  32.2,23488,-59.1,-86.3,-81.5,  2,  3, 0.01,332, 3.1
2025-10-10 00:21:01,-111.0314,41.2726,  32.2,23493,-59.1,-86.2,-81.5,  2,  3, 0.01,333, 2.9
2025-10-10 00:21:02,-111.0314,41.2726,  32.1,23499,-59.1,-86.2,-81.5,  2,  4, 0.01,334, 2.7
2025-10-10 00:21:03,-111.0314,41.2725,  32.1,23504,-59.1,-86.2,-81.5,  2,  3, 0.01,336, 2.4
2025-10-10 00:21:04,-111.0314,41.2725,  32.1,23510,-59.1,-86.2,-81.4,  2,  4, 0.01,338, 2.2
2025-10-10 00:21:05,-111.0314,41.2725,  32.0,23515,-59.1,-86.2,-81.4,  2,  4, 0.01,340, 2.0
2025-10-10 00:21:06,-111.0314,41.2725,  32.0,23521,-59.0,-86.2,-81.4,  2,  4, 0.01,343, 1.8
2025-10-10 00:21:07,-111.0314,41.2725,  32.0,23526,-59.0,-86.1,-81.4,  2,  4, 0.01,347, 1.6
2025-10-10 00:21:08,-111.0314,41.2724,  32.0,23532,-59.0,-86.1,-81.4,  2,  4, 0.01,346, 1.6
2025-10-10 00:21:09,-111.0314,41.2724,  31.9,23538,-59.0,-86.1,-81.4,  2,  4, 0.01,344, 1.5
2025-10-10 00:21:10,-111.0313,41.2725,  31.9,23543,-59.0,-86.1,-81.3,  2,  4, 0.01,342, 1.5
2025-10-10 00:21:11,-111.0313,41.2725,  31.9,23549,-58.9,-86.1,-81.3,  2,  3, 0.01,340, 1.5
2025-10-10 00:21:12,-111.0313,41.2725,  31.8,23555,-58.9,-86.1,-81.3,  2,  3, 0.01,337, 1.5
2025-10-10 00:21:13,-111.0313,41.2725,  31.8,23561,-58.9,-86.1,-81.3,  2,  3, 0.01,334, 1.5
2025-10-10 00:21:14,-111.0313,41.2725,  31.8,23566,-58.9,-86.1,-81.3,  2,  3, 0.01,329, 1.5
2025-10-10 00:21:15,-111.0313,41.2725,  31.8,23572,-58.9,-86.1,-81.3,  2,  3, 0.01,321, 1.4
2025-10-10 00:21:16,-111.0312,41.2726,  31.7,23577,-58.8,-86.1,-81.3,  2,  3, 0.01,311, 1.4
2025-10-10 00:21:17,-111.0312,41.2726,  31.7,23583,-58.8,-86.1,-81.3,  2,  3, 0.01,297, 1.4
2025-10-10 00:21:18,-111.0312,41.2726,  31.7,23588,-58.8,-86.1,-81.3,  2,  3, 0.01,277, 1.4
2025-10-10 00:21:19,-111.0312,41.2726,  31.6,23594,-58.8,-86.0,-81.3,  2,  3, 0.01,256, 1.4
2025-10-10 00:21:20,-111.0312,41.2726,  31.6,23599,-58.8,-86.0,-81.3,  2,  3, 0.01,238, 1.4
2025-10-10 00:21:21,-111.0312,41.2726,  31.6,23605,-58.8,-86.0,-81.3,  2,  3, 0.01,225, 1.3
2025-10-10 00:21:22,-111.0311,41.2727,  31.6,23610,-58.7,-86.0,-81.3,  2,  3, 0.01,216, 1.3
2025-10-10 00:21:23,-111.0311,41.2727,  31.5,23616,-58.7,-86.0,-81.2,  2,  3, 0.01,209, 1.3
2025-10-10 00:21:24,-111.0311,41.2727,  31.5,23621,-58.7,-86.0,-81.2,  2,  3, 0.01,205, 1.3
2025-10-10 00:21:25,-111.0311,41.2727,  31.5,23627,-58.7,-85.9,-81.2,  2,  3, 0.01,202, 1.3
2025-10-10 00:21:26,-111.0311,41.2727,  31.5,23632,-58.7,-85.9,-81.2,  2,  3, 0.01,199, 1.3
2025-10-10 00:21:27,-111.0311,41.2727,  31.4,23638,-58.7,-85.9,-81.1,  2,  3, 0.01,197, 1.2
2025-10-10 00:21:28,-111.0311,41.2728,  31.4,23643,-58.6,-85.9,-81.1,  2,  3, 0.01,201, 1.4
2025-10-10 00:21:29,-111.0310,41.2728,  31.4,23649,-58.6,-85.9,-81.1,  2,  3, 0.01,205, 1.5
2025-10-10 00:21:30,-111.0310,41.2728,  31.3,23654,-58.6,-85.8,-81.1,  2,  3, 0.01,208, 1.7
2025-10-10 00:21:31,-111.0310,41.2728,  31.3,23660,-58.6,-85.8,-81.1,  2,  3, 0.01,211, 1.8
2025-10-10 00:21:32,-111.0310,41.2728,  31.3,23666,-58.6,-85.8,-81.0,  2,  3, 0.01,213, 2.0
2025-10-10 00:21:33,-111.0310,41.2728,  31.3,23671,-58.6,-85.8,-81.0,  2,  4, 0.01,215, 2.2
2025-10-10 00:21:34,-111.0310,41.2729,  31.2,23676,-58.6,-85.8,-81.0,  2,  4, 0.01,217, 2.3
2025-10-10 00:21:35,-111.0310,41.2729,  31.2,23682,-58.5,-85.7,-81.0,  2,  4, 0.01,218, 2.5
2025-10-10 00:21:36,-111.0309,41.2729,  31.2,23687,-58.5,-85.7,-81.0,  2,  4, 0.01,219, 2.6
2025-10-10 00:21:37,-111.0309,41.2729,  31.1,23693,-58.5,-85.7,-80.9,  2,  4, 0.01,220, 2.8
2025-10-10 00:21:38,-111.0309,41.2729,  31.1,23698,-58.5,-85.7,-80.9,  2,  4, 0.01,221, 2.9
2025-10-10 00:21:39,-111.0309,41.2729,  31.1,23703,-58.5,-85.7,-80.9,  2,  4, 0.01,222, 3.1
2025-10-10 00:21:40,-111.0308,41.2729,  31.1,23709,-58.5,-85.7,-80.9,  2,  4, 0.01,223, 3.2
2025-10-10 00:21:41,-111.0307,41.2730,  31.0,23715,-58.5,-85.6,-80.9,  2,  4, 0.01,224, 3.4
2025-10-10 00:21:42,-111.0307,41.2730,  31.0,23720,-58.4,-85.6,-80.9,  2,  4, 0.01,224, 3.5
2025-10-10 00:21:43,-111.0306,41.2730,  31.0,23726,-58.4,-85.6,-80.8,  2,  4, 0.01,225, 3.7
2025-10-10 00:21:44,-111.0306,41.2730,  31.0,23731,-58.4,-85.6,-80.8,  2,  4, 0.01,226, 3.8
2025-10-10 00:21:45,-111.0305,41.2730,  30.9,23737,-58.4,-85.6,-80.8,  2,  4, 0.01,226, 4.0
2025-10-10 00:21:46,-111.0304,41.2730,  30.9,23742,-58.4,-85.5,-80.8,  2,  4, 0.01,227, 4.1
2025-10-10 00:21:47,-111.0304,41.2730,  30.9,23748,-58.3,-85.5,-80.8,  2,  4, 0.01,227, 4.3
2025-10-10 00:21:48,-111.0303,41.2730,  30.9,23753,-58.3,-85.5,-80.7,  2,  4, 0.01,229, 4.3
2025-10-10 00:21:49,-111.0303,41.2730,  30.8,23758,-58.3,-85.5,-80.7,  2,  4, 0.01,231, 4.4
2025-10-10 00:21:50,-111.0302,41.2731,  30.8,23764,-58.3,-85.5,-80.7,  2,  4, 0.01,233, 4.5
2025-10-10 00:21:51,-111.0301,41.2731,  30.8,23769,-58.3,-85.4,-80.7,  2,  4, 0.01,235, 4.6
2025-10-10 00:21:52,-111.0301,41.2731,  30.7,23774,-58.2,-85.4,-80.7,  2,  4, 0.01,237, 4.6
2025-10-10 00:21:53,-111.0300,41.2731,  30.7,23779,-58.2,-85.4,-80.6,  2,  4, 0.01,239, 4.7
2025-10-10 00:21:54,-111.0299,41.2731,  30.7,23785,-58.2,-85.4,-80.6,  2,  4, 0.01,241, 4.8
2025-10-10 00:21:55,-111.0299,41.2731,  30.7,23790,-58.2,-85.4,-80.6,  2,  4, 0.01,242, 4.9
2025-10-10 00:21:56,-111.0298,41.2731,  30.6,23796,-58.2,-85.3,-80.6,  2,  4, 0.01,244, 4.9
2025-10-10 00:21:57,-111.0298,41.2731,  30.6,23802,-58.1,-85.3,-80.6,  2,  4, 0.01,246, 5.0
2025-10-10 00:21:58,-111.0297,41.2731,  30.6,23807,-58.1,-85.3,-80.5,  2,  4, 0.01,248, 5.1
2025-10-10 00:21:59,-111.0296,41.2731,  30.6,23813,-58.1,-85.3,-80.5,  2,  4, 0.01,249, 5.1
2025-10-10 00:22:00,-111.0296,41.2732,  30.5,23819,-58.1,-85.3,-80.5,  2,  4, 0.01,251, 5.2
2025-10-10 00:22:01,-111.0295,41.2732,  30.5,23825,-58.1,-85.2,-80.5,  2,  4, 0.01,252, 5.3
2025-10-10 00:22:02,-111.0294,41.2732,  30.5,23830,-58.0,-85.2,-80.5,  2,  4, 0.01,254, 5.3
2025-10-10 00:22:03,-111.0294,41.2732,  30.4,23836,-58.0,-85.2,-80.4,  2,  4, 0.01,255, 5.4
2025-10-10 00:22:04,-111.0293,41.2732,  30.4,23841,-58.0,-85.2,-80.4,  2,  4, 0.01,256, 5.5
2025-10-10 00:22:05,-111.0293,41.2732,  30.4,23847,-58.0,-85.2,-80.4,  2,  4, 0.01,258, 5.6
2025-10-10 00:22:06,-111.0292,41.2732,  30.4,23852,-57.9,-85.2,-80.4,  2,  4, 0.01,259, 5.6
2025-10-10 00:22:07,-111.0291,41.2732,  30.3,23858,-57.9,-85.1,-80.4,  2,  4, 0.01,260, 5.7
2025-10-10 00:22:08,-111.0291,41.2732,  30.3,23863,-57.9,-85.1,-80.4,  2,  4, 0.01,261, 5.7
2025-10-10 00:22:09,-111.0290,41.2732,  30.3,23868,-57.9,-85.1,-80.4,  2,  4, 0.01,263, 5.7
2025-10-10 00:22:10,-111.0289,41.2732,  30.3,23873,-57.9,-85.1,-80.3,  2,  4, 0.01,264, 5.8
2025-10-10 00:22:11,-111.0289,41.2732,  30.2,23878,-57.8,-85.1,-80.3,  2,  4, 0.01,265, 5.8
2025-10-10 00:22:12,-111.0288,41.2732,  30.2,23883,-57.8,-85.1,-80.3,  2,  4, 0.01,267, 5.9
2025-10-10 00:22:13,-111.0287,41.2732,  30.2,23889,-57.8,-85.1,-80.3,  2,  4, 0.01,268, 5.9
2025-10-10 00:22:14,-111.0287,41.2731,  30.2,23894,-57.8,-85.1,-80.3,  2,  4, 0.01,269, 5.9
2025-10-10 00:22:15,-111.0286,41.2731,  30.1,23900,-57.8,-85.0,-80.3,  2,  4, 0.01,271, 6.0
2025-10-10 00:22:16,-111.0285,41.2731,  30.1,23905,-57.7,-85.0,-80.3,  2,  4, 0.01,272, 6.0
2025-10-10 00:22:17,-111.0285,41.2730,  30.1,23910,-57.7,-85.0,-80.2,  2,  4, 0.01,273, 6.1
2025-10-10 00:22:18,-111.0284,41.2730,  30.1,23916,-57.7,-85.0,-80.2,  2,  4, 0.01,274, 6.1
2025-10-10 00:22:19,-111.0283,41.2730,  30.0,23921,-57.7,-85.0,-80.2,  2,  4, 0.01,275, 6.1
2025-10-10 00:22:20,-111.0283,41.2730,  30.0,23929,-57.7,-84.9,-80.2,  2,  4, 0.01,277, 6.2
2025-10-10 00:22:21,-111.0282,41.2729,  30.0,23932,-57.6,-84.9,-80.2,  2,  4, 0.01,278, 6.2
2025-10-10 00:22:22,-111.0281,41.2729,  30.0,23938,-57.6,-84.9,-80.1,  2,  4, 0.01,279, 6.2
2025-10-10 00:22:23,-111.0281,41.2729,  29.9,23943,-57.6,-84.9,-80.1,  2,  4, 0.01,280, 6.3
2025-10-10 00:22:24,-111.0280,41.2729,  29.9,23949,-57.6,-84.9,-80.1,  2,  4, 0.01,281, 6.3
2025-10-10 00:22:25,-111.0279,41.2728,  29.9,23954,-57.6,-84.8,-80.1,  2,  4, 0.01,282, 6.3
2025-10-10 00:22:26,-111.0279,41.2728,  29.9,23960,-57.6,-84.8,-80.1,  2,  4, 0.01,283, 6.4
2025-10-10 00:22:27,-111.0278,41.2728,  29.8,23965,-57.5,-84.8,-80.0,  2,  4, 0.01,284, 6.4
2025-10-10 00:22:28,-111.0277,41.2728,  29.8,23972,-57.5,-84.8,-80.0,  2,  4, 0.01,286, 6.4
2025-10-10 00:22:29,-111.0277,41.2727,  29.8,23975,-57.5,-84.8,-80.0,  2,  4, 0.01,287, 6.4
2025-10-10 00:22:30,-111.0276,41.2727,  29.8,23981,-57.5,-84.7,-80.0,  2,  4, 0.01,288, 6.5
2025-10-10 00:22:31,-111.0275,41.2727,  29.7,23986,-57.5,-84.7,-80.0,  2,  4, 0.01,290, 6.5
2025-10-10 00:22:32,-111.0275,41.2726,  29.7,23992,-57.4,-84.7,-80.0,  2,  4, 0.01,291, 6.5
2025-10-10 00:22:33,-111.0274,41.2726,  29.7,23997,-57.4,-84.7,-79.9,  2,  4, 0.01,293, 6.5
2025-10-10 00:22:34,-111.0273,41.2726,  29.7,24003,-57.4,-84.7,-79.9,  2,  4, 0.01,294, 6.5
2025-10-10 00:22:35,-111.0273,41.2726,  29.6,24009,-57.4,-84.7,-79.9,  2,  4, 0.01,295, 6.5
2025-10-10 00:22:36,-111.0272,41.2725,  29.6,24014,-57.4,-84.7,-79.9,  2,  4, 0.01,297, 6.5
2025-10-10 00:22:37,-111.0271,41.2725,  29.6,24020,-57.3,-84.7,-79.9,  2,  4, 0.01,298, 6.5
2025-10-10 00:22:38,-111.0271,41.2725,  29.5,24025,-57.3,-84.7,-79.9,  2,  4, 0.01,299, 6.5
2025-10-10 00:22:39,-111.0270,41.2725,  29.5,24031,-57.3,-84.6,-79.9,  2,  4, 0.01,301, 6.6
2025-10-10 00:22:40,-111.0269,41.2724,  29.5,24036,-57.3,-84.6,-79.9,  2,  4, 0.01,302, 6.6
2025-10-10 00:22:41,-111.0269,41.2724,  29.5,24042,-57.3,-84.6,-79.9,  2,  4, 0.01,303, 6.6
2025-10-10 00:22:42,-111.0268,41.2724,  29.4,24048,-57.3,-84.6,-79.8,  2,  4, 0.01,305, 6.6
2025-10-10 00:22:43,-111.0268,41.2723,  29.4,24054,-57.2,-84.6,-79.8,  2,  4, 0.01,306, 6.6
2025-10-10 00:22:44,-111.0267,41.2723,  29.4,24059,-57.2,-84.6,-79.8,  2,  4, 0.01,307, 6.6
2025-10-10 00:22:45,-111.0267,41.2722,  29.4,24065,-57.2,-84.6,-79.8,  2,  4, 0.01,309, 6.6
2025-10-10 00:22:46,-111.0267,41.2722,  29.3,24071,-57.2,-84.6,-79.8,  2,  4, 0.01,310, 6.6
2025-10-10 00:22:47,-111.0266,41.2721,  29.3,24077,-57.2,-84.5,-79.8,  2,  4, 0.01,311, 6.6
2025-10-10 00:22:48,-111.0266,41.2721,  29.3,24082,-57.2,-84.5,-79.8,  2,  4, 0.01,312, 6.6
2025-10-10 00:22:49,-111.0265,41.2720,  29.3,24088,-57.2,-84.5,-79.8,  2,  4, 0.01,312, 6.6
2025-10-10 00:22:50,-111.0265,41.2720,  29.2,24094,-57.1,-84.5,-79.8,  2,  4, 0.01,313, 6.6
2025-10-10 00:22:51,-111.0264,41.2720,  29.2,24099,-57.1,-84.5,-79.8,  2,  4, 0.01,313, 6.5
2025-10-10 00:22:52,-111.0264,41.2719,  29.2,24105,-57.1,-84.5,-79.7,  2,  4, 0.01,314, 6.5
2025-10-10 00:22:53,-111.0263,41.2719,  29.2,24111,-57.1,-84.5,-79.7,  2,  4, 0.01,315, 6.5
2025-10-10 00:22:54,-111.0263,41.2718,  29.1,24117,-57.1,-84.5,-79.7,  2,  4, 0.01,315, 6.5
2025-10-10 00:22:55,-111.0262,41.2718,  29.1,24123,-57.1,-84.5,-79.7,  2,  4, 0.01,316, 6.5
2025-10-10 00:22:56,-111.0262,41.2717,  29.1,24129,-57.1,-84.5,-79.7,  2,  4, 0.01,316, 6.4
2025-10-10 00:22:57,-111.0262,41.2717,  29.0,24135,-57.1,-84.5,-79.7,  2,  4, 0.01,317, 6.4
2025-10-10 00:22:58,-111.0261,41.2716,  29.0,24141,-57.1,-84.5,-79.7,  2,  4, 0.01,317, 6.4
2025-10-10 00:22:59,-111.0261,41.2716,  29.0,24147,-57.0,-84.5,-79.7,  2,  4, 0.01,318, 6.4
2025-10-10 00:23:00,-111.0260,41.2716,  29.0,24152,-57.0,-84.5,-79.7,  2,  4, 0.01,319, 6.4
2025-10-10 00:23:01,-111.0260,41.2715,  28.9,24158,-57.0,-84.5,-79.7,  2,  4, 0.01,319, 6.4
2025-10-10 00:23:02,-111.0259,41.2715,  28.9,24164,-57.0,-84.5,-79.7,  2,  4, 0.01,320, 6.3
2025-10-10 00:23:03,-111.0259,41.2714,  28.9,24170,-57.0,-84.5,-79.7,  2,  4, 0.01,320, 6.3
2025-10-10 00:23:04,-111.0258,41.2714,  28.9,24176,-57.0,-84.5,-79.7,  2,  4, 0.01,321, 6.3
2025-10-10 00:23:05,-111.0258,41.2713,  28.8,24181,-57.0,-84.5,-79.7,  2,  4, 0.01,321, 6.3
2025-10-10 00:23:06,-111.0257,41.2713,  28.8,24187,-57.0,-84.5,-79.7,  2,  4, 0.01,322, 6.3
2025-10-10 00:23:07,-111.0257,41.2712,  28.8,24193,-57.0,-84.5,-79.7,  2,  4, 0.01,323, 6.3
2025-10-10 00:23:08,-111.0256,41.2712,  28.7,24198,-57.0,-84.5,-79.7,  2,  4, 0.01,322, 6.3
2025-10-10 00:23:09,-111.0256,41.2712,  28.7,24204,-57.0,-84.5,-79.7,  2,  4, 0.01,322, 6.3
2025-10-10 00:23:10,-111.0255,41.2711,  28.7,24211,-57.0,-84.5,-79.7,  2,  4, 0.01,322, 6.2
2025-10-10 00:23:11,-111.0255,41.2711,  28.7,24217,-57.0,-84.5,-79.7,  2,  4, 0.01,321, 6.2
2025-10-10 00:23:12,-111.0255,41.2710,  28.6,24223,-57.0,-84.5,-79.7,  2,  4, 0.01,321, 6.2
2025-10-10 00:23:13,-111.0254,41.2710,  28.6,24230,-57.0,-84.5,-79.7,  2,  4, 0.01,321, 6.2
2025-10-10 00:23:14,-111.0254,41.2709,  28.6,24235,-57.0,-84.5,-79.7,  2,  4, 0.01,320, 6.2
2025-10-10 00:23:15,-111.0253,41.2709,  28.6,24242,-57.0,-84.5,-79.8,  2,  4, 0.01,320, 6.2
2025-10-10 00:23:16,-111.0252,41.2709,  28.5,24248,-57.0,-84.5,-79.8,  2,  4, 0.01,320, 6.2
2025-10-10 00:23:17,-111.0252,41.2708,  28.5,24253,-57.1,-84.6,-79.8,  2,  4, 0.01,319, 6.2
2025-10-10 00:23:18,-111.0251,41.2708,  28.5,24259,-57.1,-84.6,-79.8,  2,  4, 0.01,319, 6.2
2025-10-10 00:23:19,-111.0251,41.2707,  28.4,24265,-57.1,-84.6,-79.8,  2,  4, 0.01,319, 6.2
2025-10-10 00:23:20,-111.0250,41.2707,  28.4,24270,-57.1,-84.6,-79.8,  2,  4, 0.01,318, 6.2
2025-10-10 00:23:21,-111.0250,41.2707,  28.4,24276,-57.1,-84.6,-79.9,  2,  4, 0.01,318, 6.2
2025-10-10 00:23:22,-111.0249,41.2706,  28.4,24282,-57.1,-84.6,-79.9,  2,  3, 0.01,317, 6.1
2025-10-10 00:23:23,-111.0249,41.2706,  28.3,24287,-57.1,-84.6,-79.9,  2,  3, 0.01,317, 6.1
2025-10-10 00:23:24,-111.0248,41.2705,  28.3,24293,-57.1,-84.7,-79.9,  2,  3, 0.01,317, 6.1
2025-10-10 00:23:25,-111.0247,41.2705,  28.3,24298,-57.1,-84.7,-79.9,  2,  3, 0.01,316, 6.1
2025-10-10 00:23:26,-111.0247,41.2704,  28.3,24304,-57.2,-84.7,-79.9,  2,  3, 0.01,316, 6.1
2025-10-10 00:23:27,-111.0246,41.2704,  28.2,24310,-57.2,-84.7,-79.9,  2,  3, 0.01,316, 6.1
2025-10-10 00:23:28,-111.0246,41.2704,  28.2,24315,-57.2,-84.7,-79.9,  2,  3, 0.01,316, 6.1
2025-10-10 00:23:29,-111.0245,41.2703,  28.2,24321,-57.2,-84.7,-80.0,  2,  3, 0.01,315, 6.2
2025-10-10 00:23:30,-111.0245,41.2703,  28.2,24327,-57.2,-84.7,-80.0,  2,  3, 0.01,315, 6.2
2025-10-10 00:23:31,-111.0244,41.2702,  28.1,24333,-57.2,-84.8,-80.0,  2,  3, 0.01,315, 6.3
2025-10-10 00:23:32,-111.0244,41.2702,  28.1,24339,-57.3,-84.8,-80.0,  2,  3, 0.01,315, 6.3
2025-10-10 00:23:33,-111.0243,41.2702,  28.1,24345,-57.3,-84.8,-80.0,  2,  3, 0.01,315, 6.3
2025-10-10 00:23:34,-111.0243,41.2701,  28.1,24351,-57.3,-84.8,-80.0,  2,  3, 0.01,315, 6.4
2025-10-10 00:23:35,-111.0242,41.2701,  28.0,24357,-57.3,-84.8,-80.1,  2,  3, 0.01,315, 6.4
2025-10-10 00:23:36,-111.0242,41.2700,  28.0,24362,-57.3,-84.8,-80.1,  2,  3, 0.01,315, 6.4
2025-10-10 00:23:37,-111.0241,41.2700,  28.0,24368,-57.4,-84.9,-80.1,  2,  3, 0.01,315, 6.5
2025-10-10 00:23:38,-111.0240,41.2699,  28.0,24374,-57.4,-84.9,-80.1,  2,  3, 0.01,315, 6.5
2025-10-10 00:23:39,-111.0240,41.2699,  27.9,24379,-57.4,-84.9,-80.1,  2,  3, 0.01,314, 6.5
2025-10-10 00:23:40,-111.0239,41.2699,  27.9,24385,-57.4,-84.9,-80.1,  2,  3, 0.01,314, 6.6
2025-10-10 00:23:41,-111.0239,41.2698,  27.9,24391,-57.4,-84.9,-80.2,  2,  3, 0.01,314, 6.6
2025-10-10 00:23:42,-111.0238,41.2698,  27.9,24396,-57.5,-85.0,-80.2,  2,  3, 0.01,314, 6.7
2025-10-10 00:23:43,-111.0238,41.2697,  27.8,24402,-57.5,-85.0,-80.2,  2,  3, 0.01,314, 6.7
2025-10-10 00:23:44,-111.0237,41.2697,  27.8,24408,-57.5,-85.0,-80.2,  2,  3, 0.01,314, 6.7
2025-10-10 00:23:45,-111.0237,41.2697,  27.8,24414,-57.5,-85.0,-80.3,  2,  3, 0.01,314, 6.8
2025-10-10 00:23:46,-111.0236,41.2696,  27.8,24420,-57.6,-85.0,-80.3,  2,  3, 0.01,314, 6.8
2025-10-10 00:23:47,-111.0235,41.2696,  27.7,24426,-57.6,-85.1,-80.3,  2,  3, 0.01,314, 6.8
2025-10-10 00:23:48,-111.0235,41.2696,  27.7,24432,-57.6,-85.1,-80.3,  2,  3, 0.01,313, 6.8
2025-10-10 00:23:49,-111.0234,41.2695,  27.7,24437,-57.6,-85.1,-80.3,  2,  3, 0.01,313, 6.8
2025-10-10 00:23:50,-111.0234,41.2695,  27.7,24443,-57.6,-85.1,-80.4,  2,  3, 0.01,313, 6.8
2025-10-10 00:23:51,-111.0233,41.2694,  27.6,24448,-57.7,-85.1,-80.4,  2,  3, 0.01,312, 6.8
2025-10-10 00:23:52,-111.0232,41.2694,  27.6,24454,-57.7,-85.2,-80.4,  2,  3, 0.01,312, 6.8
2025-10-10 00:23:53,-111.0232,41.2694,  27.6,24459,-57.7,-85.2,-80.4,  2,  3, 0.01,312, 6.8
2025-10-10 00:23:54,-111.0231,41.2693,  27.6,24465,-57.7,-85.2,-80.4,  2,  3, 0.01,311, 6.8
2025-10-10 00:23:55,-111.0230,41.2693,  27.5,24470,-57.8,-85.2,-80.5,  2,  3, 0.01,311, 6.8
2025-10-10 00:23:56,-111.0230,41.2693,  27.5,24475,-57.8,-85.2,-80.5,  2,  3, 0.01,311, 6.7
2025-10-10 00:23:57,-111.0229,41.2692,  27.5,24481,-57.8,-85.3,-80.5,  2,  3, 0.01,311, 6.7
2025-10-10 00:23:58,-111.0229,41.2692,  27.5,24486,-57.8,-85.3,-80.5,  2,  3, 0.01,310, 6.7
2025-10-10 00:23:59,-111.0228,41.2692,  27.4,24491,-57.8,-85.3,-80.5,  2,  3, 0.01,310, 6.7
2025-10-10 00:24:00,-111.0228,41.2691,  27.4,24497,-57.9,-85.3,-80.5,  2,  3, 0.01,310, 6.7
2025-10-10 00:24:01,-111.0227,41.2691,  27.4,24502,-57.9,-85.3,-80.6,  2,  3, 0.01,309, 6.7
2025-10-10 00:24:02,-111.0226,41.2690,  27.4,24508,-57.9,-85.3,-80.6,  2,  3, 0.01,309, 6.7
2025-10-10 00:24:03,-111.0226,41.2690,  27.4,24513,-57.9,-85.4,-80.6,  2,  3, 0.01,308, 6.7
2025-10-10 00:24:04,-111.0225,41.2690,  27.3,24519,-58.0,-85.4,-80.6,  2,  3, 0.01,308, 6.7
2025-10-10 00:24:05,-111.0225,41.2689,  27.3,24524,-58.0,-85.4,-80.6,  2,  3, 0.01,308, 6.7
2025-10-10 00:24:06,-111.0224,41.2689,  27.3,24529,-58.0,-85.4,-80.7,  2,  3, 0.01,307, 6.7
2025-10-10 00:24:07,-111.0223,41.2689,  27.3,24534,-58.0,-85.5,-80.7,  2,  3, 0.01,307, 6.6
2025-10-10 00:24:08,-111.0223,41.2688,  27.2,24539,-58.0,-85.5,-80.7,  2,  3, 0.01,307, 6.6
2025-10-10 00:24:09,-111.0222,41.2688,  27.2,24544,-58.0,-85.5,-80.7,  2,  3, 0.01,307, 6.5
2025-10-10 00:24:10,-111.0222,41.2687,  27.2,24550,-58.1,-85.5,-80.7,  2,  3, 0.01,307, 6.5
2025-10-10 00:24:11,-111.0221,41.2687,  27.2,24555,-58.1,-85.5,-80.8,  2,  3, 0.01,306, 6.4
2025-10-10 00:24:12,-111.0220,41.2687,  27.1,24561,-58.1,-85.5,-80.8,  2,  3, 0.01,306, 6.4
2025-10-10 00:24:13,-111.0220,41.2686,  27.1,24566,-58.1,-85.6,-80.8,  2,  3, 0.01,306, 6.3
2025-10-10 00:24:14,-111.0219,41.2686,  27.1,24572,-58.1,-85.6,-80.8,  2,  3, 0.01,306, 6.3
2025-10-10 00:24:15,-111.0219,41.2686,  27.1,24578,-58.1,-85.6,-80.8,  2,  3, 0.01,306, 6.2
2025-10-10 00:24:16,-111.0218,41.2686,  27.1,24582,-58.1,-85.6,-80.9,  2,  3, 0.01,306, 6.2
2025-10-10 00:24:17,-111.0218,41.2685,  27.0,24588,-58.2,-85.6,-80.9,  2,  3, 0.01,305, 6.1
2025-10-10 00:24:18,-111.0217,41.2685,  27.0,24594,-58.2,-85.6,-80.9,  2,  3, 0.01,305, 6.1
2025-10-10 00:24:19,-111.0217,41.2685,  27.0,24599,-58.2,-85.6,-80.9,  2,  3, 0.01,305, 6.0
2025-10-10 00:24:20,-111.0216,41.2685,  27.0,24605,-58.2,-85.6,-80.9,  2,  3, 0.01,305, 6.0
2025-10-10 00:24:21,-111.0216,41.2685,  26.9,24610,-58.2,-85.6,-80.9,  2,  3, 0.01,304, 5.9
2025-10-10 00:24:22,-111.0215,41.2684,  26.9,24615,-58.2,-85.6,-80.9,  2,  3, 0.01,304, 5.9
2025-10-10 00:24:23,-111.0214,41.2684,  26.9,24620,-58.2,-85.6,-80.9,  2,  3, 0.01,304, 5.8
2025-10-10 00:24:24,-111.0214,41.2684,  26.9,24625,-58.2,-85.6,-80.9,  2,  3, 0.01,304, 5.8
2025-10-10 00:24:25,-111.0213,41.2684,  26.8,24630,-58.2,-85.6,-80.9,  2,  3, 0.01,304, 5.7
2025-10-10 00:24:26,-111.0213,41.2683,  26.8,24636,-58.2,-85.6,-80.9,  2,  3, 0.01,303, 5.7
2025-10-10 00:24:27,-111.0212,41.2683,  26.8,24641,-58.2,-85.6,-80.9,  2,  3, 0.01,303, 5.7
2025-10-10 00:24:28,-111.0212,41.2683,  26.8,24646,-58.2,-85.6,-80.9,  2,  3, 0.01,303, 5.6
2025-10-10 00:24:29,-111.0211,41.2683,  26.8,24651,-58.2,-85.6,-80.9,  2,  3, 0.01,302, 5.6
2025-10-10 00:24:30,-111.0211,41.2682,  26.7,24656,-58.3,-85.6,-80.9,  2,  3, 0.01,302, 5.5
2025-10-10 00:24:31,-111.0210,41.2682,  26.7,24662,-58.3,-85.6,-80.9,  2,  3, 0.01,302, 5.5
2025-10-10 00:24:32,-111.0209,41.2682,  26.7,24667,-58.3,-85.6,-80.9,  2,  3, 0.01,301, 5.5
2025-10-10 00:24:33,-111.0209,41.2682,  26.7,24674,-58.3,-85.6,-80.9,  2,  3, 0.01,301, 5.4
2025-10-10 00:24:34,-111.0208,41.2682,  26.7,24677,-58.3,-85.6,-80.9,  2,  3, 0.01,301, 5.4
2025-10-10 00:24:35,-111.0208,41.2681,  26.6,24682,-58.3,-85.6,-80.9,  2,  3, 0.01,300, 5.4
2025-10-10 00:24:36,-111.0207,41.2681,  26.6,24686,-58.3,-85.6,-80.9,  2,  3, 0.01,300, 5.4
2025-10-10 00:24:37,-111.0207,41.2681,  26.6,24691,-58.3,-85.6,-80.9,  2,  3, 0.01,300, 5.3
2025-10-10 00:24:38,-111.0206,41.2681,  26.6,24696,-58.2,-85.6,-80.9,  2,  3, 0.01,299, 5.3
2025-10-10 00:24:39,-111.0206,41.2680,  26.5,24702,-58.2,-85.6,-80.8,  2,  3, 0.01,299, 5.3
2025-10-10 00:24:40,-111.0205,41.2680,  26.5,24707,-58.2,-85.6,-80.8,  2,  3, 0.01,298, 5.2
2025-10-10 00:24:41,-111.0205,41.2680,  26.5,24712,-58.2,-85.6,-80.8,  2,  3, 0.01,298, 5.2
2025-10-10 00:24:42,-111.0204,41.2680,  26.5,24717,-58.2,-85.6,-80.8,  2,  3, 0.01,298, 5.2
2025-10-10 00:24:43,-111.0204,41.2679,  26.5,24723,-58.2,-85.6,-80.8,  2,  3, 0.01,297, 5.1
2025-10-10 00:24:44,-111.0203,41.2679,  26.4,24728,-58.2,-85.6,-80.8,  2,  3, 0.01,297, 5.1
2025-10-10 00:24:45,-111.0203,41.2679,  26.4,24733,-58.2,-85.6,-80.8,  2,  3, 0.01,296, 5.1
2025-10-10 00:24:46,-111.0202,41.2679,  26.4,24738,-58.2,-85.6,-80.8,  2,  3, 0.01,296, 5.0
2025-10-10 00:24:47,-111.0201,41.2679,  26.4,24744,-58.2,-85.6,-80.8,  2,  3, 0.01,296, 5.0
2025-10-10 00:24:48,-111.0201,41.2679,  26.3,24749,-58.2,-85.6,-80.8,  2,  3, 0.01,295, 5.0
2025-10-10 00:24:49,-111.0200,41.2678,  26.3,24754,-58.2,-85.5,-80.8,  2,  3, 0.01,295, 5.1
2025-10-10 00:24:50,-111.0200,41.2678,  26.3,24759,-58.2,-85.5,-80.8,  2,  3, 0.01,295, 5.1
2025-10-10 00:24:51,-111.0199,41.2678,  26.3,24765,-58.2,-85.5,-80.8,  2,  3, 0.01,294, 5.1
2025-10-10 00:24:52,-111.0198,41.2678,  26.3,24770,-58.1,-85.5,-80.7,  2,  3, 0.01,294, 5.1
2025-10-10 00:24:53,-111.0198,41.2678,  26.2,24775,-58.1,-85.5,-80.7,  2,  3, 0.01,294, 5.2
2025-10-10 00:24:54,-111.0197,41.2678,  26.2,24780,-58.1,-85.5,-80.7,  2,  3, 0.01,294, 5.2
2025-10-10 00:24:55,-111.0196,41.2677,  26.2,24785,-58.1,-85.5,-80.7,  2,  3, 0.01,293, 5.2
2025-10-10 00:24:56,-111.0196,41.2677,  26.2,24789,-58.1,-85.5,-80.7,  2,  3, 0.01,293, 5.2
2025-10-10 00:24:57,-111.0195,41.2677,  26.2,24794,-58.1,-85.4,-80.7,  2,  3, 0.01,293, 5.3
2025-10-10 00:24:58,-111.0195,41.2677,  26.1,24799,-58.1,-85.4,-80.7,  2,  3, 0.01,292, 5.3
2025-10-10 00:24:59,-111.0194,41.2677,  26.1,24804,-58.1,-85.4,-80.6,  2,  3, 0.01,292, 5.3
2025-10-10 00:25:00,-111.0194,41.2677,  26.1,24809,-58.0,-85.4,-80.6,  2,  3, 0.01,292, 5.3
2025-10-10 00:25:01,-111.0193,41.2676,  26.1,24814,-58.0,-85.4,-80.6,  2,  3, 0.01,292, 5.4
2025-10-10 00:25:02,-111.0192,41.2676,  26.1,24819,-58.0,-85.3,-80.6,  2,  3, 0.01,291, 5.4
2025-10-10 00:25:03,-111.0192,41.2676,  26.0,24824,-58.0,-85.3,-80.6,  2,  3, 0.01,291, 5.4
2025-10-10 00:25:04,-111.0191,41.2676,  26.0,24829,-58.0,-85.3,-80.5,  2,  4, 0.01,291, 5.5
2025-10-10 00:25:05,-111.0191,41.2676,  26.0,24834,-58.0,-85.3,-80.5,  2,  4, 0.01,291, 5.5
2025-10-10 00:25:06,-111.0190,41.2676,  26.0,24838,-57.9,-85.3,-80.5,  2,  4, 0.01,290, 5.5
2025-10-10 00:25:07,-111.0189,41.2675,  26.0,24843,-57.9,-85.2,-80.5,  2,  4, 0.01,290, 5.5
2025-10-10 00:25:08,-111.0189,41.2675,  25.9,24848,-57.9,-85.2,-80.5,  2,  4, 0.01,289, 5.5
2025-10-10 00:25:09,-111.0188,41.2675,  25.9,24853,-57.9,-85.2,-80.4,  2,  4, 0.01,289, 5.5
2025-10-10 00:25:10,-111.0187,41.2675,  25.9,24857,-57.9,-85.2,-80.4,  2,  4, 0.01,288, 5.5
2025-10-10 00:25:11,-111.0187,41.2675,  25.9,24862,-57.9,-85.2,-80.4,  2,  4, 0.01,287, 5.4
2025-10-10 00:25:12,-111.0186,41.2675,  25.9,24867,-57.8,-85.2,-80.4,  2,  4, 0.01,286, 5.4
2025-10-10 00:25:13,-111.0186,41.2675,  25.8,24872,-57.8,-85.1,-80.4,  2,  4, 0.01,285, 5.4
2025-10-10 00:25:14,-111.0185,41.2675,  25.8,24877,-57.8,-85.1,-80.4,  2,  4, 0.01,285, 5.4
2025-10-10 00:25:15,-111.0185,41.2675,  25.8,24882,-57.8,-85.1,-80.3,  2,  4, 0.01,284, 5.4
2025-10-10 00:25:16,-111.0184,41.2675,  25.8,24887,-57.8,-85.1,-80.3,  2,  4, 0.01,283, 5.3
2025-10-10 00:25:17,-111.0183,41.2675,  25.8,24892,-57.8,-85.1,-80.3,  2,  4, 0.01,282, 5.3
2025-10-10 00:25:18,-111.0183,41.2675,  25.7,24897,-57.7,-85.1,-80.3,  2,  4, 0.01,281, 5.3
2025-10-10 00:25:19,-111.0182,41.2675,  25.7,24902,-57.7,-85.0,-80.3,  2,  4, 0.01,281, 5.3
2025-10-10 00:25:20,-111.0182,41.2675,  25.7,24906,-57.7,-85.0,-80.3,  2,  4, 0.01,280, 5.3
2025-10-10 00:25:21,-111.0181,41.2676,  25.7,24911,-57.7,-85.0,-80.2,  2,  4, 0.01,279, 5.3
2025-10-10 00:25:22,-111.0180,41.2676,  25.7,24916,-57.7,-85.0,-80.2,  2,  4, 0.01,278, 5.2
2025-10-10 00:25:23,-111.0180,41.2676,  25.6,24921,-57.6,-85.0,-80.2,  2,  4, 0.01,277, 5.2
2025-10-10 00:25:24,-111.0179,41.2676,  25.6,24925,-57.6,-85.0,-80.2,  2,  4, 0.01,276, 5.2
2025-10-10 00:25:25,-111.0179,41.2676,  25.6,24930,-57.6,-84.9,-80.2,  2,  4, 0.01,276, 5.2
2025-10-10 00:25:26,-111.0178,41.2676,  25.6,24935,-57.6,-84.9,-80.1,  2,  4, 0.01,275, 5.2
2025-10-10 00:25:27,-111.0178,41.2676,  25.6,24940,-57.6,-84.9,-80.1,  2,  4, 0.01,274, 5.2
2025-10-10 00:25:28,-111.0177,41.2676,  25.5,24945,-57.5,-84.9,-80.1,  2,  4, 0.01,272, 5.2
2025-10-10 00:25:29,-111.0176,41.2677,  25.5,24950,-57.5,-84.8,-80.1,  2,  4, 0.01,271, 5.2
2025-10-10 00:25:30,-111.0176,41.2677,  25.5,24955,-57.5,-84.8,-80.1,  2,  4, 0.01,269, 5.2
2025-10-10 00:25:31,-111.0175,41.2677,  25.5,24960,-57.5,-84.8,-80.0,  2,  4, 0.01,267, 5.3
2025-10-10 00:25:32,-111.0175,41.2677,  25.5,24965,-57.5,-84.8,-80.0,  2,  4, 0.01,266, 5.3
2025-10-10 00:25:33,-111.0174,41.2677,  25.4,24970,-57.4,-84.8,-80.0,  2,  4, 0.01,264, 5.3
2025-10-10 00:25:34,-111.0174,41.2677,  25.4,24975,-57.4,-84.7,-80.0,  2,  4, 0.01,262, 5.3
2025-10-10 00:25:35,-111.0173,41.2677,  25.4,24980,-57.4,-84.7,-79.9,  2,  4, 0.01,260, 5.3
2025-10-10 00:25:36,-111.0172,41.2677,  25.4,24984,-57.4,-84.7,-79.9,  2,  4, 0.01,259, 5.3
2025-10-10 00:25:37,-111.0172,41.2678,  25.4,24989,-57.4,-84.7,-79.9,  2,  4, 0.01,257, 5.3
2025-10-10 00:25:38,-111.0171,41.2678,  25.3,24994,-57.3,-84.7,-79.9,  2,  4, 0.01,255, 5.3
2025-10-10 00:25:39,-111.0170,41.2678,  25.3,24999,-57.3,-84.6,-79.9,  2,  4, 0.01,253, 5.3
2025-10-10 00:25:40,-111.0170,41.2678,  25.3,25004,-57.3,-84.6,-79.9,  2,  4, 0.01,252, 5.4
2025-10-10 00:25:41,-111.0169,41.2678,  25.3,25010,-57.3,-84.6,-79.9,  2,  4, 0.01,250, 5.4
2025-10-10 00:25:42,-111.0169,41.2678,  25.3,25015,-57.3,-84.6,-79.9,  2,  4, 0.01,248, 5.4
2025-10-10 00:25:43,-111.0168,41.2678,  25.2,25021,-57.2,-84.6,-79.9,  2,  4, 0.01,247, 5.4
2025-10-10 00:25:44,-111.0168,41.2678,  25.2,25026,-57.2,-84.6,-79.9,  2,  4, 0.01,245, 5.4
2025-10-10 00:25:45,-111.0167,41.2679,  25.2,25031,-57.2,-84.6,-79.8,  2,  4, 0.01,244, 5.4
2025-10-10 00:25:46,-111.0166,41.2679,  25.2,25037,-57.2,-84.6,-79.8,  2,  4, 0.01,242, 5.4
2025-10-10 00:25:47,-111.0166,41.2680,  25.2,25042,-57.2,-84.6,-79.8,  2,  4, 0.01,241, 5.4
2025-10-10 00:25:48,-111.0165,41.2680,  25.1,25047,-57.2,-84.6,-79.8,  2,  4, 0.01,240, 5.5
2025-10-10 00:25:49,-111.0165,41.2680,  25.1,25052,-57.2,-84.6,-79.8,  2,  4, 0.01,239, 5.5
2025-10-10 00:25:50,-111.0164,41.2681,  25.1,25057,-57.1,-84.6,-79.8,  2,  4, 0.01,239, 5.6
2025-10-10 00:25:51,-111.0163,41.2681,  25.1,25062,-57.1,-84.6,-79.8,  2,  4, 0.01,238, 5.7
2025-10-10 00:25:52,-111.0162,41.2682,  25.0,25067,-57.1,-84.6,-79.8,  2,  4, 0.01,237, 5.7
2025-10-10 00:25:53,-111.0162,41.2682,  25.0,25072,-57.1,-84.5,-79.8,  2,  4, 0.01,237, 5.8
2025-10-10 00:25:54,-111.0161,41.2682,  25.0,25077,-57.1,-84.5,-79.8,  2,  4, 0.01,236, 5.8
2025-10-10 00:25:55,-111.0161,41.2683,  25.0,25082,-57.1,-84.5,-79.8,  2,  4, 0.01,236, 5.9
2025-10-10 00:25:56,-111.0160,41.2683,  25.0,25088,-57.1,-84.5,-79.8,  2,  4, 0.01,235, 6.0
2025-10-10 00:25:57,-111.0159,41.2684,  24.9,25093,-57.1,-84.5,-79.7,  2,  4, 0.01,234, 6.0
2025-10-10 00:25:58,-111.0159,41.2684,  24.9,25099,-57.0,-84.5,-79.7,  2,  4, 0.01,234, 6.1
2025-10-10 00:25:59,-111.0158,41.2684,  24.9,25104,-57.0,-84.5,-79.7,  2,  4, 0.01,233, 6.1
2025-10-10 00:26:00,-111.0157,41.2685,  24.9,25110,-57.0,-84.5,-79.7,  2,  4, 0.01,233, 6.2
2025-10-10 00:26:01,-111.0157,41.2685,  24.9,25115,-57.0,-84.5,-79.7,  2,  4, 0.01,232, 6.3
2025-10-10 00:26:02,-111.0156,41.2686,  24.8,25121,-57.0,-84.5,-79.7,  2,  4, 0.01,232, 6.3
2025-10-10 00:26:03,-111.0156,41.2686,  24.8,25126,-57.0,-84.5,-79.7,  2,  4, 0.01,231, 6.4
2025-10-10 00:26:04,-111.0155,41.2686,  24.8,25132,-57.0,-84.4,-79.7,  2,  4, 0.01,231, 6.4
2025-10-10 00:26:05,-111.0154,41.2687,  24.8,25138,-57.0,-84.4,-79.7,  2,  4, 0.01,230, 6.5
2025-10-10 00:26:06,-111.0154,41.2687,  24.7,25144,-57.0,-84.4,-79.7,  2,  4, 0.01,230, 6.6
2025-10-10 00:26:07,-111.0153,41.2688,  24.7,25150,-57.0,-84.4,-79.7,  2,  4, 0.01,229, 6.6
2025-10-10 00:26:08,-111.0152,41.2688,  24.7,25155,-57.0,-84.4,-79.7,  2,  4, 0.01,229, 6.7
2025-10-10 00:26:09,-111.0152,41.2688,  24.7,25161,-57.0,-84.4,-79.7,  2,  4, 0.01,229, 6.8
2025-10-10 00:26:10,-111.0151,41.2689,  24.7,25167,-57.0,-84.4,-79.7,  2,  4, 0.01,229, 6.9
2025-10-10 00:26:11,-111.0150,41.2689,  24.6,25173,-57.0,-84.4,-79.7,  2,  4, 0.01,229, 7.0
2025-10-10 00:26:12,-111.0150,41.2690,  24.6,25179,-57.0,-84.4,-79.7,  2,  4, 0.01,229, 7.1
2025-10-10 00:26:13,-111.0149,41.2690,  24.6,25185,-57.0,-84.4,-79.7,  2,  4, 0.01,229, 7.2
2025-10-10 00:26:14,-111.0148,41.2690,  24.6,25190,-57.0,-84.4,-79.7,  2,  4, 0.01,229, 7.3
2025-10-10 00:26:15,-111.0148,41.2691,  24.6,25195,-57.0,-84.4,-79.7,  2,  4, 0.01,229, 7.4
2025-10-10 00:26:16,-111.0147,41.2691,  24.5,25200,-57.0,-84.4,-79.7,  2,  4, 0.01,229, 7.5
2025-10-10 00:26:17,-111.0146,41.2692,  24.5,25205,-57.0,-84.4,-79.7,  2,  4, 0.01,229, 7.6
2025-10-10 00:26:18,-111.0145,41.2692,  24.5,25210,-57.0,-84.4,-79.7,  2,  4, 0.01,229, 7.7
2025-10-10 00:26:19,-111.0145,41.2693,  24.5,25215,-57.0,-84.4,-79.7,  2,  4, 0.01,229, 7.8
2025-10-10 00:26:20,-111.0144,41.2693,  24.4,25221,-57.0,-84.4,-79.7,  2,  4, 0.01,229, 7.8
2025-10-10 00:26:21,-111.0143,41.2694,  24.4,25226,-57.0,-84.4,-79.7,  2,  4, 0.01,229, 7.9
2025-10-10 00:26:22,-111.0142,41.2694,  24.4,25231,-57.0,-84.4,-79.7,  2,  4, 0.01,229, 8.0
2025-10-10 00:26:23,-111.0141,41.2694,  24.4,25236,-57.0,-84.4,-79.7,  2,  4, 0.01,229, 8.1
2025-10-10 00:26:24,-111.0141,41.2695,  24.4,25242,-57.0,-84.4,-79.6,  2,  4, 0.01,229, 8.2
2025-10-10 00:26:25,-111.0140,41.2695,  24.3,25248,-57.0,-84.4,-79.6,  2,  4, 0.01,229, 8.3
2025-10-10 00:26:26,-111.0139,41.2696,  24.3,25254,-57.0,-84.4,-79.6,  2,  4, 0.01,229, 8.4
2025-10-10 00:26:27,-111.0138,41.2696,  24.3,25260,-56.9,-84.4,-79.6,  2,  4, 0.01,229, 8.5
2025-10-10 00:26:28,-111.0137,41.2697,  24.3,25265,-56.9,-84.4,-79.6,  2,  4, 0.01,229, 8.5
2025-10-10 00:26:29,-111.0136,41.2697,  24.3,25271,-56.9,-84.4,-79.6,  2,  4, 0.01,230, 8.5
2025-10-10 00:26:30,-111.0136,41.2698,  24.2,25276,-56.9,-84.4,-79.6,  2,  4, 0.01,230, 8.5
2025-10-10 00:26:31,-111.0135,41.2698,  24.2,25282,-56.9,-84.4,-79.6,  2,  4, 0.01,230, 8.5
2025-10-10 00:26:32,-111.0134,41.2699,  24.2,25288,-56.9,-84.4,-79.6,  2,  4, 0.01,231, 8.6
2025-10-10 00:26:33,-111.0133,41.2699,  24.2,25293,-56.9,-84.4,-79.6,  2,  4, 0.01,231, 8.6
2025-10-10 00:26:34,-111.0132,41.2699,  24.1,25299,-56.9,-84.4,-79.6,  2,  4, 0.01,231, 8.6
2025-10-10 00:26:35,-111.0131,41.2700,  24.1,25304,-56.9,-84.4,-79.6,  2,  4, 0.01,232, 8.6
2025-10-10 00:26:36,-111.0131,41.2700,  24.1,25310,-56.9,-84.4,-79.6,  2,  4, 0.01,232, 8.6
2025-10-10 00:26:37,-111.0130,41.2701,  24.1,25316,-56.9,-84.4,-79.6,  2,  4, 0.01,232, 8.6
2025-10-10 00:26:38,-111.0129,41.2701,  24.1,25321,-56.9,-84.4,-79.6,  2,  4, 0.01,232, 8.6
2025-10-10 00:26:39,-111.0128,41.2702,  24.0,25327,-56.9,-84.4,-79.6,  2,  4, 0.01,233, 8.7
2025-10-10 00:26:40,-111.0127,41.2702,  24.0,25333,-56.9,-84.4,-79.6,  2,  4, 0.01,233, 8.7
2025-10-10 00:26:41,-111.0127,41.2703,  24.0,25339,-56.9,-84.4,-79.7,  2,  4, 0.01,233, 8.7
2025-10-10 00:26:42,-111.0126,41.2703,  24.0,25345,-56.9,-84.4,-79.7,  2,  4, 0.01,234, 8.7
2025-10-10 00:26:43,-111.0125,41.2704,  24.0,25351,-56.9,-84.4,-79.7,  2,  4, 0.01,234, 8.7
2025-10-10 00:26:44,-111.0124,41.2704,  23.9,25358,-56.9,-84.4,-79.7,  2,  4, 0.01,234, 8.7
2025-10-10 00:26:45,-111.0123,41.2704,  23.9,25362,-56.9,-84.4,-79.7,  2,  4, 0.01,234, 8.8
2025-10-10 00:26:46,-111.0123,41.2705,  23.9,25368,-56.9,-84.4,-79.6,  2,  4, 0.01,235, 8.8
2025-10-10 00:26:47,-111.0122,41.2705,  23.9,25374,-56.9,-84.4,-79.6,  2,  4, 0.02,235, 8.8
2025-10-10 00:26:48,-111.0121,41.2706,  23.8,25380,-56.8,-84.4,-79.6,  2,  4, 0.02,235, 8.7
2025-10-10 00:26:49,-111.0120,41.2706,  23.8,25386,-56.8,-84.4,-79.6,  2,  4, 0.02,235, 8.7
2025-10-10 00:26:50,-111.0119,41.2707,  23.8,25393,-56.8,-84.3,-79.6,  2,  4, 0.02,235, 8.6
2025-10-10 00:26:51,-111.0118,41.2707,  23.8,25399,-56.8,-84.3,-79.6,  2,  4, 0.02,236, 8.6
2025-10-10 00:26:52,-111.0118,41.2707,  23.7,25406,-56.8,-84.3,-79.5,  2,  4, 0.02,236, 8.6
2025-10-10 00:26:53,-111.0117,41.2708,  23.7,25412,-56.8,-84.3,-79.5,  2,  4, 0.02,236, 8.5
2025-10-10 00:26:54,-111.0116,41.2708,  23.7,25418,-56.7,-84.3,-79.5,  2,  4, 0.02,236, 8.5
2025-10-10 00:26:55,-111.0115,41.2708,  23.7,25424,-56.7,-84.2,-79.5,  2,  4, 0.02,236, 8.4
2025-10-10 00:26:56,-111.0114,41.2709,  23.7,25429,-56.7,-84.2,-79.5,  2,  4, 0.02,236, 8.4
2025-10-10 00:26:57,-111.0114,41.2709,  23.6,25435,-56.7,-84.2,-79.5,  2,  4, 0.02,237, 8.3
2025-10-10 00:26:58,-111.0113,41.2709,  23.6,25441,-56.7,-84.2,-79.4,  2,  4, 0.02,237, 8.3
2025-10-10 00:26:59,-111.0112,41.2710,  23.6,25447,-56.7,-84.2,-79.4,  2,  4, 0.02,237, 8.2
2025-10-10 00:27:00,-111.0111,41.2710,  23.6,25453,-56.6,-84.2,-79.4,  2,  4, 0.02,237, 8.2
2025-10-10 00:27:01,-111.0110,41.2711,  23.5,25460,-56.6,-84.2,-79.4,  2,  4, 0.02,237, 8.1
2025-10-10 00:27:02,-111.0110,41.2711,  23.5,25466,-56.6,-84.2,-79.4,  2,  4, 0.02,237, 8.1
2025-10-10 00:27:03,-111.0109,41.2711,  23.5,25473,-56.6,-84.1,-79.4,  2,  4, 0.02,238, 8.0
2025-10-10 00:27:04,-111.0108,41.2712,  23.5,25479,-56.6,-84.1,-79.4,  2,  4, 0.02,238, 8.0
2025-10-10 00:27:05,-111.0107,41.2712,  23.4,25485,-56.5,-84.1,-79.4,  2,  4, 0.02,238, 7.9
2025-10-10 00:27:06,-111.0106,41.2712,  23.4,25492,-56.5,-84.1,-79.3,  2,  4, 0.02,238, 7.9
2025-10-10 00:27:07,-111.0106,41.2713,  23.4,25498,-56.5,-84.1,-79.3,  2,  4, 0.02,238, 7.9
2025-10-10 00:27:08,-111.0105,41.2713,  23.4,25505,-56.5,-84.1,-79.3,  2,  4, 0.02,238, 7.9
2025-10-10 00:27:09,-111.0104,41.2714,  23.4,25511,-56.5,-84.1,-79.3,  2,  4, 0.02,238, 7.9
2025-10-10 00:27:10,-111.0103,41.2714,  23.3,25517,-56.5,-84.1,-79.3,  2,  4, 0.02,238, 7.9
2025-10-10 00:27:11,-111.0102,41.2714,  23.3,25523,-56.4,-84.0,-79.3,  2,  4, 0.02,237, 8.0
2025-10-10 00:27:12,-111.0102,41.2715,  23.3,25529,-56.4,-84.0,-79.3,  2,  4, 0.02,237, 8.0
2025-10-10 00:27:13,-111.0101,41.2715,  23.3,25535,-56.4,-84.0,-79.3,  2,  4, 0.02,237, 8.0
2025-10-10 00:27:14,-111.0100,41.2715,  23.2,25541,-56.4,-84.0,-79.2,  2,  4, 0.02,237, 8.1
2025-10-10 00:27:15,-111.0099,41.2716,  23.2,25547,-56.4,-84.0,-79.2,  2,  4, 0.02,237, 8.1
2025-10-10 00:27:16,-111.0098,41.2716,  23.2,25554,-56.3,-83.9,-79.2,  2,  4, 0.02,236, 8.1
2025-10-10 00:27:17,-111.0097,41.2717,  23.2,25560,-56.3,-83.9,-79.2,  2,  4, 0.02,236, 8.2
2025-10-10 00:27:18,-111.0097,41.2717,  23.2,25565,-56.3,-83.9,-79.1,  2,  4, 0.02,236, 8.2
2025-10-10 00:27:19,-111.0096,41.2718,  23.1,25571,-56.3,-83.9,-79.1,  2,  4, 0.02,236, 8.2
2025-10-10 00:27:20,-111.0095,41.2719,  23.1,25577,-56.2,-83.9,-79.1,  2,  4, 0.02,235, 8.2
2025-10-10 00:27:21,-111.0094,41.2720,  23.1,25583,-56.2,-83.8,-79.1,  2,  4, 0.02,235, 8.3
2025-10-10 00:27:22,-111.0093,41.2721,  23.1,25589,-56.2,-83.8,-79.1,  2,  4, 0.02,235, 8.3
2025-10-10 00:27:23,-111.0092,41.2721,  23.0,25594,-56.2,-83.8,-79.0,  2,  4, 0.02,235, 8.3
2025-10-10 00:27:24,-111.0091,41.2722,  23.0,25600,-56.1,-83.8,-79.0,  2,  4, 0.02,235, 8.4
2025-10-10 00:27:25,-111.0091,41.2723,  23.0,25607,-56.1,-83.7,-79.0,  2,  4, 0.02,234, 8.4
2025-10-10 00:27:26,-111.0090,41.2724,  23.0,25613,-56.1,-83.7,-79.0,  2,  4, 0.02,234, 8.4
2025-10-10 00:27:27,-111.0089,41.2724,  23.0,25620,-56.1,-83.7,-78.9,  2,  4, 0.02,234, 8.5
2025-10-10 00:27:28,-111.0088,41.2725,  22.9,25626,-56.0,-83.7,-78.9,  2,  4, 0.02,233, 8.6
2025-10-10 00:27:29,-111.0087,41.2726,  22.9,25633,-56.0,-83.6,-78.9,  2,  4, 0.02,232, 8.8
2025-10-10 00:27:30,-111.0086,41.2727,  22.9,25639,-56.0,-83.6,-78.8,  2,  4, 0.02,230, 8.9
2025-10-10 00:27:31,-111.0085,41.2728,  22.9,25646,-56.0,-83.6,-78.8,  2,  4, 0.02,229, 9.1
2025-10-10 00:27:32,-111.0084,41.2728,  22.8,25653,-55.9,-83.5,-78.8,  2,  4, 0.02,228, 9.2
2025-10-10 00:27:33,-111.0084,41.2729,  22.8,25659,-55.9,-83.5,-78.8,  2,  4, 0.02,227, 9.5
2025-10-10 00:27:34,-111.0083,41.2730,  22.8,25666,-55.9,-83.5,-78.7,  2,  4, 0.02,226, 9.7
2025-10-10 00:27:35,-111.0082,41.2731,  22.8,25673,-55.8,-83.5,-78.7,  2,  4, 0.02,226, 9.8
2025-10-10 00:27:36,-111.0081,41.2731,  22.7,25679,-55.8,-83.4,-78.7,  2,  4, 0.02,225,10.0
2025-10-10 00:27:37,-111.0080,41.2732,  22.7,25685,-55.8,-83.4,-78.6,  2,  4, 0.02,224,10.2
2025-10-10 00:27:38,-111.0079,41.2733,  22.7,25691,-55.8,-83.4,-78.6,  2,  4, 0.02,223,10.4
2025-10-10 00:27:39,-111.0078,41.2734,  22.7,25697,-55.7,-83.4,-78.6,  2,  4, 0.02,222,10.4
2025-10-10 00:27:40,-111.0077,41.2734,  22.7,25702,-55.7,-83.3,-78.6,  2,  4, 0.02,221,10.6
2025-10-10 00:27:41,-111.0076,41.2735,  22.6,25708,-55.7,-83.3,-78.6,  2,  4, 0.02,221,10.8
2025-10-10 00:27:42,-111.0076,41.2736,  22.6,25714,-55.7,-83.3,-78.6,  2,  4, 0.02,220,11.0
2025-10-10 00:27:43,-111.0075,41.2737,  22.6,25720,-55.6,-83.3,-78.5,  2,  4, 0.02,219,11.2
2025-10-10 00:27:44,-111.0074,41.2737,  22.6,25726,-55.6,-83.3,-78.5,  2,  4, 0.02,218,11.3
2025-10-10 00:27:45,-111.0073,41.2738,  22.6,25733,-55.6,-83.3,-78.5,  2,  4, 0.02,218,11.5
2025-10-10 00:27:46,-111.0072,41.2739,  22.5,25739,-55.6,-83.3,-78.5,  2,  4, 0.02,217,11.7
2025-10-10 00:27:47,-111.0071,41.2740,  22.5,25745,-55.5,-83.2,-78.5,  2,  4, 0.02,217,11.9
2025-10-10 00:27:48,-111.0070,41.2741,  22.5,25751,-55.5,-83.2,-78.5,  2,  4, 0.02,217,12.1
2025-10-10 00:27:49,-111.0070,41.2741,  22.5,25757,-55.5,-83.2,-78.4,  2,  4, 0.02,217,12.2
2025-10-10 00:27:50,-111.0068,41.2742,  22.4,25763,-55.4,-83.2,-78.4,  2,  4, 0.02,217,12.4
2025-10-10 00:27:51,-111.0067,41.2743,  22.4,25769,-55.4,-83.2,-78.4,  2,  4, 0.02,217,12.6
2025-10-10 00:27:52,-111.0066,41.2744,  22.4,25775,-55.4,-83.2,-78.4,  2,  4, 0.02,218,12.7
2025-10-10 00:27:53,-111.0065,41.2745,  22.4,25782,-55.4,-83.2,-78.4,  2,  4, 0.02,218,12.9
2025-10-10 00:27:54,-111.0064,41.2746,  22.4,25788,-55.4,-83.1,-78.4,  2,  4, 0.02,218,13.1
2025-10-10 00:27:55,-111.0063,41.2747,  22.3,25794,-55.3,-83.1,-78.4,  2,  4, 0.02,218,13.2
2025-10-10 00:27:56,-111.0061,41.2748,  22.3,25800,-55.3,-83.1,-78.4,  2,  4, 0.02,218,13.4
2025-10-10 00:27:57,-111.0060,41.2749,  22.3,25806,-55.3,-83.1,-78.4,  2,  4, 0.02,218,13.5
2025-10-10 00:27:58,-111.0059,41.2750,  22.3,25812,-55.3,-83.1,-78.3,  2,  4, 0.02,219,13.7
2025-10-10 00:27:59,-111.0058,41.2751,  22.3,25818,-55.3,-83.1,-78.3,  2,  4, 0.02,219,13.9
2025-10-10 00:28:00,-111.0057,41.2752,  22.2,25824,-55.2,-83.1,-78.3,  2,  4, 0.02,219,14.0
2025-10-10 00:28:01,-111.0055,41.2753,  22.2,25830,-55.2,-83.1,-78.3,  2,  4, 0.02,219,14.2
2025-10-10 00:28:02,-111.0054,41.2754,  22.2,25836,-55.2,-83.1,-78.3,  2,  4, 0.02,219,14.4
2025-10-10 00:28:03,-111.0053,41.2755,  22.2,25843,-55.2,-83.1,-78.3,  2,  4, 0.02,219,14.5
2025-10-10 00:28:04,-111.0052,41.2756,  22.1,25849,-55.2,-83.1,-78.3,  2,  4, 0.02,219,14.7
2025-10-10 00:28:05,-111.0050,41.2757,  22.1,25855,-55.2,-83.0,-78.3,  2,  4, 0.02,220,14.9
2025-10-10 00:28:06,-111.0049,41.2758,  22.1,25861,-55.1,-83.0,-78.3,  2,  4, 0.02,220,15.0
2025-10-10 00:28:07,-111.0048,41.2759,  22.1,25867,-55.1,-83.0,-78.3,  2,  4, 0.02,220,15.2
2025-10-10 00:28:08,-111.0047,41.2760,  22.1,25873,-55.1,-83.0,-78.3,  2,  4, 0.02,220,15.2
2025-10-10 00:28:09,-111.0046,41.2761,  22.0,25879,-55.1,-83.0,-78.2,  2,  4, 0.02,220,15.1
2025-10-10 00:28:10,-111.0045,41.2762,  22.0,25885,-55.1,-83.0,-78.2,  2,  4, 0.02,221,15.1
2025-10-10 00:28:11,-111.0043,41.2763,  22.0,25891,-55.1,-83.0,-78.2,  2,  4, 0.02,221,15.1
2025-10-10 00:28:12,-111.0042,41.2763,  22.0,25897,-55.1,-83.0,-78.2,  2,  4, 0.02,222,15.0
2025-10-10 00:28:13,-111.0041,41.2764,  22.0,25903,-55.1,-83.0,-78.2,  2,  4, 0.02,222,15.0
2025-10-10 00:28:14,-111.0040,41.2765,  21.9,25909,-55.0,-82.9,-78.2,  2,  4, 0.02,222,15.0
2025-10-10 00:28:15,-111.0039,41.2766,  21.9,25915,-55.0,-82.9,-78.2,  2,  4, 0.02,223,14.9
2025-10-10 00:28:16,-111.0037,41.2767,  21.9,25921,-55.0,-82.9,-78.2,  2,  4, 0.02,223,14.9
2025-10-10 00:28:17,-111.0036,41.2768,  21.9,25927,-55.0,-82.9,-78.2,  2,  4, 0.02,223,14.9
2025-10-10 00:28:18,-111.0035,41.2769,  21.9,25933,-55.0,-82.9,-78.1,  2,  4, 0.02,224,14.8
2025-10-10 00:28:19,-111.0034,41.2770,  21.8,25939,-55.0,-82.9,-78.1,  2,  4, 0.02,224,14.8
2025-10-10 00:28:20,-111.0032,41.2771,  21.8,25945,-55.0,-82.9,-78.1,  2,  4, 0.02,224,14.8
2025-10-10 00:28:21,-111.0031,41.2771,  21.8,25950,-55.0,-82.9,-78.1,  2,  4, 0.02,225,14.8
2025-10-10 00:28:22,-111.0029,41.2772,  21.8,25956,-54.9,-82.8,-78.1,  2,  4, 0.02,225,14.7
2025-10-10 00:28:23,-111.0028,41.2773,  21.8,25962,-54.9,-82.8,-78.1,  2,  4, 0.02,226,14.7
2025-10-10 00:28:24,-111.0027,41.2773,  21.7,25967,-54.9,-82.8,-78.1,  2,  4, 0.02,226,14.7
2025-10-10 00:28:25,-111.0025,41.2774,  21.7,25973,-54.9,-82.8,-78.0,  2,  4, 0.02,226,14.6
2025-10-10 00:28:26,-111.0024,41.2774,  21.7,25979,-54.9,-82.8,-78.0,  2,  4, 0.02,227,14.6
2025-10-10 00:28:27,-111.0022,41.2775,  21.7,25985,-54.9,-82.8,-78.0,  2,  4, 0.02,227,14.6
2025-10-10 00:28:28,-111.0021,41.2775,  21.7,25991,-54.9,-82.8,-78.0,  2,  4, 0.02,228,14.5
2025-10-10 00:28:29,-111.0019,41.2776,  21.6,25996,-54.9,-82.7,-78.0,  2,  4, 0.02,229,14.5
2025-10-10 00:28:30,-111.0018,41.2777,  21.6,26002,-54.9,-82.7,-78.0,  2,  4, 0.02,230,14.4
2025-10-10 00:28:31,-111.0016,41.2777,  21.6,26008,-54.8,-82.7,-78.0,  2,  4, 0.02,230,14.4
2025-10-10 00:28:32,-111.0015,41.2778,  21.6,26014,-54.8,-82.7,-77.9,  2,  4, 0.02,231,14.3
2025-10-10 00:28:33,-111.0014,41.2778,  21.6,26020,-54.8,-82.7,-77.9,  2,  4, 0.02,232,14.3
2025-10-10 00:28:34,-111.0012,41.2779,  21.5,26025,-54.8,-82.7,-77.9,  2,  4, 0.02,233,14.2
2025-10-10 00:28:35,-111.0011,41.2779,  21.5,26031,-54.8,-82.7,-77.9,  2,  4, 0.02,234,14.3
2025-10-10 00:28:36,-111.0009,41.2780,  21.5,26036,-54.8,-82.6,-77.9,  2,  4, 0.02,235,14.3
2025-10-10 00:28:37,-111.0008,41.2781,  21.5,26042,-54.8,-82.6,-77.9,  2,  4, 0.02,235,14.2
2025-10-10 00:28:38,-111.0006,41.2781,  21.5,26047,-54.7,-82.6,-77.8,  2,  4, 0.02,236,14.2
2025-10-10 00:28:39,-111.0005,41.2782,  21.5,26053,-54.7,-82.6,-77.8,  2,  4, 0.02,237,14.2
2025-10-10 00:28:40,-111.0003,41.2782,  21.4,26058,-54.7,-82.6,-77.8,  2,  4, 0.02,238,14.1
2025-10-10 00:28:41,-111.0002,41.2783,  21.4,26064,-54.7,-82.5,-77.8,  2,  4, 0.02,239,14.0
2025-10-10 00:28:42,-111.0001,41.2783,  21.4,26069,-54.7,-82.5,-77.8,  2,  4, 0.02,240,14.0
2025-10-10 00:28:43,-110.9999,41.2784,  21.4,26075,-54.7,-82.5,-77.7,  2,  4, 0.02,241,13.9
2025-10-10 00:28:44,-110.9998,41.2785,  21.4,26080,-54.7,-82.5,-77.7,  2,  4, 0.02,241,13.9
2025-10-10 00:28:45,-110.9996,41.2785,  21.3,26086,-54.6,-82.5,-77.7,  2,  4, 0.02,242,13.9
2025-10-10 00:28:46,-110.9995,41.2786,  21.3,26092,-54.6,-82.5,-77.7,  2,  4, 0.02,243,13.9
2025-10-10 00:28:47,-110.9994,41.2786,  21.3,26098,-54.6,-82.4,-77.7,  2,  4, 0.02,244,13.9
2025-10-10 00:28:48,-110.9992,41.2787,  21.3,26103,-54.6,-82.4,-77.7,  2,  4, 0.02,244,13.8
2025-10-10 00:28:49,-110.9991,41.2787,  21.3,26109,-54.6,-82.4,-77.6,  2,  4, 0.02,245,13.7
2025-10-10 00:28:50,-110.9989,41.2788,  21.2,26115,-54.5,-82.4,-77.6,  2,  4, 0.02,245,13.7
2025-10-10 00:28:51,-110.9988,41.2788,  21.2,26121,-54.5,-82.4,-77.6,  2,  4, 0.02,245,13.6
2025-10-10 00:28:52,-110.9987,41.2789,  21.2,26126,-54.5,-82.3,-77.6,  2,  4, 0.02,246,13.5
2025-10-10 00:28:53,-110.9985,41.2789,  21.2,26132,-54.5,-82.3,-77.6,  2,  4, 0.02,246,13.4
2025-10-10 00:28:54,-110.9984,41.2789,  21.2,26137,-54.4,-82.3,-77.5,  2,  4, 0.02,246,13.3
2025-10-10 00:28:55,-110.9983,41.2790,  21.1,26143,-54.4,-82.3,-77.5,  2,  4, 0.02,247,13.3
2025-10-10 00:28:56,-110.9982,41.2790,  21.1,26149,-54.4,-82.3,-77.5,  2,  4, 0.02,247,13.2
2025-10-10 00:28:57,-110.9980,41.2790,  21.1,26154,-54.4,-82.2,-77.5,  2,  4, 0.02,247,13.1
2025-10-10 00:28:58,-110.9979,41.2791,  21.1,26160,-54.3,-82.2,-77.5,  2,  4, 0.02,248,13.0
2025-10-10 00:28:59,-110.9978,41.2791,  21.1,26165,-54.3,-82.2,-77.4,  2,  4, 0.02,248,12.9
2025-10-10 00:29:00,-110.9977,41.2791,  21.1,26171,-54.3,-82.2,-77.4,  2,  4, 0.02,248,12.9
2025-10-10 00:29:01,-110.9976,41.2792,  21.0,26176,-54.2,-82.2,-77.4,  2,  4, 0.02,249,12.8
2025-10-10 00:29:02,-110.9974,41.2792,  21.0,26182,-54.2,-82.1,-77.4,  2,  4, 0.02,249,12.7
2025-10-10 00:29:03,-110.9973,41.2792,  21.0,26187,-54.2,-82.1,-77.3,  2,  4, 0.02,250,12.6
2025-10-10 00:29:04,-110.9972,41.2793,  21.0,26193,-54.1,-82.1,-77.3,  2,  4, 0.02,250,12.6
2025-10-10 00:29:05,-110.9971,41.2793,  21.0,26199,-54.1,-82.0,-77.3,  2,  4, 0.03,250,12.5
2025-10-10 00:29:06,-110.9969,41.2793,  20.9,26205,-54.1,-82.0,-77.2,  2,  4, 0.03,251,12.4
2025-10-10 00:29:07,-110.9968,41.2793,  20.9,26210,-54.0,-82.0,-77.2,  2,  4, 0.03,251,12.3
2025-10-10 00:29:08,-110.9967,41.2794,  20.9,26216,-54.0,-81.9,-77.2,  2,  4, 0.03,251,12.2
2025-10-10 00:29:09,-110.9966,41.2794,  20.9,26222,-54.0,-81.9,-77.2,  2,  4, 0.03,251,12.1
2025-10-10 00:29:10,-110.9964,41.2794,  20.9,26228,-53.9,-81.9,-77.1,  2,  4, 0.03,251,12.0
2025-10-10 00:29:11,-110.9963,41.2795,  20.9,26234,-53.9,-81.9,-77.1,  2,  4, 0.03,251,11.8
2025-10-10 00:29:12,-110.9962,41.2795,  20.8,26240,-53.9,-81.8,-77.1,  2,  4, 0.03,251,11.7
2025-10-10 00:29:13,-110.9961,41.2795,  20.8,26245,-53.8,-81.8,-77.0,  2,  4, 0.03,251,11.6
2025-10-10 00:29:14,-110.9959,41.2796,  20.8,26250,-53.8,-81.8,-77.0,  2,  4, 0.03,251,11.5
2025-10-10 00:29:15,-110.9958,41.2796,  20.8,26256,-53.8,-81.8,-77.0,  2,  4, 0.03,251,11.3
2025-10-10 00:29:16,-110.9957,41.2796,  20.8,26261,-53.8,-81.7,-77.0,  2,  4, 0.03,251,11.2
2025-10-10 00:29:17,-110.9956,41.2797,  20.7,26267,-53.7,-81.7,-77.0,  2,  4, 0.03,251,11.1
2025-10-10 00:29:18,-110.9955,41.2797,  20.7,26273,-53.7,-81.7,-77.0,  2,  4, 0.03,251,10.9
2025-10-10 00:29:19,-110.9953,41.2797,  20.7,26278,-53.7,-81.7,-76.9,  2,  4, 0.03,250,10.8
2025-10-10 00:29:20,-110.9952,41.2797,  20.7,26284,-53.6,-81.7,-76.9,  2,  4, 0.03,250,10.7
2025-10-10 00:29:21,-110.9951,41.2798,  20.7,26289,-53.6,-81.6,-76.9,  2,  4, 0.03,250,10.6
2025-10-10 00:29:22,-110.9950,41.2798,  20.7,26295,-53.6,-81.6,-76.9,  2,  4, 0.03,250,10.4
2025-10-10 00:29:23,-110.9949,41.2798,  20.6,26300,-53.6,-81.6,-76.9,  2,  4, 0.03,250,10.3
2025-10-10 00:29:24,-110.9948,41.2798,  20.6,26306,-53.5,-81.6,-76.8,  2,  4, 0.03,250,10.2
2025-10-10 00:29:25,-110.9947,41.2799,  20.6,26312,-53.5,-81.6,-76.8,  2,  4, 0.03,250,10.1
2025-10-10 00:29:26,-110.9946,41.2799,  20.6,26318,-53.5,-81.5,-76.8,  2,  4, 0.03,250, 9.9
2025-10-10 00:29:27,-110.9945,41.2799,  20.6,26323,-53.5,-81.5,-76.8,  2,  4, 0.03,250, 9.8
2025-10-10 00:29:28,-110.9944,41.2799,  20.5,26329,-53.4,-81.5,-76.8,  2,  4, 0.03,250, 9.8
2025-10-10 00:29:29,-110.9943,41.2799,  20.5,26335,-53.4,-81.5,-76.8,  2,  4, 0.03,251, 9.7
2025-10-10 00:29:30,-110.9942,41.2799,  20.5,26341,-53.4,-81.5,-76.7,  2,  4, 0.03,251, 9.7
2025-10-10 00:29:31,-110.9941,41.2800,  20.5,26346,-53.4,-81.5,-76.7,  2,  4, 0.03,251, 9.6
2025-10-10 00:29:32,-110.9940,41.2800,  20.5,26352,-53.4,-81.5,-76.7,  2,  4, 0.03,252, 9.6
2025-10-10 00:29:33,-110.9939,41.2800,  20.5,26358,-53.4,-81.5,-76.7,  2,  4, 0.03,252, 9.5
2025-10-10 00:29:34,-110.9938,41.2800,  20.4,26364,-53.4,-81.4,-76.7,  2,  4, 0.03,252, 9.5
2025-10-10 00:29:35,-110.9937,41.2800,  20.4,26370,-53.3,-81.4,-76.7,  2,  4, 0.03,253, 9.4
2025-10-10 00:29:36,-110.9936,41.2800,  20.4,26375,-53.3,-81.4,-76.7,  2,  4, 0.03,253, 9.4
2025-10-10 00:29:37,-110.9935,41.2800,  20.4,26381,-53.3,-81.4,-76.7,  2,  4, 0.03,253, 9.3
2025-10-10 00:29:38,-110.9934,41.2801,  20.4,26387,-53.3,-81.4,-76.6,  2,  4, 0.03,254, 9.3
2025-10-10 00:29:39,-110.9933,41.2801,  20.3,26393,-53.3,-81.4,-76.6,  2,  4, 0.03,254, 9.3
2025-10-10 00:29:40,-110.9932,41.2801,  20.3,26398,-53.3,-81.4,-76.6,  2,  4, 0.03,254, 9.2
2025-10-10 00:29:41,-110.9931,41.2801,  20.3,26404,-53.2,-81.4,-76.6,  2,  4, 0.03,255, 9.2
2025-10-10 00:29:42,-110.9930,41.2801,  20.3,26409,-53.2,-81.4,-76.6,  2,  4, 0.03,255, 9.1
2025-10-10 00:29:43,-110.9929,41.2801,  20.3,26414,-53.2,-81.4,-76.6,  2,  4, 0.03,255, 9.1
2025-10-10 00:29:44,-110.9928,41.2802,  20.3,26420,-53.2,-81.4,-76.6,  2,  4, 0.03,256, 9.1
2025-10-10 00:29:45,-110.9927,41.2802,  20.2,26425,-53.2,-81.4,-76.6,  2,  4, 0.03,256, 9.0
2025-10-10 00:29:46,-110.9926,41.2802,  20.2,26432,-53.2,-81.3,-76.6,  2,  4, 0.03,256, 9.0
2025-10-10 00:29:47,-110.9925,41.2802,  20.2,26438,-53.2,-81.3,-76.6,  2,  4, 0.03,257, 8.9
2025-10-10 00:29:48,-110.9924,41.2802,  20.2,26444,-53.2,-81.3,-76.6,  2,  4, 0.03,257, 8.8
2025-10-10 00:29:49,-110.9923,41.2802,  20.2,26450,-53.1,-81.3,-76.6,  2,  4, 0.03,258, 8.7
2025-10-10 00:29:50,-110.9922,41.2803,  20.1,26456,-53.1,-81.3,-76.6,  2,  4, 0.03,258, 8.6
2025-10-10 00:29:51,-110.9921,41.2803,  20.1,26462,-53.1,-81.3,-76.6,  2,  4, 0.03,259, 8.5
2025-10-10 00:29:52,-110.9920,41.2803,  20.1,26467,-53.1,-81.3,-76.6,  2,  4, 0.03,259, 8.4
2025-10-10 00:29:53,-110.9919,41.2803,  20.1,26472,-53.1,-81.3,-76.6,  2,  4, 0.03,260, 8.3
2025-10-10 00:29:54,-110.9918,41.2803,  20.1,26478,-53.1,-81.3,-76.6,  2,  4, 0.03,261, 8.2
2025-10-10 00:29:55,-110.9918,41.2802,  20.1,26483,-53.1,-81.3,-76.6,  2,  4, 0.03,261, 8.2
2025-10-10 00:29:56,-110.9917,41.2802,  20.0,26488,-53.1,-81.3,-76.6,  2,  4, 0.03,262, 8.1
2025-10-10 00:29:57,-110.9916,41.2802,  20.0,26494,-53.1,-81.3,-76.6,  2,  4, 0.03,262, 8.0
2025-10-10 00:29:58,-110.9915,41.2802,  20.0,26502,-53.1,-81.3,-76.6,  2,  4, 0.03,263, 7.8
2025-10-10 00:29:59,-110.9915,41.2802,  20.0,26506,-53.1,-81.3,-76.6,  2,  4, 0.03,264, 7.8
2025-10-10 00:30:00,-110.9914,41.2802,  20.0,26512,-53.0,-81.3,-76.6,  2,  4, 0.03,264, 7.7
2025-10-10 00:30:01,-110.9913,41.2802,  20.0,26518,-53.0,-81.3,-76.6,  2,  4, 0.03,265, 7.6
2025-10-10 00:30:02,-110.9912,41.2802,  19.9,26524,-53.0,-81.3,-76.6,  2,  4, 0.03,266, 7.5
2025-10-10 00:30:03,-110.9912,41.2801,  19.9,26529,-53.0,-81.3,-76.6,  2,  4, 0.03,267, 7.4
2025-10-10 00:30:04,-110.9911,41.2801,  19.9,26535,-53.0,-81.3,-76.6,  2,  4, 0.03,267, 7.3
2025-10-10 00:30:05,-110.9910,41.2801,  19.9,26540,-53.0,-81.3,-76.6,  2,  4, 0.03,268, 7.3
2025-10-10 00:30:06,-110.9909,41.2801,  19.9,26549,-53.0,-81.3,-76.6,  2,  4, 0.03,269, 7.1
2025-10-10 00:30:07,-110.9909,41.2801,  19.8,26552,-53.0,-81.3,-76.6,  2,  4, 0.03,270, 7.1
2025-10-10 00:30:08,-110.9908,41.2801,  19.8,26557,-53.0,-81.3,-76.6,  2,  3, 0.03,271, 7.0
2025-10-10 00:30:09,-110.9907,41.2801,  19.8,26564,-53.0,-81.4,-76.6,  2,  3, 0.03,272, 7.0
2025-10-10 00:30:10,-110.9906,41.2801,  19.8,26570,-53.0,-81.4,-76.6,  2,  3, 0.03,273, 7.0
2025-10-10 00:30:11,-110.9905,41.2800,  19.8,26576,-53.1,-81.4,-76.7,  2,  3, 0.03,274, 6.9
2025-10-10 00:30:12,-110.9905,41.2800,  19.8,26582,-53.1,-81.4,-76.7,  2,  3, 0.03,275, 6.9
2025-10-10 00:30:13,-110.9904,41.2800,  19.7,26588,-53.1,-81.4,-76.7,  2,  3, 0.03,276, 6.9
2025-10-10 00:30:14,-110.9903,41.2800,  19.7,26593,-53.1,-81.5,-76.7,  2,  3, 0.03,278, 6.8
2025-10-10 00:30:15,-110.9903,41.2800,  19.7,26599,-53.1,-81.5,-76.7,  2,  3, 0.03,279, 6.8
2025-10-10 00:30:16,-110.9902,41.2800,  19.7,26604,-53.1,-81.5,-76.7,  2,  3, 0.03,280, 6.8
2025-10-10 00:30:17,-110.9901,41.2800,  19.7,26609,-53.1,-81.5,-76.8,  2,  3, 0.03,281, 6.7
2025-10-10 00:30:18,-110.9900,41.2799,  19.7,26615,-53.2,-81.5,-76.8,  2,  3, 0.03,283, 6.7
2025-10-10 00:30:19,-110.9900,41.2799,  19.6,26620,-53.2,-81.6,-76.8,  2,  3, 0.03,284, 6.6
2025-10-10 00:30:20,-110.9899,41.2799,  19.6,26625,-53.2,-81.6,-76.8,  2,  3, 0.03,285, 6.6
2025-10-10 00:30:21,-110.9898,41.2799,  19.6,26631,-53.2,-81.6,-76.8,  2,  3, 0.03,286, 6.6
2025-10-10 00:30:22,-110.9897,41.2799,  19.6,26637,-53.2,-81.6,-76.9,  2,  3, 0.03,288, 6.5
2025-10-10 00:30:23,-110.9896,41.2799,  19.6,26642,-53.2,-81.6,-76.9,  2,  3, 0.03,289, 6.5
2025-10-10 00:30:24,-110.9896,41.2798,  19.6,26648,-53.3,-81.6,-76.9,  2,  3, 0.03,290, 6.4
2025-10-10 00:30:25,-110.9895,41.2798,  19.5,26654,-53.3,-81.7,-76.9,  2,  3, 0.03,292, 6.3
2025-10-10 00:30:26,-110.9894,41.2798,  19.5,26660,-53.3,-81.7,-76.9,  2,  3, 0.03,293, 6.3
2025-10-10 00:30:27,-110.9894,41.2797,  19.5,26666,-53.3,-81.7,-77.0,  2,  3, 0.03,294, 6.3
2025-10-10 00:30:28,-110.9893,41.2797,  19.5,26672,-53.3,-81.7,-77.0,  2,  3, 0.03,295, 6.4
2025-10-10 00:30:29,-110.9892,41.2797,  19.5,26679,-53.4,-81.7,-77.0,  2,  3, 0.03,295, 6.4
2025-10-10 00:30:30,-110.9892,41.2796,  19.4,26684,-53.4,-81.8,-77.0,  2,  3, 0.03,296, 6.4
2025-10-10 00:30:31,-110.9891,41.2796,  19.4,26689,-53.4,-81.8,-77.0,  2,  3, 0.03,296, 6.4
2025-10-10 00:30:32,-110.9890,41.2796,  19.4,26695,-53.4,-81.8,-77.0,  2,  3, 0.03,296, 6.5
2025-10-10 00:30:33,-110.9889,41.2796,  19.4,26700,-53.4,-81.8,-77.1,  2,  3, 0.03,297, 6.5
2025-10-10 00:30:34,-110.9889,41.2795,  19.4,26706,-53.5,-81.8,-77.1,  2,  3, 0.03,297, 6.5
2025-10-10 00:30:35,-110.9888,41.2795,  19.4,26711,-53.5,-81.8,-77.1,  2,  3, 0.03,298, 6.6
2025-10-10 00:30:36,-110.9887,41.2795,  19.3,26717,-53.5,-81.9,-77.1,  2,  3, 0.03,298, 6.6
2025-10-10 00:30:37,-110.9887,41.2794,  19.3,26723,-53.5,-81.9,-77.1,  2,  3, 0.03,298, 6.6
2025-10-10 00:30:38,-110.9886,41.2794,  19.3,26728,-53.5,-81.9,-77.1,  2,  3, 0.03,299, 6.7
2025-10-10 00:30:39,-110.9885,41.2794,  19.3,26734,-53.5,-81.9,-77.1,  2,  3, 0.03,299, 6.7
2025-10-10 00:30:40,-110.9885,41.2793,  19.3,26740,-53.5,-81.9,-77.2,  2,  3, 0.03,299, 6.7
2025-10-10 00:30:41,-110.9884,41.2793,  19.3,26746,-53.5,-81.9,-77.2,  2,  3, 0.03,300, 6.8
2025-10-10 00:30:42,-110.9883,41.2793,  19.2,26751,-53.6,-82.0,-77.2,  2,  3, 0.03,300, 6.8
2025-10-10 00:30:43,-110.9882,41.2793,  19.2,26756,-53.6,-82.0,-77.2,  2,  3, 0.03,300, 6.8
2025-10-10 00:30:44,-110.9882,41.2792,  19.2,26762,-53.6,-82.0,-77.2,  2,  3, 0.03,301, 6.9
2025-10-10 00:30:45,-110.9881,41.2792,  19.2,26767,-53.6,-82.0,-77.2,  2,  3, 0.03,301, 6.9
2025-10-10 00:30:46,-110.9880,41.2792,  19.2,26773,-53.6,-82.0,-77.3,  2,  3, 0.03,301, 6.9
2025-10-10 00:30:47,-110.9879,41.2791,  19.2,26778,-53.6,-82.0,-77.3,  2,  3, 0.03,302, 7.0
2025-10-10 00:30:48,-110.9879,41.2791,  19.1,26784,-53.6,-82.0,-77.3,  2,  3, 0.03,301, 6.9
2025-10-10 00:30:49,-110.9878,41.2791,  19.1,26791,-53.6,-82.0,-77.3,  2,  3, 0.03,301, 6.9
2025-10-10 00:30:50,-110.9877,41.2790,  19.1,26797,-53.6,-82.0,-77.3,  2,  3, 0.03,300, 6.9
2025-10-10 00:30:51,-110.9877,41.2790,  19.1,26804,-53.6,-82.0,-77.3,  2,  3, 0.03,299, 6.9
2025-10-10 00:30:52,-110.9876,41.2790,  19.1,26810,-53.7,-82.0,-77.3,  2,  3, 0.03,299, 6.8
2025-10-10 00:30:53,-110.9875,41.2789,  19.0,26816,-53.7,-82.0,-77.3,  2,  3, 0.03,298, 6.8
2025-10-10 00:30:54,-110.9874,41.2789,  19.0,26822,-53.7,-82.0,-77.3,  2,  3, 0.03,298, 6.8
2025-10-10 00:30:55,-110.9873,41.2790,  19.0,26827,-53.7,-82.0,-77.3,  2,  3, 0.03,297, 6.8
2025-10-10 00:30:56,-110.9872,41.2790,  19.0,26833,-53.7,-82.0,-77.3,  2,  3, 0.03,296, 6.7
2025-10-10 00:30:57,-110.9871,41.2790,  19.0,26839,-53.7,-82.0,-77.3,  2,  3, 0.03,296, 6.7
2025-10-10 00:30:58,-110.9870,41.2790,  19.0,26845,-53.7,-82.0,-77.3,  2,  3, 0.03,295, 6.7
2025-10-10 00:30:59,-110.9869,41.2790,  18.9,26851,-53.7,-82.0,-77.3,  2,  3, 0.03,295, 6.7
2025-10-10 00:31:00,-110.9868,41.2790,  18.9,26857,-53.7,-82.1,-77.3,  2,  3, 0.03,294, 6.7
2025-10-10 00:31:01,-110.9867,41.2790,  18.9,26863,-53.7,-82.0,-77.3,  2,  3, 0.03,293, 6.6
2025-10-10 00:31:02,-110.9866,41.2790,  18.9,26869,-53.7,-82.0,-77.3,  2,  3, 0.03,293, 6.6
2025-10-10 00:31:03,-110.9865,41.2790,  18.9,26875,-53.7,-82.0,-77.3,  2,  3, 0.03,292, 6.6
2025-10-10 00:31:04,-110.9864,41.2790,  18.9,26880,-53.7,-82.0,-77.3,  2,  3, 0.03,292, 6.6
2025-10-10 00:31:05,-110.9862,41.2790,  18.8,26886,-53.7,-82.0,-77.3,  2,  3, 0.03,291, 6.6
2025-10-10 00:31:06,-110.9861,41.2790,  18.8,26891,-53.7,-82.0,-77.2,  2,  3, 0.03,290, 6.6
2025-10-10 00:31:07,-110.9860,41.2790,  18.8,26897,-53.7,-82.0,-77.2,  2,  3, 0.03,290, 6.6
2025-10-10 00:31:08,-110.9859,41.2790,  18.8,26903,-53.7,-82.0,-77.2,  2,  3, 0.03,289, 6.6
2025-10-10 00:31:09,-110.9858,41.2790,  18.8,26908,-53.7,-82.0,-77.2,  2,  3, 0.03,287, 6.6
2025-10-10 00:31:10,-110.9857,41.2790,  18.8,26913,-53.7,-82.0,-77.2,  2,  3, 0.03,286, 6.7
2025-10-10 00:31:11,-110.9856,41.2790,  18.7,26919,-53.8,-82.0,-77.2,  2,  3, 0.03,285, 6.8
2025-10-10 00:31:12,-110.9855,41.2790,  18.7,26924,-53.8,-82.0,-77.2,  2,  3, 0.03,284, 6.9
2025-10-10 00:31:13,-110.9854,41.2790,  18.7,26929,-53.8,-81.9,-77.2,  2,  3, 0.03,283, 6.9
2025-10-10 00:31:14,-110.9853,41.2790,  18.7,26935,-53.8,-82.0,-77.2,  2,  3, 0.03,282, 7.0
2025-10-10 00:31:15,-110.9852,41.2790,  18.7,26941,-53.8,-82.0,-77.2,  2,  3, 0.03,281, 7.1
2025-10-10 00:31:16,-110.9851,41.2790,  18.7,26947,-53.8,-82.0,-77.2,  2,  3, 0.03,280, 7.1
2025-10-10 00:31:17,-110.9850,41.2790,  18.6,26953,-53.8,-82.0,-77.2,  2,  3, 0.03,279, 7.2
2025-10-10 00:31:18,-110.9849,41.2790,  18.6,26960,-53.8,-82.0,-77.2,  2,  3, 0.03,278, 7.3
2025-10-10 00:31:19,-110.9848,41.2790,  18.6,26966,-53.8,-82.0,-77.2,  2,  3, 0.03,277, 7.3
2025-10-10 00:31:20,-110.9846,41.2790,  18.6,26972,-53.8,-82.0,-77.2,  2,  3, 0.03,276, 7.4
2025-10-10 00:31:21,-110.9845,41.2791,  18.6,26978,-53.8,-82.0,-77.2,  2,  3, 0.03,275, 7.4
2025-10-10 00:31:22,-110.9844,41.2791,  18.6,26985,-53.8,-82.0,-77.2,  2,  3, 0.03,274, 7.5
2025-10-10 00:31:23,-110.9843,41.2791,  18.5,26991,-53.8,-82.0,-77.2,  2,  3, 0.03,273, 7.5
2025-10-10 00:31:24,-110.9842,41.2791,  18.5,26997,-53.8,-82.0,-77.2,  2,  3, 0.03,272, 7.6
2025-10-10 00:31:25,-110.9840,41.2791,  18.5,27004,-53.8,-82.0,-77.3,  2,  3, 0.03,271, 7.7
2025-10-10 00:31:26,-110.9839,41.2792,  18.5,27010,-53.8,-82.0,-77.3,  2,  3, 0.03,270, 7.7
2025-10-10 00:31:27,-110.9837,41.2792,  18.5,27016,-53.8,-82.0,-77.3,  2,  3, 0.03,269, 7.8
2025-10-10 00:31:28,-110.9835,41.2792,  18.4,27023,-53.8,-82.0,-77.3,  2,  3, 0.03,267, 8.3
2025-10-10 00:31:29,-110.9834,41.2792,  18.4,27029,-53.8,-82.0,-77.3,  2,  3, 0.03,265, 8.8
2025-10-10 00:31:30,-110.9832,41.2793,  18.4,27035,-53.8,-82.0,-77.3,  2,  3, 0.03,264, 9.3
2025-10-10 00:31:31,-110.9831,41.2793,  18.4,27042,-53.8,-82.0,-77.3,  2,  3, 0.03,262, 9.9
2025-10-10 00:31:32,-110.9829,41.2793,  18.4,27048,-53.8,-82.1,-77.3,  2,  3, 0.03,261,10.4
2025-10-10 00:31:33,-110.9828,41.2794,  18.4,27054,-53.8,-82.1,-77.3,  2,  3, 0.03,259,10.9
2025-10-10 00:31:34,-110.9826,41.2794,  18.3,27061,-53.8,-82.1,-77.3,  2,  3, 0.03,258,11.4
2025-10-10 00:31:35,-110.9825,41.2794,  18.3,27067,-53.8,-82.1,-77.3,  2,  3, 0.03,257,11.9
2025-10-10 00:31:36,-110.9823,41.2795,  18.3,27073,-53.8,-82.1,-77.3,  2,  3, 0.03,256,12.4
2025-10-10 00:31:37,-110.9821,41.2795,  18.3,27079,-53.8,-82.1,-77.3,  2,  3, 0.03,256,12.9
2025-10-10 00:31:38,-110.9820,41.2795,  18.3,27086,-53.8,-82.1,-77.3,  2,  3, 0.03,255,13.4
2025-10-10 00:31:39,-110.9818,41.2795,  18.2,27092,-53.8,-82.1,-77.4,  2,  3, 0.03,254,13.9
2025-10-10 00:31:40,-110.9817,41.2796,  18.2,27098,-53.8,-82.1,-77.4,  2,  3, 0.03,253,14.3
2025-10-10 00:31:41,-110.9815,41.2796,  18.2,27104,-53.8,-82.1,-77.4,  2,  3, 0.03,253,14.8
2025-10-10 00:31:42,-110.9814,41.2796,  18.2,27111,-53.8,-82.1,-77.4,  2,  3, 0.03,252,15.4
2025-10-10 00:31:43,-110.9812,41.2797,  18.2,27117,-53.9,-82.1,-77.4,  2,  3, 0.03,251,15.9
2025-10-10 00:31:44,-110.9810,41.2797,  18.2,27123,-53.9,-82.2,-77.4,  2,  3, 0.03,251,16.4
2025-10-10 00:31:45,-110.9809,41.2797,  18.1,27130,-53.9,-82.2,-77.4,  2,  3, 0.03,250,16.9
2025-10-10 00:31:46,-110.9807,41.2797,  18.1,27136,-53.9,-82.2,-77.4,  2,  3, 0.03,250,17.5
2025-10-10 00:31:47,-110.9806,41.2798,  18.1,27142,-53.9,-82.2,-77.4,  2,  3, 0.03,250,18.0
2025-10-10 00:31:48,-110.9804,41.2798,  18.1,27149,-53.9,-82.2,-77.4,  2,  3, 0.03,250,17.8
2025-10-10 00:31:49,-110.9803,41.2798,  18.1,27155,-53.9,-82.2,-77.4,  2,  3, 0.03,250,17.6
2025-10-10 00:31:50,-110.9801,41.2799,  18.0,27161,-53.9,-82.2,-77.5,  2,  3, 0.03,250,17.4
2025-10-10 00:31:51,-110.9800,41.2799,  18.0,27168,-53.9,-82.2,-77.5,  2,  3, 0.03,251,17.2
2025-10-10 00:31:52,-110.9798,41.2799,  18.0,27174,-53.9,-82.2,-77.5,  2,  3, 0.03,251,17.0
2025-10-10 00:31:53,-110.9797,41.2799,  18.0,27181,-53.9,-82.2,-77.5,  2,  3, 0.03,251,16.8
2025-10-10 00:31:54,-110.9795,41.2800,  18.0,27187,-54.0,-82.3,-77.5,  2,  3, 0.03,252,16.6
2025-10-10 00:31:55,-110.9794,41.2800,  18.0,27193,-54.0,-82.3,-77.5,  2,  3, 0.03,252,16.4
2025-10-10 00:31:56,-110.9792,41.2800,  17.9,27199,-54.0,-82.3,-77.5,  2,  3, 0.03,252,16.2
2025-10-10 00:31:57,-110.9791,41.2800,  17.9,27205,-54.0,-82.3,-77.5,  2,  3, 0.03,253,16.0
2025-10-10 00:31:58,-110.9789,41.2800,  17.9,27211,-54.0,-82.3,-77.5,  2,  3, 0.03,253,15.9
2025-10-10 00:31:59,-110.9788,41.2801,  17.9,27218,-54.0,-82.3,-77.5,  2,  3, 0.03,254,15.7
2025-10-10 00:32:00,-110.9787,41.2801,  17.9,27224,-54.0,-82.3,-77.5,  2,  3, 0.03,254,15.5
2025-10-10 00:32:01,-110.9785,41.2801,  17.9,27230,-54.1,-82.3,-77.6,  2,  3, 0.03,254,15.3
2025-10-10 00:32:02,-110.9784,41.2801,  17.8,27236,-54.1,-82.3,-77.6,  2,  3, 0.03,255,15.1
2025-10-10 00:32:03,-110.9782,41.2801,  17.8,27243,-54.1,-82.3,-77.6,  2,  3, 0.03,255,14.9
2025-10-10 00:32:04,-110.9781,41.2802,  17.8,27249,-54.1,-82.3,-77.6,  2,  3, 0.03,256,14.7
2025-10-10 00:32:05,-110.9779,41.2802,  17.8,27256,-54.1,-82.4,-77.6,  2,  3, 0.03,256,14.5
2025-10-10 00:32:06,-110.9778,41.2802,  17.8,27263,-54.1,-82.4,-77.6,  2,  3, 0.03,257,14.3
2025-10-10 00:32:07,-110.9776,41.2802,  17.7,27270,-54.2,-82.4,-77.6,  2,  3, 0.03,257,14.2
2025-10-10 00:32:08,-110.9775,41.2802,  17.7,27277,-54.2,-82.4,-77.6,  2,  3, 0.03,257,14.0
2025-10-10 00:32:09,-110.9773,41.2803,  17.7,27284,-54.2,-82.4,-77.6,  2,  3, 0.03,257,13.9
2025-10-10 00:32:10,-110.9772,41.2803,  17.7,27290,-54.2,-82.4,-77.7,  2,  3, 0.03,257,13.8
2025-10-10 00:32:11,-110.9771,41.2803,  17.7,27297,-54.2,-82.4,-77.7,  2,  3, 0.03,258,13.6
2025-10-10 00:32:12,-110.9769,41.2803,  17.7,27304,-54.3,-82.5,-77.7,  2,  3, 0.03,258,13.5
2025-10-10 00:32:13,-110.9768,41.2803,  17.6,27311,-54.3,-82.5,-77.7,  2,  3, 0.03,258,13.4
2025-10-10 00:32:14,-110.9766,41.2804,  17.6,27317,-54.3,-82.5,-77.7,  2,  3, 0.03,258,13.2
2025-10-10 00:32:15,-110.9765,41.2804,  17.6,27324,-54.3,-82.5,-77.7,  2,  3, 0.03,258,13.1
2025-10-10 00:32:16,-110.9763,41.2804,  17.6,27331,-54.3,-82.5,-77.8,  2,  3, 0.03,258,13.0
2025-10-10 00:32:17,-110.9762,41.2804,  17.6,27338,-54.4,-82.5,-77.8,  2,  3, 0.03,259,12.8
2025-10-10 00:32:18,-110.9760,41.2805,  17.5,27345,-54.4,-82.5,-77.8,  2,  3, 0.03,259,12.7
2025-10-10 00:32:19,-110.9759,41.2805,  17.5,27351,-54.4,-82.6,-77.8,  2,  3, 0.03,259,12.6
2025-10-10 00:32:20,-110.9757,41.2805,  17.5,27358,-54.4,-82.6,-77.8,  2,  3, 0.03,259,12.4
2025-10-10 00:32:21,-110.9756,41.2805,  17.5,27365,-54.4,-82.6,-77.8,  2,  3, 0.03,259,12.3
2025-10-10 00:32:22,-110.9755,41.2805,  17.5,27372,-54.5,-82.6,-77.9,  2,  3, 0.03,260,12.2
2025-10-10 00:32:23,-110.9753,41.2806,  17.4,27379,-54.5,-82.6,-77.9,  2,  3, 0.03,260,12.0
2025-10-10 00:32:24,-110.9752,41.2806,  17.4,27386,-54.5,-82.7,-77.9,  2,  3, 0.03,260,11.9
2025-10-10 00:32:25,-110.9750,41.2806,  17.4,27392,-54.5,-82.7,-77.9,  2,  3, 0.03,260,11.8
2025-10-10 00:32:26,-110.9749,41.2806,  17.4,27398,-54.6,-82.7,-78.0,  2,  3, 0.03,261,11.6
2025-10-10 00:32:27,-110.9749,41.2806,  17.4,27404,-54.6,-82.7,-78.0,  2,  3, 0.03,261,11.5
2025-10-10 00:32:28,-110.9748,41.2806,  17.4,27411,-54.6,-82.8,-78.0,  2,  3, 0.03,261,11.3
2025-10-10 00:32:29,-110.9747,41.2807,  17.3,27417,-54.6,-82.8,-78.0,  2,  3, 0.03,260,11.1
2025-10-10 00:32:30,-110.9746,41.2807,  17.3,27423,-54.7,-82.8,-78.0,  2,  3, 0.03,260,10.9
2025-10-10 00:32:31,-110.9745,41.2807,  17.3,27430,-54.7,-82.8,-78.1,  2,  3, 0.03,260,10.8
2025-10-10 00:32:32,-110.9745,41.2807,  17.3,27436,-54.7,-82.9,-78.1,  2,  3, 0.03,260,10.6
2025-10-10 00:32:33,-110.9744,41.2807,  17.3,27441,-54.7,-82.9,-78.1,  2,  3, 0.03,259,10.4
2025-10-10 00:32:34,-110.9743,41.2807,  17.3,27450,-54.8,-82.9,-78.1,  2,  3, 0.03,259,10.2
2025-10-10 00:32:35,-110.9742,41.2808,  17.2,27457,-54.8,-82.9,-78.1,  2,  3, 0.03,259,10.0
2025-10-10 00:32:36,-110.9741,41.2808,  17.2,27463,-54.8,-82.9,-78.1,  2,  3, 0.03,259, 9.8
2025-10-10 00:32:37,-110.9740,41.2808,  17.2,27470,-54.9,-82.9,-78.2,  2,  3, 0.03,258, 9.6
2025-10-10 00:32:38,-110.9740,41.2808,  17.2,27477,-54.9,-82.9,-78.2,  2,  3, 0.03,258, 9.4
2025-10-10 00:32:39,-110.9739,41.2808,  17.2,27483,-54.9,-82.9,-78.2,  2,  3, 0.03,258, 9.2
2025-10-10 00:32:40,-110.9738,41.2808,  17.1,27490,-54.9,-83.0,-78.2,  2,  3, 0.03,257, 9.0
2025-10-10 00:32:41,-110.9737,41.2809,  17.1,27496,-54.9,-83.0,-78.2,  2,  3, 0.03,257, 8.9
2025-10-10 00:32:42,-110.9736,41.2809,  17.1,27503,-55.0,-83.0,-78.2,  2,  3, 0.03,257, 8.7
2025-10-10 00:32:43,-110.9736,41.2809,  17.1,27509,-55.0,-83.0,-78.2,  2,  3, 0.03,256, 8.5
2025-10-10 00:32:44,-110.9735,41.2809,  17.1,27515,-55.0,-83.0,-78.2,  2,  3, 0.03,256, 8.3
2025-10-10 00:32:45,-110.9734,41.2809,  17.1,27522,-55.0,-83.0,-78.2,  2,  3, 0.03,255, 8.1
2025-10-10 00:32:46,-110.9733,41.2809,  17.0,27528,-55.1,-83.0,-78.3,  2,  3, 0.03,255, 7.9
2025-10-10 00:32:47,-110.9732,41.2810,  17.0,27535,-55.1,-83.0,-78.3,  2,  3, 0.03,255, 7.7
2025-10-10 00:32:48,-110.9731,41.2810,  17.0,27542,-55.1,-83.1,-78.3,  2,  3, 0.03,254, 7.6
2025-10-10 00:32:49,-110.9731,41.2810,  17.0,27548,-55.1,-83.1,-78.3,  2,  3, 0.03,254, 7.4
2025-10-10 00:32:50,-110.9730,41.2810,  17.0,27555,-55.1,-83.1,-78.3,  2,  3, 0.03,253, 7.3
2025-10-10 00:32:51,-110.9729,41.2810,  17.0,27561,-55.1,-83.1,-78.3,  2,  3, 0.03,253, 7.1
2025-10-10 00:32:52,-110.9728,41.2810,  16.9,27568,-55.2,-83.1,-78.3,  2,  3, 0.03,252, 7.0
2025-10-10 00:32:53,-110.9727,41.2811,  16.9,27574,-55.2,-83.1,-78.4,  2,  3, 0.03,251, 6.8
2025-10-10 00:32:54,-110.9727,41.2811,  16.9,27580,-55.2,-83.1,-78.4,  2,  3, 0.03,251, 6.6
2025-10-10 00:32:55,-110.9726,41.2811,  16.9,27587,-55.2,-83.1,-78.4,  2,  3, 0.03,250, 6.5
2025-10-10 00:32:56,-110.9725,41.2811,  16.9,27593,-55.2,-83.2,-78.4,  2,  3, 0.03,249, 6.3
2025-10-10 00:32:57,-110.9725,41.2812,  16.9,27599,-55.2,-83.2,-78.4,  2,  3, 0.03,249, 6.2
2025-10-10 00:32:58,-110.9725,41.2812,  16.8,27605,-55.2,-83.2,-78.4,  2,  3, 0.03,248, 6.0
2025-10-10 00:32:59,-110.9725,41.2812,  16.8,27611,-55.2,-83.2,-78.4,  2,  3, 0.03,247, 5.9
2025-10-10 00:33:00,-110.9725,41.2813,  16.8,27618,-55.2,-83.2,-78.4,  2,  3, 0.03,246, 5.7
2025-10-10 00:33:01,-110.9725,41.2813,  16.8,27624,-55.3,-83.2,-78.4,  2,  3, 0.03,246, 5.6
2025-10-10 00:33:02,-110.9724,41.2814,  16.8,27630,-55.3,-83.2,-78.4,  2,  3, 0.03,245, 5.4
2025-10-10 00:33:03,-110.9724,41.2814,  16.8,27637,-55.3,-83.2,-78.4,  2,  3, 0.03,244, 5.3
2025-10-10 00:33:04,-110.9724,41.2814,  16.7,27643,-55.3,-83.2,-78.4,  2,  3, 0.03,243, 5.1
2025-10-10 00:33:05,-110.9724,41.2815,  16.7,27649,-55.3,-83.2,-78.4,  2,  4, 0.03,242, 5.0
2025-10-10 00:33:06,-110.9724,41.2815,  16.7,27656,-55.3,-83.2,-78.4,  2,  4, 0.03,240, 4.9
2025-10-10 00:33:07,-110.9724,41.2816,  16.7,27662,-55.3,-83.2,-78.4,  2,  4, 0.03,239, 4.7
2025-10-10 00:33:08,-110.9724,41.2816,  16.7,27668,-55.3,-83.2,-78.4,  2,  4, 0.03,236, 4.8
2025-10-10 00:33:09,-110.9723,41.2816,  16.7,27675,-55.3,-83.2,-78.4,  2,  4, 0.03,233, 4.8
2025-10-10 00:33:10,-110.9723,41.2817,  16.6,27681,-55.3,-83.1,-78.4,  2,  4, 0.03,230, 4.9
2025-10-10 00:33:11,-110.9723,41.2817,  16.6,27688,-55.3,-83.1,-78.4,  2,  4, 0.03,226, 4.9
2025-10-10 00:33:12,-110.9723,41.2818,  16.6,27694,-55.3,-83.1,-78.4,  2,  4, 0.03,223, 5.0
2025-10-10 00:33:13,-110.9723,41.2818,  16.6,27701,-55.4,-83.1,-78.4,  2,  4, 0.03,220, 5.1
2025-10-10 00:33:14,-110.9723,41.2818,  16.6,27709,-55.4,-83.1,-78.4,  2,  4, 0.03,216, 5.1
2025-10-10 00:33:15,-110.9723,41.2819,  16.6,27714,-55.4,-83.1,-78.4,  2,  4, 0.03,213, 5.2
2025-10-10 00:33:16,-110.9722,41.2819,  16.5,27720,-55.4,-83.1,-78.3,  2,  4, 0.03,210, 5.2
2025-10-10 00:33:17,-110.9722,41.2820,  16.5,27726,-55.3,-83.1,-78.3,  2,  4, 0.03,207, 5.3
2025-10-10 00:33:18,-110.9722,41.2820,  16.5,27732,-55.3,-83.1,-78.3,  2,  4, 0.03,203, 5.3
2025-10-10 00:33:19,-110.9722,41.2820,  16.5,27739,-55.3,-83.1,-78.3,  2,  4, 0.03,200, 5.4
2025-10-10 00:33:20,-110.9722,41.2821,  16.5,27745,-55.3,-83.1,-78.3,  2,  4, 0.03,197, 5.4
2025-10-10 00:33:21,-110.9722,41.2821,  16.5,27751,-55.3,-83.0,-78.3,  2,  4, 0.03,195, 5.5
2025-10-10 00:33:22,-110.9721,41.2822,  16.4,27757,-55.3,-83.0,-78.3,  2,  4, 0.03,192, 5.5
2025-10-10 00:33:23,-110.9721,41.2822,  16.4,27764,-55.3,-83.0,-78.3,  2,  4, 0.03,189, 5.6
2025-10-10 00:33:24,-110.9721,41.2823,  16.4,27770,-55.3,-83.0,-78.2,  2,  4, 0.03,187, 5.7
2025-10-10 00:33:25,-110.9721,41.2823,  16.4,27776,-55.3,-83.0,-78.2,  2,  4, 0.03,185, 5.7
2025-10-10 00:33:26,-110.9720,41.2824,  16.4,27782,-55.3,-83.0,-78.2,  2,  4, 0.03,183, 5.8
2025-10-10 00:33:27,-110.9720,41.2825,  16.4,27789,-55.3,-83.0,-78.2,  2,  4, 0.03,181, 5.8
2025-10-10 00:33:28,-110.9720,41.2825,  16.3,27795,-55.3,-82.9,-78.2,  2,  4, 0.03,181, 5.9
2025-10-10 00:33:29,-110.9720,41.2826,  16.3,27801,-55.2,-82.9,-78.2,  2,  4, 0.03,182, 6.0
2025-10-10 00:33:30,-110.9719,41.2827,  16.3,27807,-55.2,-82.9,-78.1,  2,  4, 0.03,182, 6.1
2025-10-10 00:33:31,-110.9719,41.2827,  16.3,27814,-55.2,-82.9,-78.1,  2,  4, 0.03,183, 6.3
2025-10-10 00:33:32,-110.9719,41.2828,  16.3,27820,-55.2,-82.9,-78.1,  2,  4, 0.03,184, 6.4
2025-10-10 00:33:33,-110.9719,41.2829,  16.3,27826,-55.1,-82.8,-78.1,  2,  4, 0.03,184, 6.5
2025-10-10 00:33:34,-110.9718,41.2829,  16.3,27832,-55.1,-82.8,-78.0,  2,  4, 0.03,185, 6.6
2025-10-10 00:33:35,-110.9718,41.2830,  16.2,27838,-55.1,-82.8,-78.0,  2,  4, 0.03,185, 6.7
2025-10-10 00:33:36,-110.9718,41.2831,  16.2,27844,-55.1,-82.8,-78.0,  2,  4, 0.03,186, 6.8
2025-10-10 00:33:37,-110.9718,41.2832,  16.2,27851,-55.1,-82.7,-78.0,  2,  4, 0.03,186, 6.9
2025-10-10 00:33:38,-110.9717,41.2832,  16.2,27857,-55.0,-82.7,-78.0,  2,  4, 0.03,187, 7.0
2025-10-10 00:33:39,-110.9717,41.2833,  16.2,27863,-55.0,-82.7,-77.9,  2,  4, 0.03,187, 7.2
2025-10-10 00:33:40,-110.9717,41.2834,  16.2,27869,-55.0,-82.7,-77.9,  2,  4, 0.03,188, 7.3
2025-10-10 00:33:41,-110.9716,41.2834,  16.1,27875,-55.0,-82.7,-77.9,  2,  4, 0.03,188, 7.4
2025-10-10 00:33:42,-110.9716,41.2835,  16.1,27881,-54.9,-82.7,-77.9,  2,  4, 0.03,188, 7.5
2025-10-10 00:33:43,-110.9716,41.2836,  16.1,27887,-54.9,-82.6,-77.9,  2,  4, 0.03,189, 7.6
2025-10-10 00:33:44,-110.9716,41.2836,  16.1,27893,-54.9,-82.6,-77.9,  2,  4, 0.03,189, 7.7
2025-10-10 00:33:45,-110.9715,41.2837,  16.1,27899,-54.8,-82.6,-77.8,  2,  4, 0.03,190, 7.9
2025-10-10 00:33:46,-110.9715,41.2838,  16.1,27905,-54.8,-82.6,-77.8,  2,  4, 0.03,190, 8.0
2025-10-10 00:33:47,-110.9715,41.2839,  16.1,27911,-54.8,-82.6,-77.8,  2,  4, 0.03,190, 8.1
2025-10-10 00:33:48,-110.9714,41.2839,  16.0,27917,-54.8,-82.6,-77.8,  2,  4, 0.03,192, 8.2
2025-10-10 00:33:49,-110.9714,41.2840,  16.0,27923,-54.7,-82.6,-77.8,  2,  4, 0.03,194, 8.3
2025-10-10 00:33:50,-110.9714,41.2841,  16.0,27929,-54.7,-82.5,-77.8,  2,  4, 0.03,195, 8.4
2025-10-10 00:33:51,-110.9714,41.2841,  16.0,27934,-54.7,-82.5,-77.8,  2,  4, 0.03,197, 8.5
2025-10-10 00:33:52,-110.9713,41.2842,  16.0,27940,-54.6,-82.5,-77.7,  2,  4, 0.03,198, 8.6
2025-10-10 00:33:53,-110.9713,41.2843,  16.0,27946,-54.6,-82.5,-77.7,  2,  4, 0.03,200, 8.8
2025-10-10 00:33:54,-110.9713,41.2843,  15.9,27952,-54.6,-82.5,-77.7,  2,  4, 0.03,201, 8.9
2025-10-10 00:33:55,-110.9712,41.2844,  15.9,27958,-54.6,-82.4,-77.7,  2,  4, 0.03,203, 9.0
2025-10-10 00:33:56,-110.9711,41.2845,  15.9,27964,-54.6,-82.4,-77.6,  2,  4, 0.03,204, 9.1
2025-10-10 00:33:57,-110.9710,41.2846,  15.9,27970,-54.5,-82.4,-77.6,  2,  4, 0.03,206, 9.2
2025-10-10 00:33:58,-110.9708,41.2846,  15.9,27975,-54.5,-82.3,-77.6,  2,  4, 0.03,207, 9.3
2025-10-10 00:33:59,-110.9707,41.2847,  15.9,27981,-54.5,-82.3,-77.6,  2,  4, 0.03,209, 9.4
2025-10-10 00:34:00,-110.9706,41.2848,  15.9,27987,-54.5,-82.3,-77.5,  2,  4, 0.03,210, 9.5
2025-10-10 00:34:01,-110.9705,41.2849,  15.8,27992,-54.5,-82.3,-77.5,  2,  4, 0.03,211, 9.6
2025-10-10 00:34:02,-110.9704,41.2849,  15.8,27998,-54.5,-82.2,-77.5,  2,  4, 0.03,212, 9.7
2025-10-10 00:34:03,-110.9703,41.2850,  15.8,28003,-54.4,-82.2,-77.5,  2,  4, 0.03,214, 9.8
2025-10-10 00:34:04,-110.9701,41.2851,  15.8,28010,-54.4,-82.2,-77.4,  2,  4, 0.03,215, 9.9
2025-10-10 00:34:05,-110.9700,41.2852,  15.8,28017,-54.4,-82.2,-77.4,  2,  4, 0.03,216,10.0
2025-10-10 00:34:06,-110.9699,41.2852,  15.8,28024,-54.4,-82.1,-77.4,  2,  4, 0.03,217,10.1
2025-10-10 00:34:07,-110.9698,41.2853,  15.8,28032,-54.4,-82.1,-77.4,  2,  4, 0.03,218,10.3
2025-10-10 00:34:08,-110.9697,41.2854,  15.7,28039,-54.4,-82.1,-77.3,  2,  4, 0.03,219,10.4
2025-10-10 00:34:09,-110.9695,41.2855,  15.7,28046,-54.3,-82.1,-77.3,  2,  4, 0.03,220,10.6
2025-10-10 00:34:10,-110.9694,41.2855,  15.7,28053,-54.3,-82.1,-77.3,  2,  4, 0.03,221,10.8
2025-10-10 00:34:11,-110.9693,41.2856,  15.7,28059,-54.3,-82.0,-77.3,  2,  4, 0.03,221,10.9
2025-10-10 00:34:12,-110.9692,41.2857,  15.7,28064,-54.3,-82.0,-77.3,  2,  4, 0.03,222,11.1
2025-10-10 00:34:13,-110.9691,41.2858,  15.7,28070,-54.3,-82.0,-77.2,  2,  4, 0.03,223,11.3
2025-10-10 00:34:14,-110.9690,41.2858,  15.6,28075,-54.3,-82.0,-77.2,  2,  4, 0.03,224,11.5
2025-10-10 00:34:15,-110.9689,41.2859,  15.6,28081,-54.2,-82.0,-77.2,  2,  4, 0.03,224,11.7
2025-10-10 00:34:16,-110.9687,41.2860,  15.6,28088,-54.2,-81.9,-77.2,  2,  4, 0.03,225,11.9
2025-10-10 00:34:17,-110.9686,41.2861,  15.6,28094,-54.2,-81.9,-77.2,  2,  4, 0.03,226,12.0
2025-10-10 00:34:18,-110.9685,41.2861,  15.6,28101,-54.2,-81.9,-77.1,  2,  4, 0.03,227,12.2
2025-10-10 00:34:19,-110.9684,41.2862,  15.6,28107,-54.2,-81.9,-77.1,  2,  4, 0.03,227,12.4
2025-10-10 00:34:20,-110.9683,41.2863,  15.6,28114,-54.2,-81.9,-77.1,  2,  4, 0.03,228,12.6
2025-10-10 00:34:21,-110.9681,41.2864,  15.5,28120,-54.2,-81.9,-77.1,  2,  4, 0.03,228,12.8
2025-10-10 00:34:22,-110.9680,41.2864,  15.5,28126,-54.1,-81.8,-77.1,  2,  4, 0.03,229,13.0
2025-10-10 00:34:23,-110.9679,41.2865,  15.5,28132,-54.1,-81.8,-77.1,  2,  4, 0.04,229,13.2
2025-10-10 00:34:24,-110.9678,41.2866,  15.5,28138,-54.1,-81.8,-77.1,  2,  4, 0.04,230,13.4
2025-10-10 00:34:25,-110.9677,41.2867,  15.5,28144,-54.1,-81.8,-77.1,  2,  4, 0.04,231,13.6
2025-10-10 00:34:26,-110.9676,41.2867,  15.5,28149,-54.1,-81.8,-77.0,  2,  4, 0.04,231,13.8
2025-10-10 00:34:27,-110.9674,41.2868,  15.5,28155,-54.0,-81.8,-77.0,  2,  4, 0.04,232,14.0
2025-10-10 00:34:28,-110.9673,41.2869,  15.4,28161,-54.0,-81.8,-77.0,  2,  4, 0.04,232,14.1
2025-10-10 00:34:29,-110.9672,41.2869,  15.4,28167,-54.0,-81.8,-77.0,  2,  4, 0.04,232,14.1
2025-10-10 00:34:30,-110.9670,41.2870,  15.4,28173,-54.0,-81.8,-77.0,  2,  4, 0.04,233,14.2
2025-10-10 00:34:31,-110.9669,41.2871,  15.4,28179,-54.0,-81.8,-77.0,  2,  4, 0.04,233,14.3
2025-10-10 00:34:32,-110.9667,41.2871,  15.4,28184,-54.0,-81.8,-77.0,  2,  4, 0.04,234,14.3
2025-10-10 00:34:33,-110.9666,41.2872,  15.4,28190,-53.9,-81.7,-77.0,  2,  4, 0.04,234,14.4
2025-10-10 00:34:34,-110.9664,41.2873,  15.4,28196,-53.9,-81.7,-77.0,  2,  4, 0.04,234,14.5
2025-10-10 00:34:35,-110.9663,41.2873,  15.3,28202,-53.9,-81.7,-77.0,  2,  4, 0.04,235,14.5
2025-10-10 00:34:36,-110.9661,41.2874,  15.3,28208,-53.9,-81.7,-76.9,  2,  4, 0.04,235,14.6
2025-10-10 00:34:37,-110.9659,41.2874,  15.3,28213,-53.9,-81.7,-76.9,  2,  4, 0.04,235,14.7
2025-10-10 00:34:38,-110.9658,41.2875,  15.3,28219,-53.9,-81.7,-76.9,  2,  4, 0.04,236,14.7
2025-10-10 00:34:39,-110.9656,41.2876,  15.3,28225,-53.8,-81.7,-76.9,  2,  4, 0.04,236,14.8
2025-10-10 00:34:40,-110.9655,41.2876,  15.3,28231,-53.8,-81.6,-76.9,  2,  4, 0.04,236,14.9
2025-10-10 00:34:41,-110.9653,41.2877,  15.3,28237,-53.8,-81.6,-76.9,  2,  4, 0.04,237,14.9
2025-10-10 00:34:42,-110.9652,41.2878,  15.2,28242,-53.8,-81.6,-76.9,  2,  4, 0.04,237,15.0
2025-10-10 00:34:43,-110.9650,41.2878,  15.2,28248,-53.8,-81.6,-76.9,  2,  4, 0.04,237,15.1
2025-10-10 00:34:44,-110.9648,41.2879,  15.2,28254,-53.8,-81.6,-76.8,  2,  4, 0.04,238,15.2
2025-10-10 00:34:45,-110.9647,41.2879,  15.2,28260,-53.8,-81.6,-76.8,  2,  4, 0.04,238,15.2
2025-10-10 00:34:46,-110.9645,41.2880,  15.2,28267,-53.7,-81.6,-76.8,  2,  4, 0.04,238,15.3
2025-10-10 00:34:47,-110.9644,41.2881,  15.2,28273,-53.7,-81.5,-76.8,  2,  4, 0.04,239,15.4
2025-10-10 00:34:48,-110.9642,41.2881,  15.2,28279,-53.7,-81.5,-76.8,  2,  4, 0.04,239,15.3
2025-10-10 00:34:49,-110.9641,41.2882,  15.1,28286,-53.7,-81.5,-76.7,  2,  4, 0.04,239,15.3
2025-10-10 00:34:50,-110.9639,41.2883,  15.1,28292,-53.7,-81.5,-76.7,  2,  4, 0.04,240,15.2
2025-10-10 00:34:51,-110.9638,41.2883,  15.1,28299,-53.7,-81.4,-76.7,  2,  4, 0.04,240,15.2
2025-10-10 00:34:52,-110.9636,41.2884,  15.1,28304,-53.7,-81.4,-76.7,  2,  4, 0.04,240,15.1
2025-10-10 00:34:53,-110.9635,41.2884,  15.1,28310,-53.7,-81.4,-76.6,  2,  4, 0.04,241,15.1
2025-10-10 00:34:54,-110.9633,41.2885,  15.1,28315,-53.6,-81.4,-76.6,  2,  4, 0.04,241,15.0
2025-10-10 00:34:55,-110.9631,41.2886,  15.1,28321,-53.6,-81.3,-76.6,  2,  4, 0.04,241,15.0
2025-10-10 00:34:56,-110.9630,41.2886,  15.0,28326,-53.6,-81.3,-76.6,  2,  4, 0.04,242,14.9
2025-10-10 00:34:57,-110.9628,41.2887,  15.0,28332,-53.6,-81.3,-76.5,  2,  4, 0.04,242,14.9
2025-10-10 00:34:58,-110.9627,41.2888,  15.0,28337,-53.6,-81.3,-76.5,  2,  4, 0.04,243,14.8
2025-10-10 00:34:59,-110.9626,41.2888,  15.0,28343,-53.6,-81.2,-76.5,  2,  4, 0.04,243,14.8
2025-10-10 00:35:00,-110.9623,41.2888,  15.0,28346,-53.6,-81.2,-76.5,  2,  4, 0.04,243,14.8
2025-10-10 00:35:01,-110.9622,41.2889,  15.0,28355,-53.6,-81.2,-76.5,  2,  4, 0.04,244,14.7
2025-10-10 00:35:02,-110.9620,41.2889,  15.0,28361,-53.6,-81.2,-76.5,  2,  4, 0.04,244,14.7
2025-10-10 00:35:03,-110.9618,41.2889,  14.9,28367,-53.5,-81.2,-76.5,  2,  4, 0.04,244,14.6
2025-10-10 00:35:04,-110.9617,41.2890,  14.9,28373,-53.5,-81.2,-76.5,  2,  4, 0.04,245,14.6
2025-10-10 00:35:05,-110.9615,41.2890,  14.9,28380,-53.5,-81.3,-76.5,  2,  4, 0.04,245,14.5
2025-10-10 00:35:06,-110.9613,41.2891,  14.9,28386,-53.5,-81.3,-76.5,  2,  4, 0.04,245,14.5
2025-10-10 00:35:07,-110.9612,41.2891,  14.9,28391,-53.5,-81.3,-76.5,  2,  4, 0.04,246,14.4
2025-10-10 00:35:08,-110.9610,41.2891,  14.9,28397,-53.5,-81.3,-76.5,  2,  4, 0.04,246,14.4
2025-10-10 00:35:09,-110.9609,41.2892,  14.9,28403,-53.5,-81.3,-76.5,  2,  4, 0.04,247,14.4
2025-10-10 00:35:10,-110.9607,41.2892,  14.9,28409,-53.5,-81.3,-76.5,  2,  4, 0.04,247,14.5
2025-10-10 00:35:11,-110.9605,41.2893,  14.8,28415,-53.4,-81.3,-76.5,  2,  4, 0.04,248,14.5
2025-10-10 00:35:12,-110.9604,41.2893,  14.8,28421,-53.4,-81.3,-76.6,  2,  4, 0.04,248,14.5
2025-10-10 00:35:13,-110.9602,41.2893,  14.8,28427,-53.4,-81.3,-76.6,  2,  4, 0.04,248,14.5
2025-10-10 00:35:14,-110.9600,41.2894,  14.8,28433,-53.4,-81.3,-76.5,  2,  4, 0.04,249,14.5
2025-10-10 00:35:15,-110.9599,41.2894,  14.8,28439,-53.4,-81.3,-76.5,  2,  4, 0.04,249,14.5
2025-10-10 00:35:16,-110.9597,41.2895,  14.8,28445,-53.4,-81.3,-76.5,  2,  4, 0.04,250,14.5
2025-10-10 00:35:17,-110.9595,41.2895,  14.8,28451,-53.4,-81.3,-76.5,  2,  4, 0.04,250,14.5
2025-10-10 00:35:18,-110.9594,41.2895,  14.7,28457,-53.3,-81.2,-76.5,  2,  4, 0.04,251,14.5
2025-10-10 00:35:19,-110.9592,41.2896,  14.7,28463,-53.3,-81.2,-76.5,  2,  4, 0.04,251,14.5
2025-10-10 00:35:20,-110.9590,41.2896,  14.7,28469,-53.3,-81.2,-76.5,  2,  4, 0.04,252,14.6
2025-10-10 00:35:21,-110.9589,41.2896,  14.7,28475,-53.3,-81.2,-76.5,  2,  4, 0.04,252,14.6
2025-10-10 00:35:22,-110.9587,41.2897,  14.7,28481,-53.3,-81.2,-76.4,  2,  4, 0.04,252,14.6
2025-10-10 00:35:23,-110.9585,41.2897,  14.7,28487,-53.3,-81.2,-76.4,  2,  4, 0.04,253,14.6
2025-10-10 00:35:24,-110.9584,41.2898,  14.7,28493,-53.2,-81.2,-76.4,  2,  4, 0.04,253,14.6
2025-10-10 00:35:25,-110.9582,41.2898,  14.6,28498,-53.2,-81.1,-76.4,  2,  4, 0.04,254,14.6
2025-10-10 00:35:26,-110.9580,41.2898,  14.6,28504,-53.2,-81.1,-76.4,  2,  4, 0.04,254,14.7
2025-10-10 00:35:27,-110.9579,41.2899,  14.6,28510,-53.2,-81.1,-76.4,  2,  4, 0.04,255,14.7
2025-10-10 00:35:28,-110.9577,41.2899,  14.6,28515,-53.2,-81.1,-76.3,  2,  4, 0.04,254,14.8
2025-10-10 00:35:29,-110.9575,41.2900,  14.6,28521,-53.1,-81.1,-76.3,  2,  4, 0.04,254,14.9
2025-10-10 00:35:30,-110.9573,41.2900,  14.6,28527,-53.1,-81.1,-76.3,  2,  4, 0.04,254,15.0
2025-10-10 00:35:31,-110.9571,41.2901,  14.6,28533,-53.1,-81.1,-76.3,  2,  4, 0.04,254,15.2
2025-10-10 00:35:32,-110.9569,41.2901,  14.6,28539,-53.1,-81.0,-76.3,  2,  4, 0.04,254,15.3
2025-10-10 00:35:33,-110.9567,41.2901,  14.5,28546,-53.1,-81.0,-76.3,  2,  4, 0.04,254,15.4
2025-10-10 00:35:34,-110.9565,41.2902,  14.5,28552,-53.1,-81.0,-76.3,  2,  4, 0.04,254,15.5
2025-10-10 00:35:35,-110.9562,41.2902,  14.5,28558,-53.1,-81.0,-76.3,  2,  4, 0.04,254,15.7
2025-10-10 00:35:36,-110.9560,41.2903,  14.5,28564,-53.1,-81.0,-76.3,  2,  4, 0.04,254,15.8
2025-10-10 00:35:37,-110.9558,41.2903,  14.5,28570,-53.0,-81.0,-76.2,  2,  4, 0.04,254,15.9
2025-10-10 00:35:38,-110.9556,41.2904,  14.5,28576,-53.0,-81.0,-76.2,  2,  4, 0.04,254,16.0
2025-10-10 00:35:39,-110.9554,41.2904,  14.5,28582,-53.0,-81.0,-76.2,  2,  4, 0.04,254,16.1
2025-10-10 00:35:40,-110.9552,41.2905,  14.4,28588,-53.0,-81.0,-76.2,  2,  4, 0.04,254,16.3
2025-10-10 00:35:41,-110.9550,41.2905,  14.4,28594,-53.0,-80.9,-76.2,  2,  4, 0.04,254,16.4
2025-10-10 00:35:42,-110.9548,41.2906,  14.4,28600,-53.0,-80.9,-76.2,  2,  4, 0.04,254,16.5
2025-10-10 00:35:43,-110.9546,41.2906,  14.4,28606,-53.0,-80.9,-76.2,  2,  4, 0.04,254,16.6
2025-10-10 00:35:44,-110.9544,41.2907,  14.4,28612,-52.9,-80.9,-76.2,  2,  4, 0.04,254,16.8
2025-10-10 00:35:45,-110.9542,41.2907,  14.4,28618,-52.9,-80.9,-76.1,  2,  4, 0.04,254,16.9
2025-10-10 00:35:46,-110.9540,41.2908,  14.4,28624,-52.9,-80.9,-76.1,  2,  4, 0.04,253,17.0
2025-10-10 00:35:47,-110.9537,41.2908,  14.4,28631,-52.9,-80.9,-76.1,  2,  4, 0.04,253,17.1
2025-10-10 00:35:48,-110.9535,41.2909,  14.3,28637,-52.9,-80.8,-76.1,  2,  4, 0.04,253,17.3
2025-10-10 00:35:49,-110.9533,41.2909,  14.3,28643,-52.8,-80.8,-76.1,  2,  4, 0.04,253,17.5
2025-10-10 00:35:50,-110.9531,41.2910,  14.3,28650,-52.8,-80.8,-76.1,  2,  4, 0.04,253,17.6
2025-10-10 00:35:51,-110.9529,41.2910,  14.3,28656,-52.8,-80.8,-76.0,  2,  4, 0.04,253,17.8
2025-10-10 00:35:52,-110.9527,41.2911,  14.3,28662,-52.8,-80.8,-76.0,  2,  4, 0.05,252,18.0
2025-10-10 00:35:53,-110.9525,41.2911,  14.3,28668,-52.7,-80.8,-76.0,  2,  4, 0.05,252,18.1
2025-10-10 00:35:54,-110.9523,41.2912,  14.3,28674,-52.7,-80.7,-76.0,  2,  4, 0.05,252,18.3
2025-10-10 00:35:55,-110.9521,41.2912,  14.2,28680,-52.7,-80.7,-76.0,  2,  4, 0.05,252,18.5
2025-10-10 00:35:56,-110.9519,41.2912,  14.2,28686,-52.7,-80.7,-76.0,  2,  4, 0.05,252,18.6
2025-10-10 00:35:57,-110.9517,41.2913,  14.2,28692,-52.6,-80.7,-75.9,  2,  4, 0.05,252,18.8
2025-10-10 00:35:58,-110.9515,41.2914,  14.2,28698,-52.6,-80.7,-75.9,  2,  4, 0.05,251,19.0
2025-10-10 00:35:59,-110.9512,41.2914,  14.2,28704,-52.6,-80.6,-75.9,  2,  4, 0.05,251,19.1
2025-10-10 00:36:00,-110.9510,41.2915,  14.2,28710,-52.5,-80.6,-75.9,  2,  4, 0.05,251,19.3
2025-10-10 00:36:01,-110.9508,41.2916,  14.2,28716,-52.5,-80.6,-75.8,  2,  4, 0.05,251,19.5
2025-10-10 00:36:02,-110.9506,41.2916,  14.1,28722,-52.5,-80.6,-75.8,  2,  4, 0.05,251,19.6
2025-10-10 00:36:03,-110.9504,41.2917,  14.1,28729,-52.4,-80.5,-75.8,  2,  4, 0.05,251,19.8
2025-10-10 00:36:04,-110.9502,41.2918,  14.1,28735,-52.4,-80.5,-75.8,  2,  4, 0.05,250,20.0
2025-10-10 00:36:05,-110.9499,41.2919,  14.1,28741,-52.4,-80.5,-75.7,  2,  4, 0.05,250,20.1
2025-10-10 00:36:06,-110.9497,41.2919,  14.1,28747,-52.3,-80.5,-75.7,  2,  4, 0.05,250,20.3
2025-10-10 00:36:07,-110.9495,41.2920,  14.1,28754,-52.3,-80.4,-75.7,  2,  4, 0.05,250,20.5
2025-10-10 00:36:08,-110.9493,41.2921,  14.1,28760,-52.3,-80.4,-75.7,  2,  4, 0.05,250,20.4
2025-10-10 00:36:09,-110.9491,41.2922,  14.1,28767,-52.2,-80.4,-75.6,  2,  4, 0.05,249,20.4
2025-10-10 00:36:10,-110.9489,41.2922,  14.0,28773,-52.2,-80.4,-75.6,  2,  4, 0.05,249,20.3
2025-10-10 00:36:11,-110.9487,41.2923,  14.0,28780,-52.1,-80.3,-75.6,  2,  4, 0.05,249,20.3
2025-10-10 00:36:12,-110.9484,41.2924,  14.0,28787,-52.1,-80.3,-75.5,  2,  4, 0.05,248,20.2
2025-10-10 00:36:13,-110.9482,41.2925,  14.0,28793,-52.0,-80.2,-75.5,  2,  4, 0.05,248,20.2
2025-10-10 00:36:14,-110.9480,41.2925,  14.0,28800,-51.9,-80.2,-75.5,  2,  4, 0.05,248,20.2
2025-10-10 00:36:15,-110.9478,41.2926,  14.0,28807,-51.9,-80.2,-75.4,  2,  4, 0.05,247,20.1
2025-10-10 00:36:16,-110.9476,41.2927,  13.9,28814,-51.8,-80.1,-75.4,  2,  4, 0.05,247,20.1
2025-10-10 00:36:17,-110.9474,41.2928,  13.9,28820,-51.8,-80.1,-75.4,  2,  4, 0.05,247,20.0
2025-10-10 00:36:18,-110.9472,41.2928,  13.9,28827,-51.7,-80.1,-75.3,  2,  4, 0.05,246,20.0
2025-10-10 00:36:19,-110.9469,41.2929,  13.9,28834,-51.7,-80.0,-75.3,  2,  4, 0.05,246,20.0
2025-10-10 00:36:20,-110.9467,41.2930,  13.9,28841,-51.6,-80.0,-75.2,  2,  4, 0.05,246,19.9
2025-10-10 00:36:21,-110.9465,41.2931,  13.9,28848,-51.6,-79.9,-75.2,  2,  4, 0.05,245,19.9
2025-10-10 00:36:22,-110.9463,41.2931,  13.9,28854,-51.5,-79.9,-75.1,  2,  4, 0.05,245,19.8
2025-10-10 00:36:23,-110.9461,41.2932,  13.9,28860,-51.5,-79.9,-75.1,  2,  4, 0.05,245,19.8
2025-10-10 00:36:24,-110.9459,41.2933,  13.8,28866,-51.4,-79.8,-75.1,  2,  4, 0.05,244,19.8
2025-10-10 00:36:25,-110.9457,41.2934,  13.8,28873,-51.4,-79.8,-75.0,  2,  4, 0.05,244,19.7
2025-10-10 00:36:26,-110.9454,41.2934,  13.8,28879,-51.3,-79.7,-75.0,  2,  4, 0.05,243,19.7
2025-10-10 00:36:27,-110.9452,41.2935,  13.8,28885,-51.3,-79.7,-74.9,  2,  4, 0.06,243,19.7
2025-10-10 00:36:28,-110.9450,41.2936,  13.8,28891,-51.2,-79.6,-74.9,  2,  4, 0.06,243,19.7
2025-10-10 00:36:29,-110.9448,41.2937,  13.8,28897,-51.2,-79.6,-74.8,  2,  4, 0.06,243,19.7
2025-10-10 00:36:30,-110.9446,41.2938,  13.8,28903,-51.1,-79.5,-74.8,  2,  4, 0.06,242,19.7
2025-10-10 00:36:31,-110.9444,41.2938,  13.7,28909,-51.1,-79.5,-74.8,  2,  4, 0.06,242,19.6
2025-10-10 00:36:32,-110.9442,41.2939,  13.7,28915,-51.0,-79.5,-74.7,  2,  4, 0.06,242,19.6
2025-10-10 00:36:33,-110.9440,41.2940,  13.7,28921,-51.0,-79.4,-74.7,  2,  4, 0.06,241,19.6
2025-10-10 00:36:34,-110.9438,41.2941,  13.7,28927,-50.9,-79.4,-74.6,  2,  4, 0.06,241,19.6
2025-10-10 00:36:35,-110.9436,41.2942,  13.7,28934,-50.8,-79.3,-74.6,  2,  4, 0.06,241,19.6
2025-10-10 00:36:36,-110.9434,41.2942,  13.7,28941,-50.8,-79.3,-74.6,  2,  4, 0.06,241,19.6
2025-10-10 00:36:37,-110.9432,41.2943,  13.7,28948,-50.8,-79.3,-74.5,  2,  4, 0.06,240,19.6
2025-10-10 00:36:38,-110.9430,41.2944,  13.7,28955,-50.7,-79.2,-74.5,  2,  4, 0.06,240,19.6
2025-10-10 00:36:39,-110.9428,41.2945,  13.6,28962,-50.7,-79.2,-74.5,  2,  4, 0.06,240,19.6
2025-10-10 00:36:40,-110.9426,41.2946,  13.6,28968,-50.6,-79.2,-74.4,  2,  4, 0.06,240,19.6
2025-10-10 00:36:41,-110.9424,41.2947,  13.6,28975,-50.6,-79.1,-74.4,  2,  4, 0.06,239,19.6
2025-10-10 00:36:42,-110.9422,41.2947,  13.6,28981,-50.5,-79.1,-74.4,  2,  4, 0.06,239,19.6
2025-10-10 00:36:43,-110.9420,41.2948,  13.6,28987,-50.5,-79.1,-74.3,  2,  4, 0.06,239,19.6
2025-10-10 00:36:44,-110.9418,41.2949,  13.6,28994,-50.5,-79.1,-74.3,  2,  4, 0.06,238,19.6
2025-10-10 00:36:45,-110.9416,41.2950,  13.6,29000,-50.4,-79.0,-74.3,  2,  4, 0.06,238,19.6
2025-10-10 00:36:46,-110.9414,41.2951,  13.5,29007,-50.4,-79.0,-74.2,  2,  4, 0.06,238,19.6
2025-10-10 00:36:47,-110.9412,41.2951,  13.5,29013,-50.3,-79.0,-74.2,  2,  4, 0.06,238,19.6
2025-10-10 00:36:48,-110.9410,41.2952,  13.5,29020,-50.3,-78.9,-74.2,  2,  4, 0.06,238,19.6
2025-10-10 00:36:49,-110.9408,41.2953,  13.5,29026,-50.2,-78.9,-74.2,  2,  4, 0.06,239,19.5
2025-10-10 00:36:50,-110.9406,41.2954,  13.5,29032,-50.2,-78.9,-74.1,  2,  4, 0.06,239,19.5
2025-10-10 00:36:51,-110.9404,41.2955,  13.5,29039,-50.2,-78.9,-74.1,  2,  4, 0.06,240,19.4
2025-10-10 00:36:52,-110.9402,41.2956,  13.5,29045,-50.1,-78.8,-74.1,  2,  4, 0.06,240,19.4
2025-10-10 00:36:53,-110.9400,41.2956,  13.4,29052,-50.1,-78.8,-74.1,  2,  4, 0.06,241,19.3
2025-10-10 00:36:54,-110.9398,41.2957,  13.4,29058,-50.0,-78.8,-74.1,  2,  4, 0.07,241,19.3
2025-10-10 00:36:55,-110.9396,41.2958,  13.4,29064,-50.0,-78.8,-74.0,  2,  4, 0.07,242,19.3
2025-10-10 00:36:56,-110.9394,41.2959,  13.4,29070,-49.9,-78.8,-74.0,  2,  4, 0.07,242,19.2
2025-10-10 00:36:57,-110.9392,41.2960,  13.4,29076,-49.9,-78.7,-74.0,  2,  4, 0.07,243,19.2
2025-10-10 00:36:58,-110.9390,41.2960,  13.4,29082,-49.9,-78.7,-74.0,  2,  4, 0.07,243,19.2
2025-10-10 00:36:59,-110.9389,41.2961,  13.4,29088,-49.8,-78.7,-73.9,  2,  4, 0.07,244,19.1
2025-10-10 00:37:00,-110.9385,41.2961,  13.4,29092,-49.8,-78.7,-73.9,  2,  4, 0.07,244,19.1
2025-10-10 00:37:01,-110.9383,41.2962,  13.3,29101,-49.7,-78.6,-73.9,  2,  4, 0.07,245,19.1
2025-10-10 00:37:02,-110.9381,41.2962,  13.3,29108,-49.7,-78.6,-73.8,  2,  4, 0.07,245,19.1
2025-10-10 00:37:03,-110.9378,41.2962,  13.3,29115,-49.7,-78.6,-73.8,  2,  4, 0.07,246,19.0
2025-10-10 00:37:04,-110.9376,41.2963,  13.3,29122,-49.6,-78.5,-73.8,  2,  4, 0.07,246,19.0
2025-10-10 00:37:05,-110.9373,41.2963,  13.3,29129,-49.6,-78.5,-73.8,  2,  4, 0.07,247,19.0
2025-10-10 00:37:06,-110.9371,41.2964,  13.3,29136,-49.6,-78.5,-73.7,  2,  4, 0.07,247,19.0
2025-10-10 00:37:07,-110.9369,41.2964,  13.3,29142,-49.6,-78.5,-73.7,  2,  4, 0.07,248,18.9
2025-10-10 00:37:08,-110.9366,41.2964,  13.3,29149,-49.5,-78.4,-73.7,  2,  4, 0.07,248,19.0
2025-10-10 00:37:09,-110.9364,41.2965,  13.2,29155,-49.5,-78.4,-73.7,  2,  4, 0.07,249,19.1
2025-10-10 00:37:10,-110.9361,41.2965,  13.2,29161,-49.5,-78.4,-73.7,  2,  4, 0.07,250,19.2
2025-10-10 00:37:11,-110.9359,41.2965,  13.2,29168,-49.4,-78.4,-73.6,  2,  4, 0.07,250,19.3
2025-10-10 00:37:12,-110.9357,41.2966,  13.2,29174,-49.4,-78.3,-73.6,  2,  4, 0.07,251,19.4
2025-10-10 00:37:13,-110.9354,41.2966,  13.2,29180,-49.4,-78.3,-73.6,  2,  4, 0.07,251,19.5
2025-10-10 00:37:14,-110.9352,41.2966,  13.2,29187,-49.4,-78.3,-73.6,  2,  4, 0.07,252,19.6
2025-10-10 00:37:15,-110.9350,41.2967,  13.2,29193,-49.3,-78.3,-73.5,  2,  4, 0.07,253,19.8
2025-10-10 00:37:16,-110.9347,41.2967,  13.1,29200,-49.3,-78.3,-73.5,  2,  4, 0.07,253,19.9
2025-10-10 00:37:17,-110.9345,41.2968,  13.1,29206,-49.3,-78.2,-73.5,  2,  4, 0.07,254,20.0
2025-10-10 00:37:18,-110.9342,41.2968,  13.1,29213,-49.3,-78.2,-73.5,  2,  4, 0.07,254,20.1
2025-10-10 00:37:19,-110.9340,41.2968,  13.1,29219,-49.3,-78.2,-73.5,  2,  4, 0.07,255,20.2
2025-10-10 00:37:20,-110.9338,41.2969,  13.1,29226,-49.2,-78.2,-73.5,  2,  4, 0.07,255,20.3
2025-10-10 00:37:21,-110.9335,41.2969,  13.1,29233,-49.2,-78.2,-73.5,  2,  4, 0.07,256,20.4
2025-10-10 00:37:22,-110.9333,41.2970,  13.1,29239,-49.2,-78.2,-73.5,  2,  4, 0.07,256,20.6
2025-10-10 00:37:23,-110.9330,41.2970,  13.1,29246,-49.2,-78.2,-73.4,  2,  4, 0.07,257,20.7
2025-10-10 00:37:24,-110.9328,41.2970,  13.0,29252,-49.2,-78.2,-73.4,  2,  4, 0.07,257,20.8
2025-10-10 00:37:25,-110.9326,41.2971,  13.0,29259,-49.2,-78.2,-73.4,  2,  4, 0.07,258,20.9
2025-10-10 00:37:26,-110.9323,41.2971,  13.0,29266,-49.2,-78.1,-73.4,  2,  4, 0.07,258,21.1
2025-10-10 00:37:27,-110.9321,41.2971,  13.0,29273,-49.1,-78.1,-73.4,  2,  4, 0.07,259,21.2
2025-10-10 00:37:28,-110.9318,41.2972,  13.0,29279,-49.1,-78.1,-73.4,  2,  4, 0.07,259,21.2
2025-10-10 00:37:29,-110.9316,41.2972,  13.0,29287,-49.1,-78.1,-73.4,  2,  4, 0.07,259,21.3
2025-10-10 00:37:30,-110.9313,41.2972,  13.0,29292,-49.1,-78.1,-73.4,  2,  4, 0.07,260,21.4
2025-10-10 00:37:31,-110.9311,41.2972,  13.0,29298,-49.1,-78.1,-73.4,  2,  4, 0.07,260,21.4
2025-10-10 00:37:32,-110.9308,41.2973,  12.9,29304,-49.1,-78.1,-73.4,  2,  4, 0.08,260,21.5
2025-10-10 00:37:33,-110.9305,41.2973,  12.9,29310,-49.1,-78.1,-73.4,  2,  4, 0.08,260,21.6
2025-10-10 00:37:34,-110.9303,41.2973,  12.9,29317,-49.1,-78.1,-73.4,  2,  4, 0.08,261,21.6
2025-10-10 00:37:35,-110.9300,41.2973,  12.9,29323,-49.1,-78.1,-73.4,  2,  4, 0.08,261,21.7
2025-10-10 00:37:36,-110.9297,41.2973,  12.9,29329,-49.1,-78.1,-73.4,  2,  4, 0.08,261,21.8
2025-10-10 00:37:37,-110.9295,41.2973,  12.9,29335,-49.1,-78.1,-73.4,  2,  4, 0.08,261,21.8
2025-10-10 00:37:38,-110.9292,41.2973,  12.9,29341,-49.1,-78.1,-73.4,  2,  4, 0.08,262,21.9
2025-10-10 00:37:39,-110.9289,41.2974,  12.9,29347,-49.1,-78.1,-73.4,  2,  4, 0.08,262,22.0
2025-10-10 00:37:40,-110.9287,41.2974,  12.8,29356,-49.1,-78.1,-73.4,  2,  4, 0.08,262,22.0
2025-10-10 00:37:41,-110.9284,41.2974,  12.8,29360,-49.1,-78.1,-73.4,  2,  4, 0.08,262,22.1
2025-10-10 00:37:42,-110.9282,41.2974,  12.8,29367,-49.1,-78.1,-73.4,  2,  4, 0.08,263,22.2
2025-10-10 00:37:43,-110.9279,41.2974,  12.8,29373,-49.1,-78.1,-73.4,  2,  4, 0.08,263,22.2
2025-10-10 00:37:44,-110.9276,41.2974,  12.8,29380,-49.1,-78.1,-73.4,  2,  4, 0.08,263,22.3
2025-10-10 00:37:45,-110.9274,41.2974,  12.8,29386,-49.1,-78.2,-73.4,  2,  4, 0.08,263,22.4
2025-10-10 00:37:46,-110.9271,41.2975,  12.8,29393,-49.1,-78.2,-73.4,  2,  4, 0.08,263,22.4
2025-10-10 00:37:47,-110.9268,41.2975,  12.8,29399,-49.2,-78.2,-73.5,  2,  4, 0.08,264,22.5
2025-10-10 00:37:48,-110.9266,41.2975,  12.7,29406,-49.2,-78.2,-73.5,  2,  4, 0.08,264,22.5
2025-10-10 00:37:49,-110.9263,41.2975,  12.7,29413,-49.2,-78.2,-73.5,  2,  4, 0.08,264,22.4
2025-10-10 00:37:50,-110.9260,41.2975,  12.7,29420,-49.2,-78.2,-73.5,  2,  4, 0.08,264,22.4
2025-10-10 00:37:51,-110.9258,41.2975,  12.7,29427,-49.2,-78.2,-73.5,  2,  4, 0.07,264,22.3
2025-10-10 00:37:52,-110.9254,41.2975,  12.7,29434,-49.2,-78.3,-73.5,  2,  4, 0.07,265,22.3
2025-10-10 00:37:53,-110.9253,41.2975,  12.7,29442,-49.2,-78.3,-73.6,  2,  4, 0.07,265,22.3
2025-10-10 00:37:54,-110.9250,41.2976,  12.7,29446,-49.2,-78.3,-73.6,  2,  4, 0.07,265,22.2
2025-10-10 00:37:55,-110.9247,41.2976,  12.6,29453,-49.2,-78.3,-73.6,  2,  4, 0.07,265,22.2
2025-10-10 00:37:56,-110.9245,41.2976,  12.6,29459,-49.2,-78.3,-73.6,  2,  4, 0.07,265,22.1
2025-10-10 00:37:57,-110.9242,41.2976,  12.6,29466,-49.2,-78.3,-73.6,  2,  4, 0.07,266,22.1
2025-10-10 00:37:58,-110.9239,41.2976,  12.6,29472,-49.2,-78.3,-73.6,  2,  4, 0.07,266,22.1
2025-10-10 00:37:59,-110.9237,41.2976,  12.6,29479,-49.3,-78.3,-73.6,  2,  4, 0.07,266,22.0
2025-10-10 00:38:00,-110.9235,41.2976,  12.6,29486,-49.3,-78.3,-73.6,  2,  4, 0.07,266,22.0
2025-10-10 00:38:01,-110.9232,41.2977,  12.6,29492,-49.3,-78.3,-73.6,  2,  4, 0.07,266,22.0
2025-10-10 00:38:02,-110.9230,41.2977,  12.6,29499,-49.3,-78.3,-73.6,  2,  4, 0.07,267,21.9
2025-10-10 00:38:03,-110.9228,41.2977,  12.5,29506,-49.3,-78.3,-73.6,  2,  4, 0.08,267,21.9
2025-10-10 00:38:04,-110.9226,41.2977,  12.5,29513,-49.3,-78.3,-73.6,  2,  4, 0.08,267,21.8
2025-10-10 00:38:05,-110.9224,41.2977,  12.5,29520,-49.3,-78.3,-73.6,  2,  4, 0.08,267,21.8
2025-10-10 00:38:06,-110.9221,41.2977,  12.5,29526,-49.3,-78.3,-73.6,  2,  4, 0.08,267,21.8
2025-10-10 00:38:07,-110.9219,41.2977,  12.5,29533,-49.3,-78.3,-73.6,  2,  4, 0.08,268,21.7
2025-10-10 00:38:08,-110.9217,41.2977,  12.5,29540,-49.3,-78.3,-73.6,  2,  4, 0.08,267,21.6
2025-10-10 00:38:09,-110.9215,41.2977,  12.5,29547,-49.3,-78.3,-73.6,  2,  4, 0.08,267,21.4
2025-10-10 00:38:10,-110.9213,41.2978,  12.5,29555,-49.3,-78.3,-73.6,  2,  4, 0.08,267,21.2
2025-10-10 00:38:11,-110.9210,41.2978,  12.4,29561,-49.3,-78.3,-73.6,  2,  4, 0.08,267,21.0
2025-10-10 00:38:12,-110.9208,41.2978,  12.4,29568,-49.2,-78.3,-73.5,  2,  4, 0.08,267,20.9
2025-10-10 00:38:13,-110.9206,41.2978,  12.4,29575,-49.2,-78.3,-73.5,  2,  4, 0.08,267,20.7
2025-10-10 00:38:14,-110.9204,41.2978,  12.4,29581,-49.2,-78.3,-73.5,  2,  4, 0.08,267,20.5
2025-10-10 00:38:15,-110.9201,41.2978,  12.4,29588,-49.2,-78.2,-73.5,  2,  4, 0.08,267,20.3
2025-10-10 00:38:16,-110.9199,41.2978,  12.4,29594,-49.2,-78.2,-73.5,  2,  4, 0.08,267,20.2
2025-10-10 00:38:17,-110.9197,41.2978,  12.4,29600,-49.2,-78.2,-73.5,  2,  4, 0.08,266,20.0
2025-10-10 00:38:18,-110.9195,41.2978,  12.4,29607,-49.2,-78.2,-73.5,  2,  4, 0.08,266,19.8
2025-10-10 00:38:19,-110.9193,41.2979,  12.3,29614,-49.2,-78.2,-73.5,  2,  4, 0.08,266,19.7
2025-10-10 00:38:20,-110.9190,41.2979,  12.3,29621,-49.2,-78.2,-73.5,  2,  4, 0.08,266,19.5
2025-10-10 00:38:21,-110.9188,41.2979,  12.3,29628,-49.2,-78.2,-73.5,  2,  4, 0.08,266,19.3
2025-10-10 00:38:22,-110.9186,41.2979,  12.3,29636,-49.1,-78.2,-73.4,  2,  4, 0.08,266,19.1
2025-10-10 00:38:23,-110.9184,41.2979,  12.3,29643,-49.1,-78.2,-73.4,  2,  4, 0.08,266,19.0
2025-10-10 00:38:24,-110.9181,41.2979,  12.3,29650,-49.1,-78.1,-73.4,  2,  4, 0.08,266,18.8
2025-10-10 00:38:25,-110.9179,41.2979,  12.3,29655,-49.1,-78.1,-73.4,  2,  4, 0.08,265,18.6
2025-10-10 00:38:26,-110.9177,41.2979,  12.3,29660,-49.1,-78.1,-73.4,  2,  4, 0.08,265,18.4
2025-10-10 00:38:27,-110.9175,41.2979,  12.2,29665,-49.0,-78.1,-73.4,  2,  4, 0.08,265,18.3
2025-10-10 00:38:28,-110.9173,41.2980,  12.2,29671,-49.0,-78.1,-73.3,  2,  4, 0.08,265,18.2
2025-10-10 00:38:29,-110.9170,41.2980,  12.2,29676,-49.0,-78.0,-73.3,  2,  4, 0.08,264,18.1
2025-10-10 00:38:30,-110.9168,41.2980,  12.2,29683,-49.0,-78.0,-73.3,  2,  4, 0.08,264,18.1
2025-10-10 00:38:31,-110.9166,41.2981,  12.2,29690,-48.9,-78.0,-73.3,  2,  4, 0.08,263,18.0
2025-10-10 00:38:32,-110.9164,41.2981,  12.2,29697,-48.9,-78.0,-73.2,  2,  4, 0.08,263,17.9
2025-10-10 00:38:33,-110.9162,41.2982,  12.2,29705,-48.9,-77.9,-73.2,  2,  4, 0.08,262,17.8
2025-10-10 00:38:34,-110.9160,41.2982,  12.2,29712,-48.9,-77.9,-73.2,  2,  4, 0.08,262,17.8
2025-10-10 00:38:35,-110.9158,41.2983,  12.1,29719,-48.8,-77.9,-73.2,  2,  4, 0.08,261,17.7
2025-10-10 00:38:36,-110.9156,41.2983,  12.1,29726,-48.8,-77.9,-73.1,  2,  4, 0.08,261,17.6
2025-10-10 00:38:37,-110.9154,41.2984,  12.1,29732,-48.8,-77.8,-73.1,  2,  4, 0.08,260,17.6
2025-10-10 00:38:38,-110.9152,41.2984,  12.1,29739,-48.7,-77.8,-73.1,  2,  4, 0.08,259,17.5
2025-10-10 00:38:39,-110.9150,41.2985,  12.1,29745,-48.7,-77.8,-73.0,  2,  4, 0.08,259,17.5
2025-10-10 00:38:40,-110.9148,41.2985,  12.1,29752,-48.7,-77.7,-73.0,  2,  4, 0.08,258,17.4
2025-10-10 00:38:41,-110.9146,41.2986,  12.1,29758,-48.7,-77.7,-73.0,  2,  4, 0.09,258,17.3
2025-10-10 00:38:42,-110.9144,41.2986,  12.1,29765,-48.6,-77.7,-73.0,  2,  4, 0.09,257,17.3
2025-10-10 00:38:43,-110.9142,41.2987,  12.1,29771,-48.6,-77.7,-72.9,  2,  4, 0.09,257,17.2
2025-10-10 00:38:44,-110.9140,41.2987,  12.0,29777,-48.6,-77.6,-72.9,  2,  4, 0.09,256,17.2
2025-10-10 00:38:45,-110.9138,41.2988,  12.0,29783,-48.5,-77.6,-72.9,  2,  4, 0.09,256,17.1
2025-10-10 00:38:46,-110.9136,41.2988,  12.0,29789,-48.5,-77.6,-72.8,  2,  4, 0.09,255,17.1
2025-10-10 00:38:47,-110.9134,41.2989,  12.0,29795,-48.5,-77.5,-72.8,  2,  4, 0.09,254,17.0
2025-10-10 00:38:48,-110.9132,41.2990,  12.0,29801,-48.5,-77.5,-72.8,  2,  4, 0.09,254,17.2
2025-10-10 00:38:49,-110.9130,41.2990,  12.0,29807,-48.4,-77.5,-72.8,  2,  4, 0.09,253,17.3
2025-10-10 00:38:50,-110.9128,41.2991,  12.0,29813,-48.4,-77.5,-72.7,  2,  4, 0.09,253,17.4
2025-10-10 00:38:51,-110.9126,41.2991,  12.0,29820,-48.4,-77.4,-72.7,  2,  4, 0.09,252,17.6
2025-10-10 00:38:52,-110.9124,41.2992,  11.9,29826,-48.4,-77.4,-72.7,  2,  4, 0.09,252,17.7
2025-10-10 00:38:53,-110.9122,41.2992,  11.9,29832,-48.3,-77.4,-72.7,  2,  4, 0.09,252,17.9
2025-10-10 00:38:54,-110.9120,41.2993,  11.9,29839,-48.3,-77.4,-72.6,  2,  4, 0.09,251,18.0
2025-10-10 00:38:55,-110.9118,41.2993,  11.9,29845,-48.3,-77.4,-72.6,  2,  4, 0.09,251,18.1
2025-10-10 00:38:56,-110.9116,41.2994,  11.9,29851,-48.3,-77.3,-72.6,  2,  4, 0.09,250,18.3
2025-10-10 00:38:57,-110.9114,41.2994,  11.9,29858,-48.2,-77.3,-72.6,  2,  4, 0.09,250,18.4
2025-10-10 00:38:58,-110.9112,41.2995,  11.9,29864,-48.2,-77.3,-72.6,  2,  4, 0.09,249,18.6
2025-10-10 00:38:59,-110.9111,41.2995,  11.9,29871,-48.2,-77.3,-72.6,  2,  4, 0.09,249,18.7
2025-10-10 00:39:00,-110.9108,41.2996,  11.9,29876,-48.2,-77.3,-72.5,  2,  4, 0.09,249,18.8
2025-10-10 00:39:01,-110.9106,41.2997,  11.8,29885,-48.1,-77.2,-72.5,  2,  4, 0.09,248,19.0
2025-10-10 00:39:02,-110.9103,41.2997,  11.8,29892,-48.1,-77.2,-72.5,  2,  4, 0.09,248,19.1
2025-10-10 00:39:03,-110.9101,41.2998,  11.8,29899,-48.1,-77.2,-72.5,  2,  4, 0.09,247,19.3
2025-10-10 00:39:04,-110.9099,41.2999,  11.8,29906,-48.1,-77.2,-72.5,  2,  4, 0.09,247,19.4
2025-10-10 00:39:05,-110.9097,41.2999,  11.8,29913,-48.0,-77.2,-72.5,  2,  4, 0.09,247,19.6
2025-10-10 00:39:06,-110.9094,41.3000,  11.8,29919,-48.0,-77.2,-72.5,  2,  4, 0.09,246,19.7
2025-10-10 00:39:07,-110.9092,41.3000,  11.8,29925,-48.0,-77.2,-72.4,  2,  4, 0.10,246,19.9
2025-10-10 00:39:08,-110.9090,41.3001,  11.8,29931,-48.0,-77.1,-72.4,  2,  4, 0.10,246,19.9
2025-10-10 00:39:09,-110.9087,41.3002,  11.7,29938,-48.0,-77.1,-72.4,  2,  4, 0.10,246,19.9
2025-10-10 00:39:10,-110.9085,41.3002,  11.7,29944,-47.9,-77.1,-72.4,  2,  4, 0.10,246,20.0
2025-10-10 00:39:11,-110.9083,41.3003,  11.7,29950,-47.9,-77.1,-72.4,  2,  4, 0.10,246,20.0
2025-10-10 00:39:12,-110.9081,41.3004,  11.7,29957,-47.9,-77.1,-72.4,  2,  4, 0.10,246,20.0
2025-10-10 00:39:13,-110.9078,41.3004,  11.7,29963,-47.9,-77.1,-72.4,  2,  4, 0.10,247,20.1
2025-10-10 00:39:14,-110.9076,41.3005,  11.7,29969,-47.8,-77.1,-72.4,  2,  4, 0.10,247,20.1
2025-10-10 00:39:15,-110.9074,41.3006,  11.7,29975,-47.8,-77.1,-72.3,  2,  4, 0.10,247,20.1
2025-10-10 00:39:16,-110.9072,41.3006,  11.7,29982,-47.8,-77.0,-72.3,  2,  4, 0.10,247,20.1
2025-10-10 00:39:17,-110.9069,41.3007,  11.7,29988,-47.8,-77.0,-72.3,  2,  4, 0.10,247,20.2
2025-10-10 00:39:18,-110.9067,41.3007,  11.6,29994,-47.8,-77.0,-72.3,  2,  4, 0.10,247,20.2
2025-10-10 00:39:19,-110.9065,41.3008,  11.6,30000,-47.7,-77.0,-72.3,  2,  4, 0.10,247,20.2
2025-10-10 00:39:20,-110.9063,41.3009,  11.6,30006,-47.7,-77.0,-72.3,  2,  4, 0.10,247,20.2
2025-10-10 00:39:21,-110.9060,41.3009,  11.6,30013,-47.7,-77.0,-72.2,  2,  4, 0.10,247,20.3
2025-10-10 00:39:22,-110.9058,41.3010,  11.6,30019,-47.7,-76.9,-72.2,  2,  4, 0.10,247,20.3
2025-10-10 00:39:23,-110.9056,41.3011,  11.6,30025,-47.6,-76.9,-72.2,  2,  4, 0.10,248,20.3
2025-10-10 00:39:24,-110.9053,41.3011,  11.6,30031,-47.6,-76.9,-72.2,  2,  4, 0.10,248,20.3
2025-10-10 00:39:25,-110.9051,41.3012,  11.6,30038,-47.6,-76.9,-72.2,  2,  4, 0.10,248,20.4
2025-10-10 00:39:26,-110.9049,41.3013,  11.6,30044,-47.6,-76.9,-72.2,  2,  4, 0.10,248,20.4
2025-10-10 00:39:27,-110.9047,41.3013,  11.6,30050,-47.5,-76.9,-72.1,  2,  4, 0.10,248,20.4
2025-10-10 00:39:28,-110.9044,41.3014,  11.5,30056,-47.5,-76.9,-72.1,  2,  4, 0.10,248,20.4
2025-10-10 00:39:29,-110.9042,41.3014,  11.5,30062,-47.5,-76.8,-72.1,  2,  4, 0.10,249,20.3
2025-10-10 00:39:30,-110.9040,41.3015,  11.5,30069,-47.5,-76.8,-72.1,  2,  4, 0.10,249,20.3
2025-10-10 00:39:31,-110.9038,41.3016,  11.5,30075,-47.5,-76.8,-72.1,  2,  4, 0.10,250,20.2
2025-10-10 00:39:32,-110.9035,41.3016,  11.5,30081,-47.4,-76.8,-72.1,  2,  4, 0.10,250,20.2
2025-10-10 00:39:33,-110.9033,41.3017,  11.5,30087,-47.4,-76.8,-72.0,  2,  4, 0.10,251,20.1
2025-10-10 00:39:34,-110.9031,41.3017,  11.5,30093,-47.4,-76.8,-72.0,  2,  4, 0.10,251,20.1
2025-10-10 00:39:35,-110.9029,41.3017,  11.5,30099,-47.4,-76.7,-72.0,  2,  4, 0.10,252,20.1
2025-10-10 00:39:36,-110.9026,41.3017,  11.5,30105,-47.3,-76.7,-72.0,  2,  4, 0.10,252,20.0
2025-10-10 00:39:37,-110.9024,41.3018,  11.4,30110,-47.3,-76.7,-72.0,  2,  4, 0.11,253,20.0
2025-10-10 00:39:38,-110.9022,41.3018,  11.4,30115,-47.3,-76.7,-72.0,  2,  4, 0.11,253,20.0
2025-10-10 00:39:39,-110.9020,41.3018,  11.4,30121,-47.3,-76.7,-72.0,  2,  4, 0.11,254,19.9
2025-10-10 00:39:40,-110.9017,41.3018,  11.4,30126,-47.3,-76.7,-71.9,  2,  4, 0.11,254,19.9
2025-10-10 00:39:41,-110.9015,41.3019,  11.4,30132,-47.2,-76.6,-71.9,  2,  4, 0.11,255,19.9
2025-10-10 00:39:42,-110.9013,41.3019,  11.4,30138,-47.2,-76.6,-71.9,  2,  4, 0.11,255,19.8
2025-10-10 00:39:43,-110.9011,41.3019,  11.4,30145,-47.2,-76.6,-71.9,  2,  4, 0.11,256,19.8
2025-10-10 00:39:44,-110.9009,41.3019,  11.4,30151,-47.2,-76.6,-71.9,  2,  4, 0.11,256,19.8
2025-10-10 00:39:45,-110.9006,41.3019,  11.4,30158,-47.2,-76.6,-71.9,  2,  4, 0.11,257,19.7
2025-10-10 00:39:46,-110.9004,41.3020,  11.4,30164,-47.1,-76.6,-71.9,  2,  4, 0.11,257,19.7
2025-10-10 00:39:47,-110.9002,41.3020,  11.3,30171,-47.1,-76.6,-71.9,  2,  4, 0.11,258,19.7
2025-10-10 00:39:48,-110.9000,41.3020,  11.3,30177,-47.1,-76.6,-71.9,  2,  4, 0.11,258,19.6
2025-10-10 00:39:49,-110.8997,41.3020,  11.3,30184,-47.1,-76.6,-71.9,  2,  4, 0.11,258,19.6
2025-10-10 00:39:50,-110.8995,41.3021,  11.3,30190,-47.1,-76.6,-71.9,  2,  4, 0.11,259,19.5
2025-10-10 00:39:51,-110.8993,41.3021,  11.3,30197,-47.1,-76.6,-71.8,  2,  4, 0.11,259,19.5
2025-10-10 00:39:52,-110.8991,41.3021,  11.3,30203,-47.1,-76.6,-71.8,  2,  4, 0.11,259,19.4
2025-10-10 00:39:53,-110.8988,41.3021,  11.3,30210,-47.0,-76.6,-71.8,  2,  4, 0.11,259,19.3
2025-10-10 00:39:54,-110.8986,41.3021,  11.3,30217,-47.0,-76.6,-71.8,  2,  3, 0.11,260,19.3
2025-10-10 00:39:55,-110.8984,41.3022,  11.3,30223,-47.0,-76.5,-71.8,  2,  3, 0.11,260,19.2
2025-10-10 00:39:56,-110.8982,41.3022,  11.2,30230,-47.0,-76.5,-71.8,  2,  3, 0.11,260,19.2
2025-10-10 00:39:57,-110.8980,41.3022,  11.2,30236,-47.0,-76.5,-71.8,  2,  3, 0.11,261,19.1
2025-10-10 00:39:58,-110.8977,41.3022,  11.2,30242,-47.0,-76.5,-71.8,  2,  3, 0.11,261,19.1
2025-10-10 00:39:59,-110.8975,41.3023,  11.2,30248,-47.0,-76.5,-71.8,  2,  3, 0.11,261,19.0
2025-10-10 00:40:00,-110.8973,41.3023,  11.2,30254,-47.0,-76.5,-71.8,  2,  3, 0.11,262,18.9
2025-10-10 00:40:01,-110.8971,41.3023,  11.2,30260,-47.0,-76.6,-71.8,  2,  3, 0.11,262,18.9
2025-10-10 00:40:02,-110.8968,41.3023,  11.2,30265,-47.0,-76.6,-71.8,  2,  3, 0.11,262,18.8
2025-10-10 00:40:03,-110.8966,41.3024,  11.2,30271,-47.0,-76.6,-71.8,  2,  3, 0.11,263,18.8
2025-10-10 00:40:04,-110.8964,41.3024,  11.2,30277,-47.0,-76.6,-71.8,  2,  3, 0.11,263,18.7
2025-10-10 00:40:05,-110.8962,41.3023,  11.2,30283,-47.0,-76.6,-71.9,  2,  3, 0.11,263,18.7
2025-10-10 00:40:06,-110.8960,41.3023,  11.1,30288,-47.0,-76.6,-71.9,  2,  3, 0.11,263,18.6
2025-10-10 00:40:07,-110.8958,41.3023,  11.1,30294,-47.0,-76.6,-71.9,  2,  3, 0.11,264,18.6
2025-10-10 00:40:08,-110.8956,41.3023,  11.1,30300,-47.0,-76.6,-71.9,  2,  3, 0.11,264,18.5
2025-10-10 00:40:09,-110.8954,41.3023,  11.1,30306,-47.0,-76.6,-71.9,  2,  3, 0.11,265,18.3
2025-10-10 00:40:10,-110.8953,41.3023,  11.1,30312,-47.0,-76.6,-71.9,  2,  3, 0.11,265,18.2
2025-10-10 00:40:11,-110.8950,41.3023,  11.1,30319,-47.0,-76.6,-71.9,  2,  3, 0.11,265,18.1
2025-10-10 00:40:12,-110.8949,41.3023,  11.1,30325,-47.0,-76.6,-71.9,  2,  3, 0.11,266,18.0
2025-10-10 00:40:13,-110.8947,41.3023,  11.1,30331,-47.0,-76.6,-71.9,  2,  3, 0.11,266,17.8
2025-10-10 00:40:14,-110.8945,41.3023,  11.1,30338,-47.0,-76.6,-71.9,  2,  3, 0.11,266,17.7
2025-10-10 00:40:15,-110.8943,41.3023,  11.0,30344,-47.0,-76.6,-71.9,  2,  3, 0.11,267,17.6
2025-10-10 00:40:16,-110.8941,41.3023,  11.0,30350,-47.0,-76.6,-71.9,  2,  3, 0.11,267,17.5
2025-10-10 00:40:17,-110.8939,41.3023,  11.0,30356,-47.0,-76.6,-71.9,  2,  3, 0.11,268,17.4
2025-10-10 00:40:18,-110.8937,41.3023,  11.0,30362,-47.0,-76.6,-71.9,  2,  3, 0.11,268,17.2
2025-10-10 00:40:19,-110.8935,41.3023,  11.0,30368,-47.0,-76.6,-71.9,  2,  3, 0.11,269,17.1
2025-10-10 00:40:20,-110.8933,41.3023,  11.0,30374,-47.0,-76.6,-71.9,  2,  3, 0.11,269,17.0
2025-10-10 00:40:21,-110.8931,41.3023,  11.0,30380,-47.0,-76.7,-71.9,  2,  3, 0.11,269,16.9
2025-10-10 00:40:22,-110.8929,41.3023,  11.0,30386,-47.0,-76.7,-71.9,  2,  3, 0.11,270,16.8
2025-10-10 00:40:23,-110.8927,41.3022,  11.0,30393,-47.0,-76.7,-72.0,  2,  3, 0.11,270,16.7
2025-10-10 00:40:24,-110.8925,41.3022,  11.0,30400,-47.0,-76.7,-72.0,  2,  3, 0.11,271,16.5
2025-10-10 00:40:25,-110.8924,41.3022,  10.9,30407,-47.0,-76.7,-72.0,  2,  3, 0.11,271,16.4
2025-10-10 00:40:26,-110.8922,41.3022,  10.9,30414,-47.0,-76.7,-72.0,  2,  3, 0.11,272,16.3
2025-10-10 00:40:27,-110.8920,41.3022,  10.9,30421,-47.0,-76.7,-72.0,  2,  3, 0.11,272,16.2
2025-10-10 00:40:28,-110.8918,41.3022,  10.9,30427,-47.0,-76.7,-72.0,  2,  3, 0.11,272,16.2
2025-10-10 00:40:29,-110.8916,41.3022,  10.9,30434,-47.0,-76.7,-72.0,  2,  3, 0.11,272,16.2
2025-10-10 00:40:30,-110.8914,41.3022,  10.9,30441,-47.0,-76.8,-72.0,  2,  3, 0.11,273,16.3
2025-10-10 00:40:31,-110.8912,41.3022,  10.9,30447,-47.0,-76.8,-72.1,  2,  3, 0.11,273,16.3
2025-10-10 00:40:32,-110.8910,41.3022,  10.9,30454,-47.0,-76.8,-72.1,  2,  3, 0.11,273,16.3
2025-10-10 00:40:33,-110.8908,41.3021,  10.9,30461,-47.0,-76.8,-72.1,  2,  3, 0.11,273,16.3
2025-10-10 00:40:34,-110.8906,41.3021,  10.8,30468,-47.0,-76.8,-72.1,  2,  3, 0.11,273,16.3
2025-10-10 00:40:35,-110.8904,41.3021,  10.8,30476,-47.0,-76.8,-72.1,  2,  3, 0.11,273,16.3
2025-10-10 00:40:36,-110.8902,41.3021,  10.8,30483,-47.0,-76.8,-72.1,  2,  3, 0.11,273,16.3
2025-10-10 00:40:37,-110.8900,41.3021,  10.8,30491,-47.0,-76.8,-72.1,  2,  3, 0.11,274,16.3
2025-10-10 00:40:38,-110.8898,41.3021,  10.8,30498,-47.0,-76.8,-72.1,  2,  3, 0.11,274,16.4
2025-10-10 00:40:39,-110.8896,41.3021,  10.8,30505,-47.0,-76.8,-72.1,  2,  3, 0.11,274,16.4
2025-10-10 00:40:40,-110.8894,41.3020,  10.8,30511,-47.0,-76.8,-72.1,  2,  3, 0.11,274,16.4
2025-10-10 00:40:41,-110.8892,41.3020,  10.8,30517,-47.0,-76.8,-72.1,  2,  3, 0.11,274,16.4
2025-10-10 00:40:42,-110.8890,41.3020,  10.8,30523,-47.0,-76.8,-72.1,  2,  3, 0.11,274,16.4
2025-10-10 00:40:43,-110.8888,41.3020,  10.7,30530,-47.0,-76.8,-72.1,  2,  3, 0.11,274,16.4
2025-10-10 00:40:44,-110.8886,41.3020,  10.7,30536,-47.0,-76.8,-72.1,  2,  3, 0.11,275,16.4
2025-10-10 00:40:45,-110.8884,41.3020,  10.7,30542,-47.0,-76.8,-72.0,  2,  3, 0.11,275,16.4
2025-10-10 00:40:46,-110.8882,41.3020,  10.7,30548,-47.0,-76.8,-72.0,  2,  3, 0.11,275,16.5
2025-10-10 00:40:47,-110.8880,41.3019,  10.7,30554,-46.9,-76.7,-72.0,  2,  3, 0.11,275,16.5
2025-10-10 00:40:48,-110.8878,41.3019,  10.7,30561,-46.9,-76.7,-72.0,  2,  3, 0.11,275,16.5
2025-10-10 00:40:49,-110.8876,41.3019,  10.7,30567,-46.9,-76.7,-72.0,  2,  3, 0.11,275,16.5
2025-10-10 00:40:50,-110.8874,41.3019,  10.7,30574,-46.9,-76.7,-72.0,  2,  3, 0.11,275,16.5
2025-10-10 00:40:51,-110.8873,41.3019,  10.7,30581,-46.9,-76.7,-72.0,  2,  3, 0.11,274,16.5
2025-10-10 00:40:52,-110.8871,41.3019,  10.7,30584,-46.9,-76.7,-72.0,  2,  3, 0.11,274,16.5
2025-10-10 00:40:53,-110.8868,41.3019,  10.6,30594,-46.9,-76.7,-72.0,  2,  3, 0.11,274,16.5
2025-10-10 00:40:54,-110.8867,41.3018,  10.6,30600,-46.9,-76.7,-72.0,  2,  3, 0.11,274,16.5
2025-10-10 00:40:55,-110.8865,41.3018,  10.6,30607,-46.9,-76.7,-72.0,  2,  3, 0.11,274,16.5
2025-10-10 00:40:56,-110.8863,41.3018,  10.6,30613,-46.9,-76.7,-72.0,  2,  3, 0.11,274,16.5
2025-10-10 00:40:57,-110.8861,41.3018,  10.6,30620,-46.9,-76.7,-72.0,  2,  3, 0.11,274,16.5
2025-10-10 00:40:58,-110.8859,41.3018,  10.6,30626,-46.9,-76.7,-72.0,  2,  3, 0.11,274,16.6
2025-10-10 00:40:59,-110.8857,41.3018,  10.6,30632,-46.9,-76.7,-72.0,  2,  3, 0.11,273,16.6
2025-10-10 00:41:00,-110.8855,41.3017,  10.6,30639,-46.9,-76.7,-72.0,  2,  3, 0.11,273,16.6
2025-10-10 00:41:01,-110.8853,41.3017,  10.6,30645,-46.9,-76.7,-72.0,  2,  3, 0.11,273,16.6
2025-10-10 00:41:02,-110.8851,41.3017,  10.5,30652,-46.9,-76.7,-72.0,  2,  3, 0.11,273,16.6
2025-10-10 00:41:03,-110.8849,41.3017,  10.5,30658,-46.9,-76.7,-72.0,  2,  3, 0.11,273,16.6
2025-10-10 00:41:04,-110.8847,41.3017,  10.5,30664,-47.0,-76.7,-72.0,  2,  3, 0.11,273,16.6
2025-10-10 00:41:05,-110.8845,41.3017,  10.5,30671,-47.0,-76.7,-72.0,  2,  3, 0.11,273,16.6
2025-10-10 00:41:06,-110.8843,41.3017,  10.5,30677,-47.0,-76.8,-72.0,  2,  3, 0.11,272,16.6
2025-10-10 00:41:07,-110.8841,41.3017,  10.5,30684,-47.0,-76.8,-72.0,  2,  3, 0.11,272,16.6
2025-10-10 00:41:08,-110.8838,41.3017,  10.5,30690,-47.0,-76.8,-72.1,  2,  3, 0.11,272,16.6
2025-10-10 00:41:09,-110.8836,41.3017,  10.5,30696,-47.0,-76.8,-72.1,  2,  3, 0.11,272,16.6
2025-10-10 00:41:10,-110.8834,41.3017,  10.5,30703,-47.0,-76.8,-72.1,  2,  3, 0.11,272,16.6
2025-10-10 00:41:11,-110.8832,41.3017,  10.5,30709,-47.0,-76.8,-72.1,  2,  3, 0.11,272,16.6
2025-10-10 00:41:12,-110.8830,41.3017,  10.4,30714,-47.0,-76.8,-72.1,  2,  3, 0.11,272,16.6
2025-10-10 00:41:13,-110.8828,41.3017,  10.4,30719,-47.1,-76.8,-72.1,  2,  3, 0.11,272,16.6
2025-10-10 00:41:14,-110.8826,41.3017,  10.4,30723,-47.1,-76.9,-72.1,  2,  3, 0.11,272,16.6
2025-10-10 00:41:15,-110.8825,41.3017,  10.4,30728,-47.1,-76.9,-72.2,  2,  3, 0.11,271,16.6
2025-10-10 00:41:16,-110.8822,41.3017,  10.4,30731,-47.1,-76.9,-72.2,  2,  3, 0.11,271,16.6
2025-10-10 00:41:17,-110.8820,41.3017,  10.4,30738,-47.1,-76.9,-72.2,  2,  3, 0.11,271,16.6
2025-10-10 00:41:18,-110.8818,41.3017,  10.4,30742,-47.1,-76.9,-72.2,  2,  3, 0.11,271,16.6
2025-10-10 00:41:19,-110.8816,41.3017,  10.4,30747,-47.1,-76.9,-72.2,  2,  3, 0.11,271,16.6
2025-10-10 00:41:20,-110.8814,41.3017,  10.4,30752,-47.1,-76.9,-72.2,  2,  3, 0.11,271,16.6
2025-10-10 00:41:21,-110.8812,41.3017,  10.4,30757,-47.2,-76.9,-72.2,  2,  3, 0.11,271,16.5
2025-10-10 00:41:22,-110.8810,41.3017,  10.4,30767,-47.2,-76.9,-72.2,  2,  3, 0.11,271,16.5
2025-10-10 00:41:23,-110.8808,41.3017,  10.3,30777,-47.2,-76.9,-72.2,  2,  3, 0.11,271,16.5
2025-10-10 00:41:24,-110.8805,41.3017,  10.3,30788,-47.2,-76.9,-72.2,  2,  3, 0.11,270,16.5
2025-10-10 00:41:25,-110.8804,41.3017,  10.3,30798,-47.2,-76.9,-72.2,  2,  3, 0.11,270,16.5
2025-10-10 00:41:26,-110.8801,41.3017,  10.3,30808,-47.2,-76.9,-72.2,  2,  3, 0.11,270,16.5
2025-10-10 00:41:27,-110.8799,41.3016,  10.3,30816,-47.2,-76.9,-72.2,  2,  3, 0.11,270,16.5
2025-10-10 00:41:28,-110.8797,41.3016,  10.3,30823,-47.3,-76.9,-72.2,  2,  3, 0.11,270,16.5
2025-10-10 00:41:29,-110.8795,41.3016,  10.3,30830,-47.3,-76.9,-72.2,  2,  3, 0.11,270,16.5
2025-10-10 00:41:30,-110.8793,41.3016,  10.3,30837,-47.3,-76.9,-72.2,  2,  3, 0.11,270,16.5
2025-10-10 00:41:31,-110.8791,41.3016,  10.2,30844,-47.3,-77.0,-72.2,  2,  3, 0.11,270,16.5
2025-10-10 00:41:32,-110.8789,41.3016,  10.2,30851,-47.3,-77.0,-72.3,  2,  3, 0.11,270,16.5
2025-10-10 00:41:33,-110.8787,41.3016,  10.2,30858,-47.3,-77.0,-72.3,  2,  3, 0.11,270,16.5
2025-10-10 00:41:34,-110.8785,41.3016,  10.2,30865,-47.3,-77.0,-72.3,  2,  3, 0.11,270,16.5
2025-10-10 00:41:35,-110.8783,41.3016,  10.2,30871,-47.3,-77.0,-72.3,  2,  3, 0.11,270,16.5
2025-10-10 00:41:36,-110.8781,41.3016,  10.2,30877,-47.3,-77.0,-72.3,  2,  3, 0.11,270,16.5
2025-10-10 00:41:37,-110.8779,41.3016,  10.2,30883,-47.4,-77.0,-72.3,  2,  3, 0.11,270,16.5
2025-10-10 00:41:38,-110.8777,41.3016,  10.2,30889,-47.4,-77.0,-72.3,  2,  3, 0.11,270,16.5
2025-10-10 00:41:39,-110.8775,41.3016,  10.2,30895,-47.4,-77.0,-72.3,  2,  3, 0.11,270,16.5
2025-10-10 00:41:40,-110.8774,41.3016,  10.2,30901,-47.4,-77.0,-72.3,  2,  3, 0.11,270,16.5
2025-10-10 00:41:41,-110.8772,41.3016,  10.1,30908,-47.4,-77.0,-72.3,  2,  3, 0.11,270,16.5
2025-10-10 00:41:42,-110.8770,41.3017,  10.1,30914,-47.4,-77.1,-72.3,  2,  3, 0.11,270,16.5
2025-10-10 00:41:43,-110.8769,41.3017,  10.1,30920,-47.4,-77.1,-72.3,  2,  3, 0.11,270,16.5
2025-10-10 00:41:44,-110.8767,41.3017,  10.1,30926,-47.4,-77.1,-72.3,  2,  3, 0.11,270,16.5
2025-10-10 00:41:45,-110.8765,41.3017,  10.1,30932,-47.4,-77.1,-72.3,  2,  3, 0.11,270,16.5
2025-10-10 00:41:46,-110.8763,41.3017,  10.1,30938,-47.4,-77.1,-72.3,  2,  3, 0.11,270,16.5
2025-10-10 00:41:47,-110.8762,41.3017,  10.1,30944,-47.4,-77.1,-72.3,  2,  3, 0.11,270,16.5
2025-10-10 00:41:48,-110.8760,41.3017,  10.1,30950,-47.4,-77.1,-72.3,  2,  3, 0.11,270,16.4
2025-10-10 00:41:49,-110.8758,41.3017,  10.1,30956,-47.4,-77.1,-72.3,  2,  3, 0.11,270,16.3
2025-10-10 00:41:50,-110.8757,41.3017,  10.1,30962,-47.4,-77.1,-72.3,  2,  3, 0.11,269,16.2
2025-10-10 00:41:51,-110.8755,41.3017,  10.1,30968,-47.4,-77.1,-72.3,  2,  3, 0.11,269,16.1
2025-10-10 00:41:52,-110.8753,41.3017,  10.0,30974,-47.4,-77.1,-72.3,  2,  3, 0.11,269,16.0
2025-10-10 00:41:53,-110.8752,41.3017,  10.0,30981,-47.4,-77.0,-72.3,  2,  3, 0.11,268,15.9
2025-10-10 00:41:54,-110.8750,41.3017,  10.0,30987,-47.4,-77.0,-72.3,  2,  3, 0.11,268,15.8
2025-10-10 00:41:55,-110.8748,41.3018,  10.0,30993,-47.4,-77.0,-72.3,  2,  3, 0.11,268,15.7
2025-10-10 00:41:56,-110.8747,41.3018,  10.0,30999,-47.4,-77.0,-72.3,  2,  3, 0.11,267,15.6
2025-10-10 00:41:57,-110.8745,41.3018,  10.0,31004,-47.5,-77.0,-72.3,  2,  3, 0.11,267,15.5
2025-10-10 00:41:58,-110.8743,41.3018,  10.0,31012,-47.5,-77.0,-72.3,  2,  3, 0.11,267,15.4
2025-10-10 00:41:59,-110.8741,41.3018,  10.0,31018,-47.5,-77.0,-72.3,  2,  3, 0.11,266,15.3
2025-10-10 00:42:00,-110.8740,41.3018,  10.0,31024,-47.5,-77.0,-72.3,  2,  3, 0.11,266,15.2
2025-10-10 00:42:01,-110.8738,41.3018,  10.0,31030,-47.5,-77.0,-72.3,  2,  3, 0.12,266,15.1
2025-10-10 00:42:02,-110.8736,41.3018,  10.0,31037,-47.5,-77.0,-72.3,  2,  3, 0.12,265,15.0
2025-10-10 00:42:03,-110.8734,41.3018,   9.9,31043,-47.5,-77.0,-72.3,  2,  3, 0.12,265,14.9
2025-10-10 00:42:04,-110.8733,41.3018,   9.9,31049,-47.5,-77.0,-72.3,  2,  3, 0.12,265,14.8
2025-10-10 00:42:05,-110.8731,41.3018,   9.9,31055,-47.5,-77.0,-72.3,  2,  3, 0.12,264,14.7
2025-10-10 00:42:06,-110.8729,41.3018,   9.9,31061,-47.5,-77.0,-72.3,  2,  3, 0.12,264,14.6
2025-10-10 00:42:07,-110.8728,41.3018,   9.9,31068,-47.5,-77.0,-72.2,  2,  3, 0.12,263,14.5
2025-10-10 00:42:08,-110.8726,41.3018,   9.9,31074,-47.5,-77.0,-72.2,  2,  3, 0.12,263,14.5
2025-10-10 00:42:09,-110.8724,41.3019,   9.9,31080,-47.5,-77.0,-72.2,  2,  3, 0.12,263,14.5
2025-10-10 00:42:10,-110.8723,41.3019,   9.9,31086,-47.5,-76.9,-72.2,  2,  3, 0.12,263,14.5
2025-10-10 00:42:11,-110.8721,41.3019,   9.9,31093,-47.5,-76.9,-72.2,  2,  3, 0.12,263,14.5
2025-10-10 00:42:12,-110.8719,41.3019,   9.9,31099,-47.5,-76.9,-72.2,  2,  4, 0.12,263,14.5
2025-10-10 00:42:13,-110.8717,41.3019,   9.8,31107,-47.5,-77.0,-72.2,  2,  3, 0.12,263,14.5
2025-10-10 00:42:14,-110.8716,41.3019,   9.8,31115,-47.5,-77.0,-72.2,  2,  4, 0.12,263,14.5
2025-10-10 00:42:15,-110.8714,41.3019,   9.8,31124,-47.5,-77.0,-72.2,  2,  3, 0.12,263,14.5
2025-10-10 00:42:16,-110.8712,41.3019,   9.8,31132,-47.6,-77.0,-72.3,  2,  3, 0.12,263,14.5
2025-10-10 00:42:17,-110.8711,41.3019,   9.8,31140,-47.6,-77.0,-72.3,  2,  3, 0.12,263,14.5
2025-10-10 00:42:18,-110.8709,41.3019,   9.8,31149,-47.6,-77.0,-72.3,  2,  3, 0.12,263,14.4
2025-10-10 00:42:19,-110.8707,41.3019,   9.8,31157,-47.6,-77.0,-72.3,  2,  3, 0.12,263,14.4
2025-10-10 00:42:20,-110.8706,41.3019,   9.8,31165,-47.6,-77.0,-72.3,  2,  3, 0.12,263,14.4
2025-10-10 00:42:21,-110.8704,41.3019,   9.7,31174,-47.6,-77.0,-72.3,  2,  3, 0.12,263,14.4
2025-10-10 00:42:22,-110.8702,41.3019,   9.7,31182,-47.6,-77.0,-72.3,  2,  3, 0.12,263,14.4
2025-10-10 00:42:23,-110.8700,41.3020,   9.7,31190,-47.6,-77.0,-72.3,  2,  3, 0.12,263,14.4
2025-10-10 00:42:24,-110.8699,41.3020,   9.7,31199,-47.7,-77.1,-72.3,  2,  3, 0.12,263,14.4
2025-10-10 00:42:25,-110.8697,41.3020,   9.7,31207,-47.7,-77.1,-72.4,  2,  3, 0.12,263,14.4
2025-10-10 00:42:26,-110.8695,41.3020,   9.7,31215,-47.7,-77.1,-72.4,  2,  4, 0.12,263,14.4
2025-10-10 00:42:27,-110.8693,41.3020,   9.7,31223,-47.7,-77.1,-72.4,  2,  4, 0.12,263,14.4
2025-10-10 00:42:28,-110.8692,41.3020,   9.7,31230,-47.7,-77.1,-72.4,  2,  4, 0.12,263,14.4
2025-10-10 00:42:29,-110.8690,41.3021,   9.7,31238,-47.7,-77.1,-72.4,  2,  4, 0.12,263,14.5
2025-10-10 00:42:30,-110.8689,41.3021,   9.6,31246,-47.7,-77.1,-72.4,  2,  4, 0.12,263,14.5
2025-10-10 00:42:31,-110.8687,41.3021,   9.6,31253,-47.7,-77.1,-72.4,  2,  4, 0.12,262,14.5
2025-10-10 00:42:32,-110.8685,41.3022,   9.6,31261,-47.7,-77.1,-72.4,  2,  4, 0.12,262,14.6
2025-10-10 00:42:33,-110.8684,41.3022,   9.6,31267,-47.8,-77.1,-72.4,  2,  4, 0.12,262,14.6
2025-10-10 00:42:34,-110.8682,41.3022,   9.6,31273,-47.8,-77.1,-72.4,  2,  4, 0.12,262,14.6
2025-10-10 00:42:35,-110.8680,41.3023,   9.6,31280,-47.8,-77.1,-72.4,  2,  4, 0.12,262,14.7
2025-10-10 00:42:36,-110.8679,41.3023,   9.6,31286,-47.8,-77.1,-72.4,  2,  4, 0.12,262,14.7
2025-10-10 00:42:37,-110.8677,41.3023,   9.6,31293,-47.8,-77.1,-72.4,  2,  4, 0.12,261,14.7
2025-10-10 00:42:38,-110.8675,41.3024,   9.6,31299,-47.8,-77.1,-72.4,  2,  4, 0.12,261,14.8
2025-10-10 00:42:39,-110.8674,41.3024,   9.6,31306,-47.8,-77.1,-72.4,  2,  4, 0.12,261,14.8
2025-10-10 00:42:40,-110.8672,41.3024,   9.5,31312,-47.8,-77.1,-72.4,  2,  4, 0.12,261,14.8
2025-10-10 00:42:41,-110.8670,41.3025,   9.5,31319,-47.8,-77.1,-72.4,  2,  4, 0.12,261,14.9
2025-10-10 00:42:42,-110.8668,41.3025,   9.5,31325,-47.8,-77.1,-72.4,  2,  4, 0.12,261,14.9
2025-10-10 00:42:43,-110.8667,41.3025,   9.5,31332,-47.9,-77.1,-72.3,  2,  4, 0.12,261,14.9
2025-10-10 00:42:44,-110.8665,41.3026,   9.5,31339,-47.9,-77.1,-72.3,  2,  4, 0.12,260,14.9
2025-10-10 00:42:45,-110.8663,41.3026,   9.5,31345,-47.9,-77.0,-72.3,  2,  4, 0.12,260,15.0
2025-10-10 00:42:46,-110.8662,41.3026,   9.5,31352,-47.9,-77.0,-72.3,  2,  4, 0.12,260,15.0
2025-10-10 00:42:47,-110.8660,41.3027,   9.5,31359,-47.9,-77.0,-72.3,  2,  4, 0.12,260,15.0
2025-10-10 00:42:48,-110.8658,41.3027,   9.5,31366,-47.9,-77.0,-72.3,  2,  4, 0.12,260,15.1
2025-10-10 00:42:49,-110.8657,41.3028,   9.5,31373,-47.9,-77.0,-72.3,  2,  4, 0.12,259,15.2
2025-10-10 00:42:50,-110.8655,41.3028,   9.4,31380,-47.9,-77.0,-72.3,  2,  4, 0.12,259,15.3
2025-10-10 00:42:51,-110.8653,41.3028,   9.4,31386,-47.9,-77.0,-72.3,  2,  4, 0.12,258,15.4
2025-10-10 00:42:52,-110.8652,41.3029,   9.4,31393,-47.9,-77.0,-72.3,  2,  4, 0.12,258,15.5
2025-10-10 00:42:53,-110.8650,41.3029,   9.4,31399,-47.9,-77.0,-72.3,  2,  4, 0.12,258,15.6
2025-10-10 00:42:54,-110.8648,41.3029,   9.4,31406,-48.0,-77.0,-72.3,  2,  4, 0.12,257,15.7
2025-10-10 00:42:55,-110.8647,41.3030,   9.4,31413,-48.0,-77.0,-72.3,  2,  4, 0.12,257,15.8
2025-10-10 00:42:56,-110.8645,41.3030,   9.4,31419,-48.0,-77.0,-72.3,  2,  4, 0.12,257,15.9
2025-10-10 00:42:57,-110.8643,41.3030,   9.4,31425,-48.0,-77.0,-72.3,  2,  4, 0.12,256,16.0
2025-10-10 00:42:58,-110.8640,41.3031,   9.4,31431,-48.0,-77.0,-72.3,  2,  4, 0.12,256,16.1
2025-10-10 00:42:59,-110.8638,41.3031,   9.4,31438,-48.0,-77.0,-72.3,  2,  4, 0.12,256,16.2
2025-10-10 00:43:00,-110.8635,41.3032,   9.4,31444,-48.0,-77.0,-72.3,  2,  4, 0.12,255,16.3
2025-10-10 00:43:01,-110.8633,41.3032,   9.3,31450,-48.0,-77.0,-72.3,  2,  4, 0.12,255,16.5
2025-10-10 00:43:02,-110.8631,41.3033,   9.3,31456,-48.0,-77.0,-72.3,  2,  4, 0.12,255,16.6
2025-10-10 00:43:03,-110.8628,41.3033,   9.3,31462,-48.0,-77.0,-72.3,  2,  4, 0.12,254,16.7
2025-10-10 00:43:04,-110.8626,41.3034,   9.3,31469,-48.0,-77.0,-72.3,  2,  4, 0.12,254,16.8
2025-10-10 00:43:05,-110.8624,41.3034,   9.3,31476,-48.1,-77.0,-72.3,  2,  4, 0.12,254,16.9
2025-10-10 00:43:06,-110.8621,41.3035,   9.3,31483,-48.1,-77.0,-72.3,  2,  4, 0.12,254,17.0
2025-10-10 00:43:07,-110.8619,41.3035,   9.3,31490,-48.1,-77.0,-72.3,  2,  4, 0.12,253,17.1
2025-10-10 00:43:08,-110.8616,41.3036,   9.3,31497,-48.1,-77.0,-72.3,  2,  4, 0.12,253,17.4
2025-10-10 00:43:09,-110.8614,41.3036,   9.3,31504,-48.1,-77.0,-72.3,  2,  4, 0.12,253,17.6
2025-10-10 00:43:10,-110.8612,41.3037,   9.3,31511,-48.1,-77.0,-72.3,  2,  4, 0.12,253,17.9
2025-10-10 00:43:11,-110.8609,41.3037,   9.2,31518,-48.1,-77.0,-72.3,  2,  4, 0.12,253,18.1
2025-10-10 00:43:12,-110.8607,41.3038,   9.2,31526,-48.1,-77.0,-72.3,  2,  4, 0.12,253,18.4
2025-10-10 00:43:13,-110.8604,41.3038,   9.2,31533,-48.1,-77.0,-72.3,  2,  4, 0.12,253,18.7
2025-10-10 00:43:14,-110.8602,41.3039,   9.2,31541,-48.1,-77.0,-72.3,  2,  4, 0.12,254,18.9
2025-10-10 00:43:15,-110.8599,41.3039,   9.2,31548,-48.1,-77.0,-72.3,  2,  4, 0.12,254,19.2
2025-10-10 00:43:16,-110.8597,41.3040,   9.2,31556,-48.1,-77.0,-72.3,  2,  4, 0.12,254,19.5
2025-10-10 00:43:17,-110.8595,41.3040,   9.2,31564,-48.2,-77.0,-72.3,  2,  4, 0.12,254,19.7
2025-10-10 00:43:18,-110.8592,41.3041,   9.2,31571,-48.2,-77.0,-72.3,  2,  4, 0.12,254,20.0
2025-10-10 00:43:19,-110.8590,41.3041,   9.2,31578,-48.2,-77.0,-72.3,  2,  4, 0.12,254,20.3
2025-10-10 00:43:20,-110.8588,41.3041,   9.2,31585,-48.2,-77.0,-72.3,  2,  4, 0.12,254,20.5
2025-10-10 00:43:21,-110.8585,41.3042,   9.1,31591,-48.2,-77.0,-72.3,  2,  4, 0.13,254,20.8
2025-10-10 00:43:22,-110.8583,41.3043,   9.1,31598,-48.2,-77.0,-72.3,  2,  4, 0.13,254,21.1
2025-10-10 00:43:23,-110.8580,41.3043,   9.1,31604,-48.2,-77.0,-72.3,  2,  4, 0.13,254,21.3
2025-10-10 00:43:24,-110.8578,41.3043,   9.1,31610,-48.2,-77.0,-72.3,  2,  4, 0.13,254,21.6
2025-10-10 00:43:25,-110.8576,41.3044,   9.1,31617,-48.2,-77.0,-72.3,  2,  4, 0.13,254,21.8
2025-10-10 00:43:26,-110.8573,41.3044,   9.1,31624,-48.2,-77.0,-72.3,  2,  4, 0.13,254,22.1
2025-10-10 00:43:27,-110.8571,41.3045,   9.1,31630,-48.2,-77.0,-72.3,  2,  4, 0.13,254,22.4
2025-10-10 00:43:28,-110.8568,41.3045,   9.1,31637,-48.2,-77.0,-72.3,  2,  4, 0.13,254,22.6
2025-10-10 00:43:29,-110.8565,41.3046,   9.1,31644,-48.2,-77.0,-72.3,  2,  4, 0.13,254,22.8
2025-10-10 00:43:30,-110.8562,41.3047,   9.1,31650,-48.3,-77.0,-72.3,  2,  4, 0.13,254,22.9
2025-10-10 00:43:31,-110.8559,41.3048,   9.1,31657,-48.3,-77.0,-72.3,  2,  4, 0.13,253,23.1
2025-10-10 00:43:32,-110.8556,41.3049,   9.0,31664,-48.3,-77.0,-72.3,  2,  4, 0.13,253,23.3
2025-10-10 00:43:33,-110.8553,41.3049,   9.0,31670,-48.3,-77.0,-72.3,  2,  4, 0.13,253,23.5
2025-10-10 00:43:34,-110.8550,41.3050,   9.0,31677,-48.3,-77.0,-72.3,  2,  4, 0.13,253,23.7
2025-10-10 00:43:35,-110.8547,41.3051,   9.0,31684,-48.3,-77.0,-72.3,  2,  4, 0.13,253,23.9
2025-10-10 00:43:36,-110.8544,41.3052,   9.0,31691,-48.3,-77.0,-72.3,  2,  4, 0.13,253,24.1
2025-10-10 00:43:37,-110.8541,41.3053,   9.0,31699,-48.3,-77.0,-72.3,  2,  4, 0.13,253,24.3
2025-10-10 00:43:38,-110.8538,41.3053,   9.0,31706,-48.3,-77.0,-72.3,  2,  4, 0.13,252,24.5
2025-10-10 00:43:39,-110.8535,41.3054,   9.0,31713,-48.3,-77.0,-72.3,  2,  4, 0.13,252,24.7
2025-10-10 00:43:40,-110.8532,41.3055,   9.0,31720,-48.4,-77.0,-72.3,  2,  4, 0.13,252,24.9
2025-10-10 00:43:41,-110.8529,41.3056,   9.0,31727,-48.4,-77.0,-72.3,  2,  4, 0.13,252,25.1
2025-10-10 00:43:42,-110.8526,41.3056,   9.0,31734,-48.4,-77.0,-72.2,  2,  4, 0.13,252,25.3
2025-10-10 00:43:43,-110.8522,41.3057,   8.9,31741,-48.4,-77.0,-72.2,  2,  4, 0.13,252,25.5
2025-10-10 00:43:44,-110.8519,41.3058,   8.9,31748,-48.4,-76.9,-72.2,  2,  4, 0.13,252,25.7
2025-10-10 00:43:45,-110.8516,41.3059,   8.9,31753,-48.4,-76.9,-72.2,  2,  4, 0.13,251,25.9
2025-10-10 00:43:46,-110.8513,41.3060,   8.9,31759,-48.4,-76.9,-72.2,  2,  4, 0.13,251,26.1
2025-10-10 00:43:47,-110.8510,41.3061,   8.9,31764,-48.4,-76.9,-72.2,  2,  4, 0.13,251,26.2
2025-10-10 00:43:48,-110.8507,41.3061,   8.9,31769,-48.4,-76.9,-72.2,  2,  4, 0.13,251,26.3
2025-10-10 00:43:49,-110.8504,41.3062,   8.9,31774,-48.4,-76.9,-72.2,  2,  4, 0.13,251,26.4
2025-10-10 00:43:50,-110.8501,41.3063,   8.9,31780,-48.4,-77.0,-72.2,  2,  4, 0.13,251,26.5
2025-10-10 00:43:51,-110.8498,41.3064,   8.9,31786,-48.4,-77.0,-72.2,  2,  4, 0.13,251,26.6
2025-10-10 00:43:52,-110.8495,41.3065,   8.9,31793,-48.4,-77.0,-72.2,  2,  4, 0.13,251,26.7
2025-10-10 00:43:53,-110.8492,41.3065,   8.9,31799,-48.4,-77.0,-72.2,  2,  4, 0.13,251,26.7
2025-10-10 00:43:54,-110.8489,41.3066,   8.9,31806,-48.4,-77.0,-72.2,  2,  4, 0.13,251,26.8
2025-10-10 00:43:55,-110.8486,41.3067,   8.8,31812,-48.4,-77.0,-72.2,  2,  4, 0.13,251,26.9
2025-10-10 00:43:56,-110.8482,41.3068,   8.8,31819,-48.4,-77.0,-72.2,  2,  4, 0.13,250,27.0
2025-10-10 00:43:57,-110.8479,41.3069,   8.8,31825,-48.4,-77.0,-72.2,  2,  4, 0.13,250,27.1
2025-10-10 00:43:58,-110.8476,41.3069,   8.8,31832,-48.4,-77.0,-72.2,  2,  4, 0.13,250,27.2
2025-10-10 00:43:59,-110.8473,41.3070,   8.8,31838,-48.4,-77.0,-72.2,  2,  4, 0.13,250,27.2
2025-10-10 00:44:00,-110.8470,41.3071,   8.8,31843,-48.4,-77.0,-72.2,  2,  4, 0.13,250,27.3
2025-10-10 00:44:01,-110.8467,41.3072,   8.8,31849,-48.4,-77.0,-72.3,  2,  4, 0.13,250,27.4
2025-10-10 00:44:02,-110.8464,41.3073,   8.8,31854,-48.4,-77.0,-72.3,  2,  4, 0.13,250,27.5
2025-10-10 00:44:03,-110.8461,41.3073,   8.8,31859,-48.4,-77.0,-72.3,  2,  4, 0.13,250,27.6
2025-10-10 00:44:04,-110.8458,41.3074,   8.8,31865,-48.4,-77.0,-72.3,  2,  4, 0.13,250,27.7
2025-10-10 00:44:05,-110.8455,41.3075,   8.8,31870,-48.4,-77.0,-72.3,  2,  4, 0.13,250,27.7
2025-10-10 00:44:06,-110.8452,41.3076,   8.8,31875,-48.4,-77.0,-72.3,  2,  4, 0.13,250,27.8
2025-10-10 00:44:07,-110.8448,41.3076,   8.8,31881,-48.4,-77.0,-72.3,  2,  4, 0.13,249,27.9
2025-10-10 00:44:08,-110.8445,41.3077,   8.7,31886,-48.4,-77.0,-72.3,  2,  4, 0.13,250,28.0
2025-10-10 00:44:09,-110.8442,41.3078,   8.7,31892,-48.4,-77.0,-72.3,  2,  4, 0.13,250,28.0
2025-10-10 00:44:10,-110.8438,41.3079,   8.7,31897,-48.4,-77.0,-72.3,  2,  4, 0.13,250,28.1
2025-10-10 00:44:11,-110.8435,41.3079,   8.7,31903,-48.4,-77.0,-72.3,  2,  4, 0.13,250,28.2
2025-10-10 00:44:12,-110.8432,41.3080,   8.7,31908,-48.4,-77.0,-72.3,  2,  4, 0.13,250,28.3
2025-10-10 00:44:13,-110.8429,41.3081,   8.7,31914,-48.4,-77.0,-72.3,  2,  4, 0.13,250,28.3
2025-10-10 00:44:14,-110.8425,41.3081,   8.7,31919,-48.4,-77.0,-72.3,  2,  4, 0.13,251,28.4
2025-10-10 00:44:15,-110.8422,41.3082,   8.7,31925,-48.4,-77.0,-72.3,  2,  4, 0.13,251,28.5
2025-10-10 00:44:16,-110.8419,41.3083,   8.7,31931,-48.4,-77.0,-72.3,  2,  4, 0.13,251,28.5
2025-10-10 00:44:17,-110.8415,41.3084,   8.7,31937,-48.4,-77.0,-72.3,  2,  4, 0.13,251,28.6
2025-10-10 00:44:18,-110.8412,41.3084,   8.7,31944,-48.4,-77.0,-72.3,  2,  4, 0.13,251,28.7
2025-10-10 00:44:19,-110.8409,41.3085,   8.7,31950,-48.4,-77.0,-72.3,  2,  4, 0.13,251,28.8
2025-10-10 00:44:20,-110.8406,41.3086,   8.7,31956,-48.3,-77.0,-72.3,  2,  4, 0.13,252,28.8
2025-10-10 00:44:21,-110.8402,41.3086,   8.6,31963,-48.3,-77.0,-72.3,  2,  4, 0.13,252,28.9
2025-10-10 00:44:22,-110.8399,41.3087,   8.6,31969,-48.3,-77.0,-72.3,  2,  4, 0.13,252,29.0
2025-10-10 00:44:23,-110.8396,41.3088,   8.6,31975,-48.3,-77.0,-72.3,  2,  4, 0.13,252,29.0
2025-10-10 00:44:24,-110.8393,41.3089,   8.6,31981,-48.3,-77.0,-72.3,  2,  4, 0.13,252,29.1
2025-10-10 00:44:25,-110.8389,41.3089,   8.6,31986,-48.3,-77.0,-72.3,  2,  4, 0.13,252,29.2
2025-10-10 00:44:26,-110.8386,41.3090,   8.6,31991,-48.3,-77.0,-72.3,  2,  4, 0.13,252,29.3
2025-10-10 00:44:27,-110.8383,41.3091,   8.6,31997,-48.3,-77.0,-72.3,  2,  4, 0.13,253,29.3
2025-10-10 00:44:28,-110.8380,41.3092,   8.6,32002,-48.3,-77.0,-72.3,  2,  4, 0.13,253,29.2
2025-10-10 00:44:29,-110.8376,41.3092,   8.6,32007,-48.3,-77.0,-72.2,  2,  4, 0.13,253,29.0
2025-10-10 00:44:30,-110.8373,41.3093,   8.6,32012,-48.3,-77.0,-72.2,  2,  4, 0.13,253,28.9
2025-10-10 00:44:31,-110.8370,41.3094,   8.6,32017,-48.3,-77.0,-72.2,  2,  4, 0.13,253,28.7
2025-10-10 00:44:32,-110.8366,41.3094,   8.6,32023,-48.3,-76.9,-72.2,  2,  4, 0.13,254,28.6
2025-10-10 00:44:33,-110.8363,41.3095,   8.6,32028,-48.3,-76.9,-72.2,  2,  4, 0.14,254,28.5
2025-10-10 00:44:34,-110.8361,41.3095,   8.6,32033,-48.3,-76.9,-72.2,  2,  4, 0.14,254,28.3
2025-10-10 00:44:35,-110.8358,41.3096,   8.5,32038,-48.3,-76.9,-72.2,  2,  4, 0.14,254,28.2
2025-10-10 00:44:36,-110.8355,41.3096,   8.5,32043,-48.3,-76.9,-72.2,  2,  4, 0.14,254,28.0
2025-10-10 00:44:37,-110.8352,41.3097,   8.5,32048,-48.3,-76.9,-72.2,  2,  4, 0.14,255,27.9
2025-10-10 00:44:38,-110.8349,41.3097,   8.5,32053,-48.2,-76.9,-72.2,  2,  4, 0.14,255,27.7
2025-10-10 00:44:39,-110.8346,41.3097,   8.5,32058,-48.2,-76.9,-72.2,  2,  4, 0.14,255,27.6
2025-10-10 00:44:40,-110.8344,41.3098,   8.5,32063,-48.2,-76.9,-72.2,  2,  4, 0.14,255,27.4
2025-10-10 00:44:41,-110.8341,41.3098,   8.5,32069,-48.2,-76.9,-72.2,  2,  4, 0.14,256,27.3
2025-10-10 00:44:42,-110.8338,41.3099,   8.5,32076,-48.2,-76.9,-72.2,  2,  4, 0.14,256,27.2
2025-10-10 00:44:43,-110.8335,41.3099,   8.5,32082,-48.2,-76.9,-72.2,  2,  4, 0.14,256,27.0
2025-10-10 00:44:44,-110.8332,41.3099,   8.5,32088,-48.2,-76.9,-72.2,  2,  4, 0.14,256,26.9
2025-10-10 00:44:45,-110.8329,41.3100,   8.5,32094,-48.2,-76.9,-72.2,  2,  4, 0.14,256,26.7
2025-10-10 00:44:46,-110.8326,41.3100,   8.5,32100,-48.2,-76.9,-72.2,  2,  4, 0.14,257,26.6
2025-10-10 00:44:47,-110.8324,41.3101,   8.5,32106,-48.2,-76.9,-72.2,  2,  4, 0.14,257,26.5
2025-10-10 00:44:48,-110.8321,41.3101,   8.5,32112,-48.1,-76.9,-72.2,  2,  4, 0.14,257,26.3
2025-10-10 00:44:49,-110.8318,41.3101,   8.4,32119,-48.1,-76.9,-72.2,  2,  4, 0.14,257,26.2
2025-10-10 00:44:50,-110.8315,41.3102,   8.4,32125,-48.1,-76.9,-72.2,  2,  4, 0.14,257,26.0
2025-10-10 00:44:51,-110.8312,41.3102,   8.4,32131,-48.1,-76.9,-72.2,  2,  4, 0.14,257,25.8
2025-10-10 00:44:52,-110.8308,41.3103,   8.4,32137,-48.1,-76.9,-72.2,  2,  4, 0.14,257,25.7
2025-10-10 00:44:53,-110.8306,41.3103,   8.4,32146,-48.1,-76.9,-72.2,  2,  4, 0.14,258,25.5
2025-10-10 00:44:54,-110.8303,41.3103,   8.4,32150,-48.1,-76.9,-72.2,  2,  4, 0.14,258,25.4
2025-10-10 00:44:55,-110.8301,41.3104,   8.4,32156,-48.1,-76.9,-72.2,  2,  4, 0.14,258,25.2
2025-10-10 00:44:56,-110.8298,41.3104,   8.4,32162,-48.0,-76.9,-72.2,  2,  4, 0.14,258,25.1
2025-10-10 00:44:57,-110.8295,41.3105,   8.4,32169,-48.0,-76.9,-72.1,  2,  4, 0.14,258,24.9
2025-10-10 00:44:58,-110.8292,41.3105,   8.4,32175,-48.0,-76.8,-72.1,  2,  4, 0.14,258,24.8
2025-10-10 00:44:59,-110.8289,41.3106,   8.4,32181,-48.0,-76.8,-72.1,  2,  4, 0.14,258,24.6
2025-10-10 00:45:00,-110.8286,41.3106,   8.4,32187,-48.0,-76.8,-72.1,  2,  4, 0.14,258,24.5
2025-10-10 00:45:01,-110.8284,41.3106,   8.3,32194,-48.0,-76.8,-72.1,  2,  4, 0.14,258,24.3
2025-10-10 00:45:02,-110.8281,41.3107,   8.3,32200,-48.0,-76.8,-72.0,  2,  4, 0.14,258,24.2
2025-10-10 00:45:03,-110.8278,41.3107,   8.3,32206,-47.9,-76.7,-72.0,  2,  4, 0.14,258,24.0
2025-10-10 00:45:04,-110.8275,41.3108,   8.3,32212,-47.9,-76.7,-72.0,  2,  4, 0.14,259,23.9
2025-10-10 00:45:05,-110.8272,41.3108,   8.3,32217,-47.9,-76.7,-72.0,  2,  4, 0.15,259,23.7
2025-10-10 00:45:06,-110.8270,41.3109,   8.3,32223,-47.9,-76.7,-71.9,  2,  4, 0.15,259,23.6
2025-10-10 00:45:07,-110.8268,41.3109,   8.3,32229,-47.9,-76.6,-71.9,  2,  4, 0.15,259,23.4
2025-10-10 00:45:08,-110.8265,41.3110,   8.3,32235,-47.9,-76.6,-71.9,  2,  4, 0.15,259,23.4
2025-10-10 00:45:09,-110.8263,41.3110,   8.3,32241,-47.9,-76.6,-71.9,  2,  4, 0.15,258,23.3
2025-10-10 00:45:10,-110.8260,41.3111,   8.3,32247,-47.8,-76.6,-71.9,  2,  4, 0.15,258,23.2
2025-10-10 00:45:11,-110.8258,41.3111,   8.3,32252,-47.8,-76.6,-71.9,  2,  4, 0.15,258,23.2
2025-10-10 00:45:12,-110.8255,41.3112,   8.3,32258,-47.8,-76.6,-71.9,  2,  4, 0.15,258,23.1
2025-10-10 00:45:13,-110.8253,41.3112,   8.3,32263,-47.8,-76.6,-71.9,  2,  4, 0.15,257,23.1
2025-10-10 00:45:14,-110.8250,41.3113,   8.3,32269,-47.8,-76.6,-71.9,  2,  4, 0.15,257,23.0
2025-10-10 00:45:15,-110.8248,41.3113,   8.2,32274,-47.8,-76.6,-71.9,  2,  4, 0.15,257,22.9
2025-10-10 00:45:16,-110.8245,41.3114,   8.2,32280,-47.7,-76.6,-71.8,  2,  4, 0.15,256,22.9
2025-10-10 00:45:17,-110.8243,41.3114,   8.2,32285,-47.7,-76.6,-71.8,  2,  4, 0.15,256,22.8
2025-10-10 00:45:18,-110.8240,41.3115,   8.2,32291,-47.7,-76.5,-71.8,  2,  4, 0.15,256,22.7
2025-10-10 00:45:19,-110.8238,41.3115,   8.2,32296,-47.7,-76.5,-71.8,  2,  4, 0.15,256,22.7
2025-10-10 00:45:20,-110.8236,41.3116,   8.2,32301,-47.7,-76.5,-71.8,  2,  4, 0.15,255,22.6
2025-10-10 00:45:21,-110.8233,41.3117,   8.2,32306,-47.6,-76.5,-71.8,  2,  4, 0.15,255,22.6
2025-10-10 00:45:22,-110.8231,41.3117,   8.2,32311,-47.6,-76.5,-71.8,  2,  4, 0.15,255,22.5
2025-10-10 00:45:23,-110.8228,41.3118,   8.2,32316,-47.6,-76.5,-71.8,  2,  4, 0.15,255,22.4
2025-10-10 00:45:24,-110.8226,41.3118,   8.2,32321,-47.6,-76.5,-71.7,  2,  4, 0.15,254,22.4
2025-10-10 00:45:25,-110.8223,41.3119,   8.2,32326,-47.6,-76.5,-71.7,  2,  4, 0.15,254,22.3
2025-10-10 00:45:26,-110.8221,41.3119,   8.2,32331,-47.5,-76.4,-71.7,  2,  4, 0.15,254,22.3
2025-10-10 00:45:27,-110.8218,41.3120,   8.2,32336,-47.5,-76.4,-71.7,  2,  4, 0.15,253,22.2
2025-10-10 00:45:28,-110.8216,41.3120,   8.2,32343,-47.5,-76.4,-71.7,  2,  4, 0.15,253,22.2
2025-10-10 00:45:29,-110.8213,41.3121,   8.2,32349,-47.5,-76.4,-71.7,  2,  4, 0.15,253,22.2
2025-10-10 00:45:30,-110.8211,41.3121,   8.1,32356,-47.4,-76.4,-71.7,  2,  4, 0.16,253,22.2
2025-10-10 00:45:31,-110.8209,41.3122,   8.1,32363,-47.4,-76.4,-71.6,  2,  4, 0.16,253,22.2
2025-10-10 00:45:32,-110.8206,41.3122,   8.1,32370,-47.4,-76.3,-71.6,  2,  4, 0.16,253,22.2
2025-10-10 00:45:33,-110.8204,41.3123,   8.1,32377,-47.4,-76.3,-71.6,  2,  4, 0.16,253,22.2
2025-10-10 00:45:34,-110.8201,41.3123,   8.1,32384,-47.3,-76.3,-71.6,  2,  4, 0.16,253,22.2
2025-10-10 00:45:35,-110.8199,41.3124,   8.1,32390,-47.3,-76.3,-71.6,  2,  4, 0.16,253,22.2
2025-10-10 00:45:36,-110.8196,41.3125,   8.1,32397,-47.3,-76.3,-71.6,  2,  4, 0.16,253,22.2
2025-10-10 00:45:37,-110.8194,41.3125,   8.1,32403,-47.3,-76.2,-71.5,  2,  4, 0.16,253,22.2
2025-10-10 00:45:38,-110.8191,41.3126,   8.1,32410,-47.2,-76.2,-71.5,  2,  4, 0.16,253,22.2
2025-10-10 00:45:39,-110.8188,41.3126,   8.1,32416,-47.2,-76.2,-71.5,  2,  4, 0.16,253,22.1
2025-10-10 00:45:40,-110.8185,41.3127,   8.1,32423,-47.2,-76.2,-71.5,  2,  4, 0.16,253,22.1
2025-10-10 00:45:41,-110.8183,41.3127,   8.1,32429,-47.1,-76.1,-71.4,  2,  4, 0.16,253,22.1
2025-10-10 00:45:42,-110.8180,41.3128,   8.0,32436,-47.1,-76.1,-71.4,  2,  4, 0.16,253,22.1
2025-10-10 00:45:43,-110.8177,41.3129,   8.0,32442,-47.1,-76.1,-71.4,  2,  4, 0.16,253,22.1
2025-10-10 00:45:44,-110.8174,41.3129,   8.0,32449,-47.0,-76.1,-71.4,  2,  4, 0.17,253,22.1
2025-10-10 00:45:45,-110.8171,41.3130,   8.0,32456,-47.0,-76.0,-71.3,  2,  4, 0.17,253,22.1
2025-10-10 00:45:46,-110.8168,41.3130,   8.0,32462,-47.0,-76.0,-71.3,  2,  4, 0.17,253,22.1
2025-10-10 00:45:47,-110.8166,41.3131,   8.0,32469,-46.9,-76.0,-71.3,  2,  4, 0.17,253,22.1
2025-10-10 00:45:48,-110.8163,41.3131,   8.0,32476,-46.9,-76.0,-71.2,  2,  4, 0.17,253,22.2
2025-10-10 00:45:49,-110.8160,41.3132,   8.0,32483,-46.9,-75.9,-71.2,  2,  4, 0.17,253,22.3
2025-10-10 00:45:50,-110.8157,41.3133,   8.0,32489,-46.8,-75.9,-71.2,  2,  4, 0.17,253,22.4
2025-10-10 00:45:51,-110.8154,41.3133,   8.0,32497,-46.8,-75.8,-71.1,  2,  4, 0.17,253,22.5
2025-10-10 00:45:52,-110.8152,41.3134,   8.0,32504,-46.8,-75.8,-71.1,  2,  4, 0.17,253,22.6
2025-10-10 00:45:53,-110.8149,41.3134,   8.0,32511,-46.7,-75.7,-71.0,  2,  4, 0.17,253,22.7
2025-10-10 00:45:54,-110.8146,41.3135,   7.9,32518,-46.7,-75.7,-71.0,  2,  4, 0.18,253,22.8
2025-10-10 00:45:55,-110.8143,41.3136,   7.9,32525,-46.7,-75.7,-70.9,  2,  4, 0.18,253,22.9
2025-10-10 00:45:56,-110.8140,41.3136,   7.9,32533,-46.6,-75.6,-70.9,  2,  4, 0.18,253,23.0
2025-10-10 00:45:57,-110.8137,41.3137,   7.9,32540,-46.6,-75.6,-70.8,  2,  4, 0.18,253,23.1
2025-10-10 00:45:58,-110.8135,41.3137,   7.9,32547,-46.5,-75.5,-70.8,  2,  4, 0.18,253,23.2
2025-10-10 00:45:59,-110.8132,41.3138,   7.9,32554,-46.5,-75.5,-70.7,  2,  4, 0.18,253,23.3
2025-10-10 00:46:00,-110.8129,41.3138,   7.9,32562,-46.4,-75.4,-70.7,  2,  4, 0.18,253,23.4
2025-10-10 00:46:01,-110.8126,41.3139,   7.9,32569,-46.4,-75.4,-70.7,  2,  4, 0.19,253,23.6
2025-10-10 00:46:02,-110.8123,41.3140,   7.9,32576,-46.3,-75.3,-70.6,  2,  4, 0.19,253,23.7
2025-10-10 00:46:03,-110.8120,41.3140,   7.9,32583,-46.3,-75.3,-70.6,  2,  4, 0.19,253,23.8
2025-10-10 00:46:04,-110.8118,41.3141,   7.9,32591,-46.3,-75.2,-70.5,  2,  4, 0.19,254,23.9
2025-10-10 00:46:05,-110.8115,41.3141,   7.9,32598,-46.2,-75.2,-70.5,  2,  4, 0.19,254,24.0
2025-10-10 00:46:06,-110.8112,41.3142,   7.8,32605,-46.2,-75.2,-70.5,  2,  4, 0.19,254,24.1
2025-10-10 00:46:07,-110.8109,41.3142,   7.8,32612,-46.1,-75.1,-70.4,  2,  4, 0.20,254,24.2
2025-10-10 00:46:08,-110.8106,41.3143,   7.8,32618,-46.1,-75.1,-70.4,  2,  4, 0.20,254,24.3
2025-10-10 00:46:09,-110.8104,41.3144,   7.8,32625,-46.0,-75.0,-70.3,  2,  4, 0.20,254,24.3
2025-10-10 00:46:10,-110.8101,41.3144,   7.8,32631,-46.0,-75.0,-70.3,  2,  4, 0.20,254,24.4
2025-10-10 00:46:11,-110.8098,41.3145,   7.8,32638,-45.9,-74.9,-70.2,  2,  4, 0.20,254,24.5
2025-10-10 00:46:12,-110.8095,41.3145,   7.8,32644,-45.9,-74.9,-70.2,  2,  4, 0.20,254,24.6
2025-10-10 00:46:13,-110.8092,41.3146,   7.8,32650,-45.8,-74.8,-70.1,  3,  4, 0.20,254,24.7
2025-10-10 00:46:14,-110.8089,41.3147,   7.8,32659,-45.7,-74.8,-70.1,  3,  4, 0.21,254,24.8
2025-10-10 00:46:15,-110.8087,41.3147,   7.8,32664,-45.7,-74.7,-70.0,  3,  4, 0.21,254,24.8
2025-10-10 00:46:16,-110.8084,41.3148,   7.8,32672,-45.6,-74.7,-70.0,  2,  4, 0.21,254,24.9
2025-10-10 00:46:17,-110.8081,41.3148,   7.8,32679,-45.6,-74.7,-70.0,  2,  4, 0.21,254,25.0
2025-10-10 00:46:18,-110.8078,41.3149,   7.7,32686,-45.5,-74.6,-69.9,  2,  4, 0.21,254,25.1
2025-10-10 00:46:19,-110.8075,41.3149,   7.7,32693,-45.5,-74.6,-69.9,  2,  4, 0.21,254,25.1
2025-10-10 00:46:20,-110.8072,41.3150,   7.7,32700,-45.4,-74.6,-69.9,  2,  4, 0.22,254,25.2
2025-10-10 00:46:21,-110.8069,41.3150,   7.7,32707,-45.4,-74.5,-69.8,  2,  4, 0.22,255,25.3
2025-10-10 00:46:22,-110.8066,41.3150,   7.7,32714,-45.3,-74.5,-69.8,  2,  4, 0.22,255,25.4
2025-10-10 00:46:23,-110.8063,41.3151,   7.7,32721,-45.3,-74.4,-69.8,  2,  4, 0.22,255,25.5
2025-10-10 00:46:24,-110.8060,41.3151,   7.7,32728,-45.2,-74.4,-69.7,  2,  4, 0.22,255,25.6
2025-10-10 00:46:25,-110.8058,41.3151,   7.7,32735,-45.2,-74.4,-69.7,  2,  4, 0.22,255,25.6
2025-10-10 00:46:26,-110.8055,41.3152,   7.7,32741,-45.1,-74.3,-69.7,  2,  4, 0.22,255,25.7
2025-10-10 00:46:27,-110.8052,41.3152,   7.7,32748,-45.1,-74.3,-69.6,  2,  4, 0.22,255,25.8
2025-10-10 00:46:28,-110.8049,41.3152,   7.7,32754,-45.0,-74.3,-69.6,  2,  4, 0.22,255,25.7
2025-10-10 00:46:29,-110.8046,41.3153,   7.7,32761,-44.9,-74.2,-69.5,  2,  4, 0.23,255,25.7
2025-10-10 00:46:30,-110.8043,41.3153,   7.7,32767,-44.9,-74.2,-69.5,  2,  4, 0.23,256,25.7
2025-10-10 00:46:31,-110.8040,41.3154,   7.6,32774,-44.8,-74.2,-69.5,  2,  4, 0.23,256,25.6
2025-10-10 00:46:32,-110.8037,41.3154,   7.6,32780,-44.8,-74.1,-69.4,  2,  4, 0.23,256,25.6
2025-10-10 00:46:33,-110.8034,41.3154,   7.6,32786,-44.7,-74.1,-69.4,  2,  4, 0.23,257,25.5
2025-10-10 00:46:34,-110.8031,41.3155,   7.6,32792,-44.7,-74.1,-69.4,  2,  4, 0.23,257,25.5
2025-10-10 00:46:35,-110.8028,41.3155,   7.6,32798,-44.6,-74.0,-69.3,  2,  4, 0.24,257,25.4
2025-10-10 00:46:36,-110.8025,41.3155,   7.6,32804,-44.6,-74.0,-69.3,  2,  4, 0.24,258,25.4
2025-10-10 00:46:37,-110.8022,41.3156,   7.6,32810,-44.6,-74.0,-69.3,  2,  4, 0.24,258,25.3
2025-10-10 00:46:38,-110.8019,41.3156,   7.6,32816,-44.5,-74.0,-69.3,  2,  4, 0.24,258,25.3
2025-10-10 00:46:39,-110.8016,41.3157,   7.6,32822,-44.5,-73.9,-69.3,  2,  4, 0.24,259,25.3
2025-10-10 00:46:40,-110.8013,41.3157,   7.6,32828,-44.5,-73.9,-69.2,  2,  4, 0.24,259,25.2
2025-10-10 00:46:41,-110.8010,41.3157,   7.6,32834,-44.4,-73.9,-69.2,  2,  4, 0.24,259,25.2
2025-10-10 00:46:42,-110.8007,41.3158,   7.6,32841,-44.4,-73.9,-69.2,  2,  4, 0.24,260,25.2
2025-10-10 00:46:43,-110.8004,41.3158,   7.6,32847,-44.4,-73.9,-69.2,  2,  4, 0.24,260,25.1
2025-10-10 00:46:44,-110.8002,41.3158,   7.6,32854,-44.3,-73.8,-69.1,  2,  4, 0.24,260,25.1
2025-10-10 00:46:45,-110.7999,41.3159,   7.6,32860,-44.3,-73.8,-69.1,  2,  4, 0.24,261,25.0
2025-10-10 00:46:46,-110.7996,41.3159,   7.5,32866,-44.2,-73.8,-69.1,  2,  4, 0.25,261,25.0
2025-10-10 00:46:47,-110.7993,41.3160,   7.5,32873,-44.2,-73.7,-69.1,  2,  4, 0.25,261,25.0
2025-10-10 00:46:48,-110.7990,41.3160,   7.5,32879,-44.2,-73.7,-69.0,  2,  4, 0.25,262,24.9
2025-10-10 00:46:49,-110.7987,41.3160,   7.5,32886,-44.1,-73.7,-69.0,  2,  4, 0.25,262,24.8
2025-10-10 00:46:50,-110.7984,41.3160,   7.5,32892,-44.1,-73.7,-69.0,  2,  4, 0.25,262,24.7
2025-10-10 00:46:51,-110.7982,41.3160,   7.5,32899,-44.1,-73.6,-68.9,  2,  4, 0.25,263,24.6
2025-10-10 00:46:52,-110.7979,41.3160,   7.5,32905,-44.1,-73.6,-68.9,  2,  4, 0.25,263,24.5
2025-10-10 00:46:53,-110.7976,41.3160,   7.5,32911,-44.0,-73.6,-68.9,  2,  4, 0.25,263,24.4
2025-10-10 00:46:54,-110.7974,41.3160,   7.5,32918,-44.0,-73.6,-68.9,  2,  4, 0.26,264,24.3
2025-10-10 00:46:55,-110.7971,41.3160,   7.5,32924,-44.0,-73.5,-68.9,  2,  4, 0.26,264,24.2
2025-10-10 00:46:56,-110.7968,41.3160,   7.5,32931,-43.9,-73.5,-68.8,  2,  4, 0.26,264,24.2
2025-10-10 00:46:57,-110.7965,41.3160,   7.5,32937,-43.9,-73.5,-68.8,  2,  4, 0.26,265,24.1
2025-10-10 00:46:58,-110.7963,41.3160,   7.5,32943,-43.9,-73.5,-68.8,  2,  4, 0.26,265,24.0
2025-10-10 00:46:59,-110.7960,41.3160,   7.4,32950,-43.9,-73.5,-68.8,  2,  4, 0.26,266,23.9
2025-10-10 00:47:00,-110.7957,41.3160,   7.4,32956,-43.8,-73.5,-68.8,  2,  4, 0.26,266,23.8
2025-10-10 00:47:01,-110.7955,41.3160,   7.4,32963,-43.8,-73.5,-68.8,  2,  4, 0.26,266,23.7
2025-10-10 00:47:02,-110.7952,41.3160,   7.4,32969,-43.8,-73.5,-68.8,  2,  4, 0.26,267,23.7
2025-10-10 00:47:03,-110.7949,41.3160,   7.4,32976,-43.7,-73.5,-68.8,  2,  4, 0.26,267,23.6
2025-10-10 00:47:04,-110.7946,41.3160,   7.4,32982,-43.7,-73.5,-68.8,  2,  4, 0.26,267,23.5
2025-10-10 00:47:05,-110.7944,41.3159,   7.4,32988,-43.7,-73.5,-68.8,  2,  4, 0.26,268,23.4
2025-10-10 00:47:06,-110.7941,41.3159,   7.4,32995,-43.7,-73.5,-68.8,  2,  4, 0.26,268,23.3
2025-10-10 00:47:07,-110.7938,41.3159,   7.4,33001,-43.6,-73.5,-68.8,  2,  4, 0.26,268,23.3
2025-10-10 00:47:08,-110.7935,41.3159,   7.4,33008,-43.6,-73.5,-68.8,  2,  4, 0.26,269,23.2
2025-10-10 00:47:09,-110.7933,41.3159,   7.4,33014,-43.6,-73.5,-68.8,  2,  4, 0.26,269,23.2
2025-10-10 00:47:10,-110.7930,41.3159,   7.4,33020,-43.6,-73.5,-68.8,  2,  4, 0.26,269,23.2
2025-10-10 00:47:11,-110.7927,41.3159,   7.4,33027,-43.5,-73.5,-68.8,  2,  4, 0.26,269,23.2
2025-10-10 00:47:12,-110.7925,41.3159,   7.4,33033,-43.5,-73.5,-68.8,  2,  4, 0.26,269,23.2
2025-10-10 00:47:13,-110.7922,41.3159,   7.4,33040,-43.5,-73.5,-68.8,  2,  4, 0.26,269,23.1
2025-10-10 00:47:14,-110.7919,41.3159,   7.3,33046,-43.5,-73.5,-68.8,  2,  4, 0.27,269,23.1
2025-10-10 00:47:15,-110.7917,41.3159,   7.3,33052,-43.4,-73.5,-68.8,  2,  4, 0.27,269,23.1
2025-10-10 00:47:16,-110.7914,41.3159,   7.3,33059,-43.4,-73.5,-68.8,  2,  4, 0.27,269,23.1
2025-10-10 00:47:17,-110.7911,41.3159,   7.3,33065,-43.4,-73.5,-68.8,  2,  4, 0.27,269,23.1
2025-10-10 00:47:18,-110.7908,41.3159,   7.3,33071,-43.4,-73.5,-68.8,  2,  4, 0.27,269,23.1
2025-10-10 00:47:19,-110.7906,41.3159,   7.3,33078,-43.4,-73.5,-68.8,  2,  4, 0.27,269,23.0
2025-10-10 00:47:20,-110.7903,41.3159,   7.3,33084,-43.4,-73.5,-68.8,  2,  4, 0.27,269,23.0
2025-10-10 00:47:21,-110.7900,41.3159,   7.3,33090,-43.3,-73.5,-68.8,  2,  4, 0.27,269,23.0
2025-10-10 00:47:22,-110.7897,41.3159,   7.3,33096,-43.3,-73.5,-68.8,  2,  4, 0.27,269,23.0
2025-10-10 00:47:23,-110.7894,41.3160,   7.3,33102,-43.3,-73.5,-68.8,  2,  4, 0.27,269,23.0
2025-10-10 00:47:24,-110.7891,41.3160,   7.3,33109,-43.3,-73.4,-68.8,  2,  4, 0.27,269,22.9
2025-10-10 00:47:25,-110.7889,41.3160,   7.3,33115,-43.3,-73.4,-68.7,  2,  4, 0.27,269,22.9
2025-10-10 00:47:26,-110.7886,41.3160,   7.3,33121,-43.3,-73.4,-68.7,  2,  4, 0.27,270,22.9
2025-10-10 00:47:27,-110.7883,41.3160,   7.3,33127,-43.2,-73.4,-68.7,  2,  4, 0.27,270,22.9
2025-10-10 00:47:28,-110.7880,41.3160,   7.2,33133,-43.2,-73.4,-68.7,  2,  4, 0.27,269,23.0
2025-10-10 00:47:29,-110.7877,41.3160,   7.2,33139,-43.2,-73.4,-68.7,  2,  4, 0.27,269,23.0
2025-10-10 00:47:30,-110.7874,41.3160,   7.2,33145,-43.2,-73.3,-68.7,  2,  4, 0.28,269,23.1
2025-10-10 00:47:31,-110.7871,41.3160,   7.2,33151,-43.2,-73.3,-68.6,  2,  4, 0.28,269,23.2
2025-10-10 00:47:32,-110.7869,41.3160,   7.2,33157,-43.2,-73.3,-68.6,  2,  4, 0.28,269,23.2
2025-10-10 00:47:33,-110.7866,41.3160,   7.2,33163,-43.2,-73.3,-68.6,  2,  4, 0.28,269,23.3
2025-10-10 00:47:34,-110.7863,41.3160,   7.2,33169,-43.2,-73.3,-68.6,  2,  4, 0.28,269,23.4
2025-10-10 00:47:35,-110.7860,41.3160,   7.2,33175,-43.2,-73.3,-68.6,  2,  4, 0.28,269,23.4
2025-10-10 00:47:36,-110.7857,41.3160,   7.2,33181,-43.2,-73.3,-68.6,  2,  4, 0.28,269,23.5
2025-10-10 00:47:37,-110.7854,41.3160,   7.2,33187,-43.2,-73.3,-68.6,  2,  4, 0.28,268,23.6
2025-10-10 00:47:38,-110.7851,41.3160,   7.2,33194,-43.2,-73.3,-68.6,  2,  4, 0.28,268,23.6
2025-10-10 00:47:39,-110.7849,41.3160,   7.2,33200,-43.2,-73.3,-68.6,  2,  4, 0.28,268,23.7
2025-10-10 00:47:40,-110.7846,41.3160,   7.2,33207,-43.2,-73.3,-68.6,  2,  4, 0.28,268,23.8
2025-10-10 00:47:41,-110.7843,41.3161,   7.2,33213,-43.2,-73.3,-68.6,  2,  4, 0.28,268,23.8
2025-10-10 00:47:42,-110.7839,41.3161,   7.2,33220,-43.2,-73.3,-68.6,  2,  4, 0.28,268,23.9
2025-10-10 00:47:43,-110.7837,41.3161,   7.1,33229,-43.2,-73.3,-68.6,  2,  4, 0.28,268,24.0
2025-10-10 00:47:44,-110.7834,41.3161,   7.1,33233,-43.2,-73.3,-68.6,  2,  4, 0.28,268,24.0
2025-10-10 00:47:45,-110.7831,41.3161,   7.1,33239,-43.2,-73.3,-68.6,  2,  4, 0.28,268,24.1
2025-10-10 00:47:46,-110.7828,41.3161,   7.1,33246,-43.2,-73.3,-68.7,  2,  4, 0.28,267,24.2
2025-10-10 00:47:47,-110.7826,41.3161,   7.1,33252,-43.2,-73.3,-68.7,  2,  4, 0.28,267,24.3
2025-10-10 00:47:48,-110.7823,41.3161,   7.1,33259,-43.2,-73.4,-68.7,  2,  4, 0.28,267,24.3
2025-10-10 00:47:49,-110.7820,41.3161,   7.1,33265,-43.2,-73.4,-68.7,  2,  4, 0.28,267,24.3
2025-10-10 00:47:50,-110.7817,41.3161,   7.1,33270,-43.2,-73.4,-68.7,  2,  4, 0.28,267,24.3
2025-10-10 00:47:51,-110.7814,41.3161,   7.1,33275,-43.2,-73.4,-68.7,  2,  4, 0.28,267,24.3
2025-10-10 00:47:52,-110.7811,41.3161,   7.1,33280,-43.2,-73.4,-68.7,  2,  4, 0.28,267,24.3
2025-10-10 00:47:53,-110.7808,41.3161,   7.1,33285,-43.2,-73.4,-68.7,  2,  4, 0.28,267,24.3
2025-10-10 00:47:54,-110.7806,41.3161,   7.1,33291,-43.3,-73.4,-68.7,  2,  4, 0.28,267,24.3
2025-10-10 00:47:55,-110.7803,41.3161,   7.1,33296,-43.3,-73.4,-68.7,  2,  4, 0.28,267,24.3
2025-10-10 00:47:56,-110.7800,41.3161,   7.1,33301,-43.3,-73.4,-68.7,  2,  4, 0.28,267,24.4
2025-10-10 00:47:57,-110.7797,41.3161,   7.1,33306,-43.3,-73.4,-68.8,  2,  4, 0.27,267,24.4
2025-10-10 00:47:58,-110.7794,41.3162,   7.1,33312,-43.3,-73.4,-68.8,  2,  4, 0.27,267,24.4
2025-10-10 00:47:59,-110.7791,41.3162,   7.1,33317,-43.3,-73.5,-68.8,  2,  4, 0.27,267,24.4
2025-10-10 00:48:00,-110.7789,41.3162,   7.0,33322,-43.3,-73.5,-68.8,  2,  4, 0.28,267,24.4
2025-10-10 00:48:01,-110.7786,41.3163,   7.0,33328,-43.4,-73.5,-68.8,  2,  4, 0.28,266,24.4
2025-10-10 00:48:02,-110.7783,41.3163,   7.0,33333,-43.4,-73.5,-68.8,  2,  4, 0.28,266,24.4
2025-10-10 00:48:03,-110.7780,41.3163,   7.0,33339,-43.4,-73.5,-68.8,  2,  4, 0.28,266,24.4
2025-10-10 00:48:04,-110.7777,41.3163,   7.0,33344,-43.4,-73.5,-68.8,  2,  4, 0.28,266,24.5
2025-10-10 00:48:05,-110.7775,41.3164,   7.0,33349,-43.4,-73.5,-68.8,  2,  4, 0.28,266,24.5
2025-10-10 00:48:06,-110.7772,41.3164,   7.0,33355,-43.4,-73.5,-68.8,  2,  4, 0.28,266,24.5
2025-10-10 00:48:07,-110.7769,41.3164,   7.0,33360,-43.4,-73.5,-68.8,  2,  4, 0.28,266,24.5
2025-10-10 00:48:08,-110.7767,41.3165,   7.0,33365,-43.5,-73.5,-68.8,  2,  4, 0.28,266,24.4
2025-10-10 00:48:09,-110.7764,41.3165,   7.0,33369,-43.5,-73.5,-68.8,  2,  4, 0.28,266,24.4
2025-10-10 00:48:10,-110.7761,41.3165,   7.0,33376,-43.5,-73.5,-68.8,  2,  4, 0.28,265,24.3
2025-10-10 00:48:11,-110.7758,41.3166,   7.0,33382,-43.5,-73.5,-68.8,  2,  4, 0.28,265,24.3
2025-10-10 00:48:12,-110.7755,41.3166,   7.0,33387,-43.5,-73.5,-68.8,  2,  4, 0.28,264,24.3
2025-10-10 00:48:13,-110.7752,41.3166,   7.0,33392,-43.6,-73.5,-68.8,  2,  4, 0.28,264,24.2
2025-10-10 00:48:14,-110.7750,41.3167,   7.0,33398,-43.6,-73.5,-68.8,  2,  4, 0.28,264,24.2
2025-10-10 00:48:15,-110.7747,41.3167,   7.0,33403,-43.6,-73.5,-68.9,  2,  4, 0.27,263,24.1
2025-10-10 00:48:16,-110.7744,41.3167,   7.0,33409,-43.6,-73.5,-68.9,  2,  4, 0.27,263,24.1
2025-10-10 00:48:17,-110.7741,41.3168,   7.0,33414,-43.6,-73.5,-68.9,  2,  4, 0.27,263,24.0
2025-10-10 00:48:18,-110.7738,41.3168,   6.9,33420,-43.7,-73.5,-68.9,  2,  4, 0.28,262,24.0
2025-10-10 00:48:19,-110.7736,41.3168,   6.9,33426,-43.7,-73.5,-68.8,  2,  4, 0.28,262,24.0
2025-10-10 00:48:20,-110.7733,41.3169,   6.9,33431,-43.7,-73.5,-68.8,  2,  4, 0.28,262,23.9
2025-10-10 00:48:21,-110.7730,41.3169,   6.9,33437,-43.7,-73.5,-68.8,  2,  4, 0.28,261,23.9
2025-10-10 00:48:22,-110.7727,41.3169,   6.9,33442,-43.7,-73.5,-68.8,  2,  4, 0.28,261,23.8
2025-10-10 00:48:23,-110.7724,41.3170,   6.9,33447,-43.8,-73.5,-68.8,  2,  4, 0.28,261,23.8
2025-10-10 00:48:24,-110.7722,41.3170,   6.9,33453,-43.8,-73.5,-68.8,  2,  4, 0.28,260,23.8
2025-10-10 00:48:25,-110.7719,41.3170,   6.9,33458,-43.8,-73.5,-68.8,  2,  4, 0.28,260,23.7
2025-10-10 00:48:26,-110.7716,41.3171,   6.9,33464,-43.8,-73.5,-68.8,  2,  4, 0.28,260,23.7
2025-10-10 00:48:27,-110.7713,41.3171,   6.9,33469,-43.8,-73.5,-68.8,  2,  4, 0.28,259,23.7
2025-10-10 00:48:28,-110.7711,41.3172,   6.9,33474,-43.9,-73.5,-68.8,  2,  4, 0.28,259,23.6
2025-10-10 00:48:29,-110.7708,41.3172,   6.9,33480,-43.9,-73.5,-68.8,  2,  4, 0.28,259,23.6
2025-10-10 00:48:30,-110.7706,41.3173,   6.9,33485,-43.9,-73.5,-68.8,  2,  4, 0.28,259,23.5
2025-10-10 00:48:31,-110.7703,41.3173,   6.9,33491,-43.9,-73.5,-68.8,  2,  4, 0.28,258,23.5
2025-10-10 00:48:32,-110.7700,41.3174,   6.9,33496,-44.0,-73.5,-68.9,  2,  4, 0.28,258,23.5
2025-10-10 00:48:33,-110.7698,41.3174,   6.9,33501,-44.0,-73.6,-68.9,  2,  4, 0.28,258,23.4
2025-10-10 00:48:34,-110.7695,41.3175,   6.9,33507,-44.0,-73.6,-68.9,  2,  4, 0.28,258,23.4
2025-10-10 00:48:35,-110.7693,41.3175,   6.9,33512,-44.0,-73.6,-68.9,  2,  4, 0.28,257,23.3
2025-10-10 00:48:36,-110.7690,41.3176,   6.8,33518,-44.1,-73.6,-68.9,  2,  4, 0.28,257,23.3
2025-10-10 00:48:37,-110.7687,41.3176,   6.8,33523,-44.1,-73.6,-68.9,  2,  4, 0.28,257,23.3
2025-10-10 00:48:38,-110.7685,41.3177,   6.8,33528,-44.1,-73.6,-69.0,  2,  4, 0.28,256,23.2
2025-10-10 00:48:39,-110.7682,41.3177,   6.8,33534,-44.1,-73.7,-69.0,  2,  4, 0.28,256,23.2
2025-10-10 00:48:40,-110.7679,41.3178,   6.8,33539,-44.1,-73.7,-69.0,  2,  4, 0.28,256,23.1
2025-10-10 00:48:41,-110.7677,41.3178,   6.8,33545,-44.2,-73.7,-69.0,  2,  4, 0.28,256,23.1
2025-10-10 00:48:42,-110.7674,41.3179,   6.8,33550,-44.2,-73.7,-69.0,  2,  4, 0.28,255,23.1
2025-10-10 00:48:43,-110.7672,41.3180,   6.8,33556,-44.2,-73.7,-69.0,  2,  4, 0.28,255,23.0
2025-10-10 00:48:44,-110.7669,41.3180,   6.8,33561,-44.2,-73.7,-69.1,  2,  4, 0.27,255,23.0
2025-10-10 00:48:45,-110.7666,41.3181,   6.8,33567,-44.3,-73.8,-69.1,  2,  4, 0.27,255,23.0
2025-10-10 00:48:46,-110.7664,41.3181,   6.8,33572,-44.3,-73.8,-69.1,  2,  4, 0.27,254,22.9
2025-10-10 00:48:47,-110.7661,41.3182,   6.8,33578,-44.3,-73.8,-69.1,  2,  4, 0.27,254,22.9
2025-10-10 00:48:48,-110.7658,41.3182,   6.8,33584,-44.3,-73.8,-69.1,  2,  4, 0.27,254,22.8
2025-10-10 00:48:49,-110.7656,41.3183,   6.8,33589,-44.3,-73.9,-69.2,  2,  4, 0.27,254,22.8
2025-10-10 00:48:50,-110.7653,41.3183,   6.8,33595,-44.4,-73.9,-69.2,  2,  4, 0.27,254,22.7
2025-10-10 00:48:51,-110.7651,41.3184,   6.8,33601,-44.4,-73.9,-69.2,  2,  4, 0.27,254,22.6
2025-10-10 00:48:52,-110.7648,41.3184,   6.8,33606,-44.4,-73.9,-69.2,  2,  4, 0.27,254,22.6
2025-10-10 00:48:53,-110.7645,41.3185,   6.8,33612,-44.4,-73.9,-69.2,  2,  4, 0.27,254,22.5
2025-10-10 00:48:54,-110.7643,41.3185,   6.7,33617,-44.4,-74.0,-69.3,  2,  4, 0.27,254,22.4
2025-10-10 00:48:55,-110.7640,41.3186,   6.7,33623,-44.5,-74.0,-69.3,  2,  4, 0.27,254,22.4
2025-10-10 00:48:56,-110.7638,41.3187,   6.7,33629,-44.5,-74.0,-69.3,  2,  4, 0.27,254,22.3
2025-10-10 00:48:57,-110.7635,41.3187,   6.7,33634,-44.5,-74.0,-69.3,  2,  4, 0.27,254,22.2
2025-10-10 00:48:58,-110.7633,41.3188,   6.7,33640,-44.5,-74.0,-69.3,  2,  4, 0.27,254,22.2
2025-10-10 00:48:59,-110.7630,41.3189,   6.7,33645,-44.5,-74.0,-69.3,  2,  4, 0.27,253,22.1
2025-10-10 00:49:00,-110.7628,41.3189,   6.7,33651,-44.5,-74.0,-69.3,  2,  4, 0.27,253,22.0
2025-10-10 00:49:01,-110.7625,41.3190,   6.7,33657,-44.6,-74.0,-69.3,  2,  4, 0.27,253,22.0
2025-10-10 00:49:02,-110.7623,41.3191,   6.7,33662,-44.6,-74.0,-69.3,  2,  4, 0.27,253,21.9
2025-10-10 00:49:03,-110.7620,41.3191,   6.7,33668,-44.6,-74.0,-69.4,  2,  4, 0.27,253,21.8
2025-10-10 00:49:04,-110.7618,41.3192,   6.7,33673,-44.6,-74.1,-69.4,  2,  4, 0.27,253,21.8
2025-10-10 00:49:05,-110.7615,41.3193,   6.7,33679,-44.6,-74.1,-69.4,  2,  4, 0.27,253,21.7
2025-10-10 00:49:06,-110.7613,41.3193,   6.7,33684,-44.6,-74.1,-69.4,  2,  4, 0.27,253,21.6
2025-10-10 00:49:07,-110.7610,41.3194,   6.7,33690,-44.6,-74.1,-69.4,  2,  4, 0.27,253,21.6
2025-10-10 00:49:08,-110.7608,41.3194,   6.7,33696,-44.7,-74.1,-69.4,  2,  4, 0.27,253,21.4
2025-10-10 00:49:09,-110.7604,41.3195,   6.7,33702,-44.7,-74.1,-69.4,  2,  4, 0.27,253,21.3
2025-10-10 00:49:10,-110.7602,41.3196,   6.7,33708,-44.7,-74.1,-69.4,  2,  4, 0.27,253,21.1
2025-10-10 00:49:11,-110.7600,41.3196,   6.6,33713,-44.7,-74.1,-69.4,  2,  4, 0.27,253,20.9
2025-10-10 00:49:12,-110.7597,41.3197,   6.6,33719,-44.7,-74.1,-69.4,  2,  4, 0.27,253,20.8
2025-10-10 00:49:13,-110.7595,41.3198,   6.6,33724,-44.7,-74.1,-69.4,  2,  4, 0.27,253,20.6
2025-10-10 00:49:14,-110.7592,41.3198,   6.6,33730,-44.7,-74.2,-69.5,  2,  4, 0.27,253,20.5
2025-10-10 00:49:15,-110.7590,41.3199,   6.6,33736,-44.8,-74.2,-69.5,  2,  4, 0.27,253,20.3
2025-10-10 00:49:16,-110.7587,41.3200,   6.6,33742,-44.8,-74.2,-69.5,  2,  4, 0.26,253,20.2
2025-10-10 00:49:17,-110.7585,41.3200,   6.6,33747,-44.8,-74.2,-69.5,  2,  4, 0.26,253,20.0
2025-10-10 00:49:18,-110.7582,41.3201,   6.6,33753,-44.8,-74.2,-69.6,  2,  4, 0.26,253,19.8
2025-10-10 00:49:19,-110.7580,41.3201,   6.6,33759,-44.8,-74.3,-69.6,  2,  4, 0.26,252,19.7
2025-10-10 00:49:20,-110.7577,41.3202,   6.6,33765,-44.8,-74.3,-69.6,  2,  4, 0.26,252,19.5
2025-10-10 00:49:21,-110.7575,41.3203,   6.6,33771,-44.8,-74.3,-69.6,  2,  4, 0.26,252,19.4
2025-10-10 00:49:22,-110.7572,41.3203,   6.6,33776,-44.8,-74.3,-69.6,  2,  4, 0.26,252,19.2
2025-10-10 00:49:23,-110.7570,41.3204,   6.6,33782,-44.8,-74.3,-69.6,  2,  4, 0.26,252,19.1
2025-10-10 00:49:24,-110.7567,41.3205,   6.6,33788,-44.8,-74.3,-69.6,  2,  4, 0.26,252,18.9
2025-10-10 00:49:25,-110.7565,41.3206,   6.6,33794,-44.8,-74.3,-69.7,  2,  4, 0.26,252,18.8
2025-10-10 00:49:26,-110.7562,41.3207,   6.6,33800,-44.8,-74.4,-69.7,  2,  4, 0.26,252,18.6
2025-10-10 00:49:27,-110.7560,41.3207,   6.6,33805,-44.8,-74.4,-69.7,  2,  4, 0.26,252,18.4
2025-10-10 00:49:28,-110.7558,41.3208,   6.6,33811,-44.8,-74.4,-69.7,  2,  4, 0.26,252,18.7
2025-10-10 00:49:29,-110.7555,41.3209,   6.5,33817,-44.8,-74.4,-69.7,  2,  4, 0.26,252,18.9
2025-10-10 00:49:30,-110.7553,41.3210,   6.5,33823,-44.8,-74.4,-69.7,  2,  4, 0.26,252,19.1
2025-10-10 00:49:31,-110.7550,41.3211,   6.5,33829,-44.8,-74.4,-69.7,  2,  4, 0.26,251,19.3
2025-10-10 00:49:32,-110.7548,41.3211,   6.5,33835,-44.8,-74.4,-69.7,  2,  4, 0.26,251,19.5
2025-10-10 00:49:33,-110.7545,41.3212,   6.5,33841,-44.8,-74.4,-69.7,  2,  4, 0.26,251,19.7
2025-10-10 00:49:34,-110.7543,41.3213,   6.5,33847,-44.7,-74.4,-69.7,  2,  4, 0.26,251,19.9
2025-10-10 00:49:35,-110.7540,41.3214,   6.5,33852,-44.7,-74.4,-69.7,  2,  4, 0.26,251,20.1
2025-10-10 00:49:36,-110.7538,41.3215,   6.5,33858,-44.7,-74.4,-69.7,  2,  4, 0.26,251,20.3
2025-10-10 00:49:37,-110.7536,41.3215,   6.5,33864,-44.7,-74.4,-69.7,  2,  4, 0.26,251,20.5
2025-10-10 00:49:38,-110.7533,41.3216,   6.5,33870,-44.7,-74.4,-69.7,  2,  4, 0.26,251,20.8
2025-10-10 00:49:39,-110.7531,41.3217,   6.5,33876,-44.7,-74.4,-69.7,  2,  4, 0.26,251,21.0
2025-10-10 00:49:40,-110.7528,41.3218,   6.5,33882,-44.6,-74.4,-69.7,  2,  4, 0.26,250,21.2
2025-10-10 00:49:41,-110.7526,41.3219,   6.5,33887,-44.6,-74.4,-69.7,  2,  4, 0.26,250,21.4
